[0.000000] (-) TimerEvent: {}
[0.000168] (cartographer) JobQueued: {'identifier': 'cartographer', 'dependencies': OrderedDict()}
[0.000439] (cartographer_ros_msgs) JobQueued: {'identifier': 'cartographer_ros_msgs', 'dependencies': OrderedDict()}
[0.000467] (cartographer_ros) JobQueued: {'identifier': 'cartographer_ros', 'dependencies': OrderedDict({'cartographer': '/root/distr_slam_ws/install/cartographer', 'cartographer_ros_msgs': '/root/distr_slam_ws/install/cartographer_ros_msgs'})}
[0.000583] (cartographer_rviz) JobQueued: {'identifier': 'cartographer_rviz', 'dependencies': OrderedDict({'cartographer': '/root/distr_slam_ws/install/cartographer', 'cartographer_ros_msgs': '/root/distr_slam_ws/install/cartographer_ros_msgs', 'cartographer_ros': '/root/distr_slam_ws/install/cartographer_ros'})}
[0.000608] (cartographer) JobStarted: {'identifier': 'cartographer'}
[0.003996] (cartographer_ros_msgs) JobStarted: {'identifier': 'cartographer_ros_msgs'}
[0.005585] (cartographer) JobProgress: {'identifier': 'cartographer', 'progress': 'cmake'}
[0.005877] (cartographer) JobProgress: {'identifier': 'cartographer', 'progress': 'build'}
[0.006186] (cartographer) Command: {'cmd': ['/usr/bin/cmake', '--build', '/root/distr_slam_ws/build/cartographer', '--', '-j24', '-l24'], 'cwd': '/root/distr_slam_ws/build/cartographer', 'env': OrderedDict({'HOSTNAME': 'doraemon', 'SHLVL': '1', 'LIBGL_ALWAYS_SOFTWARE': '1', 'LD_LIBRARY_PATH': '/opt/ros/jazzy/opt/rviz_ogre_vendor/lib:/opt/ros/jazzy/lib/x86_64-linux-gnu:/opt/ros/jazzy/opt/gz_math_vendor/lib:/opt/ros/jazzy/opt/gz_utils_vendor/lib:/opt/ros/jazzy/opt/gz_cmake_vendor/lib:/opt/ros/jazzy/lib', 'HOME': '/root', 'ROS_PYTHON_VERSION': '3', 'ROS_DISTRO': 'jazzy', '_': '/usr/bin/colcon', 'ROS_VERSION': '2', 'TERM': 'xterm', 'ROS_LOCALHOST_ONLY': '1', 'QT_X11_NO_MITSHM': '1', 'PATH': '/opt/ros/jazzy/bin:/usr/local/sbin:/usr/local/bin:/usr/sbin:/usr/bin:/sbin:/bin', 'DISPLAY': 'localhost:10.0', 'LANG': 'en_US.UTF-8', 'LS_COLORS': 'rs=0:di=01;34:ln=01;36:mh=00:pi=40;33:so=01;35:do=01;35:bd=40;33;01:cd=40;33;01:or=40;31;01:mi=00:su=37;41:sg=30;43:ca=00:tw=30;42:ow=34;42:st=37;44:ex=01;32:*.tar=01;31:*.tgz=01;31:*.arc=01;31:*.arj=01;31:*.taz=01;31:*.lha=01;31:*.lz4=01;31:*.lzh=01;31:*.lzma=01;31:*.tlz=01;31:*.txz=01;31:*.tzo=01;31:*.t7z=01;31:*.zip=01;31:*.z=01;31:*.dz=01;31:*.gz=01;31:*.lrz=01;31:*.lz=01;31:*.lzo=01;31:*.xz=01;31:*.zst=01;31:*.tzst=01;31:*.bz2=01;31:*.bz=01;31:*.tbz=01;31:*.tbz2=01;31:*.tz=01;31:*.deb=01;31:*.rpm=01;31:*.jar=01;31:*.war=01;31:*.ear=01;31:*.sar=01;31:*.rar=01;31:*.alz=01;31:*.ace=01;31:*.zoo=01;31:*.cpio=01;31:*.7z=01;31:*.rz=01;31:*.cab=01;31:*.wim=01;31:*.swm=01;31:*.dwm=01;31:*.esd=01;31:*.avif=01;35:*.jpg=01;35:*.jpeg=01;35:*.mjpg=01;35:*.mjpeg=01;35:*.gif=01;35:*.bmp=01;35:*.pbm=01;35:*.pgm=01;35:*.ppm=01;35:*.tga=01;35:*.xbm=01;35:*.xpm=01;35:*.tif=01;35:*.tiff=01;35:*.png=01;35:*.svg=01;35:*.svgz=01;35:*.mng=01;35:*.pcx=01;35:*.mov=01;35:*.mpg=01;35:*.mpeg=01;35:*.m2v=01;35:*.mkv=01;35:*.webm=01;35:*.webp=01;35:*.ogm=01;35:*.mp4=01;35:*.m4v=01;35:*.mp4v=01;35:*.vob=01;35:*.qt=01;35:*.nuv=01;35:*.wmv=01;35:*.asf=01;35:*.rm=01;35:*.rmvb=01;35:*.flc=01;35:*.avi=01;35:*.fli=01;35:*.flv=01;35:*.gl=01;35:*.dl=01;35:*.xcf=01;35:*.xwd=01;35:*.yuv=01;35:*.cgm=01;35:*.emf=01;35:*.ogv=01;35:*.ogx=01;35:*.aac=00;36:*.au=00;36:*.flac=00;36:*.m4a=00;36:*.mid=00;36:*.midi=00;36:*.mka=00;36:*.mp3=00;36:*.mpc=00;36:*.ogg=00;36:*.ra=00;36:*.wav=00;36:*.oga=00;36:*.opus=00;36:*.spx=00;36:*.xspf=00;36:*~=00;90:*#=00;90:*.bak=00;90:*.crdownload=00;90:*.dpkg-dist=00;90:*.dpkg-new=00;90:*.dpkg-old=00;90:*.dpkg-tmp=00;90:*.old=00;90:*.orig=00;90:*.part=00;90:*.rej=00;90:*.rpmnew=00;90:*.rpmorig=00;90:*.rpmsave=00;90:*.swp=00;90:*.tmp=00;90:*.ucf-dist=00;90:*.ucf-new=00;90:*.ucf-old=00;90:', 'AMENT_PREFIX_PATH': '/opt/ros/jazzy', 'DEBIAN_FRONTEND': 'noninteractive', 'ROS_AUTOMATIC_DISCOVERY_RANGE': 'SUBNET', 'PWD': '/root/distr_slam_ws/build/cartographer', 'TURTLEBOT3_MODEL': 'burger', 'LC_ALL': 'en_US.UTF-8', 'PYTHONPATH': '/opt/ros/jazzy/lib/python3.12/site-packages', 'COLCON': '1', 'CMAKE_PREFIX_PATH': '/opt/ros/jazzy/opt/gz_math_vendor:/opt/ros/jazzy/opt/gz_utils_vendor:/opt/ros/jazzy/opt/gz_cmake_vendor:/opt/ros/jazzy'}), 'shell': False}
[0.007825] (cartographer_ros_msgs) JobProgress: {'identifier': 'cartographer_ros_msgs', 'progress': 'cmake'}
[0.008070] (cartographer_ros_msgs) JobProgress: {'identifier': 'cartographer_ros_msgs', 'progress': 'build'}
[0.008260] (cartographer_ros_msgs) Command: {'cmd': ['/usr/bin/cmake', '--build', '/root/distr_slam_ws/build/cartographer_ros_msgs', '--', '-j24', '-l24'], 'cwd': '/root/distr_slam_ws/build/cartographer_ros_msgs', 'env': OrderedDict({'HOSTNAME': 'doraemon', 'SHLVL': '1', 'LIBGL_ALWAYS_SOFTWARE': '1', 'LD_LIBRARY_PATH': '/opt/ros/jazzy/opt/rviz_ogre_vendor/lib:/opt/ros/jazzy/lib/x86_64-linux-gnu:/opt/ros/jazzy/opt/gz_math_vendor/lib:/opt/ros/jazzy/opt/gz_utils_vendor/lib:/opt/ros/jazzy/opt/gz_cmake_vendor/lib:/opt/ros/jazzy/lib', 'HOME': '/root', 'ROS_PYTHON_VERSION': '3', 'ROS_DISTRO': 'jazzy', '_': '/usr/bin/colcon', 'ROS_VERSION': '2', 'TERM': 'xterm', 'ROS_LOCALHOST_ONLY': '1', 'QT_X11_NO_MITSHM': '1', 'PATH': '/opt/ros/jazzy/bin:/usr/local/sbin:/usr/local/bin:/usr/sbin:/usr/bin:/sbin:/bin', 'DISPLAY': 'localhost:10.0', 'LANG': 'en_US.UTF-8', 'LS_COLORS': 'rs=0:di=01;34:ln=01;36:mh=00:pi=40;33:so=01;35:do=01;35:bd=40;33;01:cd=40;33;01:or=40;31;01:mi=00:su=37;41:sg=30;43:ca=00:tw=30;42:ow=34;42:st=37;44:ex=01;32:*.tar=01;31:*.tgz=01;31:*.arc=01;31:*.arj=01;31:*.taz=01;31:*.lha=01;31:*.lz4=01;31:*.lzh=01;31:*.lzma=01;31:*.tlz=01;31:*.txz=01;31:*.tzo=01;31:*.t7z=01;31:*.zip=01;31:*.z=01;31:*.dz=01;31:*.gz=01;31:*.lrz=01;31:*.lz=01;31:*.lzo=01;31:*.xz=01;31:*.zst=01;31:*.tzst=01;31:*.bz2=01;31:*.bz=01;31:*.tbz=01;31:*.tbz2=01;31:*.tz=01;31:*.deb=01;31:*.rpm=01;31:*.jar=01;31:*.war=01;31:*.ear=01;31:*.sar=01;31:*.rar=01;31:*.alz=01;31:*.ace=01;31:*.zoo=01;31:*.cpio=01;31:*.7z=01;31:*.rz=01;31:*.cab=01;31:*.wim=01;31:*.swm=01;31:*.dwm=01;31:*.esd=01;31:*.avif=01;35:*.jpg=01;35:*.jpeg=01;35:*.mjpg=01;35:*.mjpeg=01;35:*.gif=01;35:*.bmp=01;35:*.pbm=01;35:*.pgm=01;35:*.ppm=01;35:*.tga=01;35:*.xbm=01;35:*.xpm=01;35:*.tif=01;35:*.tiff=01;35:*.png=01;35:*.svg=01;35:*.svgz=01;35:*.mng=01;35:*.pcx=01;35:*.mov=01;35:*.mpg=01;35:*.mpeg=01;35:*.m2v=01;35:*.mkv=01;35:*.webm=01;35:*.webp=01;35:*.ogm=01;35:*.mp4=01;35:*.m4v=01;35:*.mp4v=01;35:*.vob=01;35:*.qt=01;35:*.nuv=01;35:*.wmv=01;35:*.asf=01;35:*.rm=01;35:*.rmvb=01;35:*.flc=01;35:*.avi=01;35:*.fli=01;35:*.flv=01;35:*.gl=01;35:*.dl=01;35:*.xcf=01;35:*.xwd=01;35:*.yuv=01;35:*.cgm=01;35:*.emf=01;35:*.ogv=01;35:*.ogx=01;35:*.aac=00;36:*.au=00;36:*.flac=00;36:*.m4a=00;36:*.mid=00;36:*.midi=00;36:*.mka=00;36:*.mp3=00;36:*.mpc=00;36:*.ogg=00;36:*.ra=00;36:*.wav=00;36:*.oga=00;36:*.opus=00;36:*.spx=00;36:*.xspf=00;36:*~=00;90:*#=00;90:*.bak=00;90:*.crdownload=00;90:*.dpkg-dist=00;90:*.dpkg-new=00;90:*.dpkg-old=00;90:*.dpkg-tmp=00;90:*.old=00;90:*.orig=00;90:*.part=00;90:*.rej=00;90:*.rpmnew=00;90:*.rpmorig=00;90:*.rpmsave=00;90:*.swp=00;90:*.tmp=00;90:*.ucf-dist=00;90:*.ucf-new=00;90:*.ucf-old=00;90:', 'AMENT_PREFIX_PATH': '/opt/ros/jazzy', 'DEBIAN_FRONTEND': 'noninteractive', 'ROS_AUTOMATIC_DISCOVERY_RANGE': 'SUBNET', 'PWD': '/root/distr_slam_ws/build/cartographer_ros_msgs', 'TURTLEBOT3_MODEL': 'burger', 'LC_ALL': 'en_US.UTF-8', 'PYTHONPATH': '/opt/ros/jazzy/lib/python3.12/site-packages', 'COLCON': '1', 'CMAKE_PREFIX_PATH': '/opt/ros/jazzy/opt/gz_math_vendor:/opt/ros/jazzy/opt/gz_utils_vendor:/opt/ros/jazzy/opt/gz_cmake_vendor:/opt/ros/jazzy'}), 'shell': False}
[0.036196] (cartographer_ros_msgs) StdoutLine: {'line': b'-- Found ament_cmake: 2.5.6 (/opt/ros/jazzy/share/ament_cmake/cmake)\n'}
[0.060332] (cartographer) StdoutLine: {'line': b'[  0%] \x1b[34m\x1b[1mBuilding documentation.\x1b[0m\n'}
[0.066847] (cartographer) StdoutLine: {'line': b'[  1%] Built target gtest\n'}
[0.068769] (cartographer) StdoutLine: {'line': b'[  1%] Built target cartographer_detect_changes\n'}
[0.078348] (cartographer) StdoutLine: {'line': b'[  2%] Built target gmock\n'}
[0.094700] (cartographer) StdoutLine: {'line': b'[  2%] Built target gmock_main\n'}
[0.099906] (-) TimerEvent: {}
[0.100271] (cartographer_ros_msgs) StdoutLine: {'line': b'-- Found rosidl_default_generators: 1.6.0 (/opt/ros/jazzy/share/rosidl_default_generators/cmake)\n'}
[0.102091] (cartographer_ros_msgs) StdoutLine: {'line': b'-- Using all available rosidl_typesupport_c: rosidl_typesupport_fastrtps_c;rosidl_typesupport_introspection_c\n'}
[0.121287] (cartographer_ros_msgs) StdoutLine: {'line': b'-- Using all available rosidl_typesupport_cpp: rosidl_typesupport_fastrtps_cpp;rosidl_typesupport_introspection_cpp\n'}
[0.138776] (cartographer_ros_msgs) StdoutLine: {'line': b'-- Found rosidl_adapter: 4.6.7 (/opt/ros/jazzy/share/rosidl_adapter/cmake)\n'}
[0.140008] (cartographer_ros_msgs) StdoutLine: {'line': b'-- Found builtin_interfaces: 2.0.3 (/opt/ros/jazzy/share/builtin_interfaces/cmake)\n'}
[0.146634] (cartographer_ros_msgs) StdoutLine: {'line': b'-- Found geometry_msgs: 5.3.7 (/opt/ros/jazzy/share/geometry_msgs/cmake)\n'}
[0.199990] (-) TimerEvent: {}
[0.209234] (cartographer) StdoutLine: {'line': b'\x1b[01mRunning Sphinx v7.2.6\x1b[39;49;00m\n'}
[0.300073] (-) TimerEvent: {}
[0.308955] (cartographer) StdoutLine: {'line': b'\x1b[01mloading pickled environment... \x1b[39;49;00mdone\n'}
[0.311577] (cartographer) StdoutLine: {'line': b'\x1b[01mbuilding [mo]: \x1b[39;49;00mtargets for 0 po files that are out of date\n'}
[0.311647] (cartographer) StdoutLine: {'line': b'\x1b[01mwriting output... \x1b[39;49;00m\n'}
[0.312322] (cartographer) StdoutLine: {'line': b'\x1b[01mbuilding [html]: \x1b[39;49;00mtargets for 0 source files that are out of date\n'}
[0.312722] (cartographer) StdoutLine: {'line': b'\x1b[01mupdating environment: \x1b[39;49;00m0 added, 0 changed, 0 removed\n'}
[0.312788] (cartographer) StdoutLine: {'line': b'\x1b[01mreading sources... \x1b[39;49;00m\n'}
[0.312921] (cartographer) StdoutLine: {'line': b'\x1b[01mlooking for now-outdated files... \x1b[39;49;00mnone found\n'}
[0.312985] (cartographer) StdoutLine: {'line': b'\x1b[01mno targets are out of date.\x1b[39;49;00m\n'}
[0.313017] (cartographer) StdoutLine: {'line': b'\x1b[01mbuild succeeded.\x1b[39;49;00m\n'}
[0.313045] (cartographer) StdoutLine: {'line': b'\n'}
[0.313073] (cartographer) StdoutLine: {'line': b'The HTML pages are in html.\n'}
[0.348252] (cartographer) StdoutLine: {'line': b'[  2%] \x1b[32mBuilding CXX object CMakeFiles/cartographer.dir/cartographer/io/internal/mapping_state_serialization.cc.o\x1b[0m\n'}
[0.364904] (cartographer) StdoutLine: {'line': b'[  2%] Built target build_doc\n'}
[0.393060] (cartographer_ros_msgs) StdoutLine: {'line': b'-- Found ament_cmake_cppcheck: 0.17.5 (/opt/ros/jazzy/share/ament_cmake_cppcheck/cmake)\n'}
[0.393587] (cartographer_ros_msgs) StdoutLine: {'line': b'-- Found ament_cmake_cpplint: 0.17.5 (/opt/ros/jazzy/share/ament_cmake_cpplint/cmake)\n'}
[0.394202] (cartographer_ros_msgs) StdoutLine: {'line': b'-- Found ament_cmake_uncrustify: 0.17.5 (/opt/ros/jazzy/share/ament_cmake_uncrustify/cmake)\n'}
[0.395033] (cartographer_ros_msgs) StdoutLine: {'line': b'-- Found ament_cmake_ros: 0.12.0 (/opt/ros/jazzy/share/ament_cmake_ros/cmake)\n'}
[0.400168] (-) TimerEvent: {}
[0.490821] (cartographer_ros_msgs) StdoutLine: {'line': b'-- Using all available rosidl_typesupport_c: rosidl_typesupport_fastrtps_c;rosidl_typesupport_introspection_c\n'}
[0.500331] (-) TimerEvent: {}
[0.600508] (-) TimerEvent: {}
[0.625033] (cartographer_ros_msgs) StdoutLine: {'line': b'-- Using all available rosidl_typesupport_cpp: rosidl_typesupport_fastrtps_cpp;rosidl_typesupport_introspection_cpp\n'}
[0.627038] (cartographer_ros_msgs) StdoutLine: {'line': b'-- Found python_cmake_module: 0.11.1 (/opt/ros/jazzy/share/python_cmake_module/cmake)\n'}
[0.700573] (-) TimerEvent: {}
[0.787114] (cartographer_ros_msgs) StdoutLine: {'line': b'-- Found Python3: /usr/bin/python3 (found version "3.12.3") found components: Interpreter Development NumPy Development.Module Development.Embed \n'}
[0.800633] (-) TimerEvent: {}
[0.808130] (cartographer_ros_msgs) StdoutLine: {'line': b'-- Found ament_cmake_flake8: 0.17.5 (/opt/ros/jazzy/share/ament_cmake_flake8/cmake)\n'}
[0.808826] (cartographer_ros_msgs) StdoutLine: {'line': b'-- Found ament_cmake_pep257: 0.17.5 (/opt/ros/jazzy/share/ament_cmake_pep257/cmake)\n'}
[0.840120] (cartographer_ros_msgs) StdoutLine: {'line': b'-- Found Python3: /usr/bin/python3 (found version "3.12.3") found components: Interpreter \n'}
[0.847916] (cartographer_ros_msgs) StdoutLine: {'line': b'-- Configuring done (0.8s)\n'}
[0.895906] (cartographer_ros_msgs) StdoutLine: {'line': b'-- Generating done (0.0s)\n'}
[0.900692] (-) TimerEvent: {}
[0.904615] (cartographer_ros_msgs) StdoutLine: {'line': b'-- Build files have been written to: /root/distr_slam_ws/build/cartographer_ros_msgs\n'}
[0.930657] (cartographer_ros_msgs) StdoutLine: {'line': b'[  0%] \x1b[34m\x1b[1mGenerating Rust code for ROS interfaces\x1b[0m\n'}
[0.930879] (cartographer_ros_msgs) StdoutLine: {'line': b'[  1%] \x1b[34m\x1b[1mGenerating type hashes for ROS interfaces\x1b[0m\n'}
[0.938708] (cartographer_ros_msgs) StdoutLine: {'line': b'[  1%] Built target ament_cmake_python_copy_cartographer_ros_msgs\n'}
[1.000793] (-) TimerEvent: {}
[1.041116] (cartographer_ros_msgs) StdoutLine: {'line': b'running egg_info\n'}
[1.048778] (cartographer_ros_msgs) StdoutLine: {'line': b'writing cartographer_ros_msgs.egg-info/PKG-INFO\n'}
[1.048918] (cartographer_ros_msgs) StdoutLine: {'line': b'writing dependency_links to cartographer_ros_msgs.egg-info/dependency_links.txt\n'}
[1.049002] (cartographer_ros_msgs) StdoutLine: {'line': b'writing top-level names to cartographer_ros_msgs.egg-info/top_level.txt\n'}
[1.070418] (cartographer_ros_msgs) StdoutLine: {'line': b"reading manifest file 'cartographer_ros_msgs.egg-info/SOURCES.txt'\n"}
[1.070796] (cartographer_ros_msgs) StdoutLine: {'line': b"writing manifest file 'cartographer_ros_msgs.egg-info/SOURCES.txt'\n"}
[1.090394] (cartographer_ros_msgs) StdoutLine: {'line': b'[  1%] Built target ament_cmake_python_build_cartographer_ros_msgs_egg\n'}
[1.100842] (-) TimerEvent: {}
[1.200959] (-) TimerEvent: {}
[1.301076] (-) TimerEvent: {}
[1.401266] (-) TimerEvent: {}
[1.426635] (cartographer_ros_msgs) StdoutLine: {'line': b'[  1%] Built target cartographer_ros_msgs__rosidl_generator_type_description\n'}
[1.435377] (cartographer_ros_msgs) StdoutLine: {'line': b'[  2%] \x1b[34m\x1b[1mGenerating C code for ROS interfaces\x1b[0m\n'}
[1.439560] (cartographer_ros_msgs) StdoutLine: {'line': b'[  2%] \x1b[34m\x1b[1mGenerating C++ code for ROS interfaces\x1b[0m\n'}
[1.462441] (cartographer_ros_msgs) StdoutLine: {'line': b'[  2%] Built target cartographer_ros_msgs__rs\n'}
[1.501326] (-) TimerEvent: {}
[1.601566] (-) TimerEvent: {}
[1.701803] (-) TimerEvent: {}
[1.802044] (-) TimerEvent: {}
[1.902302] (-) TimerEvent: {}
[2.002517] (-) TimerEvent: {}
[2.102745] (-) TimerEvent: {}
[2.202971] (-) TimerEvent: {}
[2.303194] (-) TimerEvent: {}
[2.369589] (cartographer_ros_msgs) StdoutLine: {'line': b'[  2%] Built target cartographer_ros_msgs__cpp\n'}
[2.403331] (-) TimerEvent: {}
[2.459114] (cartographer) StdoutLine: {'line': b'[  3%] \x1b[32m\x1b[1mLinking CXX static library libcartographer.a\x1b[0m\n'}
[2.503378] (-) TimerEvent: {}
[2.525028] (cartographer) StdoutLine: {'line': b'[ 55%] Built target cartographer\n'}
[2.549143] (cartographer) StdoutLine: {'line': b'[ 56%] \x1b[32m\x1b[1mLinking CXX executable cartographer_pbstream\x1b[0m\n'}
[2.556435] (cartographer) StdoutLine: {'line': b'[ 57%] \x1b[32m\x1b[1mLinking CXX executable cartographer_autogenerate_ground_truth\x1b[0m\n'}
[2.558861] (cartographer) StdoutLine: {'line': b'[ 57%] \x1b[32m\x1b[1mLinking CXX executable cartographer_print_configuration\x1b[0m\n'}
[2.559036] (cartographer) StdoutLine: {'line': b'[ 57%] \x1b[32m\x1b[1mLinking CXX executable cartographer_compute_relations_metrics\x1b[0m\n'}
[2.567461] (cartographer) StdoutLine: {'line': b'[ 58%] Built target cartographer_test_library\n'}
[2.600079] (cartographer) StdoutLine: {'line': b'[ 58%] \x1b[32m\x1b[1mLinking CXX executable cartographer.common.internal.blocking_queue_test\x1b[0m\n'}
[2.600706] (cartographer) StdoutLine: {'line': b'[ 59%] \x1b[32m\x1b[1mLinking CXX executable cartographer.common.fixed_ratio_sampler_test\x1b[0m\n'}
[2.600825] (cartographer) StdoutLine: {'line': b'[ 59%] \x1b[32m\x1b[1mLinking CXX executable cartographer.common.configuration_files_test\x1b[0m\n'}
[2.600980] (cartographer) StdoutLine: {'line': b'[ 59%] \x1b[32m\x1b[1mLinking CXX executable cartographer.common.lua_parameter_dictionary_test\x1b[0m\n'}
[2.601939] (cartographer) StdoutLine: {'line': b'[ 59%] \x1b[32m\x1b[1mLinking CXX executable cartographer.common.task_test\x1b[0m\n'}
[2.603570] (-) TimerEvent: {}
[2.605095] (cartographer) StdoutLine: {'line': b'[ 60%] \x1b[32m\x1b[1mLinking CXX executable cartographer.common.math_test\x1b[0m\n'}
[2.605454] (cartographer) StdoutLine: {'line': b'[ 61%] \x1b[32m\x1b[1mLinking CXX executable cartographer.common.thread_pool_test\x1b[0m\n'}
[2.609858] (cartographer) StdoutLine: {'line': b'[ 62%] \x1b[32m\x1b[1mLinking CXX executable cartographer.common.internal.rate_timer_test\x1b[0m\n'}
[2.610483] (cartographer) StdoutLine: {'line': b'[ 62%] \x1b[32m\x1b[1mLinking CXX executable cartographer.io.fake_file_writer_test\x1b[0m\n'}
[2.617625] (cartographer) StdoutLine: {'line': b'[ 63%] \x1b[32m\x1b[1mLinking CXX executable cartographer.io.internal.in_memory_proto_stream_test\x1b[0m\n'}
[2.619912] (cartographer) StdoutLine: {'line': b'[ 63%] \x1b[32m\x1b[1mLinking CXX executable cartographer.io.proto_stream_test\x1b[0m\n'}
[2.620070] (cartographer) StdoutLine: {'line': b'[ 63%] \x1b[32m\x1b[1mLinking CXX executable cartographer.io.proto_stream_deserializer_test\x1b[0m\n'}
[2.620138] (cartographer) StdoutLine: {'line': b'[ 63%] \x1b[32m\x1b[1mLinking CXX executable cartographer.io.points_processor_pipeline_builder_test\x1b[0m\n'}
[2.620209] (cartographer) StdoutLine: {'line': b'[ 64%] \x1b[32m\x1b[1mLinking CXX executable cartographer.io.probability_grid_points_processor_test\x1b[0m\n'}
[2.620256] (cartographer) StdoutLine: {'line': b'[ 64%] \x1b[32m\x1b[1mLinking CXX executable cartographer.io.serialization_format_migration_test\x1b[0m\n'}
[2.626515] (cartographer) StdoutLine: {'line': b'[ 64%] \x1b[32m\x1b[1mLinking CXX executable cartographer.mapping.2d.map_limits_test\x1b[0m\n'}
[2.627240] (cartographer) StdoutLine: {'line': b'[ 64%] \x1b[32m\x1b[1mLinking CXX executable cartographer.mapping.2d.probability_grid_test\x1b[0m\n'}
[2.662674] (cartographer) StdoutLine: {'line': b'[ 64%] \x1b[32m\x1b[1mLinking CXX executable cartographer.mapping.2d.range_data_inserter_2d_test\x1b[0m\n'}
[2.683774] (cartographer) StdoutLine: {'line': b'[ 64%] \x1b[32m\x1b[1mLinking CXX executable cartographer.mapping.2d.submap_2d_test\x1b[0m\n'}
[2.684802] (cartographer) StdoutLine: {'line': b'[ 64%] \x1b[32m\x1b[1mLinking CXX executable cartographer.mapping.2d.xy_index_test\x1b[0m\n'}
[2.705643] (cartographer_ros_msgs) StdoutLine: {'line': b'[  2%] \x1b[32mBuilding C object CMakeFiles/cartographer_ros_msgs__rosidl_generator_c.dir/rosidl_generator_c/cartographer_ros_msgs/msg/detail/bagfile_progress__description.c.o\x1b[0m\n'}
[2.706608] (-) TimerEvent: {}
[2.706939] (cartographer_ros_msgs) StdoutLine: {'line': b'[  2%] \x1b[32mBuilding C object CMakeFiles/cartographer_ros_msgs__rosidl_generator_c.dir/rosidl_generator_c/cartographer_ros_msgs/msg/detail/histogram_bucket__description.c.o\x1b[0m\n'}
[2.707032] (cartographer_ros_msgs) StdoutLine: {'line': b'[  3%] \x1b[32mBuilding C object CMakeFiles/cartographer_ros_msgs__rosidl_generator_c.dir/rosidl_generator_c/cartographer_ros_msgs/msg/detail/bagfile_progress__functions.c.o\x1b[0m\n'}
[2.707098] (cartographer_ros_msgs) StdoutLine: {'line': b'[  3%] \x1b[32mBuilding C object CMakeFiles/cartographer_ros_msgs__rosidl_generator_c.dir/rosidl_generator_c/cartographer_ros_msgs/msg/detail/bagfile_progress__type_support.c.o\x1b[0m\n'}
[2.707174] (cartographer_ros_msgs) StdoutLine: {'line': b'[  3%] \x1b[32mBuilding C object CMakeFiles/cartographer_ros_msgs__rosidl_generator_c.dir/rosidl_generator_c/cartographer_ros_msgs/msg/detail/histogram_bucket__type_support.c.o\x1b[0m\n'}
[2.711453] (cartographer_ros_msgs) StdoutLine: {'line': b'[  4%] \x1b[32mBuilding C object CMakeFiles/cartographer_ros_msgs__rosidl_generator_c.dir/rosidl_generator_c/cartographer_ros_msgs/msg/detail/landmark_list__type_support.c.o\x1b[0m\n'}
[2.712919] (cartographer_ros_msgs) StdoutLine: {'line': b'[  4%] \x1b[32mBuilding C object CMakeFiles/cartographer_ros_msgs__rosidl_generator_c.dir/rosidl_generator_c/cartographer_ros_msgs/msg/detail/landmark_entry__functions.c.o\x1b[0m\n'}
[2.713210] (cartographer_ros_msgs) StdoutLine: {'line': b'[  5%] \x1b[32mBuilding C object CMakeFiles/cartographer_ros_msgs__rosidl_generator_c.dir/rosidl_generator_c/cartographer_ros_msgs/msg/detail/histogram_bucket__functions.c.o\x1b[0m\n'}
[2.716061] (cartographer_ros_msgs) StdoutLine: {'line': b'[  6%] \x1b[32mBuilding C object CMakeFiles/cartographer_ros_msgs__rosidl_generator_c.dir/rosidl_generator_c/cartographer_ros_msgs/msg/detail/landmark_list__functions.c.o\x1b[0m\n'}
[2.718799] (cartographer_ros_msgs) StdoutLine: {'line': b'[  6%] \x1b[32mBuilding C object CMakeFiles/cartographer_ros_msgs__rosidl_generator_c.dir/rosidl_generator_c/cartographer_ros_msgs/msg/detail/landmark_entry__description.c.o\x1b[0m\n'}
[2.719419] (cartographer_ros_msgs) StdoutLine: {'line': b'[  6%] \x1b[32mBuilding C object CMakeFiles/cartographer_ros_msgs__rosidl_generator_c.dir/rosidl_generator_c/cartographer_ros_msgs/msg/detail/landmark_entry__type_support.c.o\x1b[0m\n'}
[2.733842] (cartographer_ros_msgs) StdoutLine: {'line': b'[  7%] \x1b[32mBuilding C object CMakeFiles/cartographer_ros_msgs__rosidl_generator_c.dir/rosidl_generator_c/cartographer_ros_msgs/msg/detail/landmark_list__description.c.o\x1b[0m\n'}
[2.740075] (cartographer_ros_msgs) StdoutLine: {'line': b'[  7%] \x1b[32mBuilding C object CMakeFiles/cartographer_ros_msgs__rosidl_generator_c.dir/rosidl_generator_c/cartographer_ros_msgs/msg/detail/metric_family__functions.c.o\x1b[0m\n'}
[2.741192] (cartographer_ros_msgs) StdoutLine: {'line': b'[  7%] \x1b[32mBuilding C object CMakeFiles/cartographer_ros_msgs__rosidl_generator_c.dir/rosidl_generator_c/cartographer_ros_msgs/msg/detail/metric_family__description.c.o\x1b[0m\n'}
[2.749794] (cartographer_ros_msgs) StdoutLine: {'line': b'[  8%] \x1b[32mBuilding C object CMakeFiles/cartographer_ros_msgs__rosidl_generator_c.dir/rosidl_generator_c/cartographer_ros_msgs/msg/detail/metric_family__type_support.c.o\x1b[0m\n'}
[2.750917] (cartographer_ros_msgs) StdoutLine: {'line': b'[  8%] \x1b[32mBuilding C object CMakeFiles/cartographer_ros_msgs__rosidl_generator_c.dir/rosidl_generator_c/cartographer_ros_msgs/msg/detail/metric_label__description.c.o\x1b[0m\n'}
[2.756588] (cartographer_ros_msgs) StdoutLine: {'line': b'[  9%] \x1b[32mBuilding C object CMakeFiles/cartographer_ros_msgs__rosidl_generator_c.dir/rosidl_generator_c/cartographer_ros_msgs/msg/detail/metric_label__functions.c.o\x1b[0m\n'}
[2.765509] (cartographer_ros_msgs) StdoutLine: {'line': b'[ 10%] \x1b[32mBuilding C object CMakeFiles/cartographer_ros_msgs__rosidl_generator_c.dir/rosidl_generator_c/cartographer_ros_msgs/msg/detail/metric__functions.c.o\x1b[0m\n'}
[2.768962] (cartographer_ros_msgs) StdoutLine: {'line': b'[ 10%] \x1b[32mBuilding C object CMakeFiles/cartographer_ros_msgs__rosidl_generator_c.dir/rosidl_generator_c/cartographer_ros_msgs/msg/detail/metric_label__type_support.c.o\x1b[0m\n'}
[2.769675] (cartographer_ros_msgs) StdoutLine: {'line': b'[ 10%] \x1b[32mBuilding C object CMakeFiles/cartographer_ros_msgs__rosidl_generator_c.dir/rosidl_generator_c/cartographer_ros_msgs/msg/detail/metric__description.c.o\x1b[0m\n'}
[2.798522] (cartographer_ros_msgs) StdoutLine: {'line': b'[ 11%] \x1b[32mBuilding C object CMakeFiles/cartographer_ros_msgs__rosidl_generator_c.dir/rosidl_generator_c/cartographer_ros_msgs/msg/detail/status_code__functions.c.o\x1b[0m\n'}
[2.799618] (cartographer_ros_msgs) StdoutLine: {'line': b'[ 11%] \x1b[32mBuilding C object CMakeFiles/cartographer_ros_msgs__rosidl_generator_c.dir/rosidl_generator_c/cartographer_ros_msgs/msg/detail/status_code__description.c.o\x1b[0m\n'}
[2.801474] (cartographer_ros_msgs) StdoutLine: {'line': b'[ 11%] \x1b[32mBuilding C object CMakeFiles/cartographer_ros_msgs__rosidl_generator_c.dir/rosidl_generator_c/cartographer_ros_msgs/msg/detail/metric__type_support.c.o\x1b[0m\n'}
[2.807882] (-) TimerEvent: {}
[2.820735] (cartographer_ros_msgs) StdoutLine: {'line': b'[ 12%] \x1b[32mBuilding C object CMakeFiles/cartographer_ros_msgs__rosidl_generator_c.dir/rosidl_generator_c/cartographer_ros_msgs/msg/detail/status_code__type_support.c.o\x1b[0m\n'}
[2.858163] (cartographer_ros_msgs) StdoutLine: {'line': b'[ 13%] \x1b[32mBuilding C object CMakeFiles/cartographer_ros_msgs__rosidl_generator_c.dir/rosidl_generator_c/cartographer_ros_msgs/msg/detail/status_response__type_support.c.o\x1b[0m\n'}
[2.860475] (cartographer_ros_msgs) StdoutLine: {'line': b'[ 13%] \x1b[32mBuilding C object CMakeFiles/cartographer_ros_msgs__rosidl_generator_c.dir/rosidl_generator_c/cartographer_ros_msgs/msg/detail/status_response__description.c.o\x1b[0m\n'}
[2.893540] (cartographer_ros_msgs) StdoutLine: {'line': b'[ 13%] \x1b[32mBuilding C object CMakeFiles/cartographer_ros_msgs__rosidl_generator_c.dir/rosidl_generator_c/cartographer_ros_msgs/msg/detail/status_response__functions.c.o\x1b[0m\n'}
[2.894491] (cartographer_ros_msgs) StdoutLine: {'line': b'[ 13%] \x1b[32mBuilding C object CMakeFiles/cartographer_ros_msgs__rosidl_generator_c.dir/rosidl_generator_c/cartographer_ros_msgs/msg/detail/submap_entry__description.c.o\x1b[0m\n'}
[2.898471] (cartographer_ros_msgs) StdoutLine: {'line': b'[ 14%] \x1b[32mBuilding C object CMakeFiles/cartographer_ros_msgs__rosidl_generator_c.dir/rosidl_generator_c/cartographer_ros_msgs/msg/detail/submap_list__functions.c.o\x1b[0m\n'}
[2.899387] (cartographer_ros_msgs) StdoutLine: {'line': b'[ 14%] \x1b[32mBuilding C object CMakeFiles/cartographer_ros_msgs__rosidl_generator_c.dir/rosidl_generator_c/cartographer_ros_msgs/msg/detail/submap_list__description.c.o\x1b[0m\n'}
[2.901002] (cartographer_ros_msgs) StdoutLine: {'line': b'[ 15%] \x1b[32mBuilding C object CMakeFiles/cartographer_ros_msgs__rosidl_generator_c.dir/rosidl_generator_c/cartographer_ros_msgs/msg/detail/submap_entry__functions.c.o\x1b[0m\n'}
[2.903826] (cartographer_ros_msgs) StdoutLine: {'line': b'[ 15%] \x1b[32mBuilding C object CMakeFiles/cartographer_ros_msgs__rosidl_generator_c.dir/rosidl_generator_c/cartographer_ros_msgs/msg/detail/submap_entry__type_support.c.o\x1b[0m\n'}
[2.908070] (-) TimerEvent: {}
[2.935959] (cartographer_ros_msgs) StdoutLine: {'line': b'[ 15%] \x1b[32mBuilding C object CMakeFiles/cartographer_ros_msgs__rosidl_generator_c.dir/rosidl_generator_c/cartographer_ros_msgs/msg/detail/submap_list__type_support.c.o\x1b[0m\n'}
[2.937268] (cartographer_ros_msgs) StdoutLine: {'line': b'[ 16%] \x1b[32mBuilding C object CMakeFiles/cartographer_ros_msgs__rosidl_generator_c.dir/rosidl_generator_c/cartographer_ros_msgs/msg/detail/submap_texture__description.c.o\x1b[0m\n'}
[2.937510] (cartographer_ros_msgs) StdoutLine: {'line': b'[ 16%] \x1b[32mBuilding C object CMakeFiles/cartographer_ros_msgs__rosidl_generator_c.dir/rosidl_generator_c/cartographer_ros_msgs/msg/detail/submap_texture__functions.c.o\x1b[0m\n'}
[2.945095] (cartographer_ros_msgs) StdoutLine: {'line': b'[ 17%] \x1b[32mBuilding C object CMakeFiles/cartographer_ros_msgs__rosidl_generator_c.dir/rosidl_generator_c/cartographer_ros_msgs/msg/detail/trajectory_states__description.c.o\x1b[0m\n'}
[2.949475] (cartographer_ros_msgs) StdoutLine: {'line': b'[ 17%] \x1b[32mBuilding C object CMakeFiles/cartographer_ros_msgs__rosidl_generator_c.dir/rosidl_generator_c/cartographer_ros_msgs/msg/detail/submap_texture__type_support.c.o\x1b[0m\n'}
[2.956097] (cartographer_ros_msgs) StdoutLine: {'line': b'[ 18%] \x1b[32mBuilding C object CMakeFiles/cartographer_ros_msgs__rosidl_generator_c.dir/rosidl_generator_c/cartographer_ros_msgs/msg/detail/trajectory_states__type_support.c.o\x1b[0m\n'}
[2.956379] (cartographer_ros_msgs) StdoutLine: {'line': b'[ 18%] \x1b[32mBuilding C object CMakeFiles/cartographer_ros_msgs__rosidl_generator_c.dir/rosidl_generator_c/cartographer_ros_msgs/msg/detail/trajectory_states__functions.c.o\x1b[0m\n'}
[2.977318] (cartographer_ros_msgs) StdoutLine: {'line': b'[ 18%] \x1b[32mBuilding C object CMakeFiles/cartographer_ros_msgs__rosidl_generator_c.dir/rosidl_generator_c/cartographer_ros_msgs/srv/detail/get_trajectory_states__type_support.c.o\x1b[0m\n'}
[2.982117] (cartographer_ros_msgs) StdoutLine: {'line': b'[ 18%] \x1b[32mBuilding C object CMakeFiles/cartographer_ros_msgs__rosidl_generator_c.dir/rosidl_generator_c/cartographer_ros_msgs/srv/detail/finish_trajectory__functions.c.o\x1b[0m\n'}
[2.984144] (cartographer_ros_msgs) StdoutLine: {'line': b'[ 18%] \x1b[32mBuilding C object CMakeFiles/cartographer_ros_msgs__rosidl_generator_c.dir/rosidl_generator_c/cartographer_ros_msgs/srv/detail/finish_trajectory__description.c.o\x1b[0m\n'}
[2.997315] (cartographer_ros_msgs) StdoutLine: {'line': b'[ 19%] \x1b[32mBuilding C object CMakeFiles/cartographer_ros_msgs__rosidl_generator_c.dir/rosidl_generator_c/cartographer_ros_msgs/srv/detail/get_trajectory_states__functions.c.o\x1b[0m\n'}
[2.999390] (cartographer_ros_msgs) StdoutLine: {'line': b'[ 20%] \x1b[32mBuilding C object CMakeFiles/cartographer_ros_msgs__rosidl_generator_c.dir/rosidl_generator_c/cartographer_ros_msgs/srv/detail/get_trajectory_states__description.c.o\x1b[0m\n'}
[3.001863] (cartographer_ros_msgs) StdoutLine: {'line': b'[ 20%] \x1b[32mBuilding C object CMakeFiles/cartographer_ros_msgs__rosidl_generator_c.dir/rosidl_generator_c/cartographer_ros_msgs/srv/detail/finish_trajectory__type_support.c.o\x1b[0m\n'}
[3.010660] (-) TimerEvent: {}
[3.031549] (cartographer_ros_msgs) StdoutLine: {'line': b'[ 21%] \x1b[32mBuilding C object CMakeFiles/cartographer_ros_msgs__rosidl_generator_c.dir/rosidl_generator_c/cartographer_ros_msgs/srv/detail/read_metrics__description.c.o\x1b[0m\n'}
[3.032636] (cartographer_ros_msgs) StdoutLine: {'line': b'[ 21%] \x1b[32mBuilding C object CMakeFiles/cartographer_ros_msgs__rosidl_generator_c.dir/rosidl_generator_c/cartographer_ros_msgs/srv/detail/read_metrics__functions.c.o\x1b[0m\n'}
[3.032802] (cartographer_ros_msgs) StdoutLine: {'line': b'[ 21%] \x1b[32mBuilding C object CMakeFiles/cartographer_ros_msgs__rosidl_generator_c.dir/rosidl_generator_c/cartographer_ros_msgs/srv/detail/read_metrics__type_support.c.o\x1b[0m\n'}
[3.040002] (cartographer_ros_msgs) StdoutLine: {'line': b'[ 21%] \x1b[32mBuilding C object CMakeFiles/cartographer_ros_msgs__rosidl_generator_c.dir/rosidl_generator_c/cartographer_ros_msgs/srv/detail/start_trajectory__functions.c.o\x1b[0m\n'}
[3.058214] (cartographer_ros_msgs) StdoutLine: {'line': b'[ 22%] \x1b[32mBuilding C object CMakeFiles/cartographer_ros_msgs__rosidl_generator_c.dir/rosidl_generator_c/cartographer_ros_msgs/srv/detail/trajectory_query__description.c.o\x1b[0m\n'}
[3.058891] (cartographer_ros_msgs) StdoutLine: {'line': b'[ 22%] \x1b[32mBuilding C object CMakeFiles/cartographer_ros_msgs__rosidl_generator_c.dir/rosidl_generator_c/cartographer_ros_msgs/srv/detail/start_trajectory__type_support.c.o\x1b[0m\n'}
[3.081460] (cartographer_ros_msgs) StdoutLine: {'line': b'[ 23%] \x1b[32mBuilding C object CMakeFiles/cartographer_ros_msgs__rosidl_generator_c.dir/rosidl_generator_c/cartographer_ros_msgs/srv/detail/start_trajectory__description.c.o\x1b[0m\n'}
[3.082241] (cartographer_ros_msgs) StdoutLine: {'line': b'[ 24%] \x1b[32mBuilding C object CMakeFiles/cartographer_ros_msgs__rosidl_generator_c.dir/rosidl_generator_c/cartographer_ros_msgs/srv/detail/trajectory_query__type_support.c.o\x1b[0m\n'}
[3.082345] (cartographer_ros_msgs) StdoutLine: {'line': b'[ 24%] \x1b[32mBuilding C object CMakeFiles/cartographer_ros_msgs__rosidl_generator_c.dir/rosidl_generator_c/cartographer_ros_msgs/srv/detail/submap_query__description.c.o\x1b[0m\n'}
[3.082429] (cartographer_ros_msgs) StdoutLine: {'line': b'[ 24%] \x1b[32mBuilding C object CMakeFiles/cartographer_ros_msgs__rosidl_generator_c.dir/rosidl_generator_c/cartographer_ros_msgs/srv/detail/trajectory_query__functions.c.o\x1b[0m\n'}
[3.082519] (cartographer_ros_msgs) StdoutLine: {'line': b'[ 25%] \x1b[32mBuilding C object CMakeFiles/cartographer_ros_msgs__rosidl_generator_c.dir/rosidl_generator_c/cartographer_ros_msgs/srv/detail/submap_query__functions.c.o\x1b[0m\n'}
[3.110999] (-) TimerEvent: {}
[3.125255] (cartographer_ros_msgs) StdoutLine: {'line': b'[ 25%] \x1b[32mBuilding C object CMakeFiles/cartographer_ros_msgs__rosidl_generator_c.dir/rosidl_generator_c/cartographer_ros_msgs/srv/detail/submap_query__type_support.c.o\x1b[0m\n'}
[3.134722] (cartographer_ros_msgs) StdoutLine: {'line': b'[ 25%] \x1b[32mBuilding C object CMakeFiles/cartographer_ros_msgs__rosidl_generator_c.dir/rosidl_generator_c/cartographer_ros_msgs/srv/detail/write_state__description.c.o\x1b[0m\n'}
[3.140460] (cartographer_ros_msgs) StdoutLine: {'line': b'[ 26%] \x1b[32mBuilding C object CMakeFiles/cartographer_ros_msgs__rosidl_generator_c.dir/rosidl_generator_c/cartographer_ros_msgs/srv/detail/write_state__functions.c.o\x1b[0m\n'}
[3.146454] (cartographer_ros_msgs) StdoutLine: {'line': b'[ 26%] \x1b[32mBuilding C object CMakeFiles/cartographer_ros_msgs__rosidl_generator_c.dir/rosidl_generator_c/cartographer_ros_msgs/srv/detail/write_state__type_support.c.o\x1b[0m\n'}
[3.147425] (cartographer_ros_msgs) StdoutLine: {'line': b'[ 26%] \x1b[32mBuilding C object CMakeFiles/cartographer_ros_msgs__rosidl_generator_c.dir/rosidl_generator_c/cartographer_ros_msgs/srv/detail/get_slam_state__functions.c.o\x1b[0m\n'}
[3.152550] (cartographer_ros_msgs) StdoutLine: {'line': b'[ 27%] \x1b[32mBuilding C object CMakeFiles/cartographer_ros_msgs__rosidl_generator_c.dir/rosidl_generator_c/cartographer_ros_msgs/srv/detail/get_slam_state__description.c.o\x1b[0m\n'}
[3.192734] (cartographer_ros_msgs) StdoutLine: {'line': b'[ 27%] \x1b[32mBuilding C object CMakeFiles/cartographer_ros_msgs__rosidl_generator_c.dir/rosidl_generator_c/cartographer_ros_msgs/srv/detail/set_slam_state__functions.c.o\x1b[0m\n'}
[3.193720] (cartographer_ros_msgs) StdoutLine: {'line': b'[ 27%] \x1b[32mBuilding C object CMakeFiles/cartographer_ros_msgs__rosidl_generator_c.dir/rosidl_generator_c/cartographer_ros_msgs/srv/detail/get_slam_state__type_support.c.o\x1b[0m\n'}
[3.197395] (cartographer_ros_msgs) StdoutLine: {'line': b'[ 28%] \x1b[32mBuilding C object CMakeFiles/cartographer_ros_msgs__rosidl_generator_c.dir/rosidl_generator_c/cartographer_ros_msgs/srv/detail/set_slam_state__description.c.o\x1b[0m\n'}
[3.214654] (-) TimerEvent: {}
[3.227996] (cartographer) StdoutLine: {'line': b'[ 64%] Built target cartographer.common.math_test\n'}
[3.237603] (cartographer_ros_msgs) StdoutLine: {'line': b'[ 29%] \x1b[32mBuilding C object CMakeFiles/cartographer_ros_msgs__rosidl_generator_c.dir/rosidl_generator_c/cartographer_ros_msgs/srv/detail/set_slam_state__type_support.c.o\x1b[0m\n'}
[3.260498] (cartographer) StdoutLine: {'line': b'[ 64%] Built target cartographer_print_configuration\n'}
[3.285470] (cartographer) StdoutLine: {'line': b'[ 64%] Built target cartographer.common.task_test\n'}
[3.288425] (cartographer) StdoutLine: {'line': b'[ 64%] Built target cartographer.io.fake_file_writer_test\n'}
[3.297595] (cartographer) StdoutLine: {'line': b'[ 64%] Built target cartographer.common.internal.rate_timer_test\n'}
[3.314671] (cartographer) StdoutLine: {'line': b'[ 64%] \x1b[32m\x1b[1mLinking CXX executable cartographer.mapping.3d.hybrid_grid_test\x1b[0m\n'}
[3.315407] (-) TimerEvent: {}
[3.337378] (cartographer) StdoutLine: {'line': b'[ 64%] Built target cartographer.common.internal.blocking_queue_test\n'}
[3.345630] (cartographer) StdoutLine: {'line': b'[ 64%] Built target cartographer.common.lua_parameter_dictionary_test\n'}
[3.352321] (cartographer_ros_msgs) StdoutLine: {'line': b'[ 29%] \x1b[32m\x1b[1mLinking C shared library libcartographer_ros_msgs__rosidl_generator_c.so\x1b[0m\n'}
[3.354086] (cartographer) StdoutLine: {'line': b'[ 64%] \x1b[32m\x1b[1mLinking CXX executable cartographer.mapping.imu_tracker_test\x1b[0m\n'}
[3.354378] (cartographer) StdoutLine: {'line': b'[ 64%] \x1b[32m\x1b[1mLinking CXX executable cartographer.mapping.3d.range_data_inserter_3d_test\x1b[0m\n'}
[3.354516] (cartographer) StdoutLine: {'line': b'[ 64%] Built target cartographer.common.thread_pool_test\n'}
[3.357280] (cartographer) StdoutLine: {'line': b'[ 65%] Built target cartographer.mapping.2d.map_limits_test\n'}
[3.360709] (cartographer) StdoutLine: {'line': b'[ 65%] \x1b[32m\x1b[1mLinking CXX executable cartographer.mapping.id_test\x1b[0m\n'}
[3.396477] (cartographer) StdoutLine: {'line': b'[ 65%] \x1b[32m\x1b[1mLinking CXX executable cartographer.mapping.3d.submap_3d_test\x1b[0m\n'}
[3.415527] (cartographer) StdoutLine: {'line': b'[ 65%] \x1b[32m\x1b[1mLinking CXX executable cartographer.mapping.internal.2d.overlapping_submaps_trimmer_2d_test\x1b[0m\n'}
[3.416588] (-) TimerEvent: {}
[3.416960] (cartographer) StdoutLine: {'line': b'[ 65%] \x1b[32m\x1b[1mLinking CXX executable cartographer.mapping.internal.2d.normal_estimation_2d_test\x1b[0m\n'}
[3.423853] (cartographer) StdoutLine: {'line': b'[ 65%] \x1b[32m\x1b[1mLinking CXX executable cartographer.mapping.internal.2d.ray_to_pixel_mask_test\x1b[0m\n'}
[3.424683] (cartographer) StdoutLine: {'line': b'[ 65%] Built target cartographer.io.proto_stream_deserializer_test\n'}
[3.424823] (cartographer) StdoutLine: {'line': b'[ 65%] Built target cartographer.common.fixed_ratio_sampler_test\n'}
[3.437113] (cartographer) StdoutLine: {'line': b'[ 65%] \x1b[32m\x1b[1mLinking CXX executable cartographer.mapping.internal.2d.pose_graph_2d_test\x1b[0m\n'}
[3.480511] (cartographer_ros_msgs) StdoutLine: {'line': b'[ 29%] Built target cartographer_ros_msgs__rosidl_generator_c\n'}
[3.520671] (cartographer_ros_msgs) StdoutLine: {'line': b'[ 30%] \x1b[34m\x1b[1mGenerating C++ type support dispatch for ROS interfaces\x1b[0m\n'}
[3.521774] (-) TimerEvent: {}
[3.522197] (cartographer) StdoutLine: {'line': b'[ 65%] Built target cartographer_compute_relations_metrics\n'}
[3.522382] (cartographer) StdoutLine: {'line': b'[ 65%] \x1b[32m\x1b[1mLinking CXX executable cartographer.mapping.internal.2d.scan_matching.ceres_scan_matcher_2d_test\x1b[0m\n'}
[3.522466] (cartographer_ros_msgs) StdoutLine: {'line': b'[ 31%] \x1b[34m\x1b[1mGenerating C type support for eProsima Fast-RTPS\x1b[0m\n'}
[3.522541] (cartographer_ros_msgs) StdoutLine: {'line': b'[ 31%] \x1b[34m\x1b[1mGenerating C type support dispatch for ROS interfaces\x1b[0m\n'}
[3.523416] (cartographer_ros_msgs) StdoutLine: {'line': b'[ 31%] \x1b[34m\x1b[1mGenerating C introspection for ROS interfaces\x1b[0m\n'}
[3.523516] (cartographer_ros_msgs) StdoutLine: {'line': b'[ 31%] \x1b[34m\x1b[1mGenerating C++ type support for eProsima Fast-RTPS\x1b[0m\n'}
[3.533852] (cartographer_ros_msgs) StdoutLine: {'line': b'[ 31%] \x1b[34m\x1b[1mGenerating C++ introspection for ROS interfaces\x1b[0m\n'}
[3.534696] (cartographer) StdoutLine: {'line': b'[ 65%] \x1b[32m\x1b[1mLinking CXX executable cartographer.mapping.internal.2d.scan_matching.correlative_scan_matcher_test\x1b[0m\n'}
[3.565338] (cartographer) StdoutLine: {'line': b'[ 65%] Built target cartographer_autogenerate_ground_truth\n'}
[3.566566] (cartographer) StdoutLine: {'line': b'[ 65%] Built target cartographer.mapping.2d.probability_grid_test\n'}
[3.622104] (-) TimerEvent: {}
[3.656594] (cartographer) StdoutLine: {'line': b'[ 66%] Built target cartographer.mapping.2d.xy_index_test\n'}
[3.682142] (cartographer) StdoutLine: {'line': b'[ 67%] \x1b[32m\x1b[1mLinking CXX executable cartographer.mapping.internal.2d.scan_matching.interpolated_tsdf_2d_test\x1b[0m\n'}
[3.684739] (cartographer) StdoutLine: {'line': b'[ 67%] \x1b[32m\x1b[1mLinking CXX executable cartographer.mapping.internal.2d.scan_matching.fast_correlative_scan_matcher_2d_test\x1b[0m\n'}
[3.687366] (cartographer) StdoutLine: {'line': b'[ 67%] Built target cartographer.io.internal.in_memory_proto_stream_test\n'}
[3.703575] (cartographer) StdoutLine: {'line': b'[ 67%] \x1b[32m\x1b[1mLinking CXX executable cartographer.mapping.internal.2d.scan_matching.occupied_space_cost_function_2d_test\x1b[0m\n'}
[3.711388] (cartographer) StdoutLine: {'line': b'[ 68%] Built target cartographer.io.proto_stream_test\n'}
[3.722330] (-) TimerEvent: {}
[3.743666] (cartographer) StdoutLine: {'line': b'[ 68%] Built target cartographer.io.serialization_format_migration_test\n'}
[3.767621] (cartographer) StdoutLine: {'line': b'[ 69%] \x1b[32m\x1b[1mLinking CXX executable cartographer.mapping.internal.2d.scan_matching.tsdf_match_cost_function_2d_test\x1b[0m\n'}
[3.768731] (cartographer) StdoutLine: {'line': b'[ 69%] \x1b[32m\x1b[1mLinking CXX executable cartographer.mapping.internal.2d.scan_matching.real_time_correlative_scan_matcher_2d_test\x1b[0m\n'}
[3.806424] (cartographer) StdoutLine: {'line': b'[ 69%] Built target cartographer.common.configuration_files_test\n'}
[3.823494] (-) TimerEvent: {}
[3.828892] (cartographer) StdoutLine: {'line': b'[ 70%] Built target cartographer.mapping.2d.range_data_inserter_2d_test\n'}
[3.842420] (cartographer) StdoutLine: {'line': b'[ 71%] \x1b[32m\x1b[1mLinking CXX executable cartographer.mapping.internal.2d.tsd_value_converter_test\x1b[0m\n'}
[3.868676] (cartographer) StdoutLine: {'line': b'[ 72%] \x1b[32m\x1b[1mLinking CXX executable cartographer.mapping.internal.2d.tsdf_2d_test\x1b[0m\n'}
[3.869433] (cartographer) StdoutLine: {'line': b'[ 72%] Built target cartographer.mapping.imu_tracker_test\n'}
[3.869513] (cartographer) StdoutLine: {'line': b'[ 72%] Built target cartographer.mapping.id_test\n'}
[3.888085] (cartographer) StdoutLine: {'line': b'[ 72%] Built target cartographer.io.points_processor_pipeline_builder_test\n'}
[3.889477] (cartographer) StdoutLine: {'line': b'[ 72%] Built target cartographer.mapping.2d.submap_2d_test\n'}
[3.923705] (-) TimerEvent: {}
[3.932964] (cartographer) StdoutLine: {'line': b'[ 73%] \x1b[32m\x1b[1mLinking CXX executable cartographer.mapping.internal.2d.tsdf_range_data_inserter_2d_test\x1b[0m\n'}
[3.942388] (cartographer) StdoutLine: {'line': b'[ 73%] \x1b[32m\x1b[1mLinking CXX executable cartographer.mapping.internal.3d.rotation_parameterization_test\x1b[0m\n'}
[3.942917] (cartographer) StdoutLine: {'line': b'[ 73%] Built target cartographer.mapping.3d.hybrid_grid_test\n'}
[3.944070] (cartographer) StdoutLine: {'line': b'[ 73%] Built target cartographer_pbstream\n'}
[3.947335] (cartographer) StdoutLine: {'line': b'[ 74%] \x1b[32m\x1b[1mLinking CXX executable cartographer.mapping.internal.3d.pose_graph_3d_test\x1b[0m\n'}
[3.951329] (cartographer) StdoutLine: {'line': b'[ 74%] \x1b[32m\x1b[1mLinking CXX executable cartographer.mapping.internal.3d.local_trajectory_builder_3d_test\x1b[0m\n'}
[3.952981] (cartographer) StdoutLine: {'line': b'[ 75%] Built target cartographer.mapping.3d.range_data_inserter_3d_test\n'}
[3.971847] (cartographer) StdoutLine: {'line': b'[ 76%] \x1b[32m\x1b[1mLinking CXX executable cartographer.mapping.internal.3d.scan_matching.ceres_scan_matcher_3d_test\x1b[0m\n'}
[4.001437] (cartographer) StdoutLine: {'line': b'[ 76%] \x1b[32m\x1b[1mLinking CXX executable cartographer.mapping.internal.3d.scan_matching.fast_correlative_scan_matcher_3d_test\x1b[0m\n'}
[4.014363] (cartographer) StdoutLine: {'line': b'[ 76%] Built target cartographer.mapping.internal.2d.scan_matching.correlative_scan_matcher_test\n'}
[4.024480] (-) TimerEvent: {}
[4.036487] (cartographer) StdoutLine: {'line': b'[ 76%] Built target cartographer.mapping.internal.2d.ray_to_pixel_mask_test\n'}
[4.042575] (cartographer) StdoutLine: {'line': b'[ 77%] \x1b[32m\x1b[1mLinking CXX executable cartographer.mapping.internal.3d.scan_matching.intensity_cost_function_3d_test\x1b[0m\n'}
[4.047350] (cartographer) StdoutLine: {'line': b'[ 77%] Built target cartographer.io.probability_grid_points_processor_test\n'}
[4.064173] (cartographer) StdoutLine: {'line': b'[ 77%] \x1b[32m\x1b[1mLinking CXX executable cartographer.mapping.internal.3d.scan_matching.interpolated_grid_test\x1b[0m\n'}
[4.066098] (cartographer) StdoutLine: {'line': b'[ 77%] Built target cartographer.mapping.3d.submap_3d_test\n'}
[4.067992] (cartographer) StdoutLine: {'line': b'[ 78%] \x1b[32m\x1b[1mLinking CXX executable cartographer.mapping.internal.3d.scan_matching.precomputation_grid_3d_test\x1b[0m\n'}
[4.124690] (-) TimerEvent: {}
[4.139427] (cartographer) StdoutLine: {'line': b'[ 78%] \x1b[32m\x1b[1mLinking CXX executable cartographer.mapping.internal.3d.scan_matching.real_time_correlative_scan_matcher_3d_test\x1b[0m\n'}
[4.159456] (cartographer) StdoutLine: {'line': b'[ 78%] \x1b[32m\x1b[1mLinking CXX executable cartographer.mapping.internal.3d.scan_matching.rotational_scan_matcher_test\x1b[0m\n'}
[4.163359] (cartographer) StdoutLine: {'line': b'[ 80%] \x1b[32m\x1b[1mLinking CXX executable cartographer.mapping.internal.connected_components_test\x1b[0m\n'}
[4.163704] (cartographer) StdoutLine: {'line': b'[ 80%] \x1b[32m\x1b[1mLinking CXX executable cartographer.mapping.internal.3d.scan_matching.rotation_delta_cost_functor_3d_test\x1b[0m\n'}
[4.185718] (cartographer) StdoutLine: {'line': b'[ 81%] Built target cartographer.mapping.internal.2d.normal_estimation_2d_test\n'}
[4.225503] (-) TimerEvent: {}
[4.262511] (cartographer) StdoutLine: {'line': b'[ 81%] Built target cartographer.mapping.internal.2d.scan_matching.interpolated_tsdf_2d_test\n'}
[4.279780] (cartographer) StdoutLine: {'line': b'[ 81%] \x1b[32m\x1b[1mLinking CXX executable cartographer.mapping.internal.constraints.constraint_builder_2d_test\x1b[0m\n'}
[4.299559] (cartographer) StdoutLine: {'line': b'[ 82%] Built target cartographer.mapping.internal.2d.scan_matching.fast_correlative_scan_matcher_2d_test\n'}
[4.301190] (cartographer) StdoutLine: {'line': b'[ 82%] Built target cartographer.mapping.internal.2d.overlapping_submaps_trimmer_2d_test\n'}
[4.324425] (cartographer) StdoutLine: {'line': b'[ 82%] Built target cartographer.mapping.internal.2d.tsd_value_converter_test\n'}
[4.326331] (-) TimerEvent: {}
[4.381485] (cartographer) StdoutLine: {'line': b'[ 83%] Built target cartographer.mapping.internal.2d.pose_graph_2d_test\n'}
[4.386038] (cartographer) StdoutLine: {'line': b'[ 83%] Built target cartographer.mapping.internal.3d.rotation_parameterization_test\n'}
[4.386145] (cartographer) StdoutLine: {'line': b'[ 83%] Built target cartographer.mapping.internal.2d.scan_matching.real_time_correlative_scan_matcher_2d_test\n'}
[4.386338] (cartographer) StdoutLine: {'line': b'[ 83%] Built target cartographer.mapping.internal.2d.scan_matching.occupied_space_cost_function_2d_test\n'}
[4.392488] (cartographer) StdoutLine: {'line': b'[ 84%] Built target cartographer.mapping.internal.2d.scan_matching.ceres_scan_matcher_2d_test\n'}
[4.419772] (cartographer) StdoutLine: {'line': b'[ 84%] \x1b[32m\x1b[1mLinking CXX executable cartographer.mapping.internal.constraints.constraint_builder_3d_test\x1b[0m\n'}
[4.426556] (-) TimerEvent: {}
[4.436853] (cartographer) StdoutLine: {'line': b'[ 84%] \x1b[32m\x1b[1mLinking CXX executable cartographer.mapping.internal.optimization.cost_functions.landmark_cost_function_2d_test\x1b[0m\n'}
[4.447394] (cartographer) StdoutLine: {'line': b'[ 84%] \x1b[32m\x1b[1mLinking CXX executable cartographer.mapping.internal.motion_filter_test\x1b[0m\n'}
[4.458414] (cartographer) StdoutLine: {'line': b'[ 84%] \x1b[32m\x1b[1mLinking CXX executable cartographer.mapping.internal.optimization.cost_functions.landmark_cost_function_3d_test\x1b[0m\n'}
[4.459053] (cartographer) StdoutLine: {'line': b'[ 84%] Built target cartographer.mapping.internal.2d.tsdf_2d_test\n'}
[4.481107] (cartographer) StdoutLine: {'line': b'[ 84%] \x1b[32m\x1b[1mLinking CXX executable cartographer.mapping.internal.optimization.optimization_problem_3d_test\x1b[0m\n'}
[4.486616] (cartographer) StdoutLine: {'line': b'[ 84%] \x1b[32m\x1b[1mLinking CXX executable cartographer.mapping.internal.optimization.cost_functions.spa_cost_function_2d_test\x1b[0m\n'}
[4.504731] (cartographer) StdoutLine: {'line': b'[ 84%] \x1b[32m\x1b[1mLinking CXX executable cartographer.mapping.map_builder_test\x1b[0m\n'}
[4.513078] (cartographer) StdoutLine: {'line': b'[ 84%] \x1b[32m\x1b[1mLinking CXX executable cartographer.mapping.internal.range_data_collator_test\x1b[0m\n'}
[4.519380] (cartographer) StdoutLine: {'line': b'[ 84%] \x1b[32m\x1b[1mLinking CXX executable cartographer.mapping.internal.trajectory_connectivity_state_test\x1b[0m\n'}
[4.526720] (-) TimerEvent: {}
[4.533432] (cartographer) StdoutLine: {'line': b'[ 84%] \x1b[32m\x1b[1mLinking CXX executable cartographer.mapping.pose_extrapolator_test\x1b[0m\n'}
[4.630540] (-) TimerEvent: {}
[4.650614] (cartographer) StdoutLine: {'line': b'[ 84%] Built target cartographer.mapping.internal.2d.scan_matching.tsdf_match_cost_function_2d_test\n'}
[4.666172] (cartographer) StdoutLine: {'line': b'[ 84%] Built target cartographer.mapping.internal.3d.scan_matching.rotational_scan_matcher_test\n'}
[4.685452] (cartographer) StdoutLine: {'line': b'[ 84%] Built target cartographer.mapping.internal.3d.scan_matching.fast_correlative_scan_matcher_3d_test\n'}
[4.686285] (cartographer) StdoutLine: {'line': b'[ 84%] Built target cartographer.mapping.internal.3d.scan_matching.rotation_delta_cost_functor_3d_test\n'}
[4.703467] (cartographer) StdoutLine: {'line': b'[ 84%] Built target cartographer.mapping.internal.3d.scan_matching.ceres_scan_matcher_3d_test\n'}
[4.714380] (cartographer) StdoutLine: {'line': b'[ 84%] Built target cartographer.mapping.internal.3d.scan_matching.precomputation_grid_3d_test\n'}
[4.721067] (cartographer) StdoutLine: {'line': b'[ 84%] Built target cartographer.mapping.internal.3d.scan_matching.interpolated_grid_test\n'}
[4.721657] (cartographer) StdoutLine: {'line': b'[ 84%] \x1b[32m\x1b[1mLinking CXX executable cartographer.mapping.pose_graph_trimmer_test\x1b[0m\n'}
[4.730408] (cartographer) StdoutLine: {'line': b'[ 84%] Built target cartographer.mapping.internal.3d.scan_matching.intensity_cost_function_3d_test\n'}
[4.730856] (-) TimerEvent: {}
[4.758092] (cartographer) StdoutLine: {'line': b'[ 84%] \x1b[32m\x1b[1mLinking CXX executable cartographer.mapping.pose_graph_test\x1b[0m\n'}
[4.758731] (cartographer) StdoutLine: {'line': b'[ 84%] Built target cartographer.mapping.internal.3d.scan_matching.real_time_correlative_scan_matcher_3d_test\n'}
[4.774424] (cartographer) StdoutLine: {'line': b'[ 84%] \x1b[32m\x1b[1mLinking CXX executable cartographer.mapping.trajectory_node_test\x1b[0m\n'}
[4.775040] (cartographer) StdoutLine: {'line': b'[ 84%] \x1b[32m\x1b[1mLinking CXX executable cartographer.mapping.probability_values_test\x1b[0m\n'}
[4.775114] (cartographer) StdoutLine: {'line': b'[ 84%] \x1b[32m\x1b[1mLinking CXX executable cartographer.mapping.submaps_test\x1b[0m\n'}
[4.787431] (cartographer) StdoutLine: {'line': b'[ 84%] Built target cartographer.mapping.internal.2d.tsdf_range_data_inserter_2d_test\n'}
[4.796431] (cartographer) StdoutLine: {'line': b'[ 84%] Built target cartographer.mapping.internal.connected_components_test\n'}
[4.826419] (cartographer) StdoutLine: {'line': b'[ 84%] \x1b[32m\x1b[1mLinking CXX executable cartographer.mapping.value_conversion_tables_test\x1b[0m\n'}
[4.827097] (cartographer) StdoutLine: {'line': b'[ 84%] \x1b[32m\x1b[1mLinking CXX executable cartographer.sensor.compressed_point_cloud_test\x1b[0m\n'}
[4.831384] (-) TimerEvent: {}
[4.849410] (cartographer) StdoutLine: {'line': b'[ 84%] \x1b[32m\x1b[1mLinking CXX executable cartographer.sensor.internal.collator_test\x1b[0m\n'}
[4.859431] (cartographer) StdoutLine: {'line': b'[ 84%] \x1b[32m\x1b[1mLinking CXX executable cartographer.sensor.internal.ordered_multi_queue_test\x1b[0m\n'}
[4.880431] (cartographer) StdoutLine: {'line': b'[ 84%] Built target cartographer.mapping.internal.3d.pose_graph_3d_test\n'}
[4.885395] (cartographer) StdoutLine: {'line': b'[ 84%] \x1b[32m\x1b[1mLinking CXX executable cartographer.sensor.internal.voxel_filter_test\x1b[0m\n'}
[4.887439] (cartographer) StdoutLine: {'line': b'[ 84%] Built target cartographer.mapping.internal.3d.local_trajectory_builder_3d_test\n'}
[4.902611] (cartographer) StdoutLine: {'line': b'[ 85%] \x1b[32m\x1b[1mLinking CXX executable cartographer.sensor.internal.trajectory_collator_test\x1b[0m\n'}
[4.931676] (-) TimerEvent: {}
[4.993566] (cartographer) StdoutLine: {'line': b'[ 86%] \x1b[32m\x1b[1mLinking CXX executable cartographer.sensor.landmark_data_test\x1b[0m\n'}
[5.012620] (cartographer) StdoutLine: {'line': b'[ 86%] Built target cartographer.mapping.pose_extrapolator_test\n'}
[5.013288] (cartographer) StdoutLine: {'line': b'[ 86%] \x1b[32m\x1b[1mLinking CXX executable cartographer.sensor.map_by_time_test\x1b[0m\n'}
[5.015260] (cartographer) StdoutLine: {'line': b'[ 86%] Built target cartographer.mapping.internal.optimization.cost_functions.landmark_cost_function_3d_test\n'}
[5.031896] (-) TimerEvent: {}
[5.050137] (cartographer) StdoutLine: {'line': b'[ 87%] Built target cartographer.mapping.internal.range_data_collator_test\n'}
[5.132565] (-) TimerEvent: {}
[5.134972] (cartographer) StdoutLine: {'line': b'[ 87%] \x1b[32m\x1b[1mLinking CXX executable cartographer.sensor.range_data_test\x1b[0m\n'}
[5.135764] (cartographer) StdoutLine: {'line': b'[ 88%] \x1b[32m\x1b[1mLinking CXX executable cartographer.sensor.point_cloud_test\x1b[0m\n'}
[5.143410] (cartographer) StdoutLine: {'line': b'[ 89%] Built target cartographer.mapping.internal.optimization.cost_functions.landmark_cost_function_2d_test\n'}
[5.158465] (cartographer) StdoutLine: {'line': b'[ 89%] Built target cartographer.mapping.internal.trajectory_connectivity_state_test\n'}
[5.162346] (cartographer) StdoutLine: {'line': b'[ 89%] Built target cartographer.mapping.internal.motion_filter_test\n'}
[5.183775] (cartographer) StdoutLine: {'line': b'[ 90%] \x1b[32m\x1b[1mLinking CXX executable cartographer.transform.rigid_transform_test\x1b[0m\n'}
[5.204331] (cartographer) StdoutLine: {'line': b'[ 90%] Built target cartographer.mapping.pose_graph_trimmer_test\n'}
[5.209777] (cartographer) StdoutLine: {'line': b'[ 91%] Built target cartographer.mapping.internal.optimization.optimization_problem_3d_test\n'}
[5.210089] (cartographer) StdoutLine: {'line': b'[ 91%] Built target cartographer.mapping.probability_values_test\n'}
[5.232773] (-) TimerEvent: {}
[5.234178] (cartographer) StdoutLine: {'line': b'[ 91%] \x1b[32m\x1b[1mLinking CXX executable cartographer.transform.timestamped_transform_test\x1b[0m\n'}
[5.235673] (cartographer) StdoutLine: {'line': b'[ 92%] \x1b[32m\x1b[1mLinking CXX executable cartographer.transform.transform_test\x1b[0m\n'}
[5.235854] (cartographer) StdoutLine: {'line': b'[ 92%] \x1b[32m\x1b[1mLinking CXX executable cartographer.transform.transform_interpolation_buffer_test\x1b[0m\n'}
[5.271438] (cartographer) StdoutLine: {'line': b'[ 93%] Built target cartographer.mapping.internal.optimization.cost_functions.spa_cost_function_2d_test\n'}
[5.322411] (cartographer) StdoutLine: {'line': b'[ 93%] Built target cartographer.mapping.submaps_test\n'}
[5.333516] (-) TimerEvent: {}
[5.348632] (cartographer) StdoutLine: {'line': b'[ 93%] Built target cartographer.mapping.value_conversion_tables_test\n'}
[5.365156] (cartographer) StdoutLine: {'line': b'[ 93%] Built target cartographer.mapping.internal.constraints.constraint_builder_2d_test\n'}
[5.365912] (cartographer) StdoutLine: {'line': b'[ 93%] Built target cartographer.sensor.internal.trajectory_collator_test\n'}
[5.389422] (cartographer) StdoutLine: {'line': b'[ 94%] Built target cartographer.mapping.internal.constraints.constraint_builder_3d_test\n'}
[5.391359] (cartographer) StdoutLine: {'line': b'[ 95%] Built target cartographer.sensor.compressed_point_cloud_test\n'}
[5.413685] (cartographer) StdoutLine: {'line': b'[ 96%] Built target cartographer.mapping.trajectory_node_test\n'}
[5.433726] (-) TimerEvent: {}
[5.445911] (cartographer) StdoutLine: {'line': b'[ 97%] Built target cartographer.sensor.internal.ordered_multi_queue_test\n'}
[5.446554] (cartographer) StdoutLine: {'line': b'[ 97%] Built target cartographer.sensor.internal.voxel_filter_test\n'}
[5.454857] (cartographer) StdoutLine: {'line': b'[ 97%] Built target cartographer.sensor.internal.collator_test\n'}
[5.463758] (cartographer) StdoutLine: {'line': b'[ 98%] Built target cartographer.mapping.map_builder_test\n'}
[5.474937] (cartographer) StdoutLine: {'line': b'[ 98%] Built target cartographer.sensor.range_data_test\n'}
[5.485019] (cartographer) StdoutLine: {'line': b'[ 98%] Built target cartographer.sensor.map_by_time_test\n'}
[5.490428] (cartographer) StdoutLine: {'line': b'[ 98%] Built target cartographer.transform.rigid_transform_test\n'}
[5.497423] (cartographer) StdoutLine: {'line': b'[ 98%] Built target cartographer.sensor.landmark_data_test\n'}
[5.498985] (cartographer) StdoutLine: {'line': b'[ 98%] Built target cartographer.transform.transform_test\n'}
[5.500420] (cartographer) StdoutLine: {'line': b'[ 98%] Built target cartographer.sensor.point_cloud_test\n'}
[5.511592] (cartographer) StdoutLine: {'line': b'[ 98%] Built target cartographer.transform.timestamped_transform_test\n'}
[5.511746] (cartographer) StdoutLine: {'line': b'[ 98%] Built target cartographer.transform.transform_interpolation_buffer_test\n'}
[5.519662] (cartographer) StdoutLine: {'line': b'[100%] Built target cartographer.mapping.pose_graph_test\n'}
[5.527529] (cartographer) CommandEnded: {'returncode': 0}
[5.527955] (cartographer) JobProgress: {'identifier': 'cartographer', 'progress': 'install'}
[5.532367] (cartographer) Command: {'cmd': ['/usr/bin/cmake', '--install', '/root/distr_slam_ws/build/cartographer'], 'cwd': '/root/distr_slam_ws/build/cartographer', 'env': OrderedDict({'HOSTNAME': 'doraemon', 'SHLVL': '1', 'LIBGL_ALWAYS_SOFTWARE': '1', 'LD_LIBRARY_PATH': '/opt/ros/jazzy/opt/rviz_ogre_vendor/lib:/opt/ros/jazzy/lib/x86_64-linux-gnu:/opt/ros/jazzy/opt/gz_math_vendor/lib:/opt/ros/jazzy/opt/gz_utils_vendor/lib:/opt/ros/jazzy/opt/gz_cmake_vendor/lib:/opt/ros/jazzy/lib', 'HOME': '/root', 'ROS_PYTHON_VERSION': '3', 'ROS_DISTRO': 'jazzy', '_': '/usr/bin/colcon', 'ROS_VERSION': '2', 'TERM': 'xterm', 'ROS_LOCALHOST_ONLY': '1', 'QT_X11_NO_MITSHM': '1', 'PATH': '/opt/ros/jazzy/bin:/usr/local/sbin:/usr/local/bin:/usr/sbin:/usr/bin:/sbin:/bin', 'DISPLAY': 'localhost:10.0', 'LANG': 'en_US.UTF-8', 'LS_COLORS': 'rs=0:di=01;34:ln=01;36:mh=00:pi=40;33:so=01;35:do=01;35:bd=40;33;01:cd=40;33;01:or=40;31;01:mi=00:su=37;41:sg=30;43:ca=00:tw=30;42:ow=34;42:st=37;44:ex=01;32:*.tar=01;31:*.tgz=01;31:*.arc=01;31:*.arj=01;31:*.taz=01;31:*.lha=01;31:*.lz4=01;31:*.lzh=01;31:*.lzma=01;31:*.tlz=01;31:*.txz=01;31:*.tzo=01;31:*.t7z=01;31:*.zip=01;31:*.z=01;31:*.dz=01;31:*.gz=01;31:*.lrz=01;31:*.lz=01;31:*.lzo=01;31:*.xz=01;31:*.zst=01;31:*.tzst=01;31:*.bz2=01;31:*.bz=01;31:*.tbz=01;31:*.tbz2=01;31:*.tz=01;31:*.deb=01;31:*.rpm=01;31:*.jar=01;31:*.war=01;31:*.ear=01;31:*.sar=01;31:*.rar=01;31:*.alz=01;31:*.ace=01;31:*.zoo=01;31:*.cpio=01;31:*.7z=01;31:*.rz=01;31:*.cab=01;31:*.wim=01;31:*.swm=01;31:*.dwm=01;31:*.esd=01;31:*.avif=01;35:*.jpg=01;35:*.jpeg=01;35:*.mjpg=01;35:*.mjpeg=01;35:*.gif=01;35:*.bmp=01;35:*.pbm=01;35:*.pgm=01;35:*.ppm=01;35:*.tga=01;35:*.xbm=01;35:*.xpm=01;35:*.tif=01;35:*.tiff=01;35:*.png=01;35:*.svg=01;35:*.svgz=01;35:*.mng=01;35:*.pcx=01;35:*.mov=01;35:*.mpg=01;35:*.mpeg=01;35:*.m2v=01;35:*.mkv=01;35:*.webm=01;35:*.webp=01;35:*.ogm=01;35:*.mp4=01;35:*.m4v=01;35:*.mp4v=01;35:*.vob=01;35:*.qt=01;35:*.nuv=01;35:*.wmv=01;35:*.asf=01;35:*.rm=01;35:*.rmvb=01;35:*.flc=01;35:*.avi=01;35:*.fli=01;35:*.flv=01;35:*.gl=01;35:*.dl=01;35:*.xcf=01;35:*.xwd=01;35:*.yuv=01;35:*.cgm=01;35:*.emf=01;35:*.ogv=01;35:*.ogx=01;35:*.aac=00;36:*.au=00;36:*.flac=00;36:*.m4a=00;36:*.mid=00;36:*.midi=00;36:*.mka=00;36:*.mp3=00;36:*.mpc=00;36:*.ogg=00;36:*.ra=00;36:*.wav=00;36:*.oga=00;36:*.opus=00;36:*.spx=00;36:*.xspf=00;36:*~=00;90:*#=00;90:*.bak=00;90:*.crdownload=00;90:*.dpkg-dist=00;90:*.dpkg-new=00;90:*.dpkg-old=00;90:*.dpkg-tmp=00;90:*.old=00;90:*.orig=00;90:*.part=00;90:*.rej=00;90:*.rpmnew=00;90:*.rpmorig=00;90:*.rpmsave=00;90:*.swp=00;90:*.tmp=00;90:*.ucf-dist=00;90:*.ucf-new=00;90:*.ucf-old=00;90:', 'AMENT_PREFIX_PATH': '/opt/ros/jazzy', 'DEBIAN_FRONTEND': 'noninteractive', 'ROS_AUTOMATIC_DISCOVERY_RANGE': 'SUBNET', 'PWD': '/root/distr_slam_ws/build/cartographer', 'TURTLEBOT3_MODEL': 'burger', 'LC_ALL': 'en_US.UTF-8', 'PYTHONPATH': '/opt/ros/jazzy/lib/python3.12/site-packages', 'COLCON': '1', 'CMAKE_PREFIX_PATH': '/opt/ros/jazzy/opt/gz_math_vendor:/opt/ros/jazzy/opt/gz_utils_vendor:/opt/ros/jazzy/opt/gz_cmake_vendor:/opt/ros/jazzy'}), 'shell': False}
[5.533745] (-) TimerEvent: {}
[5.538101] (cartographer) StdoutLine: {'line': b'-- Install configuration: "Release"\n'}
[5.538226] (cartographer) StdoutLine: {'line': b'-- Up-to-date: /root/distr_slam_ws/install/cartographer/share/cartographer/package.xml\n'}
[5.538283] (cartographer) StdoutLine: {'line': b'-- Up-to-date: /root/distr_slam_ws/install/cartographer/share/cartographer//configuration_files\n'}
[5.538319] (cartographer) StdoutLine: {'line': b'-- Up-to-date: /root/distr_slam_ws/install/cartographer/share/cartographer//configuration_files/pose_graph.lua\n'}
[5.538349] (cartographer) StdoutLine: {'line': b'-- Up-to-date: /root/distr_slam_ws/install/cartographer/share/cartographer//configuration_files/map_builder_server.lua\n'}
[5.538376] (cartographer) StdoutLine: {'line': b'-- Up-to-date: /root/distr_slam_ws/install/cartographer/share/cartographer//configuration_files/trajectory_builder.lua\n'}
[5.538404] (cartographer) StdoutLine: {'line': b'-- Up-to-date: /root/distr_slam_ws/install/cartographer/share/cartographer//configuration_files/trajectory_builder_2d.lua\n'}
[5.538431] (cartographer) StdoutLine: {'line': b'-- Up-to-date: /root/distr_slam_ws/install/cartographer/share/cartographer//configuration_files/map_builder.lua\n'}
[5.538493] (cartographer) StdoutLine: {'line': b'-- Up-to-date: /root/distr_slam_ws/install/cartographer/share/cartographer//configuration_files/trajectory_builder_3d.lua\n'}
[5.538520] (cartographer) StdoutLine: {'line': b'-- Up-to-date: /root/distr_slam_ws/install/cartographer/share/cartographer//cmake\n'}
[5.538546] (cartographer) StdoutLine: {'line': b'-- Up-to-date: /root/distr_slam_ws/install/cartographer/share/cartographer//cmake/functions.cmake\n'}
[5.538571] (cartographer) StdoutLine: {'line': b'-- Up-to-date: /root/distr_slam_ws/install/cartographer/share/cartographer//cmake/modules\n'}
[5.538596] (cartographer) StdoutLine: {'line': b'-- Up-to-date: /root/distr_slam_ws/install/cartographer/share/cartographer//cmake/modules/FindGMock.cmake\n'}
[5.538622] (cartographer) StdoutLine: {'line': b'-- Up-to-date: /root/distr_slam_ws/install/cartographer/share/cartographer//cmake/modules/FindSphinx.cmake\n'}
[5.538647] (cartographer) StdoutLine: {'line': b'-- Up-to-date: /root/distr_slam_ws/install/cartographer/share/cartographer//cmake/modules/FindLuaGoogle.cmake\n'}
[5.538672] (cartographer) StdoutLine: {'line': b'-- Up-to-date: /root/distr_slam_ws/install/cartographer/share/cartographer//cmake/modules/FindEigen3.cmake\n'}
[5.538697] (cartographer) StdoutLine: {'line': b'-- Installing: /root/distr_slam_ws/install/cartographer/bin/cartographer_autogenerate_ground_truth\n'}
[5.539118] (cartographer) StdoutLine: {'line': b'-- Installing: /root/distr_slam_ws/install/cartographer/bin/cartographer_compute_relations_metrics\n'}
[5.539816] (cartographer) StdoutLine: {'line': b'-- Installing: /root/distr_slam_ws/install/cartographer/bin/cartographer_pbstream\n'}
[5.541943] (cartographer) StdoutLine: {'line': b'-- Installing: /root/distr_slam_ws/install/cartographer/bin/cartographer_print_configuration\n'}
[5.542032] (cartographer) StdoutLine: {'line': b'-- Installing: /root/distr_slam_ws/install/cartographer/lib/libcartographer.a\n'}
[5.547153] (cartographer) StdoutLine: {'line': b'-- Up-to-date: /root/distr_slam_ws/install/cartographer/include/cartographer/common/configuration_file_resolver.h\n'}
[5.547244] (cartographer) StdoutLine: {'line': b'-- Up-to-date: /root/distr_slam_ws/install/cartographer/include/cartographer/common/fixed_ratio_sampler.h\n'}
[5.547278] (cartographer) StdoutLine: {'line': b'-- Up-to-date: /root/distr_slam_ws/install/cartographer/include/cartographer/common/histogram.h\n'}
[5.547415] (cartographer) StdoutLine: {'line': b'-- Up-to-date: /root/distr_slam_ws/install/cartographer/include/cartographer/common/lua.h\n'}
[5.547480] (cartographer) StdoutLine: {'line': b'-- Up-to-date: /root/distr_slam_ws/install/cartographer/include/cartographer/common/lua_parameter_dictionary.h\n'}
[5.547512] (cartographer) StdoutLine: {'line': b'-- Up-to-date: /root/distr_slam_ws/install/cartographer/include/cartographer/common/math.h\n'}
[5.547541] (cartographer) StdoutLine: {'line': b'-- Up-to-date: /root/distr_slam_ws/install/cartographer/include/cartographer/common/port.h\n'}
[5.547569] (cartographer) StdoutLine: {'line': b'-- Up-to-date: /root/distr_slam_ws/install/cartographer/include/cartographer/common/task.h\n'}
[5.547740] (cartographer) StdoutLine: {'line': b'-- Up-to-date: /root/distr_slam_ws/install/cartographer/include/cartographer/common/thread_pool.h\n'}
[5.547775] (cartographer) StdoutLine: {'line': b'-- Up-to-date: /root/distr_slam_ws/install/cartographer/include/cartographer/common/time.h\n'}
[5.547806] (cartographer) StdoutLine: {'line': b'-- Up-to-date: /root/distr_slam_ws/install/cartographer/include/cartographer/ground_truth/autogenerate_ground_truth.h\n'}
[5.547836] (cartographer) StdoutLine: {'line': b'-- Up-to-date: /root/distr_slam_ws/install/cartographer/include/cartographer/ground_truth/relations_text_file.h\n'}
[5.547864] (cartographer) StdoutLine: {'line': b'-- Up-to-date: /root/distr_slam_ws/install/cartographer/include/cartographer/io/color.h\n'}
[5.547892] (cartographer) StdoutLine: {'line': b'-- Up-to-date: /root/distr_slam_ws/install/cartographer/include/cartographer/io/coloring_points_processor.h\n'}
[5.547919] (cartographer) StdoutLine: {'line': b'-- Up-to-date: /root/distr_slam_ws/install/cartographer/include/cartographer/io/counting_points_processor.h\n'}
[5.547946] (cartographer) StdoutLine: {'line': b'-- Up-to-date: /root/distr_slam_ws/install/cartographer/include/cartographer/io/draw_trajectories.h\n'}
[5.547972] (cartographer) StdoutLine: {'line': b'-- Up-to-date: /root/distr_slam_ws/install/cartographer/include/cartographer/io/file_writer.h\n'}
[5.547999] (cartographer) StdoutLine: {'line': b'-- Up-to-date: /root/distr_slam_ws/install/cartographer/include/cartographer/io/fixed_ratio_sampling_points_processor.h\n'}
[5.548025] (cartographer) StdoutLine: {'line': b'-- Up-to-date: /root/distr_slam_ws/install/cartographer/include/cartographer/io/frame_id_filtering_points_processor.h\n'}
[5.548052] (cartographer) StdoutLine: {'line': b'-- Up-to-date: /root/distr_slam_ws/install/cartographer/include/cartographer/io/hybrid_grid_points_processor.h\n'}
[5.548078] (cartographer) StdoutLine: {'line': b'-- Up-to-date: /root/distr_slam_ws/install/cartographer/include/cartographer/io/image.h\n'}
[5.548104] (cartographer) StdoutLine: {'line': b'-- Up-to-date: /root/distr_slam_ws/install/cartographer/include/cartographer/io/intensity_to_color_points_processor.h\n'}
[5.548132] (cartographer) StdoutLine: {'line': b'-- Up-to-date: /root/distr_slam_ws/install/cartographer/include/cartographer/io/min_max_range_filtering_points_processor.h\n'}
[5.548158] (cartographer) StdoutLine: {'line': b'-- Up-to-date: /root/distr_slam_ws/install/cartographer/include/cartographer/io/null_points_processor.h\n'}
[5.548185] (cartographer) StdoutLine: {'line': b'-- Up-to-date: /root/distr_slam_ws/install/cartographer/include/cartographer/io/outlier_removing_points_processor.h\n'}
[5.548211] (cartographer) StdoutLine: {'line': b'-- Up-to-date: /root/distr_slam_ws/install/cartographer/include/cartographer/io/pcd_writing_points_processor.h\n'}
[5.548238] (cartographer) StdoutLine: {'line': b'-- Up-to-date: /root/distr_slam_ws/install/cartographer/include/cartographer/io/ply_writing_points_processor.h\n'}
[5.548335] (cartographer) StdoutLine: {'line': b'-- Up-to-date: /root/distr_slam_ws/install/cartographer/include/cartographer/io/points_batch.h\n'}
[5.548374] (cartographer) StdoutLine: {'line': b'-- Up-to-date: /root/distr_slam_ws/install/cartographer/include/cartographer/io/points_processor.h\n'}
[5.548401] (cartographer) StdoutLine: {'line': b'-- Up-to-date: /root/distr_slam_ws/install/cartographer/include/cartographer/io/points_processor_pipeline_builder.h\n'}
[5.548427] (cartographer) StdoutLine: {'line': b'-- Up-to-date: /root/distr_slam_ws/install/cartographer/include/cartographer/io/probability_grid_points_processor.h\n'}
[5.548454] (cartographer) StdoutLine: {'line': b'-- Up-to-date: /root/distr_slam_ws/install/cartographer/include/cartographer/io/proto_stream.h\n'}
[5.548481] (cartographer) StdoutLine: {'line': b'-- Up-to-date: /root/distr_slam_ws/install/cartographer/include/cartographer/io/proto_stream_deserializer.h\n'}
[5.548508] (cartographer) StdoutLine: {'line': b'-- Up-to-date: /root/distr_slam_ws/install/cartographer/include/cartographer/io/proto_stream_interface.h\n'}
[5.548534] (cartographer) StdoutLine: {'line': b'-- Up-to-date: /root/distr_slam_ws/install/cartographer/include/cartographer/io/serialization_format_migration.h\n'}
[5.548560] (cartographer) StdoutLine: {'line': b'-- Up-to-date: /root/distr_slam_ws/install/cartographer/include/cartographer/io/submap_painter.h\n'}
[5.548587] (cartographer) StdoutLine: {'line': b'-- Up-to-date: /root/distr_slam_ws/install/cartographer/include/cartographer/io/vertical_range_filtering_points_processor.h\n'}
[5.548613] (cartographer) StdoutLine: {'line': b'-- Up-to-date: /root/distr_slam_ws/install/cartographer/include/cartographer/io/xray_points_processor.h\n'}
[5.548639] (cartographer) StdoutLine: {'line': b'-- Up-to-date: /root/distr_slam_ws/install/cartographer/include/cartographer/io/xyz_writing_points_processor.h\n'}
[5.548666] (cartographer) StdoutLine: {'line': b'-- Up-to-date: /root/distr_slam_ws/install/cartographer/include/cartographer/mapping/2d/grid_2d.h\n'}
[5.548692] (cartographer) StdoutLine: {'line': b'-- Up-to-date: /root/distr_slam_ws/install/cartographer/include/cartographer/mapping/2d/map_limits.h\n'}
[5.548719] (cartographer) StdoutLine: {'line': b'-- Up-to-date: /root/distr_slam_ws/install/cartographer/include/cartographer/mapping/2d/probability_grid.h\n'}
[5.548744] (cartographer) StdoutLine: {'line': b'-- Up-to-date: /root/distr_slam_ws/install/cartographer/include/cartographer/mapping/2d/probability_grid_range_data_inserter_2d.h\n'}
[5.548770] (cartographer) StdoutLine: {'line': b'-- Up-to-date: /root/distr_slam_ws/install/cartographer/include/cartographer/mapping/2d/submap_2d.h\n'}
[5.548796] (cartographer) StdoutLine: {'line': b'-- Up-to-date: /root/distr_slam_ws/install/cartographer/include/cartographer/mapping/2d/xy_index.h\n'}
[5.548823] (cartographer) StdoutLine: {'line': b'-- Up-to-date: /root/distr_slam_ws/install/cartographer/include/cartographer/mapping/3d/hybrid_grid.h\n'}
[5.548850] (cartographer) StdoutLine: {'line': b'-- Up-to-date: /root/distr_slam_ws/install/cartographer/include/cartographer/mapping/3d/range_data_inserter_3d.h\n'}
[5.548875] (cartographer) StdoutLine: {'line': b'-- Up-to-date: /root/distr_slam_ws/install/cartographer/include/cartographer/mapping/3d/submap_3d.h\n'}
[5.548902] (cartographer) StdoutLine: {'line': b'-- Up-to-date: /root/distr_slam_ws/install/cartographer/include/cartographer/mapping/detect_floors.h\n'}
[5.548928] (cartographer) StdoutLine: {'line': b'-- Up-to-date: /root/distr_slam_ws/install/cartographer/include/cartographer/mapping/grid_interface.h\n'}
[5.548953] (cartographer) StdoutLine: {'line': b'-- Up-to-date: /root/distr_slam_ws/install/cartographer/include/cartographer/mapping/id.h\n'}
[5.548979] (cartographer) StdoutLine: {'line': b'-- Up-to-date: /root/distr_slam_ws/install/cartographer/include/cartographer/mapping/imu_tracker.h\n'}
[5.549004] (cartographer) StdoutLine: {'line': b'-- Up-to-date: /root/distr_slam_ws/install/cartographer/include/cartographer/mapping/map_builder.h\n'}
[5.549030] (cartographer) StdoutLine: {'line': b'-- Up-to-date: /root/distr_slam_ws/install/cartographer/include/cartographer/mapping/map_builder_interface.h\n'}
[5.549056] (cartographer) StdoutLine: {'line': b'-- Up-to-date: /root/distr_slam_ws/install/cartographer/include/cartographer/mapping/pose_extrapolator.h\n'}
[5.549081] (cartographer) StdoutLine: {'line': b'-- Up-to-date: /root/distr_slam_ws/install/cartographer/include/cartographer/mapping/pose_extrapolator_interface.h\n'}
[5.549107] (cartographer) StdoutLine: {'line': b'-- Up-to-date: /root/distr_slam_ws/install/cartographer/include/cartographer/mapping/pose_graph.h\n'}
[5.549132] (cartographer) StdoutLine: {'line': b'-- Up-to-date: /root/distr_slam_ws/install/cartographer/include/cartographer/mapping/pose_graph_interface.h\n'}
[5.549157] (cartographer) StdoutLine: {'line': b'-- Up-to-date: /root/distr_slam_ws/install/cartographer/include/cartographer/mapping/pose_graph_trimmer.h\n'}
[5.549183] (cartographer) StdoutLine: {'line': b'-- Up-to-date: /root/distr_slam_ws/install/cartographer/include/cartographer/mapping/probability_values.h\n'}
[5.549209] (cartographer) StdoutLine: {'line': b'-- Up-to-date: /root/distr_slam_ws/install/cartographer/include/cartographer/mapping/range_data_inserter_interface.h\n'}
[5.549236] (cartographer) StdoutLine: {'line': b'-- Up-to-date: /root/distr_slam_ws/install/cartographer/include/cartographer/mapping/submaps.h\n'}
[5.549261] (cartographer) StdoutLine: {'line': b'-- Up-to-date: /root/distr_slam_ws/install/cartographer/include/cartographer/mapping/trajectory_builder_interface.h\n'}
[5.549287] (cartographer) StdoutLine: {'line': b'-- Up-to-date: /root/distr_slam_ws/install/cartographer/include/cartographer/mapping/trajectory_node.h\n'}
[5.549319] (cartographer) StdoutLine: {'line': b'-- Up-to-date: /root/distr_slam_ws/install/cartographer/include/cartographer/mapping/value_conversion_tables.h\n'}
[5.549344] (cartographer) StdoutLine: {'line': b'-- Up-to-date: /root/distr_slam_ws/install/cartographer/include/cartographer/metrics/counter.h\n'}
[5.549390] (cartographer) StdoutLine: {'line': b'-- Up-to-date: /root/distr_slam_ws/install/cartographer/include/cartographer/metrics/family_factory.h\n'}
[5.549486] (cartographer) StdoutLine: {'line': b'-- Up-to-date: /root/distr_slam_ws/install/cartographer/include/cartographer/metrics/gauge.h\n'}
[5.549516] (cartographer) StdoutLine: {'line': b'-- Up-to-date: /root/distr_slam_ws/install/cartographer/include/cartographer/metrics/histogram.h\n'}
[5.549543] (cartographer) StdoutLine: {'line': b'-- Up-to-date: /root/distr_slam_ws/install/cartographer/include/cartographer/metrics/register.h\n'}
[5.549569] (cartographer) StdoutLine: {'line': b'-- Up-to-date: /root/distr_slam_ws/install/cartographer/include/cartographer/sensor/collator_interface.h\n'}
[5.549595] (cartographer) StdoutLine: {'line': b'-- Up-to-date: /root/distr_slam_ws/install/cartographer/include/cartographer/sensor/compressed_point_cloud.h\n'}
[5.549621] (cartographer) StdoutLine: {'line': b'-- Up-to-date: /root/distr_slam_ws/install/cartographer/include/cartographer/sensor/data.h\n'}
[5.549647] (cartographer) StdoutLine: {'line': b'-- Up-to-date: /root/distr_slam_ws/install/cartographer/include/cartographer/sensor/fixed_frame_pose_data.h\n'}
[5.549673] (cartographer) StdoutLine: {'line': b'-- Up-to-date: /root/distr_slam_ws/install/cartographer/include/cartographer/sensor/imu_data.h\n'}
[5.549702] (cartographer) StdoutLine: {'line': b'-- Up-to-date: /root/distr_slam_ws/install/cartographer/include/cartographer/sensor/landmark_data.h\n'}
[5.549728] (cartographer) StdoutLine: {'line': b'-- Up-to-date: /root/distr_slam_ws/install/cartographer/include/cartographer/sensor/map_by_time.h\n'}
[5.549754] (cartographer) StdoutLine: {'line': b'-- Up-to-date: /root/distr_slam_ws/install/cartographer/include/cartographer/sensor/odometry_data.h\n'}
[5.549779] (cartographer) StdoutLine: {'line': b'-- Up-to-date: /root/distr_slam_ws/install/cartographer/include/cartographer/sensor/point_cloud.h\n'}
[5.549804] (cartographer) StdoutLine: {'line': b'-- Up-to-date: /root/distr_slam_ws/install/cartographer/include/cartographer/sensor/range_data.h\n'}
[5.549830] (cartographer) StdoutLine: {'line': b'-- Up-to-date: /root/distr_slam_ws/install/cartographer/include/cartographer/sensor/rangefinder_point.h\n'}
[5.549855] (cartographer) StdoutLine: {'line': b'-- Up-to-date: /root/distr_slam_ws/install/cartographer/include/cartographer/sensor/timed_point_cloud_data.h\n'}
[5.549881] (cartographer) StdoutLine: {'line': b'-- Up-to-date: /root/distr_slam_ws/install/cartographer/include/cartographer/transform/rigid_transform.h\n'}
[5.549907] (cartographer) StdoutLine: {'line': b'-- Up-to-date: /root/distr_slam_ws/install/cartographer/include/cartographer/transform/timestamped_transform.h\n'}
[5.549933] (cartographer) StdoutLine: {'line': b'-- Up-to-date: /root/distr_slam_ws/install/cartographer/include/cartographer/transform/transform.h\n'}
[5.549959] (cartographer) StdoutLine: {'line': b'-- Up-to-date: /root/distr_slam_ws/install/cartographer/include/cartographer/transform/transform_interpolation_buffer.h\n'}
[5.549985] (cartographer) StdoutLine: {'line': b'-- Up-to-date: /root/distr_slam_ws/install/cartographer/include/cartographer/io/fake_file_writer.h\n'}
[5.550010] (cartographer) StdoutLine: {'line': b'-- Up-to-date: /root/distr_slam_ws/install/cartographer/include/cartographer/transform/rigid_transform_test_helpers.h\n'}
[5.550036] (cartographer) StdoutLine: {'line': b'-- Up-to-date: /root/distr_slam_ws/install/cartographer/include/cartographer/common/proto/ceres_solver_options.pb.h\n'}
[5.550062] (cartographer) StdoutLine: {'line': b'-- Up-to-date: /root/distr_slam_ws/install/cartographer/include/cartographer/ground_truth/proto/relations.pb.h\n'}
[5.550088] (cartographer) StdoutLine: {'line': b'-- Up-to-date: /root/distr_slam_ws/install/cartographer/include/cartographer/mapping/proto/cell_limits_2d.pb.h\n'}
[5.550113] (cartographer) StdoutLine: {'line': b'-- Up-to-date: /root/distr_slam_ws/install/cartographer/include/cartographer/mapping/proto/connected_components.pb.h\n'}
[5.550139] (cartographer) StdoutLine: {'line': b'-- Up-to-date: /root/distr_slam_ws/install/cartographer/include/cartographer/mapping/proto/grid_2d.pb.h\n'}
[5.550165] (cartographer) StdoutLine: {'line': b'-- Up-to-date: /root/distr_slam_ws/install/cartographer/include/cartographer/mapping/proto/grid_2d_options.pb.h\n'}
[5.550191] (cartographer) StdoutLine: {'line': b'-- Up-to-date: /root/distr_slam_ws/install/cartographer/include/cartographer/mapping/proto/hybrid_grid.pb.h\n'}
[5.550216] (cartographer) StdoutLine: {'line': b'-- Up-to-date: /root/distr_slam_ws/install/cartographer/include/cartographer/mapping/proto/local_trajectory_builder_options_2d.pb.h\n'}
[5.550243] (cartographer) StdoutLine: {'line': b'-- Up-to-date: /root/distr_slam_ws/install/cartographer/include/cartographer/mapping/proto/local_trajectory_builder_options_3d.pb.h\n'}
[5.550269] (cartographer) StdoutLine: {'line': b'-- Up-to-date: /root/distr_slam_ws/install/cartographer/include/cartographer/mapping/proto/map_builder_options.pb.h\n'}
[5.550297] (cartographer) StdoutLine: {'line': b'-- Up-to-date: /root/distr_slam_ws/install/cartographer/include/cartographer/mapping/proto/map_limits.pb.h\n'}
[5.550324] (cartographer) StdoutLine: {'line': b'-- Up-to-date: /root/distr_slam_ws/install/cartographer/include/cartographer/mapping/proto/motion_filter_options.pb.h\n'}
[5.550350] (cartographer) StdoutLine: {'line': b'-- Up-to-date: /root/distr_slam_ws/install/cartographer/include/cartographer/mapping/proto/normal_estimation_options_2d.pb.h\n'}
[5.550376] (cartographer) StdoutLine: {'line': b'-- Up-to-date: /root/distr_slam_ws/install/cartographer/include/cartographer/mapping/proto/pose_extrapolator_options.pb.h\n'}
[5.550402] (cartographer) StdoutLine: {'line': b'-- Up-to-date: /root/distr_slam_ws/install/cartographer/include/cartographer/mapping/proto/pose_graph.pb.h\n'}
[5.550426] (cartographer) StdoutLine: {'line': b'-- Up-to-date: /root/distr_slam_ws/install/cartographer/include/cartographer/mapping/proto/pose_graph/constraint_builder_options.pb.h\n'}
[5.550488] (cartographer) StdoutLine: {'line': b'-- Up-to-date: /root/distr_slam_ws/install/cartographer/include/cartographer/mapping/proto/pose_graph/optimization_problem_options.pb.h\n'}
[5.550516] (cartographer) StdoutLine: {'line': b'-- Up-to-date: /root/distr_slam_ws/install/cartographer/include/cartographer/mapping/proto/pose_graph_options.pb.h\n'}
[5.550542] (cartographer) StdoutLine: {'line': b'-- Up-to-date: /root/distr_slam_ws/install/cartographer/include/cartographer/mapping/proto/probability_grid.pb.h\n'}
[5.550568] (cartographer) StdoutLine: {'line': b'-- Up-to-date: /root/distr_slam_ws/install/cartographer/include/cartographer/mapping/proto/probability_grid_range_data_inserter_options_2d.pb.h\n'}
[5.550595] (cartographer) StdoutLine: {'line': b'-- Up-to-date: /root/distr_slam_ws/install/cartographer/include/cartographer/mapping/proto/range_data_inserter_options.pb.h\n'}
[5.550624] (cartographer) StdoutLine: {'line': b'-- Up-to-date: /root/distr_slam_ws/install/cartographer/include/cartographer/mapping/proto/range_data_inserter_options_3d.pb.h\n'}
[5.550650] (cartographer) StdoutLine: {'line': b'-- Up-to-date: /root/distr_slam_ws/install/cartographer/include/cartographer/mapping/proto/scan_matching/ceres_scan_matcher_options_2d.pb.h\n'}
[5.550675] (cartographer) StdoutLine: {'line': b'-- Up-to-date: /root/distr_slam_ws/install/cartographer/include/cartographer/mapping/proto/scan_matching/ceres_scan_matcher_options_3d.pb.h\n'}
[5.550701] (cartographer) StdoutLine: {'line': b'-- Up-to-date: /root/distr_slam_ws/install/cartographer/include/cartographer/mapping/proto/scan_matching/fast_correlative_scan_matcher_options_2d.pb.h\n'}
[5.550727] (cartographer) StdoutLine: {'line': b'-- Up-to-date: /root/distr_slam_ws/install/cartographer/include/cartographer/mapping/proto/scan_matching/fast_correlative_scan_matcher_options_3d.pb.h\n'}
[5.550752] (cartographer) StdoutLine: {'line': b'-- Up-to-date: /root/distr_slam_ws/install/cartographer/include/cartographer/mapping/proto/scan_matching/real_time_correlative_scan_matcher_options.pb.h\n'}
[5.550778] (cartographer) StdoutLine: {'line': b'-- Up-to-date: /root/distr_slam_ws/install/cartographer/include/cartographer/mapping/proto/serialization.pb.h\n'}
[5.550804] (cartographer) StdoutLine: {'line': b'-- Up-to-date: /root/distr_slam_ws/install/cartographer/include/cartographer/mapping/proto/submap.pb.h\n'}
[5.550830] (cartographer) StdoutLine: {'line': b'-- Up-to-date: /root/distr_slam_ws/install/cartographer/include/cartographer/mapping/proto/submap_visualization.pb.h\n'}
[5.550855] (cartographer) StdoutLine: {'line': b'-- Up-to-date: /root/distr_slam_ws/install/cartographer/include/cartographer/mapping/proto/submaps_options_2d.pb.h\n'}
[5.550881] (cartographer) StdoutLine: {'line': b'-- Up-to-date: /root/distr_slam_ws/install/cartographer/include/cartographer/mapping/proto/submaps_options_3d.pb.h\n'}
[5.550906] (cartographer) StdoutLine: {'line': b'-- Up-to-date: /root/distr_slam_ws/install/cartographer/include/cartographer/mapping/proto/trajectory.pb.h\n'}
[5.550931] (cartographer) StdoutLine: {'line': b'-- Up-to-date: /root/distr_slam_ws/install/cartographer/include/cartographer/mapping/proto/trajectory_builder_options.pb.h\n'}
[5.551014] (cartographer) StdoutLine: {'line': b'-- Up-to-date: /root/distr_slam_ws/install/cartographer/include/cartographer/mapping/proto/trajectory_node_data.pb.h\n'}
[5.551042] (cartographer) StdoutLine: {'line': b'-- Up-to-date: /root/distr_slam_ws/install/cartographer/include/cartographer/mapping/proto/tsdf_2d.pb.h\n'}
[5.551069] (cartographer) StdoutLine: {'line': b'-- Up-to-date: /root/distr_slam_ws/install/cartographer/include/cartographer/mapping/proto/tsdf_range_data_inserter_options_2d.pb.h\n'}
[5.551096] (cartographer) StdoutLine: {'line': b'-- Up-to-date: /root/distr_slam_ws/install/cartographer/include/cartographer/sensor/proto/adaptive_voxel_filter_options.pb.h\n'}
[5.551122] (cartographer) StdoutLine: {'line': b'-- Up-to-date: /root/distr_slam_ws/install/cartographer/include/cartographer/sensor/proto/sensor.pb.h\n'}
[5.551147] (cartographer) StdoutLine: {'line': b'-- Up-to-date: /root/distr_slam_ws/install/cartographer/include/cartographer/transform/proto/timestamped_transform.pb.h\n'}
[5.551173] (cartographer) StdoutLine: {'line': b'-- Up-to-date: /root/distr_slam_ws/install/cartographer/include/cartographer/transform/proto/transform.pb.h\n'}
[5.551199] (cartographer) StdoutLine: {'line': b'-- Up-to-date: /root/distr_slam_ws/install/cartographer/share/cartographer/cmake/CartographerTargets.cmake\n'}
[5.551224] (cartographer) StdoutLine: {'line': b'-- Up-to-date: /root/distr_slam_ws/install/cartographer/share/cartographer/cmake/CartographerTargets-release.cmake\n'}
[5.551249] (cartographer) StdoutLine: {'line': b'-- Up-to-date: /root/distr_slam_ws/install/cartographer/share/cartographer/cartographer-config.cmake\n'}
[5.551603] (cartographer) CommandEnded: {'returncode': 0}
[5.563820] (cartographer) JobEnded: {'identifier': 'cartographer', 'rc': 0}
[5.631840] (cartographer_ros_msgs) StdoutLine: {'line': b'[ 34%] \x1b[32mBuilding CXX object CMakeFiles/cartographer_ros_msgs__rosidl_typesupport_c.dir/rosidl_typesupport_c/cartographer_ros_msgs/msg/landmark_entry__type_support.cpp.o\x1b[0m\n'}
[5.632227] (cartographer_ros_msgs) StdoutLine: {'line': b'[ 34%] \x1b[32mBuilding CXX object CMakeFiles/cartographer_ros_msgs__rosidl_typesupport_c.dir/rosidl_typesupport_c/cartographer_ros_msgs/msg/bagfile_progress__type_support.cpp.o\x1b[0m\n'}
[5.632332] (cartographer_ros_msgs) StdoutLine: {'line': b'[ 34%] \x1b[32mBuilding CXX object CMakeFiles/cartographer_ros_msgs__rosidl_typesupport_c.dir/rosidl_typesupport_c/cartographer_ros_msgs/msg/metric_family__type_support.cpp.o\x1b[0m\n'}
[5.632430] (cartographer_ros_msgs) StdoutLine: {'line': b'[ 34%] \x1b[32mBuilding CXX object CMakeFiles/cartographer_ros_msgs__rosidl_typesupport_c.dir/rosidl_typesupport_c/cartographer_ros_msgs/msg/metric_label__type_support.cpp.o\x1b[0m\n'}
[5.632484] (cartographer_ros_msgs) StdoutLine: {'line': b'[ 34%] \x1b[32mBuilding CXX object CMakeFiles/cartographer_ros_msgs__rosidl_typesupport_c.dir/rosidl_typesupport_c/cartographer_ros_msgs/msg/histogram_bucket__type_support.cpp.o\x1b[0m\n'}
[5.632532] (cartographer_ros_msgs) StdoutLine: {'line': b'[ 34%] \x1b[32mBuilding CXX object CMakeFiles/cartographer_ros_msgs__rosidl_typesupport_c.dir/rosidl_typesupport_c/cartographer_ros_msgs/msg/landmark_list__type_support.cpp.o\x1b[0m\n'}
[5.632579] (cartographer_ros_msgs) StdoutLine: {'line': b'[ 35%] \x1b[32mBuilding CXX object CMakeFiles/cartographer_ros_msgs__rosidl_typesupport_c.dir/rosidl_typesupport_c/cartographer_ros_msgs/msg/submap_list__type_support.cpp.o\x1b[0m\n'}
[5.632622] (cartographer_ros_msgs) StdoutLine: {'line': b'[ 35%] \x1b[32mBuilding CXX object CMakeFiles/cartographer_ros_msgs__rosidl_typesupport_c.dir/rosidl_typesupport_c/cartographer_ros_msgs/msg/metric__type_support.cpp.o\x1b[0m\n'}
[5.632672] (cartographer_ros_msgs) StdoutLine: {'line': b'[ 36%] \x1b[32mBuilding CXX object CMakeFiles/cartographer_ros_msgs__rosidl_typesupport_c.dir/rosidl_typesupport_c/cartographer_ros_msgs/msg/trajectory_states__type_support.cpp.o\x1b[0m\n'}
[5.632736] (cartographer_ros_msgs) StdoutLine: {'line': b'[ 36%] \x1b[32mBuilding CXX object CMakeFiles/cartographer_ros_msgs__rosidl_typesupport_c.dir/rosidl_typesupport_c/cartographer_ros_msgs/srv/finish_trajectory__type_support.cpp.o\x1b[0m\n'}
[5.632784] (cartographer_ros_msgs) StdoutLine: {'line': b'[ 36%] \x1b[32mBuilding CXX object CMakeFiles/cartographer_ros_msgs__rosidl_typesupport_c.dir/rosidl_typesupport_c/cartographer_ros_msgs/msg/submap_entry__type_support.cpp.o\x1b[0m\n'}
[5.632859] (cartographer_ros_msgs) StdoutLine: {'line': b'[ 37%] \x1b[32mBuilding CXX object CMakeFiles/cartographer_ros_msgs__rosidl_typesupport_c.dir/rosidl_typesupport_c/cartographer_ros_msgs/msg/status_response__type_support.cpp.o\x1b[0m\n'}
[5.632931] (cartographer_ros_msgs) StdoutLine: {'line': b'[ 37%] \x1b[32mBuilding CXX object CMakeFiles/cartographer_ros_msgs__rosidl_typesupport_c.dir/rosidl_typesupport_c/cartographer_ros_msgs/msg/status_code__type_support.cpp.o\x1b[0m\n'}
[5.632983] (cartographer_ros_msgs) StdoutLine: {'line': b'[ 38%] \x1b[32mBuilding CXX object CMakeFiles/cartographer_ros_msgs__rosidl_typesupport_c.dir/rosidl_typesupport_c/cartographer_ros_msgs/srv/read_metrics__type_support.cpp.o\x1b[0m\n'}
[5.633030] (cartographer_ros_msgs) StdoutLine: {'line': b'[ 38%] \x1b[32mBuilding CXX object CMakeFiles/cartographer_ros_msgs__rosidl_typesupport_c.dir/rosidl_typesupport_c/cartographer_ros_msgs/msg/submap_texture__type_support.cpp.o\x1b[0m\n'}
[5.633076] (cartographer_ros_msgs) StdoutLine: {'line': b'[ 39%] \x1b[32mBuilding CXX object CMakeFiles/cartographer_ros_msgs__rosidl_typesupport_c.dir/rosidl_typesupport_c/cartographer_ros_msgs/srv/trajectory_query__type_support.cpp.o\x1b[0m\n'}
[5.633153] (cartographer_ros_msgs) StdoutLine: {'line': b'[ 39%] \x1b[32mBuilding CXX object CMakeFiles/cartographer_ros_msgs__rosidl_typesupport_c.dir/rosidl_typesupport_c/cartographer_ros_msgs/srv/start_trajectory__type_support.cpp.o\x1b[0m\n'}
[5.633221] (cartographer_ros_msgs) StdoutLine: {'line': b'[ 39%] \x1b[32mBuilding CXX object CMakeFiles/cartographer_ros_msgs__rosidl_typesupport_c.dir/rosidl_typesupport_c/cartographer_ros_msgs/srv/submap_query__type_support.cpp.o\x1b[0m\n'}
[5.633876] (cartographer_ros_msgs) StdoutLine: {'line': b'[ 39%] \x1b[32mBuilding CXX object CMakeFiles/cartographer_ros_msgs__rosidl_typesupport_c.dir/rosidl_typesupport_c/cartographer_ros_msgs/srv/get_trajectory_states__type_support.cpp.o\x1b[0m\n'}
[5.634077] (-) TimerEvent: {}
[5.671522] (cartographer_ros_msgs) StdoutLine: {'line': b'[ 39%] \x1b[32mBuilding CXX object CMakeFiles/cartographer_ros_msgs__rosidl_typesupport_c.dir/rosidl_typesupport_c/cartographer_ros_msgs/srv/set_slam_state__type_support.cpp.o\x1b[0m\n'}
[5.673658] (cartographer_ros_msgs) StdoutLine: {'line': b'[ 40%] \x1b[32mBuilding CXX object CMakeFiles/cartographer_ros_msgs__rosidl_typesupport_c.dir/rosidl_typesupport_c/cartographer_ros_msgs/srv/write_state__type_support.cpp.o\x1b[0m\n'}
[5.673873] (cartographer_ros_msgs) StdoutLine: {'line': b'[ 40%] \x1b[32mBuilding CXX object CMakeFiles/cartographer_ros_msgs__rosidl_typesupport_c.dir/rosidl_typesupport_c/cartographer_ros_msgs/srv/get_slam_state__type_support.cpp.o\x1b[0m\n'}
[5.710764] (cartographer_ros_msgs) StdoutLine: {'line': b'[ 41%] \x1b[32m\x1b[1mLinking CXX shared library libcartographer_ros_msgs__rosidl_typesupport_c.so\x1b[0m\n'}
[5.734171] (-) TimerEvent: {}
[5.745457] (cartographer_ros_msgs) StdoutLine: {'line': b'[ 41%] Built target cartographer_ros_msgs__rosidl_typesupport_c\n'}
[5.800230] (cartographer_ros_msgs) StdoutLine: {'line': b'[ 41%] \x1b[32mBuilding CXX object CMakeFiles/cartographer_ros_msgs__rosidl_typesupport_cpp.dir/rosidl_typesupport_cpp/cartographer_ros_msgs/msg/bagfile_progress__type_support.cpp.o\x1b[0m\n'}
[5.800823] (cartographer_ros_msgs) StdoutLine: {'line': b'[ 42%] \x1b[32mBuilding CXX object CMakeFiles/cartographer_ros_msgs__rosidl_typesupport_cpp.dir/rosidl_typesupport_cpp/cartographer_ros_msgs/msg/landmark_list__type_support.cpp.o\x1b[0m\n'}
[5.802520] (cartographer_ros_msgs) StdoutLine: {'line': b'[ 43%] \x1b[32mBuilding CXX object CMakeFiles/cartographer_ros_msgs__rosidl_typesupport_cpp.dir/rosidl_typesupport_cpp/cartographer_ros_msgs/msg/status_code__type_support.cpp.o\x1b[0m\n'}
[5.802875] (cartographer_ros_msgs) StdoutLine: {'line': b'[ 43%] \x1b[32mBuilding CXX object CMakeFiles/cartographer_ros_msgs__rosidl_typesupport_cpp.dir/rosidl_typesupport_cpp/cartographer_ros_msgs/msg/status_response__type_support.cpp.o\x1b[0m\n'}
[5.803103] (cartographer_ros_msgs) StdoutLine: {'line': b'[ 43%] \x1b[32mBuilding CXX object CMakeFiles/cartographer_ros_msgs__rosidl_typesupport_cpp.dir/rosidl_typesupport_cpp/cartographer_ros_msgs/msg/submap_entry__type_support.cpp.o\x1b[0m\n'}
[5.803193] (cartographer_ros_msgs) StdoutLine: {'line': b'[ 44%] \x1b[32mBuilding CXX object CMakeFiles/cartographer_ros_msgs__rosidl_typesupport_cpp.dir/rosidl_typesupport_cpp/cartographer_ros_msgs/msg/submap_list__type_support.cpp.o\x1b[0m\n'}
[5.803273] (cartographer_ros_msgs) StdoutLine: {'line': b'[ 46%] \x1b[32mBuilding CXX object CMakeFiles/cartographer_ros_msgs__rosidl_typesupport_cpp.dir/rosidl_typesupport_cpp/cartographer_ros_msgs/msg/metric_label__type_support.cpp.o\x1b[0m\n'}
[5.803485] (cartographer_ros_msgs) StdoutLine: {'line': b'[ 45%] \x1b[32mBuilding CXX object CMakeFiles/cartographer_ros_msgs__rosidl_typesupport_cpp.dir/rosidl_typesupport_cpp/cartographer_ros_msgs/msg/metric_family__type_support.cpp.o\x1b[0m\n'}
[5.803609] (cartographer_ros_msgs) StdoutLine: {'line': b'[ 45%] \x1b[32mBuilding CXX object CMakeFiles/cartographer_ros_msgs__rosidl_typesupport_cpp.dir/rosidl_typesupport_cpp/cartographer_ros_msgs/msg/landmark_entry__type_support.cpp.o\x1b[0m\n'}
[5.803720] (cartographer_ros_msgs) StdoutLine: {'line': b'[ 46%] \x1b[32mBuilding CXX object CMakeFiles/cartographer_ros_msgs__rosidl_typesupport_cpp.dir/rosidl_typesupport_cpp/cartographer_ros_msgs/msg/submap_texture__type_support.cpp.o\x1b[0m\n'}
[5.803823] (cartographer_ros_msgs) StdoutLine: {'line': b'[ 46%] \x1b[32mBuilding CXX object CMakeFiles/cartographer_ros_msgs__rosidl_typesupport_cpp.dir/rosidl_typesupport_cpp/cartographer_ros_msgs/msg/trajectory_states__type_support.cpp.o\x1b[0m\n'}
[5.803899] (cartographer_ros_msgs) StdoutLine: {'line': b'[ 46%] \x1b[32mBuilding CXX object CMakeFiles/cartographer_ros_msgs__rosidl_typesupport_cpp.dir/rosidl_typesupport_cpp/cartographer_ros_msgs/msg/histogram_bucket__type_support.cpp.o\x1b[0m\n'}
[5.803992] (cartographer_ros_msgs) StdoutLine: {'line': b'[ 47%] \x1b[32mBuilding CXX object CMakeFiles/cartographer_ros_msgs__rosidl_typesupport_cpp.dir/rosidl_typesupport_cpp/cartographer_ros_msgs/srv/finish_trajectory__type_support.cpp.o\x1b[0m\n'}
[5.804129] (cartographer_ros_msgs) StdoutLine: {'line': b'[ 47%] \x1b[32mBuilding CXX object CMakeFiles/cartographer_ros_msgs__rosidl_typesupport_cpp.dir/rosidl_typesupport_cpp/cartographer_ros_msgs/msg/metric__type_support.cpp.o\x1b[0m\n'}
[5.804220] (cartographer_ros_msgs) StdoutLine: {'line': b'[ 47%] \x1b[32mBuilding CXX object CMakeFiles/cartographer_ros_msgs__rosidl_typesupport_cpp.dir/rosidl_typesupport_cpp/cartographer_ros_msgs/srv/trajectory_query__type_support.cpp.o\x1b[0m\n'}
[5.804290] (cartographer_ros_msgs) StdoutLine: {'line': b'[ 47%] \x1b[32mBuilding CXX object CMakeFiles/cartographer_ros_msgs__rosidl_typesupport_cpp.dir/rosidl_typesupport_cpp/cartographer_ros_msgs/srv/start_trajectory__type_support.cpp.o\x1b[0m\n'}
[5.804798] (cartographer_ros_msgs) StdoutLine: {'line': b'[ 48%] \x1b[32mBuilding CXX object CMakeFiles/cartographer_ros_msgs__rosidl_typesupport_cpp.dir/rosidl_typesupport_cpp/cartographer_ros_msgs/srv/read_metrics__type_support.cpp.o\x1b[0m\n'}
[5.805031] (cartographer_ros_msgs) StdoutLine: {'line': b'[ 48%] \x1b[32mBuilding CXX object CMakeFiles/cartographer_ros_msgs__rosidl_typesupport_cpp.dir/rosidl_typesupport_cpp/cartographer_ros_msgs/srv/get_trajectory_states__type_support.cpp.o\x1b[0m\n'}
[5.808740] (cartographer_ros_msgs) StdoutLine: {'line': b'[ 49%] \x1b[32mBuilding CXX object CMakeFiles/cartographer_ros_msgs__rosidl_typesupport_cpp.dir/rosidl_typesupport_cpp/cartographer_ros_msgs/srv/submap_query__type_support.cpp.o\x1b[0m\n'}
[5.811881] (cartographer_ros_msgs) StdoutLine: {'line': b'[ 49%] \x1b[32mBuilding CXX object CMakeFiles/cartographer_ros_msgs__rosidl_typesupport_cpp.dir/rosidl_typesupport_cpp/cartographer_ros_msgs/srv/write_state__type_support.cpp.o\x1b[0m\n'}
[5.838270] (-) TimerEvent: {}
[5.846496] (cartographer_ros_msgs) StdoutLine: {'line': b'[ 50%] \x1b[32mBuilding C object CMakeFiles/cartographer_ros_msgs__rosidl_typesupport_introspection_c.dir/rosidl_typesupport_introspection_c/cartographer_ros_msgs/msg/detail/bagfile_progress__type_support.c.o\x1b[0m\n'}
[5.891414] (cartographer_ros_msgs) StdoutLine: {'line': b'[ 50%] \x1b[32mBuilding C object CMakeFiles/cartographer_ros_msgs__rosidl_typesupport_introspection_c.dir/rosidl_typesupport_introspection_c/cartographer_ros_msgs/msg/detail/histogram_bucket__type_support.c.o\x1b[0m\n'}
[5.936611] (-) TimerEvent: {}
[5.948534] (cartographer_ros_msgs) StdoutLine: {'line': b'[ 51%] \x1b[32mBuilding C object CMakeFiles/cartographer_ros_msgs__rosidl_typesupport_introspection_c.dir/rosidl_typesupport_introspection_c/cartographer_ros_msgs/msg/detail/landmark_entry__type_support.c.o\x1b[0m\n'}
[6.000523] (cartographer_ros_msgs) StdoutLine: {'line': b'[ 51%] \x1b[32mBuilding C object CMakeFiles/cartographer_ros_msgs__rosidl_typesupport_introspection_c.dir/rosidl_typesupport_introspection_c/cartographer_ros_msgs/msg/detail/landmark_list__type_support.c.o\x1b[0m\n'}
[6.036806] (-) TimerEvent: {}
[6.060587] (cartographer_ros_msgs) StdoutLine: {'line': b'[ 52%] \x1b[32mBuilding C object CMakeFiles/cartographer_ros_msgs__rosidl_typesupport_introspection_c.dir/rosidl_typesupport_introspection_c/cartographer_ros_msgs/msg/detail/metric_family__type_support.c.o\x1b[0m\n'}
[6.116608] (cartographer_ros_msgs) StdoutLine: {'line': b'[ 52%] \x1b[32mBuilding C object CMakeFiles/cartographer_ros_msgs__rosidl_typesupport_introspection_c.dir/rosidl_typesupport_introspection_c/cartographer_ros_msgs/msg/detail/metric_label__type_support.c.o\x1b[0m\n'}
[6.135742] (cartographer_ros_msgs) StdoutLine: {'line': b'[ 53%] \x1b[32mBuilding CXX object CMakeFiles/cartographer_ros_msgs__rosidl_typesupport_cpp.dir/rosidl_typesupport_cpp/cartographer_ros_msgs/srv/get_slam_state__type_support.cpp.o\x1b[0m\n'}
[6.136856] (-) TimerEvent: {}
[6.137144] (cartographer_ros_msgs) StdoutLine: {'line': b'[ 53%] \x1b[32mBuilding C object CMakeFiles/cartographer_ros_msgs__rosidl_typesupport_introspection_c.dir/rosidl_typesupport_introspection_c/cartographer_ros_msgs/msg/detail/metric__type_support.c.o\x1b[0m\n'}
[6.137362] (cartographer_ros_msgs) StdoutLine: {'line': b'[ 54%] \x1b[32mBuilding C object CMakeFiles/cartographer_ros_msgs__rosidl_typesupport_introspection_c.dir/rosidl_typesupport_introspection_c/cartographer_ros_msgs/msg/detail/status_code__type_support.c.o\x1b[0m\n'}
[6.146089] (cartographer_ros_msgs) StdoutLine: {'line': b'[ 54%] \x1b[32mBuilding CXX object CMakeFiles/cartographer_ros_msgs__rosidl_typesupport_cpp.dir/rosidl_typesupport_cpp/cartographer_ros_msgs/srv/set_slam_state__type_support.cpp.o\x1b[0m\n'}
[6.147417] (cartographer_ros_msgs) StdoutLine: {'line': b'[ 54%] \x1b[32mBuilding C object CMakeFiles/cartographer_ros_msgs__rosidl_typesupport_introspection_c.dir/rosidl_typesupport_introspection_c/cartographer_ros_msgs/msg/detail/status_response__type_support.c.o\x1b[0m\n'}
[6.157325] (cartographer_ros_msgs) StdoutLine: {'line': b'[ 55%] \x1b[32mBuilding C object CMakeFiles/cartographer_ros_msgs__rosidl_typesupport_introspection_c.dir/rosidl_typesupport_introspection_c/cartographer_ros_msgs/msg/detail/submap_entry__type_support.c.o\x1b[0m\n'}
[6.164465] (cartographer_ros_msgs) StdoutLine: {'line': b'[ 55%] \x1b[32mBuilding C object CMakeFiles/cartographer_ros_msgs__rosidl_typesupport_introspection_c.dir/rosidl_typesupport_introspection_c/cartographer_ros_msgs/msg/detail/submap_texture__type_support.c.o\x1b[0m\n'}
[6.164906] (cartographer_ros_msgs) StdoutLine: {'line': b'[ 56%] \x1b[32mBuilding C object CMakeFiles/cartographer_ros_msgs__rosidl_typesupport_introspection_c.dir/rosidl_typesupport_introspection_c/cartographer_ros_msgs/msg/detail/trajectory_states__type_support.c.o\x1b[0m\n'}
[6.166212] (cartographer_ros_msgs) StdoutLine: {'line': b'[ 57%] \x1b[32mBuilding C object CMakeFiles/cartographer_ros_msgs__rosidl_typesupport_introspection_c.dir/rosidl_typesupport_introspection_c/cartographer_ros_msgs/srv/detail/get_trajectory_states__type_support.c.o\x1b[0m\n'}
[6.166526] (cartographer_ros_msgs) StdoutLine: {'line': b'[ 57%] \x1b[32mBuilding C object CMakeFiles/cartographer_ros_msgs__rosidl_typesupport_introspection_c.dir/rosidl_typesupport_introspection_c/cartographer_ros_msgs/srv/detail/finish_trajectory__type_support.c.o\x1b[0m\n'}
[6.167898] (cartographer_ros_msgs) StdoutLine: {'line': b'[ 57%] \x1b[32mBuilding C object CMakeFiles/cartographer_ros_msgs__rosidl_typesupport_introspection_c.dir/rosidl_typesupport_introspection_c/cartographer_ros_msgs/msg/detail/submap_list__type_support.c.o\x1b[0m\n'}
[6.174273] (cartographer_ros_msgs) StdoutLine: {'line': b'[ 57%] \x1b[32mBuilding C object CMakeFiles/cartographer_ros_msgs__rosidl_typesupport_introspection_c.dir/rosidl_typesupport_introspection_c/cartographer_ros_msgs/srv/detail/read_metrics__type_support.c.o\x1b[0m\n'}
[6.182283] (cartographer_ros_msgs) StdoutLine: {'line': b'[ 57%] \x1b[32mBuilding C object CMakeFiles/cartographer_ros_msgs__rosidl_typesupport_introspection_c.dir/rosidl_typesupport_introspection_c/cartographer_ros_msgs/srv/detail/start_trajectory__type_support.c.o\x1b[0m\n'}
[6.183377] (cartographer_ros_msgs) StdoutLine: {'line': b'[ 58%] \x1b[32mBuilding C object CMakeFiles/cartographer_ros_msgs__rosidl_typesupport_introspection_c.dir/rosidl_typesupport_introspection_c/cartographer_ros_msgs/srv/detail/trajectory_query__type_support.c.o\x1b[0m\n'}
[6.201374] (cartographer_ros_msgs) StdoutLine: {'line': b'[ 59%] \x1b[32mBuilding C object CMakeFiles/cartographer_ros_msgs__rosidl_typesupport_introspection_c.dir/rosidl_typesupport_introspection_c/cartographer_ros_msgs/srv/detail/write_state__type_support.c.o\x1b[0m\n'}
[6.201762] (cartographer_ros_msgs) StdoutLine: {'line': b'[ 59%] \x1b[32mBuilding C object CMakeFiles/cartographer_ros_msgs__rosidl_typesupport_introspection_c.dir/rosidl_typesupport_introspection_c/cartographer_ros_msgs/srv/detail/submap_query__type_support.c.o\x1b[0m\n'}
[6.210556] (cartographer_ros_msgs) StdoutLine: {'line': b'[ 59%] \x1b[32mBuilding C object CMakeFiles/cartographer_ros_msgs__rosidl_typesupport_introspection_c.dir/rosidl_typesupport_introspection_c/cartographer_ros_msgs/srv/detail/get_slam_state__type_support.c.o\x1b[0m\n'}
[6.211016] (cartographer_ros_msgs) StdoutLine: {'line': b'[ 59%] \x1b[32mBuilding C object CMakeFiles/cartographer_ros_msgs__rosidl_typesupport_introspection_c.dir/rosidl_typesupport_introspection_c/cartographer_ros_msgs/srv/detail/set_slam_state__type_support.c.o\x1b[0m\n'}
[6.237003] (-) TimerEvent: {}
[6.251630] (cartographer_ros_msgs) StdoutLine: {'line': b'[ 60%] \x1b[32m\x1b[1mLinking C shared library libcartographer_ros_msgs__rosidl_typesupport_introspection_c.so\x1b[0m\n'}
[6.262138] (cartographer_ros_msgs) StdoutLine: {'line': b'[ 62%] \x1b[32mBuilding CXX object CMakeFiles/cartographer_ros_msgs__rosidl_typesupport_introspection_cpp.dir/rosidl_typesupport_introspection_cpp/cartographer_ros_msgs/msg/detail/metric__type_support.cpp.o\x1b[0m\n'}
[6.262590] (cartographer_ros_msgs) StdoutLine: {'line': b'[ 62%] \x1b[32mBuilding CXX object CMakeFiles/cartographer_ros_msgs__rosidl_typesupport_introspection_cpp.dir/rosidl_typesupport_introspection_cpp/cartographer_ros_msgs/msg/detail/bagfile_progress__type_support.cpp.o\x1b[0m\n'}
[6.262757] (cartographer_ros_msgs) StdoutLine: {'line': b'[ 64%] \x1b[32mBuilding CXX object CMakeFiles/cartographer_ros_msgs__rosidl_typesupport_introspection_cpp.dir/rosidl_typesupport_introspection_cpp/cartographer_ros_msgs/msg/detail/histogram_bucket__type_support.cpp.o\x1b[0m\n'}
[6.262830] (cartographer_ros_msgs) StdoutLine: {'line': b'[ 62%] \x1b[32mBuilding CXX object CMakeFiles/cartographer_ros_msgs__rosidl_typesupport_introspection_cpp.dir/rosidl_typesupport_introspection_cpp/cartographer_ros_msgs/msg/detail/landmark_list__type_support.cpp.o\x1b[0m\n'}
[6.262888] (cartographer_ros_msgs) StdoutLine: {'line': b'[ 64%] \x1b[32mBuilding CXX object CMakeFiles/cartographer_ros_msgs__rosidl_typesupport_introspection_cpp.dir/rosidl_typesupport_introspection_cpp/cartographer_ros_msgs/msg/detail/status_response__type_support.cpp.o\x1b[0m\n'}
[6.262939] (cartographer_ros_msgs) StdoutLine: {'line': b'[ 64%] \x1b[32mBuilding CXX object CMakeFiles/cartographer_ros_msgs__rosidl_typesupport_introspection_cpp.dir/rosidl_typesupport_introspection_cpp/cartographer_ros_msgs/msg/detail/status_code__type_support.cpp.o\x1b[0m\n'}
[6.263004] (cartographer_ros_msgs) StdoutLine: {'line': b'[ 64%] \x1b[32mBuilding CXX object CMakeFiles/cartographer_ros_msgs__rosidl_typesupport_introspection_cpp.dir/rosidl_typesupport_introspection_cpp/cartographer_ros_msgs/msg/detail/metric_label__type_support.cpp.o\x1b[0m\n'}
[6.263105] (cartographer_ros_msgs) StdoutLine: {'line': b'[ 66%] \x1b[32mBuilding CXX object CMakeFiles/cartographer_ros_msgs__rosidl_typesupport_introspection_cpp.dir/rosidl_typesupport_introspection_cpp/cartographer_ros_msgs/msg/detail/submap_entry__type_support.cpp.o\x1b[0m\n'}
[6.263175] (cartographer_ros_msgs) StdoutLine: {'line': b'[ 64%] \x1b[32mBuilding CXX object CMakeFiles/cartographer_ros_msgs__rosidl_typesupport_introspection_cpp.dir/rosidl_typesupport_introspection_cpp/cartographer_ros_msgs/msg/detail/landmark_entry__type_support.cpp.o\x1b[0m\n'}
[6.263566] (cartographer_ros_msgs) StdoutLine: {'line': b'[ 66%] \x1b[32mBuilding CXX object CMakeFiles/cartographer_ros_msgs__rosidl_typesupport_introspection_cpp.dir/rosidl_typesupport_introspection_cpp/cartographer_ros_msgs/msg/detail/submap_list__type_support.cpp.o\x1b[0m\n'}
[6.263644] (cartographer_ros_msgs) StdoutLine: {'line': b'[ 66%] \x1b[32mBuilding CXX object CMakeFiles/cartographer_ros_msgs__rosidl_typesupport_introspection_cpp.dir/rosidl_typesupport_introspection_cpp/cartographer_ros_msgs/msg/detail/metric_family__type_support.cpp.o\x1b[0m\n'}
[6.263700] (cartographer_ros_msgs) StdoutLine: {'line': b'[ 66%] \x1b[32mBuilding CXX object CMakeFiles/cartographer_ros_msgs__rosidl_typesupport_introspection_cpp.dir/rosidl_typesupport_introspection_cpp/cartographer_ros_msgs/msg/detail/submap_texture__type_support.cpp.o\x1b[0m\n'}
[6.263751] (cartographer_ros_msgs) StdoutLine: {'line': b'[ 66%] \x1b[32mBuilding CXX object CMakeFiles/cartographer_ros_msgs__rosidl_typesupport_introspection_cpp.dir/rosidl_typesupport_introspection_cpp/cartographer_ros_msgs/msg/detail/trajectory_states__type_support.cpp.o\x1b[0m\n'}
[6.265616] (cartographer_ros_msgs) StdoutLine: {'line': b'[ 66%] \x1b[32mBuilding CXX object CMakeFiles/cartographer_ros_msgs__rosidl_typesupport_introspection_cpp.dir/rosidl_typesupport_introspection_cpp/cartographer_ros_msgs/srv/detail/finish_trajectory__type_support.cpp.o\x1b[0m\n'}
[6.286247] (cartographer_ros_msgs) StdoutLine: {'line': b'[ 67%] \x1b[32mBuilding CXX object CMakeFiles/cartographer_ros_msgs__rosidl_typesupport_introspection_cpp.dir/rosidl_typesupport_introspection_cpp/cartographer_ros_msgs/srv/detail/get_trajectory_states__type_support.cpp.o\x1b[0m\n'}
[6.286531] (cartographer_ros_msgs) StdoutLine: {'line': b'[ 67%] \x1b[32mBuilding CXX object CMakeFiles/cartographer_ros_msgs__rosidl_typesupport_introspection_cpp.dir/rosidl_typesupport_introspection_cpp/cartographer_ros_msgs/srv/detail/read_metrics__type_support.cpp.o\x1b[0m\n'}
[6.300449] (cartographer_ros_msgs) StdoutLine: {'line': b'[ 67%] Built target cartographer_ros_msgs__rosidl_typesupport_introspection_c\n'}
[6.312356] (cartographer_ros_msgs) StdoutLine: {'line': b'[ 68%] \x1b[32mBuilding CXX object CMakeFiles/cartographer_ros_msgs__rosidl_typesupport_introspection_cpp.dir/rosidl_typesupport_introspection_cpp/cartographer_ros_msgs/srv/detail/start_trajectory__type_support.cpp.o\x1b[0m\n'}
[6.314088] (cartographer_ros_msgs) StdoutLine: {'line': b'[ 68%] \x1b[32mBuilding CXX object CMakeFiles/cartographer_ros_msgs__rosidl_typesupport_introspection_cpp.dir/rosidl_typesupport_introspection_cpp/cartographer_ros_msgs/srv/detail/trajectory_query__type_support.cpp.o\x1b[0m\n'}
[6.336036] (cartographer_ros_msgs) StdoutLine: {'line': b'[ 68%] \x1b[32mBuilding CXX object CMakeFiles/cartographer_ros_msgs__rosidl_typesupport_introspection_cpp.dir/rosidl_typesupport_introspection_cpp/cartographer_ros_msgs/srv/detail/submap_query__type_support.cpp.o\x1b[0m\n'}
[6.337075] (-) TimerEvent: {}
[6.389841] (cartographer_ros_msgs) StdoutLine: {'line': b'[ 68%] \x1b[32mBuilding CXX object CMakeFiles/cartographer_ros_msgs__rosidl_typesupport_introspection_cpp.dir/rosidl_typesupport_introspection_cpp/cartographer_ros_msgs/srv/detail/write_state__type_support.cpp.o\x1b[0m\n'}
[6.437441] (-) TimerEvent: {}
[6.538499] (-) TimerEvent: {}
[6.580397] (cartographer_ros_msgs) StdoutLine: {'line': b'[ 69%] \x1b[32mBuilding CXX object CMakeFiles/cartographer_ros_msgs__rosidl_typesupport_introspection_cpp.dir/rosidl_typesupport_introspection_cpp/cartographer_ros_msgs/srv/detail/get_slam_state__type_support.cpp.o\x1b[0m\n'}
[6.605385] (cartographer_ros_msgs) StdoutLine: {'line': b'[ 69%] \x1b[32mBuilding CXX object CMakeFiles/cartographer_ros_msgs__rosidl_typesupport_introspection_cpp.dir/rosidl_typesupport_introspection_cpp/cartographer_ros_msgs/srv/detail/set_slam_state__type_support.cpp.o\x1b[0m\n'}
[6.628703] (cartographer_ros_msgs) StdoutLine: {'line': b'[ 69%] \x1b[32m\x1b[1mLinking CXX shared library libcartographer_ros_msgs__rosidl_typesupport_cpp.so\x1b[0m\n'}
[6.638775] (-) TimerEvent: {}
[6.718974] (cartographer_ros_msgs) StdoutLine: {'line': b'[ 73%] \x1b[32mBuilding CXX object CMakeFiles/cartographer_ros_msgs__rosidl_typesupport_fastrtps_cpp.dir/rosidl_typesupport_fastrtps_cpp/cartographer_ros_msgs/msg/detail/dds_fastrtps/bagfile_progress__type_support.cpp.o\x1b[0m\n'}
[6.720147] (cartographer_ros_msgs) StdoutLine: {'line': b'[ 73%] \x1b[32mBuilding CXX object CMakeFiles/cartographer_ros_msgs__rosidl_typesupport_fastrtps_cpp.dir/rosidl_typesupport_fastrtps_cpp/cartographer_ros_msgs/msg/detail/dds_fastrtps/metric__type_support.cpp.o\x1b[0m\n'}
[6.721840] (cartographer_ros_msgs) StdoutLine: {'line': b'[ 73%] \x1b[32mBuilding CXX object CMakeFiles/cartographer_ros_msgs__rosidl_typesupport_fastrtps_cpp.dir/rosidl_typesupport_fastrtps_cpp/cartographer_ros_msgs/msg/detail/dds_fastrtps/metric_label__type_support.cpp.o\x1b[0m\n'}
[6.721927] (cartographer_ros_msgs) StdoutLine: {'line': b'[ 73%] \x1b[32mBuilding CXX object CMakeFiles/cartographer_ros_msgs__rosidl_typesupport_fastrtps_cpp.dir/rosidl_typesupport_fastrtps_cpp/cartographer_ros_msgs/msg/detail/dds_fastrtps/landmark_entry__type_support.cpp.o\x1b[0m\n'}
[6.722005] (cartographer_ros_msgs) StdoutLine: {'line': b'[ 73%] \x1b[32mBuilding CXX object CMakeFiles/cartographer_ros_msgs__rosidl_typesupport_fastrtps_cpp.dir/rosidl_typesupport_fastrtps_cpp/cartographer_ros_msgs/msg/detail/dds_fastrtps/submap_entry__type_support.cpp.o\x1b[0m\n'}
[6.722075] (cartographer_ros_msgs) StdoutLine: {'line': b'[ 73%] \x1b[32mBuilding CXX object CMakeFiles/cartographer_ros_msgs__rosidl_typesupport_fastrtps_cpp.dir/rosidl_typesupport_fastrtps_cpp/cartographer_ros_msgs/msg/detail/dds_fastrtps/landmark_list__type_support.cpp.o\x1b[0m\n'}
[6.722141] (cartographer_ros_msgs) StdoutLine: {'line': b'[ 73%] \x1b[32mBuilding CXX object CMakeFiles/cartographer_ros_msgs__rosidl_typesupport_fastrtps_cpp.dir/rosidl_typesupport_fastrtps_cpp/cartographer_ros_msgs/msg/detail/dds_fastrtps/status_response__type_support.cpp.o\x1b[0m\n'}
[6.722207] (cartographer_ros_msgs) StdoutLine: {'line': b'[ 73%] \x1b[32mBuilding CXX object CMakeFiles/cartographer_ros_msgs__rosidl_typesupport_fastrtps_cpp.dir/rosidl_typesupport_fastrtps_cpp/cartographer_ros_msgs/msg/detail/dds_fastrtps/submap_list__type_support.cpp.o\x1b[0m\n'}
[6.722274] (cartographer_ros_msgs) StdoutLine: {'line': b'[ 73%] \x1b[32mBuilding CXX object CMakeFiles/cartographer_ros_msgs__rosidl_typesupport_fastrtps_cpp.dir/rosidl_typesupport_fastrtps_cpp/cartographer_ros_msgs/msg/detail/dds_fastrtps/trajectory_states__type_support.cpp.o\x1b[0m\n'}
[6.722357] (cartographer_ros_msgs) StdoutLine: {'line': b'[ 73%] \x1b[32mBuilding CXX object CMakeFiles/cartographer_ros_msgs__rosidl_typesupport_fastrtps_cpp.dir/rosidl_typesupport_fastrtps_cpp/cartographer_ros_msgs/msg/detail/dds_fastrtps/status_code__type_support.cpp.o\x1b[0m\n'}
[6.722424] (cartographer_ros_msgs) StdoutLine: {'line': b'[ 73%] \x1b[32mBuilding CXX object CMakeFiles/cartographer_ros_msgs__rosidl_typesupport_fastrtps_cpp.dir/rosidl_typesupport_fastrtps_cpp/cartographer_ros_msgs/msg/detail/dds_fastrtps/metric_family__type_support.cpp.o\x1b[0m\n'}
[6.722498] (cartographer_ros_msgs) StdoutLine: {'line': b'[ 73%] \x1b[32mBuilding CXX object CMakeFiles/cartographer_ros_msgs__rosidl_typesupport_fastrtps_cpp.dir/rosidl_typesupport_fastrtps_cpp/cartographer_ros_msgs/msg/detail/dds_fastrtps/histogram_bucket__type_support.cpp.o\x1b[0m\n'}
[6.722565] (cartographer_ros_msgs) StdoutLine: {'line': b'[ 74%] \x1b[32mBuilding CXX object CMakeFiles/cartographer_ros_msgs__rosidl_typesupport_fastrtps_cpp.dir/rosidl_typesupport_fastrtps_cpp/cartographer_ros_msgs/msg/detail/dds_fastrtps/submap_texture__type_support.cpp.o\x1b[0m\n'}
[6.738946] (-) TimerEvent: {}
[6.754980] (cartographer_ros_msgs) StdoutLine: {'line': b'[ 75%] \x1b[32mBuilding CXX object CMakeFiles/cartographer_ros_msgs__rosidl_typesupport_fastrtps_c.dir/rosidl_typesupport_fastrtps_c/cartographer_ros_msgs/msg/detail/bagfile_progress__type_support_c.cpp.o\x1b[0m\n'}
[6.755483] (cartographer_ros_msgs) StdoutLine: {'line': b'[ 75%] \x1b[32mBuilding CXX object CMakeFiles/cartographer_ros_msgs__rosidl_typesupport_fastrtps_c.dir/rosidl_typesupport_fastrtps_c/cartographer_ros_msgs/msg/detail/histogram_bucket__type_support_c.cpp.o\x1b[0m\n'}
[6.810501] (cartographer_ros_msgs) StdoutLine: {'line': b'[ 75%] \x1b[32mBuilding CXX object CMakeFiles/cartographer_ros_msgs__rosidl_typesupport_fastrtps_c.dir/rosidl_typesupport_fastrtps_c/cartographer_ros_msgs/msg/detail/landmark_entry__type_support_c.cpp.o\x1b[0m\n'}
[6.839228] (-) TimerEvent: {}
[6.843600] (cartographer_ros_msgs) StdoutLine: {'line': b'[ 75%] Built target cartographer_ros_msgs__rosidl_typesupport_cpp\n'}
[6.858042] (cartographer_ros_msgs) StdoutLine: {'line': b'[ 76%] \x1b[32mBuilding CXX object CMakeFiles/cartographer_ros_msgs__rosidl_typesupport_fastrtps_c.dir/rosidl_typesupport_fastrtps_c/cartographer_ros_msgs/msg/detail/landmark_list__type_support_c.cpp.o\x1b[0m\n'}
[6.873534] (cartographer_ros_msgs) StdoutLine: {'line': b'[ 76%] \x1b[32mBuilding CXX object CMakeFiles/cartographer_ros_msgs__rosidl_typesupport_fastrtps_cpp.dir/rosidl_typesupport_fastrtps_cpp/cartographer_ros_msgs/srv/detail/dds_fastrtps/finish_trajectory__type_support.cpp.o\x1b[0m\n'}
[6.895665] (cartographer_ros_msgs) StdoutLine: {'line': b'[ 76%] \x1b[32mBuilding CXX object CMakeFiles/cartographer_ros_msgs__rosidl_typesupport_fastrtps_c.dir/rosidl_typesupport_fastrtps_c/cartographer_ros_msgs/msg/detail/metric_label__type_support_c.cpp.o\x1b[0m\n'}
[6.896185] (cartographer_ros_msgs) StdoutLine: {'line': b'[ 76%] \x1b[32mBuilding CXX object CMakeFiles/cartographer_ros_msgs__rosidl_typesupport_fastrtps_c.dir/rosidl_typesupport_fastrtps_c/cartographer_ros_msgs/msg/detail/metric_family__type_support_c.cpp.o\x1b[0m\n'}
[6.939463] (-) TimerEvent: {}
[7.026405] (cartographer_ros_msgs) StdoutLine: {'line': b'[ 77%] \x1b[32mBuilding CXX object CMakeFiles/cartographer_ros_msgs__rosidl_typesupport_fastrtps_cpp.dir/rosidl_typesupport_fastrtps_cpp/cartographer_ros_msgs/srv/detail/dds_fastrtps/get_trajectory_states__type_support.cpp.o\x1b[0m\n'}
[7.040491] (-) TimerEvent: {}
[7.076601] (cartographer_ros_msgs) StdoutLine: {'line': b'[ 77%] \x1b[32mBuilding CXX object CMakeFiles/cartographer_ros_msgs__rosidl_typesupport_fastrtps_cpp.dir/rosidl_typesupport_fastrtps_cpp/cartographer_ros_msgs/srv/detail/dds_fastrtps/read_metrics__type_support.cpp.o\x1b[0m\n'}
[7.080411] (cartographer_ros_msgs) StdoutLine: {'line': b'[ 78%] \x1b[32mBuilding CXX object CMakeFiles/cartographer_ros_msgs__rosidl_typesupport_fastrtps_c.dir/rosidl_typesupport_fastrtps_c/cartographer_ros_msgs/msg/detail/metric__type_support_c.cpp.o\x1b[0m\n'}
[7.140710] (-) TimerEvent: {}
[7.154618] (cartographer_ros_msgs) StdoutLine: {'line': b'[ 79%] \x1b[32m\x1b[1mLinking CXX shared library libcartographer_ros_msgs__rosidl_typesupport_introspection_cpp.so\x1b[0m\n'}
[7.240951] (-) TimerEvent: {}
[7.258277] (cartographer_ros_msgs) StdoutLine: {'line': b'[ 79%] \x1b[32mBuilding CXX object CMakeFiles/cartographer_ros_msgs__rosidl_typesupport_fastrtps_c.dir/rosidl_typesupport_fastrtps_c/cartographer_ros_msgs/msg/detail/status_code__type_support_c.cpp.o\x1b[0m\n'}
[7.269497] (cartographer_ros_msgs) StdoutLine: {'line': b'[ 80%] \x1b[32mBuilding CXX object CMakeFiles/cartographer_ros_msgs__rosidl_typesupport_fastrtps_c.dir/rosidl_typesupport_fastrtps_c/cartographer_ros_msgs/msg/detail/status_response__type_support_c.cpp.o\x1b[0m\n'}
[7.271415] (cartographer_ros_msgs) StdoutLine: {'line': b'[ 80%] \x1b[32mBuilding CXX object CMakeFiles/cartographer_ros_msgs__rosidl_typesupport_fastrtps_c.dir/rosidl_typesupport_fastrtps_c/cartographer_ros_msgs/msg/detail/submap_entry__type_support_c.cpp.o\x1b[0m\n'}
[7.279429] (cartographer_ros_msgs) StdoutLine: {'line': b'[ 81%] \x1b[32mBuilding CXX object CMakeFiles/cartographer_ros_msgs__rosidl_typesupport_fastrtps_cpp.dir/rosidl_typesupport_fastrtps_cpp/cartographer_ros_msgs/srv/detail/dds_fastrtps/start_trajectory__type_support.cpp.o\x1b[0m\n'}
[7.306432] (cartographer_ros_msgs) StdoutLine: {'line': b'[ 81%] \x1b[32mBuilding CXX object CMakeFiles/cartographer_ros_msgs__rosidl_typesupport_fastrtps_cpp.dir/rosidl_typesupport_fastrtps_cpp/cartographer_ros_msgs/srv/detail/dds_fastrtps/trajectory_query__type_support.cpp.o\x1b[0m\n'}
[7.306991] (cartographer_ros_msgs) StdoutLine: {'line': b'[ 81%] \x1b[32mBuilding CXX object CMakeFiles/cartographer_ros_msgs__rosidl_typesupport_fastrtps_c.dir/rosidl_typesupport_fastrtps_c/cartographer_ros_msgs/msg/detail/submap_list__type_support_c.cpp.o\x1b[0m\n'}
[7.307489] (cartographer_ros_msgs) StdoutLine: {'line': b'[ 82%] \x1b[32mBuilding CXX object CMakeFiles/cartographer_ros_msgs__rosidl_typesupport_fastrtps_c.dir/rosidl_typesupport_fastrtps_c/cartographer_ros_msgs/msg/detail/submap_texture__type_support_c.cpp.o\x1b[0m\n'}
[7.312430] (cartographer_ros_msgs) StdoutLine: {'line': b'[ 82%] \x1b[32mBuilding CXX object CMakeFiles/cartographer_ros_msgs__rosidl_typesupport_fastrtps_cpp.dir/rosidl_typesupport_fastrtps_cpp/cartographer_ros_msgs/srv/detail/dds_fastrtps/submap_query__type_support.cpp.o\x1b[0m\n'}
[7.315788] (cartographer_ros_msgs) StdoutLine: {'line': b'[ 82%] \x1b[32mBuilding CXX object CMakeFiles/cartographer_ros_msgs__rosidl_typesupport_fastrtps_c.dir/rosidl_typesupport_fastrtps_c/cartographer_ros_msgs/msg/detail/trajectory_states__type_support_c.cpp.o\x1b[0m\n'}
[7.319491] (cartographer_ros_msgs) StdoutLine: {'line': b'[ 83%] \x1b[32mBuilding CXX object CMakeFiles/cartographer_ros_msgs__rosidl_typesupport_fastrtps_cpp.dir/rosidl_typesupport_fastrtps_cpp/cartographer_ros_msgs/srv/detail/dds_fastrtps/write_state__type_support.cpp.o\x1b[0m\n'}
[7.341192] (-) TimerEvent: {}
[7.349169] (cartographer_ros_msgs) StdoutLine: {'line': b'[ 84%] \x1b[32mBuilding CXX object CMakeFiles/cartographer_ros_msgs__rosidl_typesupport_fastrtps_c.dir/rosidl_typesupport_fastrtps_c/cartographer_ros_msgs/srv/detail/get_trajectory_states__type_support_c.cpp.o\x1b[0m\n'}
[7.349726] (cartographer_ros_msgs) StdoutLine: {'line': b'[ 84%] \x1b[32mBuilding CXX object CMakeFiles/cartographer_ros_msgs__rosidl_typesupport_fastrtps_c.dir/rosidl_typesupport_fastrtps_c/cartographer_ros_msgs/srv/detail/finish_trajectory__type_support_c.cpp.o\x1b[0m\n'}
[7.351866] (cartographer_ros_msgs) StdoutLine: {'line': b'[ 84%] \x1b[32mBuilding CXX object CMakeFiles/cartographer_ros_msgs__rosidl_typesupport_fastrtps_cpp.dir/rosidl_typesupport_fastrtps_cpp/cartographer_ros_msgs/srv/detail/dds_fastrtps/get_slam_state__type_support.cpp.o\x1b[0m\n'}
[7.356081] (cartographer_ros_msgs) StdoutLine: {'line': b'[ 85%] \x1b[32mBuilding CXX object CMakeFiles/cartographer_ros_msgs__rosidl_typesupport_fastrtps_cpp.dir/rosidl_typesupport_fastrtps_cpp/cartographer_ros_msgs/srv/detail/dds_fastrtps/set_slam_state__type_support.cpp.o\x1b[0m\n'}
[7.359182] (cartographer_ros_msgs) StdoutLine: {'line': b'[ 85%] \x1b[32mBuilding CXX object CMakeFiles/cartographer_ros_msgs__rosidl_typesupport_fastrtps_c.dir/rosidl_typesupport_fastrtps_c/cartographer_ros_msgs/srv/detail/read_metrics__type_support_c.cpp.o\x1b[0m\n'}
[7.375422] (cartographer_ros_msgs) StdoutLine: {'line': b'[ 86%] \x1b[32mBuilding CXX object CMakeFiles/cartographer_ros_msgs__rosidl_typesupport_fastrtps_c.dir/rosidl_typesupport_fastrtps_c/cartographer_ros_msgs/srv/detail/start_trajectory__type_support_c.cpp.o\x1b[0m\n'}
[7.413648] (cartographer_ros_msgs) StdoutLine: {'line': b'[ 86%] Built target cartographer_ros_msgs__rosidl_typesupport_introspection_cpp\n'}
[7.418629] (cartographer_ros_msgs) StdoutLine: {'line': b'[ 86%] \x1b[32mBuilding CXX object CMakeFiles/cartographer_ros_msgs__rosidl_typesupport_fastrtps_c.dir/rosidl_typesupport_fastrtps_c/cartographer_ros_msgs/srv/detail/trajectory_query__type_support_c.cpp.o\x1b[0m\n'}
[7.425426] (cartographer_ros_msgs) StdoutLine: {'line': b'[ 87%] \x1b[32mBuilding CXX object CMakeFiles/cartographer_ros_msgs__rosidl_typesupport_fastrtps_c.dir/rosidl_typesupport_fastrtps_c/cartographer_ros_msgs/srv/detail/submap_query__type_support_c.cpp.o\x1b[0m\n'}
[7.431429] (cartographer_ros_msgs) StdoutLine: {'line': b'[ 87%] \x1b[32mBuilding CXX object CMakeFiles/cartographer_ros_msgs__rosidl_typesupport_fastrtps_c.dir/rosidl_typesupport_fastrtps_c/cartographer_ros_msgs/srv/detail/write_state__type_support_c.cpp.o\x1b[0m\n'}
[7.441531] (-) TimerEvent: {}
[7.466903] (cartographer_ros_msgs) StdoutLine: {'line': b'[ 87%] \x1b[32mBuilding CXX object CMakeFiles/cartographer_ros_msgs__rosidl_typesupport_fastrtps_c.dir/rosidl_typesupport_fastrtps_c/cartographer_ros_msgs/srv/detail/get_slam_state__type_support_c.cpp.o\x1b[0m\n'}
[7.541741] (-) TimerEvent: {}
[7.642395] (-) TimerEvent: {}
[7.644949] (cartographer_ros_msgs) StdoutLine: {'line': b'[ 88%] \x1b[32mBuilding CXX object CMakeFiles/cartographer_ros_msgs__rosidl_typesupport_fastrtps_c.dir/rosidl_typesupport_fastrtps_c/cartographer_ros_msgs/srv/detail/set_slam_state__type_support_c.cpp.o\x1b[0m\n'}
[7.742596] (-) TimerEvent: {}
[7.843461] (-) TimerEvent: {}
[7.943919] (-) TimerEvent: {}
[8.030230] (cartographer_ros_msgs) StdoutLine: {'line': b'[ 88%] \x1b[32m\x1b[1mLinking CXX shared library libcartographer_ros_msgs__rosidl_typesupport_fastrtps_c.so\x1b[0m\n'}
[8.043971] (-) TimerEvent: {}
[8.048919] (cartographer_ros_msgs) StdoutLine: {'line': b'[ 88%] \x1b[32m\x1b[1mLinking CXX shared library libcartographer_ros_msgs__rosidl_typesupport_fastrtps_cpp.so\x1b[0m\n'}
[8.082973] (cartographer_ros_msgs) StdoutLine: {'line': b'[ 88%] Built target cartographer_ros_msgs__rosidl_typesupport_fastrtps_c\n'}
[8.112230] (cartographer_ros_msgs) StdoutLine: {'line': b'[ 88%] Built target cartographer_ros_msgs__rosidl_typesupport_fastrtps_cpp\n'}
[8.123910] (cartographer_ros_msgs) StdoutLine: {'line': b'[ 88%] Built target cartographer_ros_msgs\n'}
[8.144122] (-) TimerEvent: {}
[8.154848] (cartographer_ros_msgs) StdoutLine: {'line': b'[ 88%] \x1b[34m\x1b[1mGenerating Python code for ROS interfaces\x1b[0m\n'}
[8.244245] (-) TimerEvent: {}
[8.344575] (-) TimerEvent: {}
[8.444746] (-) TimerEvent: {}
[8.544912] (-) TimerEvent: {}
[8.645080] (-) TimerEvent: {}
[8.745248] (-) TimerEvent: {}
[8.845417] (-) TimerEvent: {}
[8.945577] (-) TimerEvent: {}
[9.045737] (-) TimerEvent: {}
[9.145913] (-) TimerEvent: {}
[9.246075] (-) TimerEvent: {}
[9.346242] (-) TimerEvent: {}
[9.446427] (-) TimerEvent: {}
[9.546602] (-) TimerEvent: {}
[9.646766] (-) TimerEvent: {}
[9.746943] (-) TimerEvent: {}
[9.770567] (cartographer_ros_msgs) StdoutLine: {'line': b'[ 88%] Built target cartographer_ros_msgs__py\n'}
[9.811783] (cartographer_ros_msgs) StdoutLine: {'line': b'[ 88%] \x1b[32mBuilding C object CMakeFiles/cartographer_ros_msgs__rosidl_generator_py.dir/rosidl_generator_py/cartographer_ros_msgs/msg/_metric_family_s.c.o\x1b[0m\n'}
[9.812449] (cartographer_ros_msgs) StdoutLine: {'line': b'[ 89%] \x1b[32mBuilding C object CMakeFiles/cartographer_ros_msgs__rosidl_generator_py.dir/rosidl_generator_py/cartographer_ros_msgs/msg/_metric_label_s.c.o\x1b[0m\n'}
[9.812669] (cartographer_ros_msgs) StdoutLine: {'line': b'[ 89%] \x1b[32mBuilding C object CMakeFiles/cartographer_ros_msgs__rosidl_generator_py.dir/rosidl_generator_py/cartographer_ros_msgs/msg/_metric_s.c.o\x1b[0m\n'}
[9.812845] (cartographer_ros_msgs) StdoutLine: {'line': b'[ 89%] \x1b[32mBuilding C object CMakeFiles/cartographer_ros_msgs__rosidl_generator_py.dir/rosidl_generator_py/cartographer_ros_msgs/msg/_status_code_s.c.o\x1b[0m\n'}
[9.813014] (cartographer_ros_msgs) StdoutLine: {'line': b'[ 90%] \x1b[32mBuilding C object CMakeFiles/cartographer_ros_msgs__rosidl_generator_py.dir/rosidl_generator_py/cartographer_ros_msgs/msg/_status_response_s.c.o\x1b[0m\n'}
[9.813183] (cartographer_ros_msgs) StdoutLine: {'line': b'[ 90%] \x1b[32mBuilding C object CMakeFiles/cartographer_ros_msgs__rosidl_generator_py.dir/rosidl_generator_py/cartographer_ros_msgs/msg/_trajectory_states_s.c.o\x1b[0m\n'}
[9.814022] (cartographer_ros_msgs) StdoutLine: {'line': b'[ 90%] \x1b[32mBuilding C object CMakeFiles/cartographer_ros_msgs__rosidl_generator_py.dir/rosidl_generator_py/cartographer_ros_msgs/msg/_bagfile_progress_s.c.o\x1b[0m\n'}
[9.815257] (cartographer_ros_msgs) StdoutLine: {'line': b'[ 90%] \x1b[32mBuilding C object CMakeFiles/cartographer_ros_msgs__rosidl_generator_py.dir/rosidl_generator_py/cartographer_ros_msgs/msg/_submap_texture_s.c.o\x1b[0m\n'}
[9.815749] (cartographer_ros_msgs) StdoutLine: {'line': b'[ 91%] \x1b[32mBuilding C object CMakeFiles/cartographer_ros_msgs__rosidl_generator_py.dir/rosidl_generator_py/cartographer_ros_msgs/msg/_landmark_entry_s.c.o\x1b[0m\n'}
[9.815978] (cartographer_ros_msgs) StdoutLine: {'line': b'[ 91%] \x1b[32mBuilding C object CMakeFiles/cartographer_ros_msgs__rosidl_generator_py.dir/rosidl_generator_py/cartographer_ros_msgs/msg/_histogram_bucket_s.c.o\x1b[0m\n'}
[9.816234] (cartographer_ros_msgs) StdoutLine: {'line': b'[ 92%] \x1b[32mBuilding C object CMakeFiles/cartographer_ros_msgs__rosidl_generator_py.dir/rosidl_generator_py/cartographer_ros_msgs/srv/_finish_trajectory_s.c.o\x1b[0m\n'}
[9.817203] (cartographer_ros_msgs) StdoutLine: {'line': b'[ 93%] \x1b[32mBuilding C object CMakeFiles/cartographer_ros_msgs__rosidl_generator_py.dir/rosidl_generator_py/cartographer_ros_msgs/msg/_landmark_list_s.c.o\x1b[0m\n'}
[9.817898] (cartographer_ros_msgs) StdoutLine: {'line': b'[ 93%] \x1b[32mBuilding C object CMakeFiles/cartographer_ros_msgs__rosidl_generator_py.dir/rosidl_generator_py/cartographer_ros_msgs/srv/_get_trajectory_states_s.c.o\x1b[0m\n'}
[9.819474] (cartographer_ros_msgs) StdoutLine: {'line': b'[ 94%] \x1b[32mBuilding C object CMakeFiles/cartographer_ros_msgs__rosidl_generator_py.dir/rosidl_generator_py/cartographer_ros_msgs/srv/_read_metrics_s.c.o\x1b[0m\n'}
[9.819768] (cartographer_ros_msgs) StdoutLine: {'line': b'[ 95%] \x1b[32mBuilding C object CMakeFiles/cartographer_ros_msgs__rosidl_generator_py.dir/rosidl_generator_py/cartographer_ros_msgs/srv/_submap_query_s.c.o\x1b[0m\n'}
[9.819929] (cartographer_ros_msgs) StdoutLine: {'line': b'[ 95%] \x1b[32mBuilding C object CMakeFiles/cartographer_ros_msgs__rosidl_generator_py.dir/rosidl_generator_py/cartographer_ros_msgs/srv/_trajectory_query_s.c.o\x1b[0m\n'}
[9.820231] (cartographer_ros_msgs) StdoutLine: {'line': b'[ 95%] \x1b[32mBuilding C object CMakeFiles/cartographer_ros_msgs__rosidl_generator_py.dir/rosidl_generator_py/cartographer_ros_msgs/srv/_start_trajectory_s.c.o\x1b[0m\n'}
[9.820407] (cartographer_ros_msgs) StdoutLine: {'line': b'[ 96%] \x1b[32mBuilding C object CMakeFiles/cartographer_ros_msgs__rosidl_generator_py.dir/rosidl_generator_py/cartographer_ros_msgs/msg/_submap_list_s.c.o\x1b[0m\n'}
[9.820566] (cartographer_ros_msgs) StdoutLine: {'line': b'[ 96%] \x1b[32mBuilding C object CMakeFiles/cartographer_ros_msgs__rosidl_generator_py.dir/rosidl_generator_py/cartographer_ros_msgs/msg/_submap_entry_s.c.o\x1b[0m\n'}
[9.821945] (cartographer_ros_msgs) StdoutLine: {'line': b'[ 96%] \x1b[32mBuilding C object CMakeFiles/cartographer_ros_msgs__rosidl_generator_py.dir/rosidl_generator_py/cartographer_ros_msgs/srv/_set_slam_state_s.c.o\x1b[0m\n'}
[9.822535] (cartographer_ros_msgs) StdoutLine: {'line': b'[ 97%] \x1b[32mBuilding C object CMakeFiles/cartographer_ros_msgs__rosidl_generator_py.dir/rosidl_generator_py/cartographer_ros_msgs/srv/_get_slam_state_s.c.o\x1b[0m\n'}
[9.826601] (cartographer_ros_msgs) StdoutLine: {'line': b'[ 97%] \x1b[32mBuilding C object CMakeFiles/cartographer_ros_msgs__rosidl_generator_py.dir/rosidl_generator_py/cartographer_ros_msgs/srv/_write_state_s.c.o\x1b[0m\n'}
[9.847086] (-) TimerEvent: {}
[9.947565] (-) TimerEvent: {}
[9.992754] (cartographer_ros_msgs) StdoutLine: {'line': b'[ 97%] \x1b[32m\x1b[1mLinking C shared library libcartographer_ros_msgs__rosidl_generator_py.so\x1b[0m\n'}
[10.023637] (cartographer_ros_msgs) StdoutLine: {'line': b'[ 97%] Built target cartographer_ros_msgs__rosidl_generator_py\n'}
[10.043170] (cartographer_ros_msgs) StdoutLine: {'line': b'[ 97%] \x1b[32mBuilding C object CMakeFiles/cartographer_ros_msgs_s__rosidl_typesupport_introspection_c.dir/rosidl_generator_py/cartographer_ros_msgs/_cartographer_ros_msgs_s.ep.rosidl_typesupport_introspection_c.c.o\x1b[0m\n'}
[10.043338] (cartographer_ros_msgs) StdoutLine: {'line': b'[ 97%] \x1b[32mBuilding C object CMakeFiles/cartographer_ros_msgs_s__rosidl_typesupport_c.dir/rosidl_generator_py/cartographer_ros_msgs/_cartographer_ros_msgs_s.ep.rosidl_typesupport_c.c.o\x1b[0m\n'}
[10.043376] (cartographer_ros_msgs) StdoutLine: {'line': b'[ 97%] \x1b[32mBuilding C object CMakeFiles/cartographer_ros_msgs_s__rosidl_typesupport_fastrtps_c.dir/rosidl_generator_py/cartographer_ros_msgs/_cartographer_ros_msgs_s.ep.rosidl_typesupport_fastrtps_c.c.o\x1b[0m\n'}
[10.047590] (-) TimerEvent: {}
[10.147759] (-) TimerEvent: {}
[10.158160] (cartographer_ros_msgs) StdoutLine: {'line': b'[ 99%] \x1b[32m\x1b[1mLinking C shared module rosidl_generator_py/cartographer_ros_msgs/cartographer_ros_msgs_s__rosidl_typesupport_fastrtps_c.so\x1b[0m\n'}
[10.158311] (cartographer_ros_msgs) StdoutLine: {'line': b'[ 99%] \x1b[32m\x1b[1mLinking C shared module rosidl_generator_py/cartographer_ros_msgs/cartographer_ros_msgs_s__rosidl_typesupport_c.so\x1b[0m\n'}
[10.158723] (cartographer_ros_msgs) StdoutLine: {'line': b'[100%] \x1b[32m\x1b[1mLinking C shared module rosidl_generator_py/cartographer_ros_msgs/cartographer_ros_msgs_s__rosidl_typesupport_introspection_c.so\x1b[0m\n'}
[10.179623] (cartographer_ros_msgs) StdoutLine: {'line': b'[100%] Built target cartographer_ros_msgs_s__rosidl_typesupport_c\n'}
[10.183502] (cartographer_ros_msgs) StdoutLine: {'line': b'[100%] Built target cartographer_ros_msgs_s__rosidl_typesupport_introspection_c\n'}
[10.183596] (cartographer_ros_msgs) StdoutLine: {'line': b'[100%] Built target cartographer_ros_msgs_s__rosidl_typesupport_fastrtps_c\n'}
[10.191159] (cartographer_ros_msgs) CommandEnded: {'returncode': 0}
[10.191592] (cartographer_ros_msgs) JobProgress: {'identifier': 'cartographer_ros_msgs', 'progress': 'install'}
[10.191740] (cartographer_ros_msgs) Command: {'cmd': ['/usr/bin/cmake', '--install', '/root/distr_slam_ws/build/cartographer_ros_msgs'], 'cwd': '/root/distr_slam_ws/build/cartographer_ros_msgs', 'env': OrderedDict({'HOSTNAME': 'doraemon', 'SHLVL': '1', 'LIBGL_ALWAYS_SOFTWARE': '1', 'LD_LIBRARY_PATH': '/opt/ros/jazzy/opt/rviz_ogre_vendor/lib:/opt/ros/jazzy/lib/x86_64-linux-gnu:/opt/ros/jazzy/opt/gz_math_vendor/lib:/opt/ros/jazzy/opt/gz_utils_vendor/lib:/opt/ros/jazzy/opt/gz_cmake_vendor/lib:/opt/ros/jazzy/lib', 'HOME': '/root', 'ROS_PYTHON_VERSION': '3', 'ROS_DISTRO': 'jazzy', '_': '/usr/bin/colcon', 'ROS_VERSION': '2', 'TERM': 'xterm', 'ROS_LOCALHOST_ONLY': '1', 'QT_X11_NO_MITSHM': '1', 'PATH': '/opt/ros/jazzy/bin:/usr/local/sbin:/usr/local/bin:/usr/sbin:/usr/bin:/sbin:/bin', 'DISPLAY': 'localhost:10.0', 'LANG': 'en_US.UTF-8', 'LS_COLORS': 'rs=0:di=01;34:ln=01;36:mh=00:pi=40;33:so=01;35:do=01;35:bd=40;33;01:cd=40;33;01:or=40;31;01:mi=00:su=37;41:sg=30;43:ca=00:tw=30;42:ow=34;42:st=37;44:ex=01;32:*.tar=01;31:*.tgz=01;31:*.arc=01;31:*.arj=01;31:*.taz=01;31:*.lha=01;31:*.lz4=01;31:*.lzh=01;31:*.lzma=01;31:*.tlz=01;31:*.txz=01;31:*.tzo=01;31:*.t7z=01;31:*.zip=01;31:*.z=01;31:*.dz=01;31:*.gz=01;31:*.lrz=01;31:*.lz=01;31:*.lzo=01;31:*.xz=01;31:*.zst=01;31:*.tzst=01;31:*.bz2=01;31:*.bz=01;31:*.tbz=01;31:*.tbz2=01;31:*.tz=01;31:*.deb=01;31:*.rpm=01;31:*.jar=01;31:*.war=01;31:*.ear=01;31:*.sar=01;31:*.rar=01;31:*.alz=01;31:*.ace=01;31:*.zoo=01;31:*.cpio=01;31:*.7z=01;31:*.rz=01;31:*.cab=01;31:*.wim=01;31:*.swm=01;31:*.dwm=01;31:*.esd=01;31:*.avif=01;35:*.jpg=01;35:*.jpeg=01;35:*.mjpg=01;35:*.mjpeg=01;35:*.gif=01;35:*.bmp=01;35:*.pbm=01;35:*.pgm=01;35:*.ppm=01;35:*.tga=01;35:*.xbm=01;35:*.xpm=01;35:*.tif=01;35:*.tiff=01;35:*.png=01;35:*.svg=01;35:*.svgz=01;35:*.mng=01;35:*.pcx=01;35:*.mov=01;35:*.mpg=01;35:*.mpeg=01;35:*.m2v=01;35:*.mkv=01;35:*.webm=01;35:*.webp=01;35:*.ogm=01;35:*.mp4=01;35:*.m4v=01;35:*.mp4v=01;35:*.vob=01;35:*.qt=01;35:*.nuv=01;35:*.wmv=01;35:*.asf=01;35:*.rm=01;35:*.rmvb=01;35:*.flc=01;35:*.avi=01;35:*.fli=01;35:*.flv=01;35:*.gl=01;35:*.dl=01;35:*.xcf=01;35:*.xwd=01;35:*.yuv=01;35:*.cgm=01;35:*.emf=01;35:*.ogv=01;35:*.ogx=01;35:*.aac=00;36:*.au=00;36:*.flac=00;36:*.m4a=00;36:*.mid=00;36:*.midi=00;36:*.mka=00;36:*.mp3=00;36:*.mpc=00;36:*.ogg=00;36:*.ra=00;36:*.wav=00;36:*.oga=00;36:*.opus=00;36:*.spx=00;36:*.xspf=00;36:*~=00;90:*#=00;90:*.bak=00;90:*.crdownload=00;90:*.dpkg-dist=00;90:*.dpkg-new=00;90:*.dpkg-old=00;90:*.dpkg-tmp=00;90:*.old=00;90:*.orig=00;90:*.part=00;90:*.rej=00;90:*.rpmnew=00;90:*.rpmorig=00;90:*.rpmsave=00;90:*.swp=00;90:*.tmp=00;90:*.ucf-dist=00;90:*.ucf-new=00;90:*.ucf-old=00;90:', 'AMENT_PREFIX_PATH': '/opt/ros/jazzy', 'DEBIAN_FRONTEND': 'noninteractive', 'ROS_AUTOMATIC_DISCOVERY_RANGE': 'SUBNET', 'PWD': '/root/distr_slam_ws/build/cartographer_ros_msgs', 'TURTLEBOT3_MODEL': 'burger', 'LC_ALL': 'en_US.UTF-8', 'PYTHONPATH': '/opt/ros/jazzy/lib/python3.12/site-packages', 'COLCON': '1', 'CMAKE_PREFIX_PATH': '/opt/ros/jazzy/opt/gz_math_vendor:/opt/ros/jazzy/opt/gz_utils_vendor:/opt/ros/jazzy/opt/gz_cmake_vendor:/opt/ros/jazzy'}), 'shell': False}
[10.199555] (cartographer_ros_msgs) StdoutLine: {'line': b'-- Install configuration: ""\n'}
[10.199694] (cartographer_ros_msgs) StdoutLine: {'line': b'-- Installing: /root/distr_slam_ws/install/cartographer_ros_msgs/share/ament_index/resource_index/rosidl_interfaces/cartographer_ros_msgs\n'}
[10.199927] (cartographer_ros_msgs) StdoutLine: {'line': b'-- Installing: /root/distr_slam_ws/install/cartographer_ros_msgs/share/cartographer_ros_msgs/msg/BagfileProgress.json\n'}
[10.200098] (cartographer_ros_msgs) StdoutLine: {'line': b'-- Installing: /root/distr_slam_ws/install/cartographer_ros_msgs/share/cartographer_ros_msgs/msg/HistogramBucket.json\n'}
[10.200256] (cartographer_ros_msgs) StdoutLine: {'line': b'-- Installing: /root/distr_slam_ws/install/cartographer_ros_msgs/share/cartographer_ros_msgs/msg/LandmarkEntry.json\n'}
[10.200417] (cartographer_ros_msgs) StdoutLine: {'line': b'-- Installing: /root/distr_slam_ws/install/cartographer_ros_msgs/share/cartographer_ros_msgs/msg/LandmarkList.json\n'}
[10.200560] (cartographer_ros_msgs) StdoutLine: {'line': b'-- Installing: /root/distr_slam_ws/install/cartographer_ros_msgs/share/cartographer_ros_msgs/msg/MetricFamily.json\n'}
[10.200697] (cartographer_ros_msgs) StdoutLine: {'line': b'-- Installing: /root/distr_slam_ws/install/cartographer_ros_msgs/share/cartographer_ros_msgs/msg/MetricLabel.json\n'}
[10.200835] (cartographer_ros_msgs) StdoutLine: {'line': b'-- Installing: /root/distr_slam_ws/install/cartographer_ros_msgs/share/cartographer_ros_msgs/msg/Metric.json\n'}
[10.200974] (cartographer_ros_msgs) StdoutLine: {'line': b'-- Installing: /root/distr_slam_ws/install/cartographer_ros_msgs/share/cartographer_ros_msgs/msg/StatusCode.json\n'}
[10.201113] (cartographer_ros_msgs) StdoutLine: {'line': b'-- Installing: /root/distr_slam_ws/install/cartographer_ros_msgs/share/cartographer_ros_msgs/msg/StatusResponse.json\n'}
[10.201249] (cartographer_ros_msgs) StdoutLine: {'line': b'-- Installing: /root/distr_slam_ws/install/cartographer_ros_msgs/share/cartographer_ros_msgs/msg/SubmapEntry.json\n'}
[10.201388] (cartographer_ros_msgs) StdoutLine: {'line': b'-- Installing: /root/distr_slam_ws/install/cartographer_ros_msgs/share/cartographer_ros_msgs/msg/SubmapList.json\n'}
[10.201522] (cartographer_ros_msgs) StdoutLine: {'line': b'-- Installing: /root/distr_slam_ws/install/cartographer_ros_msgs/share/cartographer_ros_msgs/msg/SubmapTexture.json\n'}
[10.201658] (cartographer_ros_msgs) StdoutLine: {'line': b'-- Installing: /root/distr_slam_ws/install/cartographer_ros_msgs/share/cartographer_ros_msgs/msg/TrajectoryStates.json\n'}
[10.201786] (cartographer_ros_msgs) StdoutLine: {'line': b'-- Installing: /root/distr_slam_ws/install/cartographer_ros_msgs/share/cartographer_ros_msgs/srv/FinishTrajectory.json\n'}
[10.201919] (cartographer_ros_msgs) StdoutLine: {'line': b'-- Installing: /root/distr_slam_ws/install/cartographer_ros_msgs/share/cartographer_ros_msgs/srv/GetTrajectoryStates.json\n'}
[10.202060] (cartographer_ros_msgs) StdoutLine: {'line': b'-- Installing: /root/distr_slam_ws/install/cartographer_ros_msgs/share/cartographer_ros_msgs/srv/ReadMetrics.json\n'}
[10.202189] (cartographer_ros_msgs) StdoutLine: {'line': b'-- Installing: /root/distr_slam_ws/install/cartographer_ros_msgs/share/cartographer_ros_msgs/srv/StartTrajectory.json\n'}
[10.202317] (cartographer_ros_msgs) StdoutLine: {'line': b'-- Installing: /root/distr_slam_ws/install/cartographer_ros_msgs/share/cartographer_ros_msgs/srv/TrajectoryQuery.json\n'}
[10.202441] (cartographer_ros_msgs) StdoutLine: {'line': b'-- Installing: /root/distr_slam_ws/install/cartographer_ros_msgs/share/cartographer_ros_msgs/srv/SubmapQuery.json\n'}
[10.202564] (cartographer_ros_msgs) StdoutLine: {'line': b'-- Installing: /root/distr_slam_ws/install/cartographer_ros_msgs/share/cartographer_ros_msgs/srv/WriteState.json\n'}
[10.202684] (cartographer_ros_msgs) StdoutLine: {'line': b'-- Installing: /root/distr_slam_ws/install/cartographer_ros_msgs/share/cartographer_ros_msgs/srv/GetSlamState.json\n'}
[10.202786] (cartographer_ros_msgs) StdoutLine: {'line': b'-- Installing: /root/distr_slam_ws/install/cartographer_ros_msgs/share/cartographer_ros_msgs/srv/SetSlamState.json\n'}
[10.202894] (cartographer_ros_msgs) StdoutLine: {'line': b'-- Up-to-date: /root/distr_slam_ws/install/cartographer_ros_msgs/include/cartographer_ros_msgs/cartographer_ros_msgs\n'}
[10.202955] (cartographer_ros_msgs) StdoutLine: {'line': b'-- Up-to-date: /root/distr_slam_ws/install/cartographer_ros_msgs/include/cartographer_ros_msgs/cartographer_ros_msgs/srv\n'}
[10.203015] (cartographer_ros_msgs) StdoutLine: {'line': b'-- Installing: /root/distr_slam_ws/install/cartographer_ros_msgs/include/cartographer_ros_msgs/cartographer_ros_msgs/srv/get_trajectory_states.h\n'}
[10.203089] (cartographer_ros_msgs) StdoutLine: {'line': b'-- Installing: /root/distr_slam_ws/install/cartographer_ros_msgs/include/cartographer_ros_msgs/cartographer_ros_msgs/srv/set_slam_state.h\n'}
[10.203180] (cartographer_ros_msgs) StdoutLine: {'line': b'-- Installing: /root/distr_slam_ws/install/cartographer_ros_msgs/include/cartographer_ros_msgs/cartographer_ros_msgs/srv/trajectory_query.h\n'}
[10.203279] (cartographer_ros_msgs) StdoutLine: {'line': b'-- Installing: /root/distr_slam_ws/install/cartographer_ros_msgs/include/cartographer_ros_msgs/cartographer_ros_msgs/srv/get_slam_state.h\n'}
[10.203364] (cartographer_ros_msgs) StdoutLine: {'line': b'-- Installing: /root/distr_slam_ws/install/cartographer_ros_msgs/include/cartographer_ros_msgs/cartographer_ros_msgs/srv/finish_trajectory.h\n'}
[10.203458] (cartographer_ros_msgs) StdoutLine: {'line': b'-- Installing: /root/distr_slam_ws/install/cartographer_ros_msgs/include/cartographer_ros_msgs/cartographer_ros_msgs/srv/submap_query.h\n'}
[10.203551] (cartographer_ros_msgs) StdoutLine: {'line': b'-- Installing: /root/distr_slam_ws/install/cartographer_ros_msgs/include/cartographer_ros_msgs/cartographer_ros_msgs/srv/read_metrics.h\n'}
[10.203644] (cartographer_ros_msgs) StdoutLine: {'line': b'-- Installing: /root/distr_slam_ws/install/cartographer_ros_msgs/include/cartographer_ros_msgs/cartographer_ros_msgs/srv/start_trajectory.h\n'}
[10.203733] (cartographer_ros_msgs) StdoutLine: {'line': b'-- Up-to-date: /root/distr_slam_ws/install/cartographer_ros_msgs/include/cartographer_ros_msgs/cartographer_ros_msgs/srv/detail\n'}
[10.203787] (cartographer_ros_msgs) StdoutLine: {'line': b'-- Installing: /root/distr_slam_ws/install/cartographer_ros_msgs/include/cartographer_ros_msgs/cartographer_ros_msgs/srv/detail/get_trajectory_states__type_support.c\n'}
[10.203901] (cartographer_ros_msgs) StdoutLine: {'line': b'-- Installing: /root/distr_slam_ws/install/cartographer_ros_msgs/include/cartographer_ros_msgs/cartographer_ros_msgs/srv/detail/start_trajectory__functions.h\n'}
[10.204019] (cartographer_ros_msgs) StdoutLine: {'line': b'-- Installing: /root/distr_slam_ws/install/cartographer_ros_msgs/include/cartographer_ros_msgs/cartographer_ros_msgs/srv/detail/read_metrics__struct.h\n'}
[10.204125] (cartographer_ros_msgs) StdoutLine: {'line': b'-- Installing: /root/distr_slam_ws/install/cartographer_ros_msgs/include/cartographer_ros_msgs/cartographer_ros_msgs/srv/detail/trajectory_query__type_support.c\n'}
[10.204217] (cartographer_ros_msgs) StdoutLine: {'line': b'-- Installing: /root/distr_slam_ws/install/cartographer_ros_msgs/include/cartographer_ros_msgs/cartographer_ros_msgs/srv/detail/read_metrics__type_support.c\n'}
[10.204553] (cartographer_ros_msgs) StdoutLine: {'line': b'-- Installing: /root/distr_slam_ws/install/cartographer_ros_msgs/include/cartographer_ros_msgs/cartographer_ros_msgs/srv/detail/finish_trajectory__struct.h\n'}
[10.204598] (cartographer_ros_msgs) StdoutLine: {'line': b'-- Installing: /root/distr_slam_ws/install/cartographer_ros_msgs/include/cartographer_ros_msgs/cartographer_ros_msgs/srv/detail/write_state__functions.h\n'}
[10.204641] (cartographer_ros_msgs) StdoutLine: {'line': b'-- Installing: /root/distr_slam_ws/install/cartographer_ros_msgs/include/cartographer_ros_msgs/cartographer_ros_msgs/srv/detail/read_metrics__functions.h\n'}
[10.204710] (cartographer_ros_msgs) StdoutLine: {'line': b'-- Installing: /root/distr_slam_ws/install/cartographer_ros_msgs/include/cartographer_ros_msgs/cartographer_ros_msgs/srv/detail/read_metrics__functions.c\n'}
[10.204769] (cartographer_ros_msgs) StdoutLine: {'line': b'-- Installing: /root/distr_slam_ws/install/cartographer_ros_msgs/include/cartographer_ros_msgs/cartographer_ros_msgs/srv/detail/start_trajectory__functions.c\n'}
[10.204852] (cartographer_ros_msgs) StdoutLine: {'line': b'-- Installing: /root/distr_slam_ws/install/cartographer_ros_msgs/include/cartographer_ros_msgs/cartographer_ros_msgs/srv/detail/read_metrics__description.c\n'}
[10.204956] (cartographer_ros_msgs) StdoutLine: {'line': b'-- Installing: /root/distr_slam_ws/install/cartographer_ros_msgs/include/cartographer_ros_msgs/cartographer_ros_msgs/srv/detail/get_slam_state__description.c\n'}
[10.205047] (cartographer_ros_msgs) StdoutLine: {'line': b'-- Installing: /root/distr_slam_ws/install/cartographer_ros_msgs/include/cartographer_ros_msgs/cartographer_ros_msgs/srv/detail/read_metrics__type_support.h\n'}
[10.205136] (cartographer_ros_msgs) StdoutLine: {'line': b'-- Installing: /root/distr_slam_ws/install/cartographer_ros_msgs/include/cartographer_ros_msgs/cartographer_ros_msgs/srv/detail/trajectory_query__struct.h\n'}
[10.205225] (cartographer_ros_msgs) StdoutLine: {'line': b'-- Installing: /root/distr_slam_ws/install/cartographer_ros_msgs/include/cartographer_ros_msgs/cartographer_ros_msgs/srv/detail/trajectory_query__type_support.h\n'}
[10.205325] (cartographer_ros_msgs) StdoutLine: {'line': b'-- Installing: /root/distr_slam_ws/install/cartographer_ros_msgs/include/cartographer_ros_msgs/cartographer_ros_msgs/srv/detail/set_slam_state__struct.h\n'}
[10.205389] (cartographer_ros_msgs) StdoutLine: {'line': b'-- Installing: /root/distr_slam_ws/install/cartographer_ros_msgs/include/cartographer_ros_msgs/cartographer_ros_msgs/srv/detail/finish_trajectory__functions.h\n'}
[10.205486] (cartographer_ros_msgs) StdoutLine: {'line': b'-- Installing: /root/distr_slam_ws/install/cartographer_ros_msgs/include/cartographer_ros_msgs/cartographer_ros_msgs/srv/detail/submap_query__type_support.c\n'}
[10.205574] (cartographer_ros_msgs) StdoutLine: {'line': b'-- Installing: /root/distr_slam_ws/install/cartographer_ros_msgs/include/cartographer_ros_msgs/cartographer_ros_msgs/srv/detail/get_slam_state__functions.c\n'}
[10.205660] (cartographer_ros_msgs) StdoutLine: {'line': b'-- Installing: /root/distr_slam_ws/install/cartographer_ros_msgs/include/cartographer_ros_msgs/cartographer_ros_msgs/srv/detail/trajectory_query__functions.c\n'}
[10.205755] (cartographer_ros_msgs) StdoutLine: {'line': b'-- Installing: /root/distr_slam_ws/install/cartographer_ros_msgs/include/cartographer_ros_msgs/cartographer_ros_msgs/srv/detail/write_state__description.c\n'}
[10.205850] (cartographer_ros_msgs) StdoutLine: {'line': b'-- Installing: /root/distr_slam_ws/install/cartographer_ros_msgs/include/cartographer_ros_msgs/cartographer_ros_msgs/srv/detail/get_trajectory_states__description.c\n'}
[10.205950] (cartographer_ros_msgs) StdoutLine: {'line': b'-- Installing: /root/distr_slam_ws/install/cartographer_ros_msgs/include/cartographer_ros_msgs/cartographer_ros_msgs/srv/detail/submap_query__functions.h\n'}
[10.206045] (cartographer_ros_msgs) StdoutLine: {'line': b'-- Installing: /root/distr_slam_ws/install/cartographer_ros_msgs/include/cartographer_ros_msgs/cartographer_ros_msgs/srv/detail/write_state__functions.c\n'}
[10.206140] (cartographer_ros_msgs) StdoutLine: {'line': b'-- Installing: /root/distr_slam_ws/install/cartographer_ros_msgs/include/cartographer_ros_msgs/cartographer_ros_msgs/srv/detail/finish_trajectory__functions.c\n'}
[10.206233] (cartographer_ros_msgs) StdoutLine: {'line': b'-- Installing: /root/distr_slam_ws/install/cartographer_ros_msgs/include/cartographer_ros_msgs/cartographer_ros_msgs/srv/detail/get_trajectory_states__type_support.h\n'}
[10.206309] (cartographer_ros_msgs) StdoutLine: {'line': b'-- Installing: /root/distr_slam_ws/install/cartographer_ros_msgs/include/cartographer_ros_msgs/cartographer_ros_msgs/srv/detail/submap_query__functions.c\n'}
[10.206398] (cartographer_ros_msgs) StdoutLine: {'line': b'-- Installing: /root/distr_slam_ws/install/cartographer_ros_msgs/include/cartographer_ros_msgs/cartographer_ros_msgs/srv/detail/get_trajectory_states__struct.h\n'}
[10.206481] (cartographer_ros_msgs) StdoutLine: {'line': b'-- Installing: /root/distr_slam_ws/install/cartographer_ros_msgs/include/cartographer_ros_msgs/cartographer_ros_msgs/srv/detail/get_slam_state__struct.h\n'}
[10.206547] (cartographer_ros_msgs) StdoutLine: {'line': b'-- Installing: /root/distr_slam_ws/install/cartographer_ros_msgs/include/cartographer_ros_msgs/cartographer_ros_msgs/srv/detail/write_state__type_support.c\n'}
[10.206624] (cartographer_ros_msgs) StdoutLine: {'line': b'-- Installing: /root/distr_slam_ws/install/cartographer_ros_msgs/include/cartographer_ros_msgs/cartographer_ros_msgs/srv/detail/set_slam_state__functions.c\n'}
[10.206707] (cartographer_ros_msgs) StdoutLine: {'line': b'-- Installing: /root/distr_slam_ws/install/cartographer_ros_msgs/include/cartographer_ros_msgs/cartographer_ros_msgs/srv/detail/write_state__struct.h\n'}
[10.206779] (cartographer_ros_msgs) StdoutLine: {'line': b'-- Installing: /root/distr_slam_ws/install/cartographer_ros_msgs/include/cartographer_ros_msgs/cartographer_ros_msgs/srv/detail/set_slam_state__functions.h\n'}
[10.206856] (cartographer_ros_msgs) StdoutLine: {'line': b'-- Installing: /root/distr_slam_ws/install/cartographer_ros_msgs/include/cartographer_ros_msgs/cartographer_ros_msgs/srv/detail/get_trajectory_states__functions.h\n'}
[10.206943] (cartographer_ros_msgs) StdoutLine: {'line': b'-- Installing: /root/distr_slam_ws/install/cartographer_ros_msgs/include/cartographer_ros_msgs/cartographer_ros_msgs/srv/detail/set_slam_state__type_support.c\n'}
[10.207008] (cartographer_ros_msgs) StdoutLine: {'line': b'-- Installing: /root/distr_slam_ws/install/cartographer_ros_msgs/include/cartographer_ros_msgs/cartographer_ros_msgs/srv/detail/start_trajectory__type_support.h\n'}
[10.207080] (cartographer_ros_msgs) StdoutLine: {'line': b'-- Installing: /root/distr_slam_ws/install/cartographer_ros_msgs/include/cartographer_ros_msgs/cartographer_ros_msgs/srv/detail/trajectory_query__functions.h\n'}
[10.207166] (cartographer_ros_msgs) StdoutLine: {'line': b'-- Installing: /root/distr_slam_ws/install/cartographer_ros_msgs/include/cartographer_ros_msgs/cartographer_ros_msgs/srv/detail/write_state__type_support.h\n'}
[10.207242] (cartographer_ros_msgs) StdoutLine: {'line': b'-- Installing: /root/distr_slam_ws/install/cartographer_ros_msgs/include/cartographer_ros_msgs/cartographer_ros_msgs/srv/detail/set_slam_state__type_support.h\n'}
[10.207305] (cartographer_ros_msgs) StdoutLine: {'line': b'-- Installing: /root/distr_slam_ws/install/cartographer_ros_msgs/include/cartographer_ros_msgs/cartographer_ros_msgs/srv/detail/submap_query__type_support.h\n'}
[10.207374] (cartographer_ros_msgs) StdoutLine: {'line': b'-- Installing: /root/distr_slam_ws/install/cartographer_ros_msgs/include/cartographer_ros_msgs/cartographer_ros_msgs/srv/detail/start_trajectory__type_support.c\n'}
[10.207446] (cartographer_ros_msgs) StdoutLine: {'line': b'-- Installing: /root/distr_slam_ws/install/cartographer_ros_msgs/include/cartographer_ros_msgs/cartographer_ros_msgs/srv/detail/trajectory_query__description.c\n'}
[10.207531] (cartographer_ros_msgs) StdoutLine: {'line': b'-- Installing: /root/distr_slam_ws/install/cartographer_ros_msgs/include/cartographer_ros_msgs/cartographer_ros_msgs/srv/detail/submap_query__struct.h\n'}
[10.207601] (cartographer_ros_msgs) StdoutLine: {'line': b'-- Installing: /root/distr_slam_ws/install/cartographer_ros_msgs/include/cartographer_ros_msgs/cartographer_ros_msgs/srv/detail/submap_query__description.c\n'}
[10.207683] (cartographer_ros_msgs) StdoutLine: {'line': b'-- Installing: /root/distr_slam_ws/install/cartographer_ros_msgs/include/cartographer_ros_msgs/cartographer_ros_msgs/srv/detail/start_trajectory__description.c\n'}
[10.207767] (cartographer_ros_msgs) StdoutLine: {'line': b'-- Installing: /root/distr_slam_ws/install/cartographer_ros_msgs/include/cartographer_ros_msgs/cartographer_ros_msgs/srv/detail/finish_trajectory__type_support.c\n'}
[10.207838] (cartographer_ros_msgs) StdoutLine: {'line': b'-- Installing: /root/distr_slam_ws/install/cartographer_ros_msgs/include/cartographer_ros_msgs/cartographer_ros_msgs/srv/detail/start_trajectory__struct.h\n'}
[10.207909] (cartographer_ros_msgs) StdoutLine: {'line': b'-- Installing: /root/distr_slam_ws/install/cartographer_ros_msgs/include/cartographer_ros_msgs/cartographer_ros_msgs/srv/detail/get_trajectory_states__functions.c\n'}
[10.207990] (cartographer_ros_msgs) StdoutLine: {'line': b'-- Installing: /root/distr_slam_ws/install/cartographer_ros_msgs/include/cartographer_ros_msgs/cartographer_ros_msgs/srv/detail/get_slam_state__type_support.h\n'}
[10.208053] (cartographer_ros_msgs) StdoutLine: {'line': b'-- Installing: /root/distr_slam_ws/install/cartographer_ros_msgs/include/cartographer_ros_msgs/cartographer_ros_msgs/srv/detail/set_slam_state__description.c\n'}
[10.208118] (cartographer_ros_msgs) StdoutLine: {'line': b'-- Installing: /root/distr_slam_ws/install/cartographer_ros_msgs/include/cartographer_ros_msgs/cartographer_ros_msgs/srv/detail/get_slam_state__functions.h\n'}
[10.208190] (cartographer_ros_msgs) StdoutLine: {'line': b'-- Installing: /root/distr_slam_ws/install/cartographer_ros_msgs/include/cartographer_ros_msgs/cartographer_ros_msgs/srv/detail/finish_trajectory__type_support.h\n'}
[10.208256] (cartographer_ros_msgs) StdoutLine: {'line': b'-- Installing: /root/distr_slam_ws/install/cartographer_ros_msgs/include/cartographer_ros_msgs/cartographer_ros_msgs/srv/detail/get_slam_state__type_support.c\n'}
[10.208315] (cartographer_ros_msgs) StdoutLine: {'line': b'-- Installing: /root/distr_slam_ws/install/cartographer_ros_msgs/include/cartographer_ros_msgs/cartographer_ros_msgs/srv/detail/finish_trajectory__description.c\n'}
[10.208392] (cartographer_ros_msgs) StdoutLine: {'line': b'-- Installing: /root/distr_slam_ws/install/cartographer_ros_msgs/include/cartographer_ros_msgs/cartographer_ros_msgs/srv/write_state.h\n'}
[10.208451] (cartographer_ros_msgs) StdoutLine: {'line': b'-- Up-to-date: /root/distr_slam_ws/install/cartographer_ros_msgs/include/cartographer_ros_msgs/cartographer_ros_msgs/msg\n'}
[10.208486] (cartographer_ros_msgs) StdoutLine: {'line': b'-- Up-to-date: /root/distr_slam_ws/install/cartographer_ros_msgs/include/cartographer_ros_msgs/cartographer_ros_msgs/msg/rosidl_generator_c__visibility_control.h\n'}
[10.208521] (cartographer_ros_msgs) StdoutLine: {'line': b'-- Installing: /root/distr_slam_ws/install/cartographer_ros_msgs/include/cartographer_ros_msgs/cartographer_ros_msgs/msg/metric.h\n'}
[10.208554] (cartographer_ros_msgs) StdoutLine: {'line': b'-- Installing: /root/distr_slam_ws/install/cartographer_ros_msgs/include/cartographer_ros_msgs/cartographer_ros_msgs/msg/submap_list.h\n'}
[10.208615] (cartographer_ros_msgs) StdoutLine: {'line': b'-- Installing: /root/distr_slam_ws/install/cartographer_ros_msgs/include/cartographer_ros_msgs/cartographer_ros_msgs/msg/bagfile_progress.h\n'}
[10.208675] (cartographer_ros_msgs) StdoutLine: {'line': b'-- Installing: /root/distr_slam_ws/install/cartographer_ros_msgs/include/cartographer_ros_msgs/cartographer_ros_msgs/msg/submap_entry.h\n'}
[10.208735] (cartographer_ros_msgs) StdoutLine: {'line': b'-- Installing: /root/distr_slam_ws/install/cartographer_ros_msgs/include/cartographer_ros_msgs/cartographer_ros_msgs/msg/landmark_entry.h\n'}
[10.208793] (cartographer_ros_msgs) StdoutLine: {'line': b'-- Installing: /root/distr_slam_ws/install/cartographer_ros_msgs/include/cartographer_ros_msgs/cartographer_ros_msgs/msg/metric_label.h\n'}
[10.208853] (cartographer_ros_msgs) StdoutLine: {'line': b'-- Installing: /root/distr_slam_ws/install/cartographer_ros_msgs/include/cartographer_ros_msgs/cartographer_ros_msgs/msg/submap_texture.h\n'}
[10.208912] (cartographer_ros_msgs) StdoutLine: {'line': b'-- Installing: /root/distr_slam_ws/install/cartographer_ros_msgs/include/cartographer_ros_msgs/cartographer_ros_msgs/msg/trajectory_states.h\n'}
[10.208972] (cartographer_ros_msgs) StdoutLine: {'line': b'-- Installing: /root/distr_slam_ws/install/cartographer_ros_msgs/include/cartographer_ros_msgs/cartographer_ros_msgs/msg/landmark_list.h\n'}
[10.209032] (cartographer_ros_msgs) StdoutLine: {'line': b'-- Installing: /root/distr_slam_ws/install/cartographer_ros_msgs/include/cartographer_ros_msgs/cartographer_ros_msgs/msg/status_response.h\n'}
[10.209089] (cartographer_ros_msgs) StdoutLine: {'line': b'-- Installing: /root/distr_slam_ws/install/cartographer_ros_msgs/include/cartographer_ros_msgs/cartographer_ros_msgs/msg/histogram_bucket.h\n'}
[10.209151] (cartographer_ros_msgs) StdoutLine: {'line': b'-- Installing: /root/distr_slam_ws/install/cartographer_ros_msgs/include/cartographer_ros_msgs/cartographer_ros_msgs/msg/status_code.h\n'}
[10.209209] (cartographer_ros_msgs) StdoutLine: {'line': b'-- Installing: /root/distr_slam_ws/install/cartographer_ros_msgs/include/cartographer_ros_msgs/cartographer_ros_msgs/msg/metric_family.h\n'}
[10.209267] (cartographer_ros_msgs) StdoutLine: {'line': b'-- Up-to-date: /root/distr_slam_ws/install/cartographer_ros_msgs/include/cartographer_ros_msgs/cartographer_ros_msgs/msg/detail\n'}
[10.209309] (cartographer_ros_msgs) StdoutLine: {'line': b'-- Installing: /root/distr_slam_ws/install/cartographer_ros_msgs/include/cartographer_ros_msgs/cartographer_ros_msgs/msg/detail/bagfile_progress__struct.h\n'}
[10.209373] (cartographer_ros_msgs) StdoutLine: {'line': b'-- Installing: /root/distr_slam_ws/install/cartographer_ros_msgs/include/cartographer_ros_msgs/cartographer_ros_msgs/msg/detail/metric_family__type_support.c\n'}
[10.209439] (cartographer_ros_msgs) StdoutLine: {'line': b'-- Installing: /root/distr_slam_ws/install/cartographer_ros_msgs/include/cartographer_ros_msgs/cartographer_ros_msgs/msg/detail/metric__functions.c\n'}
[10.209510] (cartographer_ros_msgs) StdoutLine: {'line': b'-- Installing: /root/distr_slam_ws/install/cartographer_ros_msgs/include/cartographer_ros_msgs/cartographer_ros_msgs/msg/detail/status_response__type_support.h\n'}
[10.209572] (cartographer_ros_msgs) StdoutLine: {'line': b'-- Installing: /root/distr_slam_ws/install/cartographer_ros_msgs/include/cartographer_ros_msgs/cartographer_ros_msgs/msg/detail/submap_texture__functions.c\n'}
[10.209641] (cartographer_ros_msgs) StdoutLine: {'line': b'-- Installing: /root/distr_slam_ws/install/cartographer_ros_msgs/include/cartographer_ros_msgs/cartographer_ros_msgs/msg/detail/metric__struct.h\n'}
[10.209711] (cartographer_ros_msgs) StdoutLine: {'line': b'-- Installing: /root/distr_slam_ws/install/cartographer_ros_msgs/include/cartographer_ros_msgs/cartographer_ros_msgs/msg/detail/status_response__type_support.c\n'}
[10.209775] (cartographer_ros_msgs) StdoutLine: {'line': b'-- Installing: /root/distr_slam_ws/install/cartographer_ros_msgs/include/cartographer_ros_msgs/cartographer_ros_msgs/msg/detail/submap_texture__struct.h\n'}
[10.209838] (cartographer_ros_msgs) StdoutLine: {'line': b'-- Installing: /root/distr_slam_ws/install/cartographer_ros_msgs/include/cartographer_ros_msgs/cartographer_ros_msgs/msg/detail/status_response__struct.h\n'}
[10.209901] (cartographer_ros_msgs) StdoutLine: {'line': b'-- Installing: /root/distr_slam_ws/install/cartographer_ros_msgs/include/cartographer_ros_msgs/cartographer_ros_msgs/msg/detail/submap_texture__type_support.c\n'}
[10.209965] (cartographer_ros_msgs) StdoutLine: {'line': b'-- Installing: /root/distr_slam_ws/install/cartographer_ros_msgs/include/cartographer_ros_msgs/cartographer_ros_msgs/msg/detail/landmark_entry__type_support.h\n'}
[10.210027] (cartographer_ros_msgs) StdoutLine: {'line': b'-- Installing: /root/distr_slam_ws/install/cartographer_ros_msgs/include/cartographer_ros_msgs/cartographer_ros_msgs/msg/detail/histogram_bucket__type_support.h\n'}
[10.210092] (cartographer_ros_msgs) StdoutLine: {'line': b'-- Installing: /root/distr_slam_ws/install/cartographer_ros_msgs/include/cartographer_ros_msgs/cartographer_ros_msgs/msg/detail/landmark_list__type_support.c\n'}
[10.210156] (cartographer_ros_msgs) StdoutLine: {'line': b'-- Installing: /root/distr_slam_ws/install/cartographer_ros_msgs/include/cartographer_ros_msgs/cartographer_ros_msgs/msg/detail/metric_label__description.c\n'}
[10.210222] (cartographer_ros_msgs) StdoutLine: {'line': b'-- Installing: /root/distr_slam_ws/install/cartographer_ros_msgs/include/cartographer_ros_msgs/cartographer_ros_msgs/msg/detail/status_code__type_support.h\n'}
[10.210284] (cartographer_ros_msgs) StdoutLine: {'line': b'-- Installing: /root/distr_slam_ws/install/cartographer_ros_msgs/include/cartographer_ros_msgs/cartographer_ros_msgs/msg/detail/landmark_list__functions.h\n'}
[10.210354] (cartographer_ros_msgs) StdoutLine: {'line': b'-- Installing: /root/distr_slam_ws/install/cartographer_ros_msgs/include/cartographer_ros_msgs/cartographer_ros_msgs/msg/detail/landmark_entry__description.c\n'}
[10.210418] (cartographer_ros_msgs) StdoutLine: {'line': b'-- Installing: /root/distr_slam_ws/install/cartographer_ros_msgs/include/cartographer_ros_msgs/cartographer_ros_msgs/msg/detail/status_response__functions.c\n'}
[10.210486] (cartographer_ros_msgs) StdoutLine: {'line': b'-- Installing: /root/distr_slam_ws/install/cartographer_ros_msgs/include/cartographer_ros_msgs/cartographer_ros_msgs/msg/detail/metric_family__description.c\n'}
[10.210553] (cartographer_ros_msgs) StdoutLine: {'line': b'-- Installing: /root/distr_slam_ws/install/cartographer_ros_msgs/include/cartographer_ros_msgs/cartographer_ros_msgs/msg/detail/metric__type_support.h\n'}
[10.210616] (cartographer_ros_msgs) StdoutLine: {'line': b'-- Installing: /root/distr_slam_ws/install/cartographer_ros_msgs/include/cartographer_ros_msgs/cartographer_ros_msgs/msg/detail/metric_label__functions.h\n'}
[10.210683] (cartographer_ros_msgs) StdoutLine: {'line': b'-- Installing: /root/distr_slam_ws/install/cartographer_ros_msgs/include/cartographer_ros_msgs/cartographer_ros_msgs/msg/detail/histogram_bucket__description.c\n'}
[10.210749] (cartographer_ros_msgs) StdoutLine: {'line': b'-- Installing: /root/distr_slam_ws/install/cartographer_ros_msgs/include/cartographer_ros_msgs/cartographer_ros_msgs/msg/detail/metric__type_support.c\n'}
[10.210813] (cartographer_ros_msgs) StdoutLine: {'line': b'-- Installing: /root/distr_slam_ws/install/cartographer_ros_msgs/include/cartographer_ros_msgs/cartographer_ros_msgs/msg/detail/bagfile_progress__type_support.c\n'}
[10.210876] (cartographer_ros_msgs) StdoutLine: {'line': b'-- Installing: /root/distr_slam_ws/install/cartographer_ros_msgs/include/cartographer_ros_msgs/cartographer_ros_msgs/msg/detail/trajectory_states__type_support.h\n'}
[10.210940] (cartographer_ros_msgs) StdoutLine: {'line': b'-- Installing: /root/distr_slam_ws/install/cartographer_ros_msgs/include/cartographer_ros_msgs/cartographer_ros_msgs/msg/detail/status_code__description.c\n'}
[10.211007] (cartographer_ros_msgs) StdoutLine: {'line': b'-- Installing: /root/distr_slam_ws/install/cartographer_ros_msgs/include/cartographer_ros_msgs/cartographer_ros_msgs/msg/detail/submap_list__functions.h\n'}
[10.211076] (cartographer_ros_msgs) StdoutLine: {'line': b'-- Installing: /root/distr_slam_ws/install/cartographer_ros_msgs/include/cartographer_ros_msgs/cartographer_ros_msgs/msg/detail/metric_label__functions.c\n'}
[10.211142] (cartographer_ros_msgs) StdoutLine: {'line': b'-- Installing: /root/distr_slam_ws/install/cartographer_ros_msgs/include/cartographer_ros_msgs/cartographer_ros_msgs/msg/detail/bagfile_progress__functions.c\n'}
[10.211217] (cartographer_ros_msgs) StdoutLine: {'line': b'-- Installing: /root/distr_slam_ws/install/cartographer_ros_msgs/include/cartographer_ros_msgs/cartographer_ros_msgs/msg/detail/landmark_entry__functions.c\n'}
[10.211285] (cartographer_ros_msgs) StdoutLine: {'line': b'-- Installing: /root/distr_slam_ws/install/cartographer_ros_msgs/include/cartographer_ros_msgs/cartographer_ros_msgs/msg/detail/status_response__functions.h\n'}
[10.211375] (cartographer_ros_msgs) StdoutLine: {'line': b'-- Installing: /root/distr_slam_ws/install/cartographer_ros_msgs/include/cartographer_ros_msgs/cartographer_ros_msgs/msg/detail/landmark_list__struct.h\n'}
[10.211438] (cartographer_ros_msgs) StdoutLine: {'line': b'-- Installing: /root/distr_slam_ws/install/cartographer_ros_msgs/include/cartographer_ros_msgs/cartographer_ros_msgs/msg/detail/landmark_entry__functions.h\n'}
[10.211507] (cartographer_ros_msgs) StdoutLine: {'line': b'-- Installing: /root/distr_slam_ws/install/cartographer_ros_msgs/include/cartographer_ros_msgs/cartographer_ros_msgs/msg/detail/status_code__functions.h\n'}
[10.211576] (cartographer_ros_msgs) StdoutLine: {'line': b'-- Installing: /root/distr_slam_ws/install/cartographer_ros_msgs/include/cartographer_ros_msgs/cartographer_ros_msgs/msg/detail/metric_family__functions.c\n'}
[10.211645] (cartographer_ros_msgs) StdoutLine: {'line': b'-- Installing: /root/distr_slam_ws/install/cartographer_ros_msgs/include/cartographer_ros_msgs/cartographer_ros_msgs/msg/detail/status_code__functions.c\n'}
[10.211711] (cartographer_ros_msgs) StdoutLine: {'line': b'-- Installing: /root/distr_slam_ws/install/cartographer_ros_msgs/include/cartographer_ros_msgs/cartographer_ros_msgs/msg/detail/submap_entry__functions.c\n'}
[10.211781] (cartographer_ros_msgs) StdoutLine: {'line': b'-- Installing: /root/distr_slam_ws/install/cartographer_ros_msgs/include/cartographer_ros_msgs/cartographer_ros_msgs/msg/detail/status_code__struct.h\n'}
[10.211847] (cartographer_ros_msgs) StdoutLine: {'line': b'-- Installing: /root/distr_slam_ws/install/cartographer_ros_msgs/include/cartographer_ros_msgs/cartographer_ros_msgs/msg/detail/trajectory_states__functions.h\n'}
[10.211916] (cartographer_ros_msgs) StdoutLine: {'line': b'-- Installing: /root/distr_slam_ws/install/cartographer_ros_msgs/include/cartographer_ros_msgs/cartographer_ros_msgs/msg/detail/landmark_list__description.c\n'}
[10.211986] (cartographer_ros_msgs) StdoutLine: {'line': b'-- Installing: /root/distr_slam_ws/install/cartographer_ros_msgs/include/cartographer_ros_msgs/cartographer_ros_msgs/msg/detail/bagfile_progress__functions.h\n'}
[10.212055] (cartographer_ros_msgs) StdoutLine: {'line': b'-- Installing: /root/distr_slam_ws/install/cartographer_ros_msgs/include/cartographer_ros_msgs/cartographer_ros_msgs/msg/detail/histogram_bucket__type_support.c\n'}
[10.212130] (cartographer_ros_msgs) StdoutLine: {'line': b'-- Installing: /root/distr_slam_ws/install/cartographer_ros_msgs/include/cartographer_ros_msgs/cartographer_ros_msgs/msg/detail/metric_label__type_support.c\n'}
[10.212189] (cartographer_ros_msgs) StdoutLine: {'line': b'-- Installing: /root/distr_slam_ws/install/cartographer_ros_msgs/include/cartographer_ros_msgs/cartographer_ros_msgs/msg/detail/submap_list__type_support.c\n'}
[10.212254] (cartographer_ros_msgs) StdoutLine: {'line': b'-- Installing: /root/distr_slam_ws/install/cartographer_ros_msgs/include/cartographer_ros_msgs/cartographer_ros_msgs/msg/detail/status_code__type_support.c\n'}
[10.212324] (cartographer_ros_msgs) StdoutLine: {'line': b'-- Installing: /root/distr_slam_ws/install/cartographer_ros_msgs/include/cartographer_ros_msgs/cartographer_ros_msgs/msg/detail/submap_texture__type_support.h\n'}
[10.212390] (cartographer_ros_msgs) StdoutLine: {'line': b'-- Installing: /root/distr_slam_ws/install/cartographer_ros_msgs/include/cartographer_ros_msgs/cartographer_ros_msgs/msg/detail/submap_list__struct.h\n'}
[10.212458] (cartographer_ros_msgs) StdoutLine: {'line': b'-- Installing: /root/distr_slam_ws/install/cartographer_ros_msgs/include/cartographer_ros_msgs/cartographer_ros_msgs/msg/detail/metric_family__functions.h\n'}
[10.212529] (cartographer_ros_msgs) StdoutLine: {'line': b'-- Installing: /root/distr_slam_ws/install/cartographer_ros_msgs/include/cartographer_ros_msgs/cartographer_ros_msgs/msg/detail/submap_list__description.c\n'}
[10.212599] (cartographer_ros_msgs) StdoutLine: {'line': b'-- Installing: /root/distr_slam_ws/install/cartographer_ros_msgs/include/cartographer_ros_msgs/cartographer_ros_msgs/msg/detail/metric__description.c\n'}
[10.212665] (cartographer_ros_msgs) StdoutLine: {'line': b'-- Installing: /root/distr_slam_ws/install/cartographer_ros_msgs/include/cartographer_ros_msgs/cartographer_ros_msgs/msg/detail/submap_list__type_support.h\n'}
[10.212730] (cartographer_ros_msgs) StdoutLine: {'line': b'-- Installing: /root/distr_slam_ws/install/cartographer_ros_msgs/include/cartographer_ros_msgs/cartographer_ros_msgs/msg/detail/submap_texture__description.c\n'}
[10.212798] (cartographer_ros_msgs) StdoutLine: {'line': b'-- Installing: /root/distr_slam_ws/install/cartographer_ros_msgs/include/cartographer_ros_msgs/cartographer_ros_msgs/msg/detail/submap_list__functions.c\n'}
[10.212865] (cartographer_ros_msgs) StdoutLine: {'line': b'-- Installing: /root/distr_slam_ws/install/cartographer_ros_msgs/include/cartographer_ros_msgs/cartographer_ros_msgs/msg/detail/bagfile_progress__description.c\n'}
[10.212932] (cartographer_ros_msgs) StdoutLine: {'line': b'-- Installing: /root/distr_slam_ws/install/cartographer_ros_msgs/include/cartographer_ros_msgs/cartographer_ros_msgs/msg/detail/submap_entry__functions.h\n'}
[10.213002] (cartographer_ros_msgs) StdoutLine: {'line': b'-- Installing: /root/distr_slam_ws/install/cartographer_ros_msgs/include/cartographer_ros_msgs/cartographer_ros_msgs/msg/detail/landmark_list__functions.c\n'}
[10.213072] (cartographer_ros_msgs) StdoutLine: {'line': b'-- Installing: /root/distr_slam_ws/install/cartographer_ros_msgs/include/cartographer_ros_msgs/cartographer_ros_msgs/msg/detail/metric__functions.h\n'}
[10.213139] (cartographer_ros_msgs) StdoutLine: {'line': b'-- Installing: /root/distr_slam_ws/install/cartographer_ros_msgs/include/cartographer_ros_msgs/cartographer_ros_msgs/msg/detail/bagfile_progress__type_support.h\n'}
[10.213206] (cartographer_ros_msgs) StdoutLine: {'line': b'-- Installing: /root/distr_slam_ws/install/cartographer_ros_msgs/include/cartographer_ros_msgs/cartographer_ros_msgs/msg/detail/trajectory_states__functions.c\n'}
[10.213287] (cartographer_ros_msgs) StdoutLine: {'line': b'-- Installing: /root/distr_slam_ws/install/cartographer_ros_msgs/include/cartographer_ros_msgs/cartographer_ros_msgs/msg/detail/trajectory_states__description.c\n'}
[10.213357] (cartographer_ros_msgs) StdoutLine: {'line': b'-- Installing: /root/distr_slam_ws/install/cartographer_ros_msgs/include/cartographer_ros_msgs/cartographer_ros_msgs/msg/detail/submap_entry__type_support.c\n'}
[10.213422] (cartographer_ros_msgs) StdoutLine: {'line': b'-- Installing: /root/distr_slam_ws/install/cartographer_ros_msgs/include/cartographer_ros_msgs/cartographer_ros_msgs/msg/detail/landmark_entry__type_support.c\n'}
[10.213489] (cartographer_ros_msgs) StdoutLine: {'line': b'-- Installing: /root/distr_slam_ws/install/cartographer_ros_msgs/include/cartographer_ros_msgs/cartographer_ros_msgs/msg/detail/submap_texture__functions.h\n'}
[10.213558] (cartographer_ros_msgs) StdoutLine: {'line': b'-- Installing: /root/distr_slam_ws/install/cartographer_ros_msgs/include/cartographer_ros_msgs/cartographer_ros_msgs/msg/detail/status_response__description.c\n'}
[10.213624] (cartographer_ros_msgs) StdoutLine: {'line': b'-- Installing: /root/distr_slam_ws/install/cartographer_ros_msgs/include/cartographer_ros_msgs/cartographer_ros_msgs/msg/detail/trajectory_states__struct.h\n'}
[10.213689] (cartographer_ros_msgs) StdoutLine: {'line': b'-- Installing: /root/distr_slam_ws/install/cartographer_ros_msgs/include/cartographer_ros_msgs/cartographer_ros_msgs/msg/detail/metric_family__struct.h\n'}
[10.213754] (cartographer_ros_msgs) StdoutLine: {'line': b'-- Installing: /root/distr_slam_ws/install/cartographer_ros_msgs/include/cartographer_ros_msgs/cartographer_ros_msgs/msg/detail/trajectory_states__type_support.c\n'}
[10.213822] (cartographer_ros_msgs) StdoutLine: {'line': b'-- Installing: /root/distr_slam_ws/install/cartographer_ros_msgs/include/cartographer_ros_msgs/cartographer_ros_msgs/msg/detail/submap_entry__type_support.h\n'}
[10.213887] (cartographer_ros_msgs) StdoutLine: {'line': b'-- Installing: /root/distr_slam_ws/install/cartographer_ros_msgs/include/cartographer_ros_msgs/cartographer_ros_msgs/msg/detail/metric_label__type_support.h\n'}
[10.213955] (cartographer_ros_msgs) StdoutLine: {'line': b'-- Installing: /root/distr_slam_ws/install/cartographer_ros_msgs/include/cartographer_ros_msgs/cartographer_ros_msgs/msg/detail/submap_entry__struct.h\n'}
[10.214020] (cartographer_ros_msgs) StdoutLine: {'line': b'-- Installing: /root/distr_slam_ws/install/cartographer_ros_msgs/include/cartographer_ros_msgs/cartographer_ros_msgs/msg/detail/histogram_bucket__functions.h\n'}
[10.214091] (cartographer_ros_msgs) StdoutLine: {'line': b'-- Installing: /root/distr_slam_ws/install/cartographer_ros_msgs/include/cartographer_ros_msgs/cartographer_ros_msgs/msg/detail/metric_label__struct.h\n'}
[10.214158] (cartographer_ros_msgs) StdoutLine: {'line': b'-- Installing: /root/distr_slam_ws/install/cartographer_ros_msgs/include/cartographer_ros_msgs/cartographer_ros_msgs/msg/detail/submap_entry__description.c\n'}
[10.214227] (cartographer_ros_msgs) StdoutLine: {'line': b'-- Installing: /root/distr_slam_ws/install/cartographer_ros_msgs/include/cartographer_ros_msgs/cartographer_ros_msgs/msg/detail/landmark_list__type_support.h\n'}
[10.214292] (cartographer_ros_msgs) StdoutLine: {'line': b'-- Installing: /root/distr_slam_ws/install/cartographer_ros_msgs/include/cartographer_ros_msgs/cartographer_ros_msgs/msg/detail/landmark_entry__struct.h\n'}
[10.214360] (cartographer_ros_msgs) StdoutLine: {'line': b'-- Installing: /root/distr_slam_ws/install/cartographer_ros_msgs/include/cartographer_ros_msgs/cartographer_ros_msgs/msg/detail/metric_family__type_support.h\n'}
[10.214426] (cartographer_ros_msgs) StdoutLine: {'line': b'-- Installing: /root/distr_slam_ws/install/cartographer_ros_msgs/include/cartographer_ros_msgs/cartographer_ros_msgs/msg/detail/histogram_bucket__struct.h\n'}
[10.214491] (cartographer_ros_msgs) StdoutLine: {'line': b'-- Installing: /root/distr_slam_ws/install/cartographer_ros_msgs/include/cartographer_ros_msgs/cartographer_ros_msgs/msg/detail/histogram_bucket__functions.c\n'}
[10.214611] (cartographer_ros_msgs) StdoutLine: {'line': b'-- Up-to-date: /root/distr_slam_ws/install/cartographer_ros_msgs/share/cartographer_ros_msgs/environment/library_path.sh\n'}
[10.214649] (cartographer_ros_msgs) StdoutLine: {'line': b'-- Up-to-date: /root/distr_slam_ws/install/cartographer_ros_msgs/share/cartographer_ros_msgs/environment/library_path.dsv\n'}
[10.214742] (cartographer_ros_msgs) StdoutLine: {'line': b'-- Installing: /root/distr_slam_ws/install/cartographer_ros_msgs/lib/libcartographer_ros_msgs__rosidl_generator_c.so\n'}
[10.215143] (cartographer_ros_msgs) StdoutLine: {'line': b'-- Set non-toolchain portion of runtime path of "/root/distr_slam_ws/install/cartographer_ros_msgs/lib/libcartographer_ros_msgs__rosidl_generator_c.so" to ""\n'}
[10.215179] (cartographer_ros_msgs) StdoutLine: {'line': b'-- Up-to-date: /root/distr_slam_ws/install/cartographer_ros_msgs/include/cartographer_ros_msgs/cartographer_ros_msgs\n'}
[10.215214] (cartographer_ros_msgs) StdoutLine: {'line': b'-- Up-to-date: /root/distr_slam_ws/install/cartographer_ros_msgs/include/cartographer_ros_msgs/cartographer_ros_msgs/srv\n'}
[10.215252] (cartographer_ros_msgs) StdoutLine: {'line': b'-- Up-to-date: /root/distr_slam_ws/install/cartographer_ros_msgs/include/cartographer_ros_msgs/cartographer_ros_msgs/srv/detail\n'}
[10.215282] (cartographer_ros_msgs) StdoutLine: {'line': b'-- Installing: /root/distr_slam_ws/install/cartographer_ros_msgs/include/cartographer_ros_msgs/cartographer_ros_msgs/srv/detail/trajectory_query__rosidl_typesupport_fastrtps_c.h\n'}
[10.215320] (cartographer_ros_msgs) StdoutLine: {'line': b'-- Installing: /root/distr_slam_ws/install/cartographer_ros_msgs/include/cartographer_ros_msgs/cartographer_ros_msgs/srv/detail/finish_trajectory__rosidl_typesupport_fastrtps_c.h\n'}
[10.215392] (cartographer_ros_msgs) StdoutLine: {'line': b'-- Installing: /root/distr_slam_ws/install/cartographer_ros_msgs/include/cartographer_ros_msgs/cartographer_ros_msgs/srv/detail/start_trajectory__rosidl_typesupport_fastrtps_c.h\n'}
[10.215462] (cartographer_ros_msgs) StdoutLine: {'line': b'-- Installing: /root/distr_slam_ws/install/cartographer_ros_msgs/include/cartographer_ros_msgs/cartographer_ros_msgs/srv/detail/submap_query__rosidl_typesupport_fastrtps_c.h\n'}
[10.215537] (cartographer_ros_msgs) StdoutLine: {'line': b'-- Installing: /root/distr_slam_ws/install/cartographer_ros_msgs/include/cartographer_ros_msgs/cartographer_ros_msgs/srv/detail/get_slam_state__rosidl_typesupport_fastrtps_c.h\n'}
[10.215606] (cartographer_ros_msgs) StdoutLine: {'line': b'-- Installing: /root/distr_slam_ws/install/cartographer_ros_msgs/include/cartographer_ros_msgs/cartographer_ros_msgs/srv/detail/set_slam_state__rosidl_typesupport_fastrtps_c.h\n'}
[10.215667] (cartographer_ros_msgs) StdoutLine: {'line': b'-- Installing: /root/distr_slam_ws/install/cartographer_ros_msgs/include/cartographer_ros_msgs/cartographer_ros_msgs/srv/detail/read_metrics__rosidl_typesupport_fastrtps_c.h\n'}
[10.215740] (cartographer_ros_msgs) StdoutLine: {'line': b'-- Installing: /root/distr_slam_ws/install/cartographer_ros_msgs/include/cartographer_ros_msgs/cartographer_ros_msgs/srv/detail/get_trajectory_states__rosidl_typesupport_fastrtps_c.h\n'}
[10.215810] (cartographer_ros_msgs) StdoutLine: {'line': b'-- Installing: /root/distr_slam_ws/install/cartographer_ros_msgs/include/cartographer_ros_msgs/cartographer_ros_msgs/srv/detail/write_state__rosidl_typesupport_fastrtps_c.h\n'}
[10.215877] (cartographer_ros_msgs) StdoutLine: {'line': b'-- Up-to-date: /root/distr_slam_ws/install/cartographer_ros_msgs/include/cartographer_ros_msgs/cartographer_ros_msgs/msg\n'}
[10.215918] (cartographer_ros_msgs) StdoutLine: {'line': b'-- Up-to-date: /root/distr_slam_ws/install/cartographer_ros_msgs/include/cartographer_ros_msgs/cartographer_ros_msgs/msg/rosidl_typesupport_fastrtps_c__visibility_control.h\n'}
[10.215946] (cartographer_ros_msgs) StdoutLine: {'line': b'-- Up-to-date: /root/distr_slam_ws/install/cartographer_ros_msgs/include/cartographer_ros_msgs/cartographer_ros_msgs/msg/detail\n'}
[10.215983] (cartographer_ros_msgs) StdoutLine: {'line': b'-- Installing: /root/distr_slam_ws/install/cartographer_ros_msgs/include/cartographer_ros_msgs/cartographer_ros_msgs/msg/detail/landmark_entry__rosidl_typesupport_fastrtps_c.h\n'}
[10.216017] (cartographer_ros_msgs) StdoutLine: {'line': b'-- Installing: /root/distr_slam_ws/install/cartographer_ros_msgs/include/cartographer_ros_msgs/cartographer_ros_msgs/msg/detail/submap_list__rosidl_typesupport_fastrtps_c.h\n'}
[10.216072] (cartographer_ros_msgs) StdoutLine: {'line': b'-- Installing: /root/distr_slam_ws/install/cartographer_ros_msgs/include/cartographer_ros_msgs/cartographer_ros_msgs/msg/detail/status_code__rosidl_typesupport_fastrtps_c.h\n'}
[10.216139] (cartographer_ros_msgs) StdoutLine: {'line': b'-- Installing: /root/distr_slam_ws/install/cartographer_ros_msgs/include/cartographer_ros_msgs/cartographer_ros_msgs/msg/detail/submap_texture__rosidl_typesupport_fastrtps_c.h\n'}
[10.216207] (cartographer_ros_msgs) StdoutLine: {'line': b'-- Installing: /root/distr_slam_ws/install/cartographer_ros_msgs/include/cartographer_ros_msgs/cartographer_ros_msgs/msg/detail/bagfile_progress__rosidl_typesupport_fastrtps_c.h\n'}
[10.216275] (cartographer_ros_msgs) StdoutLine: {'line': b'-- Installing: /root/distr_slam_ws/install/cartographer_ros_msgs/include/cartographer_ros_msgs/cartographer_ros_msgs/msg/detail/submap_entry__rosidl_typesupport_fastrtps_c.h\n'}
[10.216343] (cartographer_ros_msgs) StdoutLine: {'line': b'-- Installing: /root/distr_slam_ws/install/cartographer_ros_msgs/include/cartographer_ros_msgs/cartographer_ros_msgs/msg/detail/trajectory_states__rosidl_typesupport_fastrtps_c.h\n'}
[10.216410] (cartographer_ros_msgs) StdoutLine: {'line': b'-- Installing: /root/distr_slam_ws/install/cartographer_ros_msgs/include/cartographer_ros_msgs/cartographer_ros_msgs/msg/detail/metric__rosidl_typesupport_fastrtps_c.h\n'}
[10.216477] (cartographer_ros_msgs) StdoutLine: {'line': b'-- Installing: /root/distr_slam_ws/install/cartographer_ros_msgs/include/cartographer_ros_msgs/cartographer_ros_msgs/msg/detail/metric_family__rosidl_typesupport_fastrtps_c.h\n'}
[10.216546] (cartographer_ros_msgs) StdoutLine: {'line': b'-- Installing: /root/distr_slam_ws/install/cartographer_ros_msgs/include/cartographer_ros_msgs/cartographer_ros_msgs/msg/detail/metric_label__rosidl_typesupport_fastrtps_c.h\n'}
[10.216614] (cartographer_ros_msgs) StdoutLine: {'line': b'-- Installing: /root/distr_slam_ws/install/cartographer_ros_msgs/include/cartographer_ros_msgs/cartographer_ros_msgs/msg/detail/status_response__rosidl_typesupport_fastrtps_c.h\n'}
[10.216679] (cartographer_ros_msgs) StdoutLine: {'line': b'-- Installing: /root/distr_slam_ws/install/cartographer_ros_msgs/include/cartographer_ros_msgs/cartographer_ros_msgs/msg/detail/histogram_bucket__rosidl_typesupport_fastrtps_c.h\n'}
[10.216746] (cartographer_ros_msgs) StdoutLine: {'line': b'-- Installing: /root/distr_slam_ws/install/cartographer_ros_msgs/include/cartographer_ros_msgs/cartographer_ros_msgs/msg/detail/landmark_list__rosidl_typesupport_fastrtps_c.h\n'}
[10.216897] (cartographer_ros_msgs) StdoutLine: {'line': b'-- Installing: /root/distr_slam_ws/install/cartographer_ros_msgs/lib/libcartographer_ros_msgs__rosidl_typesupport_fastrtps_c.so\n'}
[10.217228] (cartographer_ros_msgs) StdoutLine: {'line': b'-- Set non-toolchain portion of runtime path of "/root/distr_slam_ws/install/cartographer_ros_msgs/lib/libcartographer_ros_msgs__rosidl_typesupport_fastrtps_c.so" to ""\n'}
[10.217264] (cartographer_ros_msgs) StdoutLine: {'line': b'-- Up-to-date: /root/distr_slam_ws/install/cartographer_ros_msgs/include/cartographer_ros_msgs/cartographer_ros_msgs\n'}
[10.217304] (cartographer_ros_msgs) StdoutLine: {'line': b'-- Up-to-date: /root/distr_slam_ws/install/cartographer_ros_msgs/include/cartographer_ros_msgs/cartographer_ros_msgs/srv\n'}
[10.217332] (cartographer_ros_msgs) StdoutLine: {'line': b'-- Up-to-date: /root/distr_slam_ws/install/cartographer_ros_msgs/include/cartographer_ros_msgs/cartographer_ros_msgs/srv/detail\n'}
[10.217368] (cartographer_ros_msgs) StdoutLine: {'line': b'-- Installing: /root/distr_slam_ws/install/cartographer_ros_msgs/include/cartographer_ros_msgs/cartographer_ros_msgs/srv/detail/get_trajectory_states__type_support.c\n'}
[10.217422] (cartographer_ros_msgs) StdoutLine: {'line': b'-- Installing: /root/distr_slam_ws/install/cartographer_ros_msgs/include/cartographer_ros_msgs/cartographer_ros_msgs/srv/detail/finish_trajectory__rosidl_typesupport_introspection_c.h\n'}
[10.217494] (cartographer_ros_msgs) StdoutLine: {'line': b'-- Installing: /root/distr_slam_ws/install/cartographer_ros_msgs/include/cartographer_ros_msgs/cartographer_ros_msgs/srv/detail/trajectory_query__type_support.c\n'}
[10.217569] (cartographer_ros_msgs) StdoutLine: {'line': b'-- Installing: /root/distr_slam_ws/install/cartographer_ros_msgs/include/cartographer_ros_msgs/cartographer_ros_msgs/srv/detail/read_metrics__type_support.c\n'}
[10.217646] (cartographer_ros_msgs) StdoutLine: {'line': b'-- Installing: /root/distr_slam_ws/install/cartographer_ros_msgs/include/cartographer_ros_msgs/cartographer_ros_msgs/srv/detail/trajectory_query__rosidl_typesupport_introspection_c.h\n'}
[10.217723] (cartographer_ros_msgs) StdoutLine: {'line': b'-- Installing: /root/distr_slam_ws/install/cartographer_ros_msgs/include/cartographer_ros_msgs/cartographer_ros_msgs/srv/detail/set_slam_state__rosidl_typesupport_introspection_c.h\n'}
[10.217781] (cartographer_ros_msgs) StdoutLine: {'line': b'-- Installing: /root/distr_slam_ws/install/cartographer_ros_msgs/include/cartographer_ros_msgs/cartographer_ros_msgs/srv/detail/submap_query__type_support.c\n'}
[10.217861] (cartographer_ros_msgs) StdoutLine: {'line': b'-- Installing: /root/distr_slam_ws/install/cartographer_ros_msgs/include/cartographer_ros_msgs/cartographer_ros_msgs/srv/detail/get_trajectory_states__rosidl_typesupport_introspection_c.h\n'}
[10.217929] (cartographer_ros_msgs) StdoutLine: {'line': b'-- Installing: /root/distr_slam_ws/install/cartographer_ros_msgs/include/cartographer_ros_msgs/cartographer_ros_msgs/srv/detail/write_state__rosidl_typesupport_introspection_c.h\n'}
[10.217997] (cartographer_ros_msgs) StdoutLine: {'line': b'-- Installing: /root/distr_slam_ws/install/cartographer_ros_msgs/include/cartographer_ros_msgs/cartographer_ros_msgs/srv/detail/read_metrics__rosidl_typesupport_introspection_c.h\n'}
[10.218064] (cartographer_ros_msgs) StdoutLine: {'line': b'-- Installing: /root/distr_slam_ws/install/cartographer_ros_msgs/include/cartographer_ros_msgs/cartographer_ros_msgs/srv/detail/write_state__type_support.c\n'}
[10.218140] (cartographer_ros_msgs) StdoutLine: {'line': b'-- Installing: /root/distr_slam_ws/install/cartographer_ros_msgs/include/cartographer_ros_msgs/cartographer_ros_msgs/srv/detail/submap_query__rosidl_typesupport_introspection_c.h\n'}
[10.218205] (cartographer_ros_msgs) StdoutLine: {'line': b'-- Installing: /root/distr_slam_ws/install/cartographer_ros_msgs/include/cartographer_ros_msgs/cartographer_ros_msgs/srv/detail/set_slam_state__type_support.c\n'}
[10.218286] (cartographer_ros_msgs) StdoutLine: {'line': b'-- Installing: /root/distr_slam_ws/install/cartographer_ros_msgs/include/cartographer_ros_msgs/cartographer_ros_msgs/srv/detail/get_slam_state__rosidl_typesupport_introspection_c.h\n'}
[10.218345] (cartographer_ros_msgs) StdoutLine: {'line': b'-- Installing: /root/distr_slam_ws/install/cartographer_ros_msgs/include/cartographer_ros_msgs/cartographer_ros_msgs/srv/detail/start_trajectory__type_support.c\n'}
[10.218426] (cartographer_ros_msgs) StdoutLine: {'line': b'-- Installing: /root/distr_slam_ws/install/cartographer_ros_msgs/include/cartographer_ros_msgs/cartographer_ros_msgs/srv/detail/start_trajectory__rosidl_typesupport_introspection_c.h\n'}
[10.218493] (cartographer_ros_msgs) StdoutLine: {'line': b'-- Installing: /root/distr_slam_ws/install/cartographer_ros_msgs/include/cartographer_ros_msgs/cartographer_ros_msgs/srv/detail/finish_trajectory__type_support.c\n'}
[10.218571] (cartographer_ros_msgs) StdoutLine: {'line': b'-- Installing: /root/distr_slam_ws/install/cartographer_ros_msgs/include/cartographer_ros_msgs/cartographer_ros_msgs/srv/detail/get_slam_state__type_support.c\n'}
[10.218648] (cartographer_ros_msgs) StdoutLine: {'line': b'-- Up-to-date: /root/distr_slam_ws/install/cartographer_ros_msgs/include/cartographer_ros_msgs/cartographer_ros_msgs/msg\n'}
[10.218684] (cartographer_ros_msgs) StdoutLine: {'line': b'-- Up-to-date: /root/distr_slam_ws/install/cartographer_ros_msgs/include/cartographer_ros_msgs/cartographer_ros_msgs/msg/rosidl_typesupport_introspection_c__visibility_control.h\n'}
[10.218719] (cartographer_ros_msgs) StdoutLine: {'line': b'-- Up-to-date: /root/distr_slam_ws/install/cartographer_ros_msgs/include/cartographer_ros_msgs/cartographer_ros_msgs/msg/detail\n'}
[10.218757] (cartographer_ros_msgs) StdoutLine: {'line': b'-- Installing: /root/distr_slam_ws/install/cartographer_ros_msgs/include/cartographer_ros_msgs/cartographer_ros_msgs/msg/detail/metric_family__type_support.c\n'}
[10.218790] (cartographer_ros_msgs) StdoutLine: {'line': b'-- Installing: /root/distr_slam_ws/install/cartographer_ros_msgs/include/cartographer_ros_msgs/cartographer_ros_msgs/msg/detail/status_response__type_support.c\n'}
[10.218848] (cartographer_ros_msgs) StdoutLine: {'line': b'-- Installing: /root/distr_slam_ws/install/cartographer_ros_msgs/include/cartographer_ros_msgs/cartographer_ros_msgs/msg/detail/submap_texture__type_support.c\n'}
[10.218912] (cartographer_ros_msgs) StdoutLine: {'line': b'-- Installing: /root/distr_slam_ws/install/cartographer_ros_msgs/include/cartographer_ros_msgs/cartographer_ros_msgs/msg/detail/landmark_list__type_support.c\n'}
[10.218978] (cartographer_ros_msgs) StdoutLine: {'line': b'-- Installing: /root/distr_slam_ws/install/cartographer_ros_msgs/include/cartographer_ros_msgs/cartographer_ros_msgs/msg/detail/landmark_list__rosidl_typesupport_introspection_c.h\n'}
[10.219045] (cartographer_ros_msgs) StdoutLine: {'line': b'-- Installing: /root/distr_slam_ws/install/cartographer_ros_msgs/include/cartographer_ros_msgs/cartographer_ros_msgs/msg/detail/metric__type_support.c\n'}
[10.219111] (cartographer_ros_msgs) StdoutLine: {'line': b'-- Installing: /root/distr_slam_ws/install/cartographer_ros_msgs/include/cartographer_ros_msgs/cartographer_ros_msgs/msg/detail/bagfile_progress__type_support.c\n'}
[10.219177] (cartographer_ros_msgs) StdoutLine: {'line': b'-- Installing: /root/distr_slam_ws/install/cartographer_ros_msgs/include/cartographer_ros_msgs/cartographer_ros_msgs/msg/detail/landmark_entry__rosidl_typesupport_introspection_c.h\n'}
[10.219244] (cartographer_ros_msgs) StdoutLine: {'line': b'-- Installing: /root/distr_slam_ws/install/cartographer_ros_msgs/include/cartographer_ros_msgs/cartographer_ros_msgs/msg/detail/histogram_bucket__rosidl_typesupport_introspection_c.h\n'}
[10.219311] (cartographer_ros_msgs) StdoutLine: {'line': b'-- Installing: /root/distr_slam_ws/install/cartographer_ros_msgs/include/cartographer_ros_msgs/cartographer_ros_msgs/msg/detail/metric_family__rosidl_typesupport_introspection_c.h\n'}
[10.219381] (cartographer_ros_msgs) StdoutLine: {'line': b'-- Installing: /root/distr_slam_ws/install/cartographer_ros_msgs/include/cartographer_ros_msgs/cartographer_ros_msgs/msg/detail/submap_texture__rosidl_typesupport_introspection_c.h\n'}
[10.219447] (cartographer_ros_msgs) StdoutLine: {'line': b'-- Installing: /root/distr_slam_ws/install/cartographer_ros_msgs/include/cartographer_ros_msgs/cartographer_ros_msgs/msg/detail/submap_entry__rosidl_typesupport_introspection_c.h\n'}
[10.219519] (cartographer_ros_msgs) StdoutLine: {'line': b'-- Installing: /root/distr_slam_ws/install/cartographer_ros_msgs/include/cartographer_ros_msgs/cartographer_ros_msgs/msg/detail/histogram_bucket__type_support.c\n'}
[10.219583] (cartographer_ros_msgs) StdoutLine: {'line': b'-- Installing: /root/distr_slam_ws/install/cartographer_ros_msgs/include/cartographer_ros_msgs/cartographer_ros_msgs/msg/detail/trajectory_states__rosidl_typesupport_introspection_c.h\n'}
[10.219648] (cartographer_ros_msgs) StdoutLine: {'line': b'-- Installing: /root/distr_slam_ws/install/cartographer_ros_msgs/include/cartographer_ros_msgs/cartographer_ros_msgs/msg/detail/metric_label__type_support.c\n'}
[10.219711] (cartographer_ros_msgs) StdoutLine: {'line': b'-- Installing: /root/distr_slam_ws/install/cartographer_ros_msgs/include/cartographer_ros_msgs/cartographer_ros_msgs/msg/detail/submap_list__type_support.c\n'}
[10.219776] (cartographer_ros_msgs) StdoutLine: {'line': b'-- Installing: /root/distr_slam_ws/install/cartographer_ros_msgs/include/cartographer_ros_msgs/cartographer_ros_msgs/msg/detail/status_code__type_support.c\n'}
[10.219839] (cartographer_ros_msgs) StdoutLine: {'line': b'-- Installing: /root/distr_slam_ws/install/cartographer_ros_msgs/include/cartographer_ros_msgs/cartographer_ros_msgs/msg/detail/metric__rosidl_typesupport_introspection_c.h\n'}
[10.219906] (cartographer_ros_msgs) StdoutLine: {'line': b'-- Installing: /root/distr_slam_ws/install/cartographer_ros_msgs/include/cartographer_ros_msgs/cartographer_ros_msgs/msg/detail/submap_entry__type_support.c\n'}
[10.219973] (cartographer_ros_msgs) StdoutLine: {'line': b'-- Installing: /root/distr_slam_ws/install/cartographer_ros_msgs/include/cartographer_ros_msgs/cartographer_ros_msgs/msg/detail/landmark_entry__type_support.c\n'}
[10.220038] (cartographer_ros_msgs) StdoutLine: {'line': b'-- Installing: /root/distr_slam_ws/install/cartographer_ros_msgs/include/cartographer_ros_msgs/cartographer_ros_msgs/msg/detail/trajectory_states__type_support.c\n'}
[10.220109] (cartographer_ros_msgs) StdoutLine: {'line': b'-- Installing: /root/distr_slam_ws/install/cartographer_ros_msgs/include/cartographer_ros_msgs/cartographer_ros_msgs/msg/detail/submap_list__rosidl_typesupport_introspection_c.h\n'}
[10.220177] (cartographer_ros_msgs) StdoutLine: {'line': b'-- Installing: /root/distr_slam_ws/install/cartographer_ros_msgs/include/cartographer_ros_msgs/cartographer_ros_msgs/msg/detail/status_response__rosidl_typesupport_introspection_c.h\n'}
[10.220249] (cartographer_ros_msgs) StdoutLine: {'line': b'-- Installing: /root/distr_slam_ws/install/cartographer_ros_msgs/include/cartographer_ros_msgs/cartographer_ros_msgs/msg/detail/bagfile_progress__rosidl_typesupport_introspection_c.h\n'}
[10.220412] (cartographer_ros_msgs) StdoutLine: {'line': b'-- Installing: /root/distr_slam_ws/install/cartographer_ros_msgs/include/cartographer_ros_msgs/cartographer_ros_msgs/msg/detail/metric_label__rosidl_typesupport_introspection_c.h\n'}
[10.220480] (cartographer_ros_msgs) StdoutLine: {'line': b'-- Installing: /root/distr_slam_ws/install/cartographer_ros_msgs/include/cartographer_ros_msgs/cartographer_ros_msgs/msg/detail/status_code__rosidl_typesupport_introspection_c.h\n'}
[10.220641] (cartographer_ros_msgs) StdoutLine: {'line': b'-- Installing: /root/distr_slam_ws/install/cartographer_ros_msgs/lib/libcartographer_ros_msgs__rosidl_typesupport_introspection_c.so\n'}
[10.220912] (cartographer_ros_msgs) StdoutLine: {'line': b'-- Set non-toolchain portion of runtime path of "/root/distr_slam_ws/install/cartographer_ros_msgs/lib/libcartographer_ros_msgs__rosidl_typesupport_introspection_c.so" to ""\n'}
[10.220976] (cartographer_ros_msgs) StdoutLine: {'line': b'-- Installing: /root/distr_slam_ws/install/cartographer_ros_msgs/lib/libcartographer_ros_msgs__rosidl_typesupport_c.so\n'}
[10.221170] (cartographer_ros_msgs) StdoutLine: {'line': b'-- Set non-toolchain portion of runtime path of "/root/distr_slam_ws/install/cartographer_ros_msgs/lib/libcartographer_ros_msgs__rosidl_typesupport_c.so" to ""\n'}
[10.221206] (cartographer_ros_msgs) StdoutLine: {'line': b'-- Up-to-date: /root/distr_slam_ws/install/cartographer_ros_msgs/include/cartographer_ros_msgs/cartographer_ros_msgs\n'}
[10.221243] (cartographer_ros_msgs) StdoutLine: {'line': b'-- Up-to-date: /root/distr_slam_ws/install/cartographer_ros_msgs/include/cartographer_ros_msgs/cartographer_ros_msgs/srv\n'}
[10.221271] (cartographer_ros_msgs) StdoutLine: {'line': b'-- Installing: /root/distr_slam_ws/install/cartographer_ros_msgs/include/cartographer_ros_msgs/cartographer_ros_msgs/srv/write_state.hpp\n'}
[10.221312] (cartographer_ros_msgs) StdoutLine: {'line': b'-- Installing: /root/distr_slam_ws/install/cartographer_ros_msgs/include/cartographer_ros_msgs/cartographer_ros_msgs/srv/start_trajectory.hpp\n'}
[10.221372] (cartographer_ros_msgs) StdoutLine: {'line': b'-- Installing: /root/distr_slam_ws/install/cartographer_ros_msgs/include/cartographer_ros_msgs/cartographer_ros_msgs/srv/submap_query.hpp\n'}
[10.221431] (cartographer_ros_msgs) StdoutLine: {'line': b'-- Installing: /root/distr_slam_ws/install/cartographer_ros_msgs/include/cartographer_ros_msgs/cartographer_ros_msgs/srv/get_slam_state.hpp\n'}
[10.221484] (cartographer_ros_msgs) StdoutLine: {'line': b'-- Installing: /root/distr_slam_ws/install/cartographer_ros_msgs/include/cartographer_ros_msgs/cartographer_ros_msgs/srv/read_metrics.hpp\n'}
[10.221544] (cartographer_ros_msgs) StdoutLine: {'line': b'-- Installing: /root/distr_slam_ws/install/cartographer_ros_msgs/include/cartographer_ros_msgs/cartographer_ros_msgs/srv/set_slam_state.hpp\n'}
[10.221596] (cartographer_ros_msgs) StdoutLine: {'line': b'-- Installing: /root/distr_slam_ws/install/cartographer_ros_msgs/include/cartographer_ros_msgs/cartographer_ros_msgs/srv/get_trajectory_states.hpp\n'}
[10.221660] (cartographer_ros_msgs) StdoutLine: {'line': b'-- Installing: /root/distr_slam_ws/install/cartographer_ros_msgs/include/cartographer_ros_msgs/cartographer_ros_msgs/srv/finish_trajectory.hpp\n'}
[10.221718] (cartographer_ros_msgs) StdoutLine: {'line': b'-- Installing: /root/distr_slam_ws/install/cartographer_ros_msgs/include/cartographer_ros_msgs/cartographer_ros_msgs/srv/trajectory_query.hpp\n'}
[10.221776] (cartographer_ros_msgs) StdoutLine: {'line': b'-- Up-to-date: /root/distr_slam_ws/install/cartographer_ros_msgs/include/cartographer_ros_msgs/cartographer_ros_msgs/srv/detail\n'}
[10.221809] (cartographer_ros_msgs) StdoutLine: {'line': b'-- Installing: /root/distr_slam_ws/install/cartographer_ros_msgs/include/cartographer_ros_msgs/cartographer_ros_msgs/srv/detail/start_trajectory__traits.hpp\n'}
[10.221880] (cartographer_ros_msgs) StdoutLine: {'line': b'-- Installing: /root/distr_slam_ws/install/cartographer_ros_msgs/include/cartographer_ros_msgs/cartographer_ros_msgs/srv/detail/trajectory_query__traits.hpp\n'}
[10.221952] (cartographer_ros_msgs) StdoutLine: {'line': b'-- Installing: /root/distr_slam_ws/install/cartographer_ros_msgs/include/cartographer_ros_msgs/cartographer_ros_msgs/srv/detail/get_slam_state__type_support.hpp\n'}
[10.222011] (cartographer_ros_msgs) StdoutLine: {'line': b'-- Installing: /root/distr_slam_ws/install/cartographer_ros_msgs/include/cartographer_ros_msgs/cartographer_ros_msgs/srv/detail/set_slam_state__traits.hpp\n'}
[10.222072] (cartographer_ros_msgs) StdoutLine: {'line': b'-- Installing: /root/distr_slam_ws/install/cartographer_ros_msgs/include/cartographer_ros_msgs/cartographer_ros_msgs/srv/detail/write_state__type_support.hpp\n'}
[10.222138] (cartographer_ros_msgs) StdoutLine: {'line': b'-- Installing: /root/distr_slam_ws/install/cartographer_ros_msgs/include/cartographer_ros_msgs/cartographer_ros_msgs/srv/detail/trajectory_query__type_support.hpp\n'}
[10.222204] (cartographer_ros_msgs) StdoutLine: {'line': b'-- Installing: /root/distr_slam_ws/install/cartographer_ros_msgs/include/cartographer_ros_msgs/cartographer_ros_msgs/srv/detail/finish_trajectory__builder.hpp\n'}
[10.222272] (cartographer_ros_msgs) StdoutLine: {'line': b'-- Installing: /root/distr_slam_ws/install/cartographer_ros_msgs/include/cartographer_ros_msgs/cartographer_ros_msgs/srv/detail/get_trajectory_states__traits.hpp\n'}
[10.222343] (cartographer_ros_msgs) StdoutLine: {'line': b'-- Installing: /root/distr_slam_ws/install/cartographer_ros_msgs/include/cartographer_ros_msgs/cartographer_ros_msgs/srv/detail/write_state__builder.hpp\n'}
[10.222410] (cartographer_ros_msgs) StdoutLine: {'line': b'-- Installing: /root/distr_slam_ws/install/cartographer_ros_msgs/include/cartographer_ros_msgs/cartographer_ros_msgs/srv/detail/read_metrics__struct.hpp\n'}
[10.222481] (cartographer_ros_msgs) StdoutLine: {'line': b'-- Installing: /root/distr_slam_ws/install/cartographer_ros_msgs/include/cartographer_ros_msgs/cartographer_ros_msgs/srv/detail/read_metrics__builder.hpp\n'}
[10.222549] (cartographer_ros_msgs) StdoutLine: {'line': b'-- Installing: /root/distr_slam_ws/install/cartographer_ros_msgs/include/cartographer_ros_msgs/cartographer_ros_msgs/srv/detail/get_slam_state__builder.hpp\n'}
[10.222605] (cartographer_ros_msgs) StdoutLine: {'line': b'-- Installing: /root/distr_slam_ws/install/cartographer_ros_msgs/include/cartographer_ros_msgs/cartographer_ros_msgs/srv/detail/get_trajectory_states__builder.hpp\n'}
[10.222674] (cartographer_ros_msgs) StdoutLine: {'line': b'-- Installing: /root/distr_slam_ws/install/cartographer_ros_msgs/include/cartographer_ros_msgs/cartographer_ros_msgs/srv/detail/finish_trajectory__traits.hpp\n'}
[10.222743] (cartographer_ros_msgs) StdoutLine: {'line': b'-- Installing: /root/distr_slam_ws/install/cartographer_ros_msgs/include/cartographer_ros_msgs/cartographer_ros_msgs/srv/detail/get_slam_state__struct.hpp\n'}
[10.222804] (cartographer_ros_msgs) StdoutLine: {'line': b'-- Installing: /root/distr_slam_ws/install/cartographer_ros_msgs/include/cartographer_ros_msgs/cartographer_ros_msgs/srv/detail/trajectory_query__builder.hpp\n'}
[10.222874] (cartographer_ros_msgs) StdoutLine: {'line': b'-- Installing: /root/distr_slam_ws/install/cartographer_ros_msgs/include/cartographer_ros_msgs/cartographer_ros_msgs/srv/detail/start_trajectory__type_support.hpp\n'}
[10.222938] (cartographer_ros_msgs) StdoutLine: {'line': b'-- Installing: /root/distr_slam_ws/install/cartographer_ros_msgs/include/cartographer_ros_msgs/cartographer_ros_msgs/srv/detail/trajectory_query__struct.hpp\n'}
[10.223008] (cartographer_ros_msgs) StdoutLine: {'line': b'-- Installing: /root/distr_slam_ws/install/cartographer_ros_msgs/include/cartographer_ros_msgs/cartographer_ros_msgs/srv/detail/read_metrics__type_support.hpp\n'}
[10.223072] (cartographer_ros_msgs) StdoutLine: {'line': b'-- Installing: /root/distr_slam_ws/install/cartographer_ros_msgs/include/cartographer_ros_msgs/cartographer_ros_msgs/srv/detail/start_trajectory__builder.hpp\n'}
[10.223138] (cartographer_ros_msgs) StdoutLine: {'line': b'-- Installing: /root/distr_slam_ws/install/cartographer_ros_msgs/include/cartographer_ros_msgs/cartographer_ros_msgs/srv/detail/get_trajectory_states__struct.hpp\n'}
[10.223208] (cartographer_ros_msgs) StdoutLine: {'line': b'-- Installing: /root/distr_slam_ws/install/cartographer_ros_msgs/include/cartographer_ros_msgs/cartographer_ros_msgs/srv/detail/get_slam_state__traits.hpp\n'}
[10.223271] (cartographer_ros_msgs) StdoutLine: {'line': b'-- Installing: /root/distr_slam_ws/install/cartographer_ros_msgs/include/cartographer_ros_msgs/cartographer_ros_msgs/srv/detail/finish_trajectory__struct.hpp\n'}
[10.223343] (cartographer_ros_msgs) StdoutLine: {'line': b'-- Installing: /root/distr_slam_ws/install/cartographer_ros_msgs/include/cartographer_ros_msgs/cartographer_ros_msgs/srv/detail/set_slam_state__builder.hpp\n'}
[10.223402] (cartographer_ros_msgs) StdoutLine: {'line': b'-- Installing: /root/distr_slam_ws/install/cartographer_ros_msgs/include/cartographer_ros_msgs/cartographer_ros_msgs/srv/detail/set_slam_state__struct.hpp\n'}
[10.223466] (cartographer_ros_msgs) StdoutLine: {'line': b'-- Installing: /root/distr_slam_ws/install/cartographer_ros_msgs/include/cartographer_ros_msgs/cartographer_ros_msgs/srv/detail/start_trajectory__struct.hpp\n'}
[10.223540] (cartographer_ros_msgs) StdoutLine: {'line': b'-- Installing: /root/distr_slam_ws/install/cartographer_ros_msgs/include/cartographer_ros_msgs/cartographer_ros_msgs/srv/detail/get_trajectory_states__type_support.hpp\n'}
[10.223606] (cartographer_ros_msgs) StdoutLine: {'line': b'-- Installing: /root/distr_slam_ws/install/cartographer_ros_msgs/include/cartographer_ros_msgs/cartographer_ros_msgs/srv/detail/submap_query__traits.hpp\n'}
[10.223675] (cartographer_ros_msgs) StdoutLine: {'line': b'-- Installing: /root/distr_slam_ws/install/cartographer_ros_msgs/include/cartographer_ros_msgs/cartographer_ros_msgs/srv/detail/submap_query__type_support.hpp\n'}
[10.223740] (cartographer_ros_msgs) StdoutLine: {'line': b'-- Installing: /root/distr_slam_ws/install/cartographer_ros_msgs/include/cartographer_ros_msgs/cartographer_ros_msgs/srv/detail/write_state__struct.hpp\n'}
[10.223815] (cartographer_ros_msgs) StdoutLine: {'line': b'-- Installing: /root/distr_slam_ws/install/cartographer_ros_msgs/include/cartographer_ros_msgs/cartographer_ros_msgs/srv/detail/submap_query__builder.hpp\n'}
[10.223884] (cartographer_ros_msgs) StdoutLine: {'line': b'-- Installing: /root/distr_slam_ws/install/cartographer_ros_msgs/include/cartographer_ros_msgs/cartographer_ros_msgs/srv/detail/submap_query__struct.hpp\n'}
[10.223954] (cartographer_ros_msgs) StdoutLine: {'line': b'-- Installing: /root/distr_slam_ws/install/cartographer_ros_msgs/include/cartographer_ros_msgs/cartographer_ros_msgs/srv/detail/write_state__traits.hpp\n'}
[10.224024] (cartographer_ros_msgs) StdoutLine: {'line': b'-- Installing: /root/distr_slam_ws/install/cartographer_ros_msgs/include/cartographer_ros_msgs/cartographer_ros_msgs/srv/detail/set_slam_state__type_support.hpp\n'}
[10.224081] (cartographer_ros_msgs) StdoutLine: {'line': b'-- Installing: /root/distr_slam_ws/install/cartographer_ros_msgs/include/cartographer_ros_msgs/cartographer_ros_msgs/srv/detail/finish_trajectory__type_support.hpp\n'}
[10.224148] (cartographer_ros_msgs) StdoutLine: {'line': b'-- Installing: /root/distr_slam_ws/install/cartographer_ros_msgs/include/cartographer_ros_msgs/cartographer_ros_msgs/srv/detail/read_metrics__traits.hpp\n'}
[10.224216] (cartographer_ros_msgs) StdoutLine: {'line': b'-- Up-to-date: /root/distr_slam_ws/install/cartographer_ros_msgs/include/cartographer_ros_msgs/cartographer_ros_msgs/msg\n'}
[10.224251] (cartographer_ros_msgs) StdoutLine: {'line': b'-- Installing: /root/distr_slam_ws/install/cartographer_ros_msgs/include/cartographer_ros_msgs/cartographer_ros_msgs/msg/metric_family.hpp\n'}
[10.224307] (cartographer_ros_msgs) StdoutLine: {'line': b'-- Installing: /root/distr_slam_ws/install/cartographer_ros_msgs/include/cartographer_ros_msgs/cartographer_ros_msgs/msg/bagfile_progress.hpp\n'}
[10.224367] (cartographer_ros_msgs) StdoutLine: {'line': b'-- Installing: /root/distr_slam_ws/install/cartographer_ros_msgs/include/cartographer_ros_msgs/cartographer_ros_msgs/msg/rosidl_generator_cpp__visibility_control.hpp\n'}
[10.224430] (cartographer_ros_msgs) StdoutLine: {'line': b'-- Installing: /root/distr_slam_ws/install/cartographer_ros_msgs/include/cartographer_ros_msgs/cartographer_ros_msgs/msg/landmark_entry.hpp\n'}
[10.224491] (cartographer_ros_msgs) StdoutLine: {'line': b'-- Installing: /root/distr_slam_ws/install/cartographer_ros_msgs/include/cartographer_ros_msgs/cartographer_ros_msgs/msg/histogram_bucket.hpp\n'}
[10.224552] (cartographer_ros_msgs) StdoutLine: {'line': b'-- Installing: /root/distr_slam_ws/install/cartographer_ros_msgs/include/cartographer_ros_msgs/cartographer_ros_msgs/msg/submap_entry.hpp\n'}
[10.224612] (cartographer_ros_msgs) StdoutLine: {'line': b'-- Installing: /root/distr_slam_ws/install/cartographer_ros_msgs/include/cartographer_ros_msgs/cartographer_ros_msgs/msg/landmark_list.hpp\n'}
[10.224672] (cartographer_ros_msgs) StdoutLine: {'line': b'-- Installing: /root/distr_slam_ws/install/cartographer_ros_msgs/include/cartographer_ros_msgs/cartographer_ros_msgs/msg/submap_list.hpp\n'}
[10.224734] (cartographer_ros_msgs) StdoutLine: {'line': b'-- Installing: /root/distr_slam_ws/install/cartographer_ros_msgs/include/cartographer_ros_msgs/cartographer_ros_msgs/msg/status_code.hpp\n'}
[10.224795] (cartographer_ros_msgs) StdoutLine: {'line': b'-- Installing: /root/distr_slam_ws/install/cartographer_ros_msgs/include/cartographer_ros_msgs/cartographer_ros_msgs/msg/trajectory_states.hpp\n'}
[10.224854] (cartographer_ros_msgs) StdoutLine: {'line': b'-- Installing: /root/distr_slam_ws/install/cartographer_ros_msgs/include/cartographer_ros_msgs/cartographer_ros_msgs/msg/metric.hpp\n'}
[10.224914] (cartographer_ros_msgs) StdoutLine: {'line': b'-- Installing: /root/distr_slam_ws/install/cartographer_ros_msgs/include/cartographer_ros_msgs/cartographer_ros_msgs/msg/status_response.hpp\n'}
[10.224973] (cartographer_ros_msgs) StdoutLine: {'line': b'-- Installing: /root/distr_slam_ws/install/cartographer_ros_msgs/include/cartographer_ros_msgs/cartographer_ros_msgs/msg/submap_texture.hpp\n'}
[10.225033] (cartographer_ros_msgs) StdoutLine: {'line': b'-- Installing: /root/distr_slam_ws/install/cartographer_ros_msgs/include/cartographer_ros_msgs/cartographer_ros_msgs/msg/metric_label.hpp\n'}
[10.225092] (cartographer_ros_msgs) StdoutLine: {'line': b'-- Up-to-date: /root/distr_slam_ws/install/cartographer_ros_msgs/include/cartographer_ros_msgs/cartographer_ros_msgs/msg/detail\n'}
[10.225124] (cartographer_ros_msgs) StdoutLine: {'line': b'-- Installing: /root/distr_slam_ws/install/cartographer_ros_msgs/include/cartographer_ros_msgs/cartographer_ros_msgs/msg/detail/trajectory_states__traits.hpp\n'}
[10.225193] (cartographer_ros_msgs) StdoutLine: {'line': b'-- Installing: /root/distr_slam_ws/install/cartographer_ros_msgs/include/cartographer_ros_msgs/cartographer_ros_msgs/msg/detail/submap_entry__traits.hpp\n'}
[10.225258] (cartographer_ros_msgs) StdoutLine: {'line': b'-- Installing: /root/distr_slam_ws/install/cartographer_ros_msgs/include/cartographer_ros_msgs/cartographer_ros_msgs/msg/detail/bagfile_progress__traits.hpp\n'}
[10.225330] (cartographer_ros_msgs) StdoutLine: {'line': b'-- Installing: /root/distr_slam_ws/install/cartographer_ros_msgs/include/cartographer_ros_msgs/cartographer_ros_msgs/msg/detail/submap_entry__struct.hpp\n'}
[10.225397] (cartographer_ros_msgs) StdoutLine: {'line': b'-- Installing: /root/distr_slam_ws/install/cartographer_ros_msgs/include/cartographer_ros_msgs/cartographer_ros_msgs/msg/detail/submap_texture__struct.hpp\n'}
[10.225462] (cartographer_ros_msgs) StdoutLine: {'line': b'-- Installing: /root/distr_slam_ws/install/cartographer_ros_msgs/include/cartographer_ros_msgs/cartographer_ros_msgs/msg/detail/metric_label__type_support.hpp\n'}
[10.225526] (cartographer_ros_msgs) StdoutLine: {'line': b'-- Installing: /root/distr_slam_ws/install/cartographer_ros_msgs/include/cartographer_ros_msgs/cartographer_ros_msgs/msg/detail/submap_texture__type_support.hpp\n'}
[10.225590] (cartographer_ros_msgs) StdoutLine: {'line': b'-- Installing: /root/distr_slam_ws/install/cartographer_ros_msgs/include/cartographer_ros_msgs/cartographer_ros_msgs/msg/detail/metric_family__builder.hpp\n'}
[10.225656] (cartographer_ros_msgs) StdoutLine: {'line': b'-- Installing: /root/distr_slam_ws/install/cartographer_ros_msgs/include/cartographer_ros_msgs/cartographer_ros_msgs/msg/detail/metric__traits.hpp\n'}
[10.225725] (cartographer_ros_msgs) StdoutLine: {'line': b'-- Installing: /root/distr_slam_ws/install/cartographer_ros_msgs/include/cartographer_ros_msgs/cartographer_ros_msgs/msg/detail/metric_family__type_support.hpp\n'}
[10.225789] (cartographer_ros_msgs) StdoutLine: {'line': b'-- Installing: /root/distr_slam_ws/install/cartographer_ros_msgs/include/cartographer_ros_msgs/cartographer_ros_msgs/msg/detail/histogram_bucket__builder.hpp\n'}
[10.225853] (cartographer_ros_msgs) StdoutLine: {'line': b'-- Installing: /root/distr_slam_ws/install/cartographer_ros_msgs/include/cartographer_ros_msgs/cartographer_ros_msgs/msg/detail/landmark_list__struct.hpp\n'}
[10.225918] (cartographer_ros_msgs) StdoutLine: {'line': b'-- Installing: /root/distr_slam_ws/install/cartographer_ros_msgs/include/cartographer_ros_msgs/cartographer_ros_msgs/msg/detail/submap_entry__builder.hpp\n'}
[10.225981] (cartographer_ros_msgs) StdoutLine: {'line': b'-- Installing: /root/distr_slam_ws/install/cartographer_ros_msgs/include/cartographer_ros_msgs/cartographer_ros_msgs/msg/detail/submap_texture__builder.hpp\n'}
[10.226045] (cartographer_ros_msgs) StdoutLine: {'line': b'-- Installing: /root/distr_slam_ws/install/cartographer_ros_msgs/include/cartographer_ros_msgs/cartographer_ros_msgs/msg/detail/status_response__struct.hpp\n'}
[10.226114] (cartographer_ros_msgs) StdoutLine: {'line': b'-- Installing: /root/distr_slam_ws/install/cartographer_ros_msgs/include/cartographer_ros_msgs/cartographer_ros_msgs/msg/detail/landmark_entry__builder.hpp\n'}
[10.226176] (cartographer_ros_msgs) StdoutLine: {'line': b'-- Installing: /root/distr_slam_ws/install/cartographer_ros_msgs/include/cartographer_ros_msgs/cartographer_ros_msgs/msg/detail/status_response__type_support.hpp\n'}
[10.226239] (cartographer_ros_msgs) StdoutLine: {'line': b'-- Installing: /root/distr_slam_ws/install/cartographer_ros_msgs/include/cartographer_ros_msgs/cartographer_ros_msgs/msg/detail/status_code__traits.hpp\n'}
[10.226304] (cartographer_ros_msgs) StdoutLine: {'line': b'-- Installing: /root/distr_slam_ws/install/cartographer_ros_msgs/include/cartographer_ros_msgs/cartographer_ros_msgs/msg/detail/metric__struct.hpp\n'}
[10.226368] (cartographer_ros_msgs) StdoutLine: {'line': b'-- Installing: /root/distr_slam_ws/install/cartographer_ros_msgs/include/cartographer_ros_msgs/cartographer_ros_msgs/msg/detail/landmark_list__traits.hpp\n'}
[10.226431] (cartographer_ros_msgs) StdoutLine: {'line': b'-- Installing: /root/distr_slam_ws/install/cartographer_ros_msgs/include/cartographer_ros_msgs/cartographer_ros_msgs/msg/detail/trajectory_states__type_support.hpp\n'}
[10.226495] (cartographer_ros_msgs) StdoutLine: {'line': b'-- Installing: /root/distr_slam_ws/install/cartographer_ros_msgs/include/cartographer_ros_msgs/cartographer_ros_msgs/msg/detail/submap_list__type_support.hpp\n'}
[10.226559] (cartographer_ros_msgs) StdoutLine: {'line': b'-- Installing: /root/distr_slam_ws/install/cartographer_ros_msgs/include/cartographer_ros_msgs/cartographer_ros_msgs/msg/detail/submap_list__traits.hpp\n'}
[10.226623] (cartographer_ros_msgs) StdoutLine: {'line': b'-- Installing: /root/distr_slam_ws/install/cartographer_ros_msgs/include/cartographer_ros_msgs/cartographer_ros_msgs/msg/detail/metric__type_support.hpp\n'}
[10.226688] (cartographer_ros_msgs) StdoutLine: {'line': b'-- Installing: /root/distr_slam_ws/install/cartographer_ros_msgs/include/cartographer_ros_msgs/cartographer_ros_msgs/msg/detail/submap_list__builder.hpp\n'}
[10.226751] (cartographer_ros_msgs) StdoutLine: {'line': b'-- Installing: /root/distr_slam_ws/install/cartographer_ros_msgs/include/cartographer_ros_msgs/cartographer_ros_msgs/msg/detail/status_code__builder.hpp\n'}
[10.226820] (cartographer_ros_msgs) StdoutLine: {'line': b'-- Installing: /root/distr_slam_ws/install/cartographer_ros_msgs/include/cartographer_ros_msgs/cartographer_ros_msgs/msg/detail/submap_entry__type_support.hpp\n'}
[10.226883] (cartographer_ros_msgs) StdoutLine: {'line': b'-- Installing: /root/distr_slam_ws/install/cartographer_ros_msgs/include/cartographer_ros_msgs/cartographer_ros_msgs/msg/detail/bagfile_progress__struct.hpp\n'}
[10.226952] (cartographer_ros_msgs) StdoutLine: {'line': b'-- Installing: /root/distr_slam_ws/install/cartographer_ros_msgs/include/cartographer_ros_msgs/cartographer_ros_msgs/msg/detail/metric_label__traits.hpp\n'}
[10.227018] (cartographer_ros_msgs) StdoutLine: {'line': b'-- Installing: /root/distr_slam_ws/install/cartographer_ros_msgs/include/cartographer_ros_msgs/cartographer_ros_msgs/msg/detail/landmark_entry__struct.hpp\n'}
[10.227087] (cartographer_ros_msgs) StdoutLine: {'line': b'-- Installing: /root/distr_slam_ws/install/cartographer_ros_msgs/include/cartographer_ros_msgs/cartographer_ros_msgs/msg/detail/metric_label__builder.hpp\n'}
[10.227154] (cartographer_ros_msgs) StdoutLine: {'line': b'-- Installing: /root/distr_slam_ws/install/cartographer_ros_msgs/include/cartographer_ros_msgs/cartographer_ros_msgs/msg/detail/landmark_list__builder.hpp\n'}
[10.227220] (cartographer_ros_msgs) StdoutLine: {'line': b'-- Installing: /root/distr_slam_ws/install/cartographer_ros_msgs/include/cartographer_ros_msgs/cartographer_ros_msgs/msg/detail/status_response__traits.hpp\n'}
[10.227287] (cartographer_ros_msgs) StdoutLine: {'line': b'-- Installing: /root/distr_slam_ws/install/cartographer_ros_msgs/include/cartographer_ros_msgs/cartographer_ros_msgs/msg/detail/bagfile_progress__builder.hpp\n'}
[10.227359] (cartographer_ros_msgs) StdoutLine: {'line': b'-- Installing: /root/distr_slam_ws/install/cartographer_ros_msgs/include/cartographer_ros_msgs/cartographer_ros_msgs/msg/detail/histogram_bucket__type_support.hpp\n'}
[10.227426] (cartographer_ros_msgs) StdoutLine: {'line': b'-- Installing: /root/distr_slam_ws/install/cartographer_ros_msgs/include/cartographer_ros_msgs/cartographer_ros_msgs/msg/detail/bagfile_progress__type_support.hpp\n'}
[10.227496] (cartographer_ros_msgs) StdoutLine: {'line': b'-- Installing: /root/distr_slam_ws/install/cartographer_ros_msgs/include/cartographer_ros_msgs/cartographer_ros_msgs/msg/detail/landmark_entry__type_support.hpp\n'}
[10.227562] (cartographer_ros_msgs) StdoutLine: {'line': b'-- Installing: /root/distr_slam_ws/install/cartographer_ros_msgs/include/cartographer_ros_msgs/cartographer_ros_msgs/msg/detail/landmark_entry__traits.hpp\n'}
[10.227633] (cartographer_ros_msgs) StdoutLine: {'line': b'-- Installing: /root/distr_slam_ws/install/cartographer_ros_msgs/include/cartographer_ros_msgs/cartographer_ros_msgs/msg/detail/metric_family__traits.hpp\n'}
[10.227703] (cartographer_ros_msgs) StdoutLine: {'line': b'-- Installing: /root/distr_slam_ws/install/cartographer_ros_msgs/include/cartographer_ros_msgs/cartographer_ros_msgs/msg/detail/metric_family__struct.hpp\n'}
[10.227771] (cartographer_ros_msgs) StdoutLine: {'line': b'-- Installing: /root/distr_slam_ws/install/cartographer_ros_msgs/include/cartographer_ros_msgs/cartographer_ros_msgs/msg/detail/histogram_bucket__struct.hpp\n'}
[10.227839] (cartographer_ros_msgs) StdoutLine: {'line': b'-- Installing: /root/distr_slam_ws/install/cartographer_ros_msgs/include/cartographer_ros_msgs/cartographer_ros_msgs/msg/detail/status_response__builder.hpp\n'}
[10.227906] (cartographer_ros_msgs) StdoutLine: {'line': b'-- Installing: /root/distr_slam_ws/install/cartographer_ros_msgs/include/cartographer_ros_msgs/cartographer_ros_msgs/msg/detail/trajectory_states__struct.hpp\n'}
[10.227977] (cartographer_ros_msgs) StdoutLine: {'line': b'-- Installing: /root/distr_slam_ws/install/cartographer_ros_msgs/include/cartographer_ros_msgs/cartographer_ros_msgs/msg/detail/status_code__struct.hpp\n'}
[10.228048] (cartographer_ros_msgs) StdoutLine: {'line': b'-- Installing: /root/distr_slam_ws/install/cartographer_ros_msgs/include/cartographer_ros_msgs/cartographer_ros_msgs/msg/detail/landmark_list__type_support.hpp\n'}
[10.228115] (cartographer_ros_msgs) StdoutLine: {'line': b'-- Installing: /root/distr_slam_ws/install/cartographer_ros_msgs/include/cartographer_ros_msgs/cartographer_ros_msgs/msg/detail/histogram_bucket__traits.hpp\n'}
[10.228182] (cartographer_ros_msgs) StdoutLine: {'line': b'-- Installing: /root/distr_slam_ws/install/cartographer_ros_msgs/include/cartographer_ros_msgs/cartographer_ros_msgs/msg/detail/submap_texture__traits.hpp\n'}
[10.228252] (cartographer_ros_msgs) StdoutLine: {'line': b'-- Installing: /root/distr_slam_ws/install/cartographer_ros_msgs/include/cartographer_ros_msgs/cartographer_ros_msgs/msg/detail/trajectory_states__builder.hpp\n'}
[10.228551] (cartographer_ros_msgs) StdoutLine: {'line': b'-- Installing: /root/distr_slam_ws/install/cartographer_ros_msgs/include/cartographer_ros_msgs/cartographer_ros_msgs/msg/detail/metric_label__struct.hpp\n'}
[10.228626] (cartographer_ros_msgs) StdoutLine: {'line': b'-- Installing: /root/distr_slam_ws/install/cartographer_ros_msgs/include/cartographer_ros_msgs/cartographer_ros_msgs/msg/detail/submap_list__struct.hpp\n'}
[10.228698] (cartographer_ros_msgs) StdoutLine: {'line': b'-- Installing: /root/distr_slam_ws/install/cartographer_ros_msgs/include/cartographer_ros_msgs/cartographer_ros_msgs/msg/detail/status_code__type_support.hpp\n'}
[10.228765] (cartographer_ros_msgs) StdoutLine: {'line': b'-- Installing: /root/distr_slam_ws/install/cartographer_ros_msgs/include/cartographer_ros_msgs/cartographer_ros_msgs/msg/detail/metric__builder.hpp\n'}
[10.228881] (cartographer_ros_msgs) StdoutLine: {'line': b'-- Up-to-date: /root/distr_slam_ws/install/cartographer_ros_msgs/include/cartographer_ros_msgs/cartographer_ros_msgs\n'}
[10.228916] (cartographer_ros_msgs) StdoutLine: {'line': b'-- Up-to-date: /root/distr_slam_ws/install/cartographer_ros_msgs/include/cartographer_ros_msgs/cartographer_ros_msgs/srv\n'}
[10.228951] (cartographer_ros_msgs) StdoutLine: {'line': b'-- Up-to-date: /root/distr_slam_ws/install/cartographer_ros_msgs/include/cartographer_ros_msgs/cartographer_ros_msgs/srv/detail\n'}
[10.228985] (cartographer_ros_msgs) StdoutLine: {'line': b'-- Installing: /root/distr_slam_ws/install/cartographer_ros_msgs/include/cartographer_ros_msgs/cartographer_ros_msgs/srv/detail/write_state__rosidl_typesupport_fastrtps_cpp.hpp\n'}
[10.229043] (cartographer_ros_msgs) StdoutLine: {'line': b'-- Up-to-date: /root/distr_slam_ws/install/cartographer_ros_msgs/include/cartographer_ros_msgs/cartographer_ros_msgs/srv/detail/dds_fastrtps\n'}
[10.229077] (cartographer_ros_msgs) StdoutLine: {'line': b'-- Installing: /root/distr_slam_ws/install/cartographer_ros_msgs/include/cartographer_ros_msgs/cartographer_ros_msgs/srv/detail/get_slam_state__rosidl_typesupport_fastrtps_cpp.hpp\n'}
[10.229138] (cartographer_ros_msgs) StdoutLine: {'line': b'-- Installing: /root/distr_slam_ws/install/cartographer_ros_msgs/include/cartographer_ros_msgs/cartographer_ros_msgs/srv/detail/trajectory_query__rosidl_typesupport_fastrtps_cpp.hpp\n'}
[10.229210] (cartographer_ros_msgs) StdoutLine: {'line': b'-- Installing: /root/distr_slam_ws/install/cartographer_ros_msgs/include/cartographer_ros_msgs/cartographer_ros_msgs/srv/detail/get_trajectory_states__rosidl_typesupport_fastrtps_cpp.hpp\n'}
[10.229281] (cartographer_ros_msgs) StdoutLine: {'line': b'-- Installing: /root/distr_slam_ws/install/cartographer_ros_msgs/include/cartographer_ros_msgs/cartographer_ros_msgs/srv/detail/set_slam_state__rosidl_typesupport_fastrtps_cpp.hpp\n'}
[10.229344] (cartographer_ros_msgs) StdoutLine: {'line': b'-- Installing: /root/distr_slam_ws/install/cartographer_ros_msgs/include/cartographer_ros_msgs/cartographer_ros_msgs/srv/detail/read_metrics__rosidl_typesupport_fastrtps_cpp.hpp\n'}
[10.229414] (cartographer_ros_msgs) StdoutLine: {'line': b'-- Installing: /root/distr_slam_ws/install/cartographer_ros_msgs/include/cartographer_ros_msgs/cartographer_ros_msgs/srv/detail/finish_trajectory__rosidl_typesupport_fastrtps_cpp.hpp\n'}
[10.229486] (cartographer_ros_msgs) StdoutLine: {'line': b'-- Installing: /root/distr_slam_ws/install/cartographer_ros_msgs/include/cartographer_ros_msgs/cartographer_ros_msgs/srv/detail/start_trajectory__rosidl_typesupport_fastrtps_cpp.hpp\n'}
[10.229557] (cartographer_ros_msgs) StdoutLine: {'line': b'-- Installing: /root/distr_slam_ws/install/cartographer_ros_msgs/include/cartographer_ros_msgs/cartographer_ros_msgs/srv/detail/submap_query__rosidl_typesupport_fastrtps_cpp.hpp\n'}
[10.229626] (cartographer_ros_msgs) StdoutLine: {'line': b'-- Up-to-date: /root/distr_slam_ws/install/cartographer_ros_msgs/include/cartographer_ros_msgs/cartographer_ros_msgs/msg\n'}
[10.229658] (cartographer_ros_msgs) StdoutLine: {'line': b'-- Up-to-date: /root/distr_slam_ws/install/cartographer_ros_msgs/include/cartographer_ros_msgs/cartographer_ros_msgs/msg/rosidl_typesupport_fastrtps_cpp__visibility_control.h\n'}
[10.229694] (cartographer_ros_msgs) StdoutLine: {'line': b'-- Up-to-date: /root/distr_slam_ws/install/cartographer_ros_msgs/include/cartographer_ros_msgs/cartographer_ros_msgs/msg/detail\n'}
[10.229731] (cartographer_ros_msgs) StdoutLine: {'line': b'-- Installing: /root/distr_slam_ws/install/cartographer_ros_msgs/include/cartographer_ros_msgs/cartographer_ros_msgs/msg/detail/metric_label__rosidl_typesupport_fastrtps_cpp.hpp\n'}
[10.229766] (cartographer_ros_msgs) StdoutLine: {'line': b'-- Installing: /root/distr_slam_ws/install/cartographer_ros_msgs/include/cartographer_ros_msgs/cartographer_ros_msgs/msg/detail/submap_texture__rosidl_typesupport_fastrtps_cpp.hpp\n'}
[10.229824] (cartographer_ros_msgs) StdoutLine: {'line': b'-- Up-to-date: /root/distr_slam_ws/install/cartographer_ros_msgs/include/cartographer_ros_msgs/cartographer_ros_msgs/msg/detail/dds_fastrtps\n'}
[10.229859] (cartographer_ros_msgs) StdoutLine: {'line': b'-- Installing: /root/distr_slam_ws/install/cartographer_ros_msgs/include/cartographer_ros_msgs/cartographer_ros_msgs/msg/detail/status_code__rosidl_typesupport_fastrtps_cpp.hpp\n'}
[10.229917] (cartographer_ros_msgs) StdoutLine: {'line': b'-- Installing: /root/distr_slam_ws/install/cartographer_ros_msgs/include/cartographer_ros_msgs/cartographer_ros_msgs/msg/detail/metric__rosidl_typesupport_fastrtps_cpp.hpp\n'}
[10.229982] (cartographer_ros_msgs) StdoutLine: {'line': b'-- Installing: /root/distr_slam_ws/install/cartographer_ros_msgs/include/cartographer_ros_msgs/cartographer_ros_msgs/msg/detail/histogram_bucket__rosidl_typesupport_fastrtps_cpp.hpp\n'}
[10.230049] (cartographer_ros_msgs) StdoutLine: {'line': b'-- Installing: /root/distr_slam_ws/install/cartographer_ros_msgs/include/cartographer_ros_msgs/cartographer_ros_msgs/msg/detail/status_response__rosidl_typesupport_fastrtps_cpp.hpp\n'}
[10.230112] (cartographer_ros_msgs) StdoutLine: {'line': b'-- Installing: /root/distr_slam_ws/install/cartographer_ros_msgs/include/cartographer_ros_msgs/cartographer_ros_msgs/msg/detail/metric_family__rosidl_typesupport_fastrtps_cpp.hpp\n'}
[10.230176] (cartographer_ros_msgs) StdoutLine: {'line': b'-- Installing: /root/distr_slam_ws/install/cartographer_ros_msgs/include/cartographer_ros_msgs/cartographer_ros_msgs/msg/detail/submap_entry__rosidl_typesupport_fastrtps_cpp.hpp\n'}
[10.230241] (cartographer_ros_msgs) StdoutLine: {'line': b'-- Installing: /root/distr_slam_ws/install/cartographer_ros_msgs/include/cartographer_ros_msgs/cartographer_ros_msgs/msg/detail/submap_list__rosidl_typesupport_fastrtps_cpp.hpp\n'}
[10.230315] (cartographer_ros_msgs) StdoutLine: {'line': b'-- Installing: /root/distr_slam_ws/install/cartographer_ros_msgs/include/cartographer_ros_msgs/cartographer_ros_msgs/msg/detail/trajectory_states__rosidl_typesupport_fastrtps_cpp.hpp\n'}
[10.230384] (cartographer_ros_msgs) StdoutLine: {'line': b'-- Installing: /root/distr_slam_ws/install/cartographer_ros_msgs/include/cartographer_ros_msgs/cartographer_ros_msgs/msg/detail/bagfile_progress__rosidl_typesupport_fastrtps_cpp.hpp\n'}
[10.230454] (cartographer_ros_msgs) StdoutLine: {'line': b'-- Installing: /root/distr_slam_ws/install/cartographer_ros_msgs/include/cartographer_ros_msgs/cartographer_ros_msgs/msg/detail/landmark_entry__rosidl_typesupport_fastrtps_cpp.hpp\n'}
[10.230523] (cartographer_ros_msgs) StdoutLine: {'line': b'-- Installing: /root/distr_slam_ws/install/cartographer_ros_msgs/include/cartographer_ros_msgs/cartographer_ros_msgs/msg/detail/landmark_list__rosidl_typesupport_fastrtps_cpp.hpp\n'}
[10.230681] (cartographer_ros_msgs) StdoutLine: {'line': b'-- Installing: /root/distr_slam_ws/install/cartographer_ros_msgs/lib/libcartographer_ros_msgs__rosidl_typesupport_fastrtps_cpp.so\n'}
[10.231420] (cartographer_ros_msgs) StdoutLine: {'line': b'-- Set non-toolchain portion of runtime path of "/root/distr_slam_ws/install/cartographer_ros_msgs/lib/libcartographer_ros_msgs__rosidl_typesupport_fastrtps_cpp.so" to ""\n'}
[10.231459] (cartographer_ros_msgs) StdoutLine: {'line': b'-- Up-to-date: /root/distr_slam_ws/install/cartographer_ros_msgs/include/cartographer_ros_msgs/cartographer_ros_msgs\n'}
[10.231493] (cartographer_ros_msgs) StdoutLine: {'line': b'-- Up-to-date: /root/distr_slam_ws/install/cartographer_ros_msgs/include/cartographer_ros_msgs/cartographer_ros_msgs/srv\n'}
[10.231533] (cartographer_ros_msgs) StdoutLine: {'line': b'-- Up-to-date: /root/distr_slam_ws/install/cartographer_ros_msgs/include/cartographer_ros_msgs/cartographer_ros_msgs/srv/detail\n'}
[10.231561] (cartographer_ros_msgs) StdoutLine: {'line': b'-- Installing: /root/distr_slam_ws/install/cartographer_ros_msgs/include/cartographer_ros_msgs/cartographer_ros_msgs/srv/detail/write_state__type_support.cpp\n'}
[10.231601] (cartographer_ros_msgs) StdoutLine: {'line': b'-- Installing: /root/distr_slam_ws/install/cartographer_ros_msgs/include/cartographer_ros_msgs/cartographer_ros_msgs/srv/detail/get_slam_state__type_support.cpp\n'}
[10.231671] (cartographer_ros_msgs) StdoutLine: {'line': b'-- Installing: /root/distr_slam_ws/install/cartographer_ros_msgs/include/cartographer_ros_msgs/cartographer_ros_msgs/srv/detail/trajectory_query__type_support.cpp\n'}
[10.231749] (cartographer_ros_msgs) StdoutLine: {'line': b'-- Installing: /root/distr_slam_ws/install/cartographer_ros_msgs/include/cartographer_ros_msgs/cartographer_ros_msgs/srv/detail/write_state__rosidl_typesupport_introspection_cpp.hpp\n'}
[10.231820] (cartographer_ros_msgs) StdoutLine: {'line': b'-- Installing: /root/distr_slam_ws/install/cartographer_ros_msgs/include/cartographer_ros_msgs/cartographer_ros_msgs/srv/detail/get_trajectory_states__rosidl_typesupport_introspection_cpp.hpp\n'}
[10.231890] (cartographer_ros_msgs) StdoutLine: {'line': b'-- Installing: /root/distr_slam_ws/install/cartographer_ros_msgs/include/cartographer_ros_msgs/cartographer_ros_msgs/srv/detail/finish_trajectory__type_support.cpp\n'}
[10.231969] (cartographer_ros_msgs) StdoutLine: {'line': b'-- Installing: /root/distr_slam_ws/install/cartographer_ros_msgs/include/cartographer_ros_msgs/cartographer_ros_msgs/srv/detail/finish_trajectory__rosidl_typesupport_introspection_cpp.hpp\n'}
[10.232037] (cartographer_ros_msgs) StdoutLine: {'line': b'-- Installing: /root/distr_slam_ws/install/cartographer_ros_msgs/include/cartographer_ros_msgs/cartographer_ros_msgs/srv/detail/set_slam_state__rosidl_typesupport_introspection_cpp.hpp\n'}
[10.232097] (cartographer_ros_msgs) StdoutLine: {'line': b'-- Installing: /root/distr_slam_ws/install/cartographer_ros_msgs/include/cartographer_ros_msgs/cartographer_ros_msgs/srv/detail/get_trajectory_states__type_support.cpp\n'}
[10.232176] (cartographer_ros_msgs) StdoutLine: {'line': b'-- Installing: /root/distr_slam_ws/install/cartographer_ros_msgs/include/cartographer_ros_msgs/cartographer_ros_msgs/srv/detail/trajectory_query__rosidl_typesupport_introspection_cpp.hpp\n'}
[10.232246] (cartographer_ros_msgs) StdoutLine: {'line': b'-- Installing: /root/distr_slam_ws/install/cartographer_ros_msgs/include/cartographer_ros_msgs/cartographer_ros_msgs/srv/detail/start_trajectory__rosidl_typesupport_introspection_cpp.hpp\n'}
[10.232318] (cartographer_ros_msgs) StdoutLine: {'line': b'-- Installing: /root/distr_slam_ws/install/cartographer_ros_msgs/include/cartographer_ros_msgs/cartographer_ros_msgs/srv/detail/submap_query__type_support.cpp\n'}
[10.232397] (cartographer_ros_msgs) StdoutLine: {'line': b'-- Installing: /root/distr_slam_ws/install/cartographer_ros_msgs/include/cartographer_ros_msgs/cartographer_ros_msgs/srv/detail/read_metrics__rosidl_typesupport_introspection_cpp.hpp\n'}
[10.232468] (cartographer_ros_msgs) StdoutLine: {'line': b'-- Installing: /root/distr_slam_ws/install/cartographer_ros_msgs/include/cartographer_ros_msgs/cartographer_ros_msgs/srv/detail/submap_query__rosidl_typesupport_introspection_cpp.hpp\n'}
[10.232535] (cartographer_ros_msgs) StdoutLine: {'line': b'-- Installing: /root/distr_slam_ws/install/cartographer_ros_msgs/include/cartographer_ros_msgs/cartographer_ros_msgs/srv/detail/read_metrics__type_support.cpp\n'}
[10.232614] (cartographer_ros_msgs) StdoutLine: {'line': b'-- Installing: /root/distr_slam_ws/install/cartographer_ros_msgs/include/cartographer_ros_msgs/cartographer_ros_msgs/srv/detail/get_slam_state__rosidl_typesupport_introspection_cpp.hpp\n'}
[10.232673] (cartographer_ros_msgs) StdoutLine: {'line': b'-- Installing: /root/distr_slam_ws/install/cartographer_ros_msgs/include/cartographer_ros_msgs/cartographer_ros_msgs/srv/detail/start_trajectory__type_support.cpp\n'}
[10.232755] (cartographer_ros_msgs) StdoutLine: {'line': b'-- Installing: /root/distr_slam_ws/install/cartographer_ros_msgs/include/cartographer_ros_msgs/cartographer_ros_msgs/srv/detail/set_slam_state__type_support.cpp\n'}
[10.232824] (cartographer_ros_msgs) StdoutLine: {'line': b'-- Up-to-date: /root/distr_slam_ws/install/cartographer_ros_msgs/include/cartographer_ros_msgs/cartographer_ros_msgs/msg\n'}
[10.232860] (cartographer_ros_msgs) StdoutLine: {'line': b'-- Up-to-date: /root/distr_slam_ws/install/cartographer_ros_msgs/include/cartographer_ros_msgs/cartographer_ros_msgs/msg/detail\n'}
[10.232895] (cartographer_ros_msgs) StdoutLine: {'line': b'-- Installing: /root/distr_slam_ws/install/cartographer_ros_msgs/include/cartographer_ros_msgs/cartographer_ros_msgs/msg/detail/metric_label__rosidl_typesupport_introspection_cpp.hpp\n'}
[10.232940] (cartographer_ros_msgs) StdoutLine: {'line': b'-- Installing: /root/distr_slam_ws/install/cartographer_ros_msgs/include/cartographer_ros_msgs/cartographer_ros_msgs/msg/detail/trajectory_states__rosidl_typesupport_introspection_cpp.hpp\n'}
[10.233006] (cartographer_ros_msgs) StdoutLine: {'line': b'-- Installing: /root/distr_slam_ws/install/cartographer_ros_msgs/include/cartographer_ros_msgs/cartographer_ros_msgs/msg/detail/landmark_entry__type_support.cpp\n'}
[10.233075] (cartographer_ros_msgs) StdoutLine: {'line': b'-- Installing: /root/distr_slam_ws/install/cartographer_ros_msgs/include/cartographer_ros_msgs/cartographer_ros_msgs/msg/detail/metric_family__type_support.cpp\n'}
[10.233145] (cartographer_ros_msgs) StdoutLine: {'line': b'-- Installing: /root/distr_slam_ws/install/cartographer_ros_msgs/include/cartographer_ros_msgs/cartographer_ros_msgs/msg/detail/histogram_bucket__rosidl_typesupport_introspection_cpp.hpp\n'}
[10.233214] (cartographer_ros_msgs) StdoutLine: {'line': b'-- Installing: /root/distr_slam_ws/install/cartographer_ros_msgs/include/cartographer_ros_msgs/cartographer_ros_msgs/msg/detail/bagfile_progress__rosidl_typesupport_introspection_cpp.hpp\n'}
[10.233280] (cartographer_ros_msgs) StdoutLine: {'line': b'-- Installing: /root/distr_slam_ws/install/cartographer_ros_msgs/include/cartographer_ros_msgs/cartographer_ros_msgs/msg/detail/status_code__type_support.cpp\n'}
[10.233346] (cartographer_ros_msgs) StdoutLine: {'line': b'-- Installing: /root/distr_slam_ws/install/cartographer_ros_msgs/include/cartographer_ros_msgs/cartographer_ros_msgs/msg/detail/status_response__type_support.cpp\n'}
[10.233412] (cartographer_ros_msgs) StdoutLine: {'line': b'-- Installing: /root/distr_slam_ws/install/cartographer_ros_msgs/include/cartographer_ros_msgs/cartographer_ros_msgs/msg/detail/submap_list__type_support.cpp\n'}
[10.233478] (cartographer_ros_msgs) StdoutLine: {'line': b'-- Installing: /root/distr_slam_ws/install/cartographer_ros_msgs/include/cartographer_ros_msgs/cartographer_ros_msgs/msg/detail/metric__rosidl_typesupport_introspection_cpp.hpp\n'}
[10.233545] (cartographer_ros_msgs) StdoutLine: {'line': b'-- Installing: /root/distr_slam_ws/install/cartographer_ros_msgs/include/cartographer_ros_msgs/cartographer_ros_msgs/msg/detail/submap_entry__rosidl_typesupport_introspection_cpp.hpp\n'}
[10.233614] (cartographer_ros_msgs) StdoutLine: {'line': b'-- Installing: /root/distr_slam_ws/install/cartographer_ros_msgs/include/cartographer_ros_msgs/cartographer_ros_msgs/msg/detail/trajectory_states__type_support.cpp\n'}
[10.233685] (cartographer_ros_msgs) StdoutLine: {'line': b'-- Installing: /root/distr_slam_ws/install/cartographer_ros_msgs/include/cartographer_ros_msgs/cartographer_ros_msgs/msg/detail/landmark_list__rosidl_typesupport_introspection_cpp.hpp\n'}
[10.233754] (cartographer_ros_msgs) StdoutLine: {'line': b'-- Installing: /root/distr_slam_ws/install/cartographer_ros_msgs/include/cartographer_ros_msgs/cartographer_ros_msgs/msg/detail/histogram_bucket__type_support.cpp\n'}
[10.233821] (cartographer_ros_msgs) StdoutLine: {'line': b'-- Installing: /root/distr_slam_ws/install/cartographer_ros_msgs/include/cartographer_ros_msgs/cartographer_ros_msgs/msg/detail/metric_label__type_support.cpp\n'}
[10.233890] (cartographer_ros_msgs) StdoutLine: {'line': b'-- Installing: /root/distr_slam_ws/install/cartographer_ros_msgs/include/cartographer_ros_msgs/cartographer_ros_msgs/msg/detail/status_response__rosidl_typesupport_introspection_cpp.hpp\n'}
[10.233961] (cartographer_ros_msgs) StdoutLine: {'line': b'-- Installing: /root/distr_slam_ws/install/cartographer_ros_msgs/include/cartographer_ros_msgs/cartographer_ros_msgs/msg/detail/submap_entry__type_support.cpp\n'}
[10.234032] (cartographer_ros_msgs) StdoutLine: {'line': b'-- Installing: /root/distr_slam_ws/install/cartographer_ros_msgs/include/cartographer_ros_msgs/cartographer_ros_msgs/msg/detail/landmark_list__type_support.cpp\n'}
[10.234104] (cartographer_ros_msgs) StdoutLine: {'line': b'-- Installing: /root/distr_slam_ws/install/cartographer_ros_msgs/include/cartographer_ros_msgs/cartographer_ros_msgs/msg/detail/landmark_entry__rosidl_typesupport_introspection_cpp.hpp\n'}
[10.234174] (cartographer_ros_msgs) StdoutLine: {'line': b'-- Installing: /root/distr_slam_ws/install/cartographer_ros_msgs/include/cartographer_ros_msgs/cartographer_ros_msgs/msg/detail/metric_family__rosidl_typesupport_introspection_cpp.hpp\n'}
[10.234246] (cartographer_ros_msgs) StdoutLine: {'line': b'-- Installing: /root/distr_slam_ws/install/cartographer_ros_msgs/include/cartographer_ros_msgs/cartographer_ros_msgs/msg/detail/submap_list__rosidl_typesupport_introspection_cpp.hpp\n'}
[10.234318] (cartographer_ros_msgs) StdoutLine: {'line': b'-- Installing: /root/distr_slam_ws/install/cartographer_ros_msgs/include/cartographer_ros_msgs/cartographer_ros_msgs/msg/detail/submap_texture__type_support.cpp\n'}
[10.234391] (cartographer_ros_msgs) StdoutLine: {'line': b'-- Installing: /root/distr_slam_ws/install/cartographer_ros_msgs/include/cartographer_ros_msgs/cartographer_ros_msgs/msg/detail/bagfile_progress__type_support.cpp\n'}
[10.234465] (cartographer_ros_msgs) StdoutLine: {'line': b'-- Installing: /root/distr_slam_ws/install/cartographer_ros_msgs/include/cartographer_ros_msgs/cartographer_ros_msgs/msg/detail/submap_texture__rosidl_typesupport_introspection_cpp.hpp\n'}
[10.234536] (cartographer_ros_msgs) StdoutLine: {'line': b'-- Installing: /root/distr_slam_ws/install/cartographer_ros_msgs/include/cartographer_ros_msgs/cartographer_ros_msgs/msg/detail/status_code__rosidl_typesupport_introspection_cpp.hpp\n'}
[10.234606] (cartographer_ros_msgs) StdoutLine: {'line': b'-- Installing: /root/distr_slam_ws/install/cartographer_ros_msgs/include/cartographer_ros_msgs/cartographer_ros_msgs/msg/detail/metric__type_support.cpp\n'}
[10.234774] (cartographer_ros_msgs) StdoutLine: {'line': b'-- Installing: /root/distr_slam_ws/install/cartographer_ros_msgs/lib/libcartographer_ros_msgs__rosidl_typesupport_introspection_cpp.so\n'}
[10.235588] (cartographer_ros_msgs) StdoutLine: {'line': b'-- Set non-toolchain portion of runtime path of "/root/distr_slam_ws/install/cartographer_ros_msgs/lib/libcartographer_ros_msgs__rosidl_typesupport_introspection_cpp.so" to ""\n'}
[10.235667] (cartographer_ros_msgs) StdoutLine: {'line': b'-- Installing: /root/distr_slam_ws/install/cartographer_ros_msgs/lib/libcartographer_ros_msgs__rosidl_typesupport_cpp.so\n'}
[10.236209] (cartographer_ros_msgs) StdoutLine: {'line': b'-- Set non-toolchain portion of runtime path of "/root/distr_slam_ws/install/cartographer_ros_msgs/lib/libcartographer_ros_msgs__rosidl_typesupport_cpp.so" to ""\n'}
[10.236256] (cartographer_ros_msgs) StdoutLine: {'line': b'-- Up-to-date: /root/distr_slam_ws/install/cartographer_ros_msgs/share/cartographer_ros_msgs/environment/pythonpath.sh\n'}
[10.236291] (cartographer_ros_msgs) StdoutLine: {'line': b'-- Up-to-date: /root/distr_slam_ws/install/cartographer_ros_msgs/share/cartographer_ros_msgs/environment/pythonpath.dsv\n'}
[10.236573] (cartographer_ros_msgs) StdoutLine: {'line': b'-- Up-to-date: /root/distr_slam_ws/install/cartographer_ros_msgs/lib/python3.12/site-packages/cartographer_ros_msgs-2.0.9003-py3.12.egg-info\n'}
[10.236608] (cartographer_ros_msgs) StdoutLine: {'line': b'-- Installing: /root/distr_slam_ws/install/cartographer_ros_msgs/lib/python3.12/site-packages/cartographer_ros_msgs-2.0.9003-py3.12.egg-info/PKG-INFO\n'}
[10.236675] (cartographer_ros_msgs) StdoutLine: {'line': b'-- Installing: /root/distr_slam_ws/install/cartographer_ros_msgs/lib/python3.12/site-packages/cartographer_ros_msgs-2.0.9003-py3.12.egg-info/top_level.txt\n'}
[10.236737] (cartographer_ros_msgs) StdoutLine: {'line': b'-- Installing: /root/distr_slam_ws/install/cartographer_ros_msgs/lib/python3.12/site-packages/cartographer_ros_msgs-2.0.9003-py3.12.egg-info/dependency_links.txt\n'}
[10.236797] (cartographer_ros_msgs) StdoutLine: {'line': b'-- Installing: /root/distr_slam_ws/install/cartographer_ros_msgs/lib/python3.12/site-packages/cartographer_ros_msgs-2.0.9003-py3.12.egg-info/SOURCES.txt\n'}
[10.236891] (cartographer_ros_msgs) StdoutLine: {'line': b'-- Up-to-date: /root/distr_slam_ws/install/cartographer_ros_msgs/lib/python3.12/site-packages/cartographer_ros_msgs\n'}
[10.236925] (cartographer_ros_msgs) StdoutLine: {'line': b'-- Up-to-date: /root/distr_slam_ws/install/cartographer_ros_msgs/lib/python3.12/site-packages/cartographer_ros_msgs/srv\n'}
[10.236960] (cartographer_ros_msgs) StdoutLine: {'line': b'-- Installing: /root/distr_slam_ws/install/cartographer_ros_msgs/lib/python3.12/site-packages/cartographer_ros_msgs/srv/_read_metrics.py\n'}
[10.237029] (cartographer_ros_msgs) StdoutLine: {'line': b'-- Installing: /root/distr_slam_ws/install/cartographer_ros_msgs/lib/python3.12/site-packages/cartographer_ros_msgs/srv/_set_slam_state.py\n'}
[10.237092] (cartographer_ros_msgs) StdoutLine: {'line': b'-- Installing: /root/distr_slam_ws/install/cartographer_ros_msgs/lib/python3.12/site-packages/cartographer_ros_msgs/srv/_read_metrics_s.c\n'}
[10.237160] (cartographer_ros_msgs) StdoutLine: {'line': b'-- Installing: /root/distr_slam_ws/install/cartographer_ros_msgs/lib/python3.12/site-packages/cartographer_ros_msgs/srv/_trajectory_query.py\n'}
[10.237231] (cartographer_ros_msgs) StdoutLine: {'line': b'-- Installing: /root/distr_slam_ws/install/cartographer_ros_msgs/lib/python3.12/site-packages/cartographer_ros_msgs/srv/_get_trajectory_states_s.c\n'}
[10.237300] (cartographer_ros_msgs) StdoutLine: {'line': b'-- Installing: /root/distr_slam_ws/install/cartographer_ros_msgs/lib/python3.12/site-packages/cartographer_ros_msgs/srv/_start_trajectory_s.c\n'}
[10.237369] (cartographer_ros_msgs) StdoutLine: {'line': b'-- Installing: /root/distr_slam_ws/install/cartographer_ros_msgs/lib/python3.12/site-packages/cartographer_ros_msgs/srv/_start_trajectory.py\n'}
[10.237442] (cartographer_ros_msgs) StdoutLine: {'line': b'-- Installing: /root/distr_slam_ws/install/cartographer_ros_msgs/lib/python3.12/site-packages/cartographer_ros_msgs/srv/_finish_trajectory.py\n'}
[10.237512] (cartographer_ros_msgs) StdoutLine: {'line': b'-- Installing: /root/distr_slam_ws/install/cartographer_ros_msgs/lib/python3.12/site-packages/cartographer_ros_msgs/srv/_get_trajectory_states.py\n'}
[10.237580] (cartographer_ros_msgs) StdoutLine: {'line': b'-- Installing: /root/distr_slam_ws/install/cartographer_ros_msgs/lib/python3.12/site-packages/cartographer_ros_msgs/srv/_write_state_s.c\n'}
[10.237645] (cartographer_ros_msgs) StdoutLine: {'line': b'-- Installing: /root/distr_slam_ws/install/cartographer_ros_msgs/lib/python3.12/site-packages/cartographer_ros_msgs/srv/_finish_trajectory_s.c\n'}
[10.237711] (cartographer_ros_msgs) StdoutLine: {'line': b'-- Installing: /root/distr_slam_ws/install/cartographer_ros_msgs/lib/python3.12/site-packages/cartographer_ros_msgs/srv/_submap_query.py\n'}
[10.237781] (cartographer_ros_msgs) StdoutLine: {'line': b'-- Installing: /root/distr_slam_ws/install/cartographer_ros_msgs/lib/python3.12/site-packages/cartographer_ros_msgs/srv/__init__.py\n'}
[10.237841] (cartographer_ros_msgs) StdoutLine: {'line': b'-- Installing: /root/distr_slam_ws/install/cartographer_ros_msgs/lib/python3.12/site-packages/cartographer_ros_msgs/srv/_submap_query_s.c\n'}
[10.237908] (cartographer_ros_msgs) StdoutLine: {'line': b'-- Installing: /root/distr_slam_ws/install/cartographer_ros_msgs/lib/python3.12/site-packages/cartographer_ros_msgs/srv/_trajectory_query_s.c\n'}
[10.237975] (cartographer_ros_msgs) StdoutLine: {'line': b'-- Installing: /root/distr_slam_ws/install/cartographer_ros_msgs/lib/python3.12/site-packages/cartographer_ros_msgs/srv/_write_state.py\n'}
[10.238044] (cartographer_ros_msgs) StdoutLine: {'line': b'-- Installing: /root/distr_slam_ws/install/cartographer_ros_msgs/lib/python3.12/site-packages/cartographer_ros_msgs/srv/_get_slam_state_s.c\n'}
[10.238100] (cartographer_ros_msgs) StdoutLine: {'line': b'-- Installing: /root/distr_slam_ws/install/cartographer_ros_msgs/lib/python3.12/site-packages/cartographer_ros_msgs/srv/_set_slam_state_s.c\n'}
[10.238155] (cartographer_ros_msgs) StdoutLine: {'line': b'-- Installing: /root/distr_slam_ws/install/cartographer_ros_msgs/lib/python3.12/site-packages/cartographer_ros_msgs/srv/_get_slam_state.py\n'}
[10.238216] (cartographer_ros_msgs) StdoutLine: {'line': b'-- Installing: /root/distr_slam_ws/install/cartographer_ros_msgs/lib/python3.12/site-packages/cartographer_ros_msgs/cartographer_ros_msgs_s__rosidl_typesupport_fastrtps_c.so\n'}
[10.238343] (cartographer_ros_msgs) StdoutLine: {'line': b'-- Installing: /root/distr_slam_ws/install/cartographer_ros_msgs/lib/python3.12/site-packages/cartographer_ros_msgs/_cartographer_ros_msgs_s.ep.rosidl_typesupport_c.c\n'}
[10.238496] (cartographer_ros_msgs) StdoutLine: {'line': b'-- Installing: /root/distr_slam_ws/install/cartographer_ros_msgs/lib/python3.12/site-packages/cartographer_ros_msgs/cartographer_ros_msgs_s__rosidl_typesupport_introspection_c.so\n'}
[10.238615] (cartographer_ros_msgs) StdoutLine: {'line': b'-- Installing: /root/distr_slam_ws/install/cartographer_ros_msgs/lib/python3.12/site-packages/cartographer_ros_msgs/cartographer_ros_msgs_s__rosidl_typesupport_c.so\n'}
[10.238732] (cartographer_ros_msgs) StdoutLine: {'line': b'-- Installing: /root/distr_slam_ws/install/cartographer_ros_msgs/lib/python3.12/site-packages/cartographer_ros_msgs/_cartographer_ros_msgs_s.ep.rosidl_typesupport_fastrtps_c.c\n'}
[10.238886] (cartographer_ros_msgs) StdoutLine: {'line': b'-- Up-to-date: /root/distr_slam_ws/install/cartographer_ros_msgs/lib/python3.12/site-packages/cartographer_ros_msgs/msg\n'}
[10.238920] (cartographer_ros_msgs) StdoutLine: {'line': b'-- Installing: /root/distr_slam_ws/install/cartographer_ros_msgs/lib/python3.12/site-packages/cartographer_ros_msgs/msg/_trajectory_states_s.c\n'}
[10.238980] (cartographer_ros_msgs) StdoutLine: {'line': b'-- Installing: /root/distr_slam_ws/install/cartographer_ros_msgs/lib/python3.12/site-packages/cartographer_ros_msgs/msg/_histogram_bucket.py\n'}
[10.239043] (cartographer_ros_msgs) StdoutLine: {'line': b'-- Installing: /root/distr_slam_ws/install/cartographer_ros_msgs/lib/python3.12/site-packages/cartographer_ros_msgs/msg/_histogram_bucket_s.c\n'}
[10.239104] (cartographer_ros_msgs) StdoutLine: {'line': b'-- Installing: /root/distr_slam_ws/install/cartographer_ros_msgs/lib/python3.12/site-packages/cartographer_ros_msgs/msg/_submap_list_s.c\n'}
[10.239166] (cartographer_ros_msgs) StdoutLine: {'line': b'-- Installing: /root/distr_slam_ws/install/cartographer_ros_msgs/lib/python3.12/site-packages/cartographer_ros_msgs/msg/_status_response.py\n'}
[10.239228] (cartographer_ros_msgs) StdoutLine: {'line': b'-- Installing: /root/distr_slam_ws/install/cartographer_ros_msgs/lib/python3.12/site-packages/cartographer_ros_msgs/msg/_status_response_s.c\n'}
[10.239288] (cartographer_ros_msgs) StdoutLine: {'line': b'-- Installing: /root/distr_slam_ws/install/cartographer_ros_msgs/lib/python3.12/site-packages/cartographer_ros_msgs/msg/_submap_entry_s.c\n'}
[10.239353] (cartographer_ros_msgs) StdoutLine: {'line': b'-- Installing: /root/distr_slam_ws/install/cartographer_ros_msgs/lib/python3.12/site-packages/cartographer_ros_msgs/msg/_submap_texture_s.c\n'}
[10.239416] (cartographer_ros_msgs) StdoutLine: {'line': b'-- Installing: /root/distr_slam_ws/install/cartographer_ros_msgs/lib/python3.12/site-packages/cartographer_ros_msgs/msg/_submap_list.py\n'}
[10.239478] (cartographer_ros_msgs) StdoutLine: {'line': b'-- Installing: /root/distr_slam_ws/install/cartographer_ros_msgs/lib/python3.12/site-packages/cartographer_ros_msgs/msg/_landmark_entry.py\n'}
[10.239541] (cartographer_ros_msgs) StdoutLine: {'line': b'-- Installing: /root/distr_slam_ws/install/cartographer_ros_msgs/lib/python3.12/site-packages/cartographer_ros_msgs/msg/_bagfile_progress_s.c\n'}
[10.239604] (cartographer_ros_msgs) StdoutLine: {'line': b'-- Installing: /root/distr_slam_ws/install/cartographer_ros_msgs/lib/python3.12/site-packages/cartographer_ros_msgs/msg/_metric.py\n'}
[10.239669] (cartographer_ros_msgs) StdoutLine: {'line': b'-- Installing: /root/distr_slam_ws/install/cartographer_ros_msgs/lib/python3.12/site-packages/cartographer_ros_msgs/msg/_trajectory_states.py\n'}
[10.239733] (cartographer_ros_msgs) StdoutLine: {'line': b'-- Installing: /root/distr_slam_ws/install/cartographer_ros_msgs/lib/python3.12/site-packages/cartographer_ros_msgs/msg/_submap_entry.py\n'}
[10.239797] (cartographer_ros_msgs) StdoutLine: {'line': b'-- Installing: /root/distr_slam_ws/install/cartographer_ros_msgs/lib/python3.12/site-packages/cartographer_ros_msgs/msg/_status_code_s.c\n'}
[10.239855] (cartographer_ros_msgs) StdoutLine: {'line': b'-- Installing: /root/distr_slam_ws/install/cartographer_ros_msgs/lib/python3.12/site-packages/cartographer_ros_msgs/msg/_metric_label.py\n'}
[10.239917] (cartographer_ros_msgs) StdoutLine: {'line': b'-- Installing: /root/distr_slam_ws/install/cartographer_ros_msgs/lib/python3.12/site-packages/cartographer_ros_msgs/msg/_metric_family_s.c\n'}
[10.239980] (cartographer_ros_msgs) StdoutLine: {'line': b'-- Installing: /root/distr_slam_ws/install/cartographer_ros_msgs/lib/python3.12/site-packages/cartographer_ros_msgs/msg/_bagfile_progress.py\n'}
[10.240046] (cartographer_ros_msgs) StdoutLine: {'line': b'-- Installing: /root/distr_slam_ws/install/cartographer_ros_msgs/lib/python3.12/site-packages/cartographer_ros_msgs/msg/_landmark_entry_s.c\n'}
[10.240108] (cartographer_ros_msgs) StdoutLine: {'line': b'-- Installing: /root/distr_slam_ws/install/cartographer_ros_msgs/lib/python3.12/site-packages/cartographer_ros_msgs/msg/_metric_label_s.c\n'}
[10.240170] (cartographer_ros_msgs) StdoutLine: {'line': b'-- Installing: /root/distr_slam_ws/install/cartographer_ros_msgs/lib/python3.12/site-packages/cartographer_ros_msgs/msg/_landmark_list_s.c\n'}
[10.240232] (cartographer_ros_msgs) StdoutLine: {'line': b'-- Installing: /root/distr_slam_ws/install/cartographer_ros_msgs/lib/python3.12/site-packages/cartographer_ros_msgs/msg/_submap_texture.py\n'}
[10.240301] (cartographer_ros_msgs) StdoutLine: {'line': b'-- Installing: /root/distr_slam_ws/install/cartographer_ros_msgs/lib/python3.12/site-packages/cartographer_ros_msgs/msg/__init__.py\n'}
[10.240361] (cartographer_ros_msgs) StdoutLine: {'line': b'-- Installing: /root/distr_slam_ws/install/cartographer_ros_msgs/lib/python3.12/site-packages/cartographer_ros_msgs/msg/_status_code.py\n'}
[10.240424] (cartographer_ros_msgs) StdoutLine: {'line': b'-- Installing: /root/distr_slam_ws/install/cartographer_ros_msgs/lib/python3.12/site-packages/cartographer_ros_msgs/msg/_metric_family.py\n'}
[10.240487] (cartographer_ros_msgs) StdoutLine: {'line': b'-- Installing: /root/distr_slam_ws/install/cartographer_ros_msgs/lib/python3.12/site-packages/cartographer_ros_msgs/msg/_landmark_list.py\n'}
[10.240550] (cartographer_ros_msgs) StdoutLine: {'line': b'-- Installing: /root/distr_slam_ws/install/cartographer_ros_msgs/lib/python3.12/site-packages/cartographer_ros_msgs/msg/_metric_s.c\n'}
[10.240616] (cartographer_ros_msgs) StdoutLine: {'line': b'-- Installing: /root/distr_slam_ws/install/cartographer_ros_msgs/lib/python3.12/site-packages/cartographer_ros_msgs/_cartographer_ros_msgs_s.ep.rosidl_typesupport_introspection_c.c\n'}
[10.240773] (cartographer_ros_msgs) StdoutLine: {'line': b'-- Installing: /root/distr_slam_ws/install/cartographer_ros_msgs/lib/python3.12/site-packages/cartographer_ros_msgs/__init__.py\n'}
[10.247807] (-) TimerEvent: {}
[10.287564] (cartographer_ros_msgs) StdoutLine: {'line': b"Listing '/root/distr_slam_ws/install/cartographer_ros_msgs/lib/python3.12/site-packages/cartographer_ros_msgs'...\n"}
[10.287692] (cartographer_ros_msgs) StdoutLine: {'line': b"Compiling '/root/distr_slam_ws/install/cartographer_ros_msgs/lib/python3.12/site-packages/cartographer_ros_msgs/__init__.py'...\n"}
[10.287724] (cartographer_ros_msgs) StdoutLine: {'line': b"Listing '/root/distr_slam_ws/install/cartographer_ros_msgs/lib/python3.12/site-packages/cartographer_ros_msgs/msg'...\n"}
[10.287750] (cartographer_ros_msgs) StdoutLine: {'line': b"Compiling '/root/distr_slam_ws/install/cartographer_ros_msgs/lib/python3.12/site-packages/cartographer_ros_msgs/msg/__init__.py'...\n"}
[10.287781] (cartographer_ros_msgs) StdoutLine: {'line': b"Compiling '/root/distr_slam_ws/install/cartographer_ros_msgs/lib/python3.12/site-packages/cartographer_ros_msgs/msg/_bagfile_progress.py'...\n"}
[10.287808] (cartographer_ros_msgs) StdoutLine: {'line': b"Compiling '/root/distr_slam_ws/install/cartographer_ros_msgs/lib/python3.12/site-packages/cartographer_ros_msgs/msg/_histogram_bucket.py'...\n"}
[10.287834] (cartographer_ros_msgs) StdoutLine: {'line': b"Compiling '/root/distr_slam_ws/install/cartographer_ros_msgs/lib/python3.12/site-packages/cartographer_ros_msgs/msg/_landmark_entry.py'...\n"}
[10.287859] (cartographer_ros_msgs) StdoutLine: {'line': b"Compiling '/root/distr_slam_ws/install/cartographer_ros_msgs/lib/python3.12/site-packages/cartographer_ros_msgs/msg/_landmark_list.py'...\n"}
[10.287886] (cartographer_ros_msgs) StdoutLine: {'line': b"Compiling '/root/distr_slam_ws/install/cartographer_ros_msgs/lib/python3.12/site-packages/cartographer_ros_msgs/msg/_metric.py'...\n"}
[10.287911] (cartographer_ros_msgs) StdoutLine: {'line': b"Compiling '/root/distr_slam_ws/install/cartographer_ros_msgs/lib/python3.12/site-packages/cartographer_ros_msgs/msg/_metric_family.py'...\n"}
[10.287936] (cartographer_ros_msgs) StdoutLine: {'line': b"Compiling '/root/distr_slam_ws/install/cartographer_ros_msgs/lib/python3.12/site-packages/cartographer_ros_msgs/msg/_metric_label.py'...\n"}
[10.287963] (cartographer_ros_msgs) StdoutLine: {'line': b"Compiling '/root/distr_slam_ws/install/cartographer_ros_msgs/lib/python3.12/site-packages/cartographer_ros_msgs/msg/_status_code.py'...\n"}
[10.288004] (cartographer_ros_msgs) StdoutLine: {'line': b"Compiling '/root/distr_slam_ws/install/cartographer_ros_msgs/lib/python3.12/site-packages/cartographer_ros_msgs/msg/_status_response.py'...\n"}
[10.288029] (cartographer_ros_msgs) StdoutLine: {'line': b"Compiling '/root/distr_slam_ws/install/cartographer_ros_msgs/lib/python3.12/site-packages/cartographer_ros_msgs/msg/_submap_entry.py'...\n"}
[10.288053] (cartographer_ros_msgs) StdoutLine: {'line': b"Compiling '/root/distr_slam_ws/install/cartographer_ros_msgs/lib/python3.12/site-packages/cartographer_ros_msgs/msg/_submap_list.py'...\n"}
[10.288078] (cartographer_ros_msgs) StdoutLine: {'line': b"Compiling '/root/distr_slam_ws/install/cartographer_ros_msgs/lib/python3.12/site-packages/cartographer_ros_msgs/msg/_submap_texture.py'...\n"}
[10.288102] (cartographer_ros_msgs) StdoutLine: {'line': b"Compiling '/root/distr_slam_ws/install/cartographer_ros_msgs/lib/python3.12/site-packages/cartographer_ros_msgs/msg/_trajectory_states.py'...\n"}
[10.288126] (cartographer_ros_msgs) StdoutLine: {'line': b"Listing '/root/distr_slam_ws/install/cartographer_ros_msgs/lib/python3.12/site-packages/cartographer_ros_msgs/srv'...\n"}
[10.288149] (cartographer_ros_msgs) StdoutLine: {'line': b"Compiling '/root/distr_slam_ws/install/cartographer_ros_msgs/lib/python3.12/site-packages/cartographer_ros_msgs/srv/__init__.py'...\n"}
[10.288174] (cartographer_ros_msgs) StdoutLine: {'line': b"Compiling '/root/distr_slam_ws/install/cartographer_ros_msgs/lib/python3.12/site-packages/cartographer_ros_msgs/srv/_finish_trajectory.py'...\n"}
[10.288202] (cartographer_ros_msgs) StdoutLine: {'line': b"Compiling '/root/distr_slam_ws/install/cartographer_ros_msgs/lib/python3.12/site-packages/cartographer_ros_msgs/srv/_get_slam_state.py'...\n"}
[10.288226] (cartographer_ros_msgs) StdoutLine: {'line': b"Compiling '/root/distr_slam_ws/install/cartographer_ros_msgs/lib/python3.12/site-packages/cartographer_ros_msgs/srv/_get_trajectory_states.py'...\n"}
[10.288251] (cartographer_ros_msgs) StdoutLine: {'line': b"Compiling '/root/distr_slam_ws/install/cartographer_ros_msgs/lib/python3.12/site-packages/cartographer_ros_msgs/srv/_read_metrics.py'...\n"}
[10.288276] (cartographer_ros_msgs) StdoutLine: {'line': b"Compiling '/root/distr_slam_ws/install/cartographer_ros_msgs/lib/python3.12/site-packages/cartographer_ros_msgs/srv/_set_slam_state.py'...\n"}
[10.288309] (cartographer_ros_msgs) StdoutLine: {'line': b"Compiling '/root/distr_slam_ws/install/cartographer_ros_msgs/lib/python3.12/site-packages/cartographer_ros_msgs/srv/_start_trajectory.py'...\n"}
[10.288333] (cartographer_ros_msgs) StdoutLine: {'line': b"Compiling '/root/distr_slam_ws/install/cartographer_ros_msgs/lib/python3.12/site-packages/cartographer_ros_msgs/srv/_submap_query.py'...\n"}
[10.288358] (cartographer_ros_msgs) StdoutLine: {'line': b"Compiling '/root/distr_slam_ws/install/cartographer_ros_msgs/lib/python3.12/site-packages/cartographer_ros_msgs/srv/_trajectory_query.py'...\n"}
[10.288381] (cartographer_ros_msgs) StdoutLine: {'line': b"Compiling '/root/distr_slam_ws/install/cartographer_ros_msgs/lib/python3.12/site-packages/cartographer_ros_msgs/srv/_write_state.py'...\n"}
[10.290519] (cartographer_ros_msgs) StdoutLine: {'line': b'-- Installing: /root/distr_slam_ws/install/cartographer_ros_msgs/lib/python3.12/site-packages/cartographer_ros_msgs/cartographer_ros_msgs_s__rosidl_typesupport_fastrtps_c.so\n'}
[10.290777] (cartographer_ros_msgs) StdoutLine: {'line': b'-- Set non-toolchain portion of runtime path of "/root/distr_slam_ws/install/cartographer_ros_msgs/lib/python3.12/site-packages/cartographer_ros_msgs/cartographer_ros_msgs_s__rosidl_typesupport_fastrtps_c.so" to ""\n'}
[10.290909] (cartographer_ros_msgs) StdoutLine: {'line': b'-- Installing: /root/distr_slam_ws/install/cartographer_ros_msgs/lib/python3.12/site-packages/cartographer_ros_msgs/cartographer_ros_msgs_s__rosidl_typesupport_introspection_c.so\n'}
[10.291084] (cartographer_ros_msgs) StdoutLine: {'line': b'-- Set non-toolchain portion of runtime path of "/root/distr_slam_ws/install/cartographer_ros_msgs/lib/python3.12/site-packages/cartographer_ros_msgs/cartographer_ros_msgs_s__rosidl_typesupport_introspection_c.so" to ""\n'}
[10.291181] (cartographer_ros_msgs) StdoutLine: {'line': b'-- Installing: /root/distr_slam_ws/install/cartographer_ros_msgs/lib/python3.12/site-packages/cartographer_ros_msgs/cartographer_ros_msgs_s__rosidl_typesupport_c.so\n'}
[10.291429] (cartographer_ros_msgs) StdoutLine: {'line': b'-- Set non-toolchain portion of runtime path of "/root/distr_slam_ws/install/cartographer_ros_msgs/lib/python3.12/site-packages/cartographer_ros_msgs/cartographer_ros_msgs_s__rosidl_typesupport_c.so" to ""\n'}
[10.291529] (cartographer_ros_msgs) StdoutLine: {'line': b'-- Installing: /root/distr_slam_ws/install/cartographer_ros_msgs/lib/libcartographer_ros_msgs__rosidl_generator_py.so\n'}
[10.291784] (cartographer_ros_msgs) StdoutLine: {'line': b'-- Set non-toolchain portion of runtime path of "/root/distr_slam_ws/install/cartographer_ros_msgs/lib/libcartographer_ros_msgs__rosidl_generator_py.so" to ""\n'}
[10.291860] (cartographer_ros_msgs) StdoutLine: {'line': b'-- Up-to-date: /root/distr_slam_ws/install/cartographer_ros_msgs/share/ament_index/resource_index/rust_packages/cartographer_ros_msgs\n'}
[10.291888] (cartographer_ros_msgs) StdoutLine: {'line': b'-- Up-to-date: /root/distr_slam_ws/install/cartographer_ros_msgs/share/cartographer_ros_msgs/rust\n'}
[10.291928] (cartographer_ros_msgs) StdoutLine: {'line': b'-- Installing: /root/distr_slam_ws/install/cartographer_ros_msgs/share/cartographer_ros_msgs/rust/build.rs\n'}
[10.291970] (cartographer_ros_msgs) StdoutLine: {'line': b'-- Up-to-date: /root/distr_slam_ws/install/cartographer_ros_msgs/share/cartographer_ros_msgs/rust/src\n'}
[10.291997] (cartographer_ros_msgs) StdoutLine: {'line': b'-- Installing: /root/distr_slam_ws/install/cartographer_ros_msgs/share/cartographer_ros_msgs/rust/src/msg.rs\n'}
[10.292037] (cartographer_ros_msgs) StdoutLine: {'line': b'-- Up-to-date: /root/distr_slam_ws/install/cartographer_ros_msgs/share/cartographer_ros_msgs/rust/src/srv\n'}
[10.292073] (cartographer_ros_msgs) StdoutLine: {'line': b'-- Installing: /root/distr_slam_ws/install/cartographer_ros_msgs/share/cartographer_ros_msgs/rust/src/srv/rmw.rs\n'}
[10.292152] (cartographer_ros_msgs) StdoutLine: {'line': b'-- Up-to-date: /root/distr_slam_ws/install/cartographer_ros_msgs/share/cartographer_ros_msgs/rust/src/msg\n'}
[10.292188] (cartographer_ros_msgs) StdoutLine: {'line': b'-- Installing: /root/distr_slam_ws/install/cartographer_ros_msgs/share/cartographer_ros_msgs/rust/src/msg/rmw.rs\n'}
[10.292257] (cartographer_ros_msgs) StdoutLine: {'line': b'-- Installing: /root/distr_slam_ws/install/cartographer_ros_msgs/share/cartographer_ros_msgs/rust/src/lib.rs\n'}
[10.292320] (cartographer_ros_msgs) StdoutLine: {'line': b'-- Installing: /root/distr_slam_ws/install/cartographer_ros_msgs/share/cartographer_ros_msgs/rust/src/srv.rs\n'}
[10.292394] (cartographer_ros_msgs) StdoutLine: {'line': b'-- Installing: /root/distr_slam_ws/install/cartographer_ros_msgs/share/cartographer_ros_msgs/rust/Cargo.toml\n'}
[10.292478] (cartographer_ros_msgs) StdoutLine: {'line': b'-- Up-to-date: /root/distr_slam_ws/install/cartographer_ros_msgs/share/cartographer_ros_msgs/msg/BagfileProgress.idl\n'}
[10.292528] (cartographer_ros_msgs) StdoutLine: {'line': b'-- Up-to-date: /root/distr_slam_ws/install/cartographer_ros_msgs/share/cartographer_ros_msgs/msg/HistogramBucket.idl\n'}
[10.292570] (cartographer_ros_msgs) StdoutLine: {'line': b'-- Up-to-date: /root/distr_slam_ws/install/cartographer_ros_msgs/share/cartographer_ros_msgs/msg/LandmarkEntry.idl\n'}
[10.292604] (cartographer_ros_msgs) StdoutLine: {'line': b'-- Up-to-date: /root/distr_slam_ws/install/cartographer_ros_msgs/share/cartographer_ros_msgs/msg/LandmarkList.idl\n'}
[10.292639] (cartographer_ros_msgs) StdoutLine: {'line': b'-- Up-to-date: /root/distr_slam_ws/install/cartographer_ros_msgs/share/cartographer_ros_msgs/msg/MetricFamily.idl\n'}
[10.292672] (cartographer_ros_msgs) StdoutLine: {'line': b'-- Up-to-date: /root/distr_slam_ws/install/cartographer_ros_msgs/share/cartographer_ros_msgs/msg/MetricLabel.idl\n'}
[10.292708] (cartographer_ros_msgs) StdoutLine: {'line': b'-- Up-to-date: /root/distr_slam_ws/install/cartographer_ros_msgs/share/cartographer_ros_msgs/msg/Metric.idl\n'}
[10.292742] (cartographer_ros_msgs) StdoutLine: {'line': b'-- Up-to-date: /root/distr_slam_ws/install/cartographer_ros_msgs/share/cartographer_ros_msgs/msg/StatusCode.idl\n'}
[10.292776] (cartographer_ros_msgs) StdoutLine: {'line': b'-- Up-to-date: /root/distr_slam_ws/install/cartographer_ros_msgs/share/cartographer_ros_msgs/msg/StatusResponse.idl\n'}
[10.292809] (cartographer_ros_msgs) StdoutLine: {'line': b'-- Up-to-date: /root/distr_slam_ws/install/cartographer_ros_msgs/share/cartographer_ros_msgs/msg/SubmapEntry.idl\n'}
[10.292842] (cartographer_ros_msgs) StdoutLine: {'line': b'-- Up-to-date: /root/distr_slam_ws/install/cartographer_ros_msgs/share/cartographer_ros_msgs/msg/SubmapList.idl\n'}
[10.292878] (cartographer_ros_msgs) StdoutLine: {'line': b'-- Up-to-date: /root/distr_slam_ws/install/cartographer_ros_msgs/share/cartographer_ros_msgs/msg/SubmapTexture.idl\n'}
[10.292911] (cartographer_ros_msgs) StdoutLine: {'line': b'-- Up-to-date: /root/distr_slam_ws/install/cartographer_ros_msgs/share/cartographer_ros_msgs/msg/TrajectoryStates.idl\n'}
[10.292944] (cartographer_ros_msgs) StdoutLine: {'line': b'-- Up-to-date: /root/distr_slam_ws/install/cartographer_ros_msgs/share/cartographer_ros_msgs/srv/FinishTrajectory.idl\n'}
[10.292989] (cartographer_ros_msgs) StdoutLine: {'line': b'-- Up-to-date: /root/distr_slam_ws/install/cartographer_ros_msgs/share/cartographer_ros_msgs/srv/GetTrajectoryStates.idl\n'}
[10.293037] (cartographer_ros_msgs) StdoutLine: {'line': b'-- Up-to-date: /root/distr_slam_ws/install/cartographer_ros_msgs/share/cartographer_ros_msgs/srv/ReadMetrics.idl\n'}
[10.293068] (cartographer_ros_msgs) StdoutLine: {'line': b'-- Up-to-date: /root/distr_slam_ws/install/cartographer_ros_msgs/share/cartographer_ros_msgs/srv/StartTrajectory.idl\n'}
[10.293100] (cartographer_ros_msgs) StdoutLine: {'line': b'-- Up-to-date: /root/distr_slam_ws/install/cartographer_ros_msgs/share/cartographer_ros_msgs/srv/TrajectoryQuery.idl\n'}
[10.293137] (cartographer_ros_msgs) StdoutLine: {'line': b'-- Up-to-date: /root/distr_slam_ws/install/cartographer_ros_msgs/share/cartographer_ros_msgs/srv/SubmapQuery.idl\n'}
[10.293173] (cartographer_ros_msgs) StdoutLine: {'line': b'-- Up-to-date: /root/distr_slam_ws/install/cartographer_ros_msgs/share/cartographer_ros_msgs/srv/WriteState.idl\n'}
[10.293207] (cartographer_ros_msgs) StdoutLine: {'line': b'-- Installing: /root/distr_slam_ws/install/cartographer_ros_msgs/share/cartographer_ros_msgs/srv/GetSlamState.idl\n'}
[10.293282] (cartographer_ros_msgs) StdoutLine: {'line': b'-- Installing: /root/distr_slam_ws/install/cartographer_ros_msgs/share/cartographer_ros_msgs/srv/SetSlamState.idl\n'}
[10.293367] (cartographer_ros_msgs) StdoutLine: {'line': b'-- Up-to-date: /root/distr_slam_ws/install/cartographer_ros_msgs/share/cartographer_ros_msgs/msg/BagfileProgress.msg\n'}
[10.293404] (cartographer_ros_msgs) StdoutLine: {'line': b'-- Up-to-date: /root/distr_slam_ws/install/cartographer_ros_msgs/share/cartographer_ros_msgs/msg/HistogramBucket.msg\n'}
[10.293438] (cartographer_ros_msgs) StdoutLine: {'line': b'-- Up-to-date: /root/distr_slam_ws/install/cartographer_ros_msgs/share/cartographer_ros_msgs/msg/LandmarkEntry.msg\n'}
[10.293470] (cartographer_ros_msgs) StdoutLine: {'line': b'-- Up-to-date: /root/distr_slam_ws/install/cartographer_ros_msgs/share/cartographer_ros_msgs/msg/LandmarkList.msg\n'}
[10.293505] (cartographer_ros_msgs) StdoutLine: {'line': b'-- Up-to-date: /root/distr_slam_ws/install/cartographer_ros_msgs/share/cartographer_ros_msgs/msg/MetricFamily.msg\n'}
[10.293540] (cartographer_ros_msgs) StdoutLine: {'line': b'-- Up-to-date: /root/distr_slam_ws/install/cartographer_ros_msgs/share/cartographer_ros_msgs/msg/MetricLabel.msg\n'}
[10.293574] (cartographer_ros_msgs) StdoutLine: {'line': b'-- Up-to-date: /root/distr_slam_ws/install/cartographer_ros_msgs/share/cartographer_ros_msgs/msg/Metric.msg\n'}
[10.293609] (cartographer_ros_msgs) StdoutLine: {'line': b'-- Up-to-date: /root/distr_slam_ws/install/cartographer_ros_msgs/share/cartographer_ros_msgs/msg/StatusCode.msg\n'}
[10.293640] (cartographer_ros_msgs) StdoutLine: {'line': b'-- Up-to-date: /root/distr_slam_ws/install/cartographer_ros_msgs/share/cartographer_ros_msgs/msg/StatusResponse.msg\n'}
[10.293676] (cartographer_ros_msgs) StdoutLine: {'line': b'-- Up-to-date: /root/distr_slam_ws/install/cartographer_ros_msgs/share/cartographer_ros_msgs/msg/SubmapEntry.msg\n'}
[10.293706] (cartographer_ros_msgs) StdoutLine: {'line': b'-- Up-to-date: /root/distr_slam_ws/install/cartographer_ros_msgs/share/cartographer_ros_msgs/msg/SubmapList.msg\n'}
[10.293738] (cartographer_ros_msgs) StdoutLine: {'line': b'-- Up-to-date: /root/distr_slam_ws/install/cartographer_ros_msgs/share/cartographer_ros_msgs/msg/SubmapTexture.msg\n'}
[10.293781] (cartographer_ros_msgs) StdoutLine: {'line': b'-- Up-to-date: /root/distr_slam_ws/install/cartographer_ros_msgs/share/cartographer_ros_msgs/msg/TrajectoryStates.msg\n'}
[10.293830] (cartographer_ros_msgs) StdoutLine: {'line': b'-- Up-to-date: /root/distr_slam_ws/install/cartographer_ros_msgs/share/cartographer_ros_msgs/srv/FinishTrajectory.srv\n'}
[10.293860] (cartographer_ros_msgs) StdoutLine: {'line': b'-- Up-to-date: /root/distr_slam_ws/install/cartographer_ros_msgs/share/cartographer_ros_msgs/srv/GetTrajectoryStates.srv\n'}
[10.293893] (cartographer_ros_msgs) StdoutLine: {'line': b'-- Up-to-date: /root/distr_slam_ws/install/cartographer_ros_msgs/share/cartographer_ros_msgs/srv/ReadMetrics.srv\n'}
[10.293931] (cartographer_ros_msgs) StdoutLine: {'line': b'-- Up-to-date: /root/distr_slam_ws/install/cartographer_ros_msgs/share/cartographer_ros_msgs/srv/StartTrajectory.srv\n'}
[10.293965] (cartographer_ros_msgs) StdoutLine: {'line': b'-- Up-to-date: /root/distr_slam_ws/install/cartographer_ros_msgs/share/cartographer_ros_msgs/srv/TrajectoryQuery.srv\n'}
[10.293999] (cartographer_ros_msgs) StdoutLine: {'line': b'-- Up-to-date: /root/distr_slam_ws/install/cartographer_ros_msgs/share/cartographer_ros_msgs/srv/SubmapQuery.srv\n'}
[10.294030] (cartographer_ros_msgs) StdoutLine: {'line': b'-- Up-to-date: /root/distr_slam_ws/install/cartographer_ros_msgs/share/cartographer_ros_msgs/srv/WriteState.srv\n'}
[10.294065] (cartographer_ros_msgs) StdoutLine: {'line': b'-- Installing: /root/distr_slam_ws/install/cartographer_ros_msgs/share/cartographer_ros_msgs/srv/GetSlamState.srv\n'}
[10.294145] (cartographer_ros_msgs) StdoutLine: {'line': b'-- Installing: /root/distr_slam_ws/install/cartographer_ros_msgs/share/cartographer_ros_msgs/srv/SetSlamState.srv\n'}
[10.294225] (cartographer_ros_msgs) StdoutLine: {'line': b'-- Up-to-date: /root/distr_slam_ws/install/cartographer_ros_msgs/share/ament_index/resource_index/package_run_dependencies/cartographer_ros_msgs\n'}
[10.294258] (cartographer_ros_msgs) StdoutLine: {'line': b'-- Up-to-date: /root/distr_slam_ws/install/cartographer_ros_msgs/share/ament_index/resource_index/parent_prefix_path/cartographer_ros_msgs\n'}
[10.294307] (cartographer_ros_msgs) StdoutLine: {'line': b'-- Up-to-date: /root/distr_slam_ws/install/cartographer_ros_msgs/share/cartographer_ros_msgs/environment/ament_prefix_path.sh\n'}
[10.294345] (cartographer_ros_msgs) StdoutLine: {'line': b'-- Up-to-date: /root/distr_slam_ws/install/cartographer_ros_msgs/share/cartographer_ros_msgs/environment/ament_prefix_path.dsv\n'}
[10.294379] (cartographer_ros_msgs) StdoutLine: {'line': b'-- Up-to-date: /root/distr_slam_ws/install/cartographer_ros_msgs/share/cartographer_ros_msgs/environment/path.sh\n'}
[10.294412] (cartographer_ros_msgs) StdoutLine: {'line': b'-- Up-to-date: /root/distr_slam_ws/install/cartographer_ros_msgs/share/cartographer_ros_msgs/environment/path.dsv\n'}
[10.294445] (cartographer_ros_msgs) StdoutLine: {'line': b'-- Up-to-date: /root/distr_slam_ws/install/cartographer_ros_msgs/share/cartographer_ros_msgs/local_setup.bash\n'}
[10.294481] (cartographer_ros_msgs) StdoutLine: {'line': b'-- Up-to-date: /root/distr_slam_ws/install/cartographer_ros_msgs/share/cartographer_ros_msgs/local_setup.sh\n'}
[10.294515] (cartographer_ros_msgs) StdoutLine: {'line': b'-- Up-to-date: /root/distr_slam_ws/install/cartographer_ros_msgs/share/cartographer_ros_msgs/local_setup.zsh\n'}
[10.294547] (cartographer_ros_msgs) StdoutLine: {'line': b'-- Up-to-date: /root/distr_slam_ws/install/cartographer_ros_msgs/share/cartographer_ros_msgs/local_setup.dsv\n'}
[10.294588] (cartographer_ros_msgs) StdoutLine: {'line': b'-- Installing: /root/distr_slam_ws/install/cartographer_ros_msgs/share/cartographer_ros_msgs/package.dsv\n'}
[10.294696] (cartographer_ros_msgs) StdoutLine: {'line': b'-- Up-to-date: /root/distr_slam_ws/install/cartographer_ros_msgs/share/ament_index/resource_index/packages/cartographer_ros_msgs\n'}
[10.294757] (cartographer_ros_msgs) StdoutLine: {'line': b'-- Up-to-date: /root/distr_slam_ws/install/cartographer_ros_msgs/share/cartographer_ros_msgs/cmake/export_cartographer_ros_msgs__rosidl_generator_cExport.cmake\n'}
[10.294806] (cartographer_ros_msgs) StdoutLine: {'line': b'-- Up-to-date: /root/distr_slam_ws/install/cartographer_ros_msgs/share/cartographer_ros_msgs/cmake/export_cartographer_ros_msgs__rosidl_generator_cExport-noconfig.cmake\n'}
[10.294875] (cartographer_ros_msgs) StdoutLine: {'line': b'-- Up-to-date: /root/distr_slam_ws/install/cartographer_ros_msgs/share/cartographer_ros_msgs/cmake/export_cartographer_ros_msgs__rosidl_typesupport_fastrtps_cExport.cmake\n'}
[10.294913] (cartographer_ros_msgs) StdoutLine: {'line': b'-- Up-to-date: /root/distr_slam_ws/install/cartographer_ros_msgs/share/cartographer_ros_msgs/cmake/export_cartographer_ros_msgs__rosidl_typesupport_fastrtps_cExport-noconfig.cmake\n'}
[10.294973] (cartographer_ros_msgs) StdoutLine: {'line': b'-- Up-to-date: /root/distr_slam_ws/install/cartographer_ros_msgs/share/cartographer_ros_msgs/cmake/cartographer_ros_msgs__rosidl_typesupport_introspection_cExport.cmake\n'}
[10.295007] (cartographer_ros_msgs) StdoutLine: {'line': b'-- Up-to-date: /root/distr_slam_ws/install/cartographer_ros_msgs/share/cartographer_ros_msgs/cmake/cartographer_ros_msgs__rosidl_typesupport_introspection_cExport-noconfig.cmake\n'}
[10.295067] (cartographer_ros_msgs) StdoutLine: {'line': b'-- Up-to-date: /root/distr_slam_ws/install/cartographer_ros_msgs/share/cartographer_ros_msgs/cmake/cartographer_ros_msgs__rosidl_typesupport_cExport.cmake\n'}
[10.295103] (cartographer_ros_msgs) StdoutLine: {'line': b'-- Up-to-date: /root/distr_slam_ws/install/cartographer_ros_msgs/share/cartographer_ros_msgs/cmake/cartographer_ros_msgs__rosidl_typesupport_cExport-noconfig.cmake\n'}
[10.295160] (cartographer_ros_msgs) StdoutLine: {'line': b'-- Up-to-date: /root/distr_slam_ws/install/cartographer_ros_msgs/share/cartographer_ros_msgs/cmake/export_cartographer_ros_msgs__rosidl_generator_cppExport.cmake\n'}
[10.295212] (cartographer_ros_msgs) StdoutLine: {'line': b'-- Up-to-date: /root/distr_slam_ws/install/cartographer_ros_msgs/share/cartographer_ros_msgs/cmake/export_cartographer_ros_msgs__rosidl_typesupport_fastrtps_cppExport.cmake\n'}
[10.295254] (cartographer_ros_msgs) StdoutLine: {'line': b'-- Up-to-date: /root/distr_slam_ws/install/cartographer_ros_msgs/share/cartographer_ros_msgs/cmake/export_cartographer_ros_msgs__rosidl_typesupport_fastrtps_cppExport-noconfig.cmake\n'}
[10.295315] (cartographer_ros_msgs) StdoutLine: {'line': b'-- Up-to-date: /root/distr_slam_ws/install/cartographer_ros_msgs/share/cartographer_ros_msgs/cmake/cartographer_ros_msgs__rosidl_typesupport_introspection_cppExport.cmake\n'}
[10.295352] (cartographer_ros_msgs) StdoutLine: {'line': b'-- Up-to-date: /root/distr_slam_ws/install/cartographer_ros_msgs/share/cartographer_ros_msgs/cmake/cartographer_ros_msgs__rosidl_typesupport_introspection_cppExport-noconfig.cmake\n'}
[10.295405] (cartographer_ros_msgs) StdoutLine: {'line': b'-- Up-to-date: /root/distr_slam_ws/install/cartographer_ros_msgs/share/cartographer_ros_msgs/cmake/cartographer_ros_msgs__rosidl_typesupport_cppExport.cmake\n'}
[10.295454] (cartographer_ros_msgs) StdoutLine: {'line': b'-- Up-to-date: /root/distr_slam_ws/install/cartographer_ros_msgs/share/cartographer_ros_msgs/cmake/cartographer_ros_msgs__rosidl_typesupport_cppExport-noconfig.cmake\n'}
[10.295522] (cartographer_ros_msgs) StdoutLine: {'line': b'-- Up-to-date: /root/distr_slam_ws/install/cartographer_ros_msgs/share/cartographer_ros_msgs/cmake/export_cartographer_ros_msgs__rosidl_generator_pyExport.cmake\n'}
[10.295555] (cartographer_ros_msgs) StdoutLine: {'line': b'-- Up-to-date: /root/distr_slam_ws/install/cartographer_ros_msgs/share/cartographer_ros_msgs/cmake/export_cartographer_ros_msgs__rosidl_generator_pyExport-noconfig.cmake\n'}
[10.295587] (cartographer_ros_msgs) StdoutLine: {'line': b'-- Installing: /root/distr_slam_ws/install/cartographer_ros_msgs/share/cartographer_ros_msgs/cmake/rosidl_cmake-extras.cmake\n'}
[10.295689] (cartographer_ros_msgs) StdoutLine: {'line': b'-- Installing: /root/distr_slam_ws/install/cartographer_ros_msgs/share/cartographer_ros_msgs/cmake/ament_cmake_export_dependencies-extras.cmake\n'}
[10.295785] (cartographer_ros_msgs) StdoutLine: {'line': b'-- Up-to-date: /root/distr_slam_ws/install/cartographer_ros_msgs/share/cartographer_ros_msgs/cmake/ament_cmake_export_include_directories-extras.cmake\n'}
[10.295821] (cartographer_ros_msgs) StdoutLine: {'line': b'-- Up-to-date: /root/distr_slam_ws/install/cartographer_ros_msgs/share/cartographer_ros_msgs/cmake/ament_cmake_export_libraries-extras.cmake\n'}
[10.295853] (cartographer_ros_msgs) StdoutLine: {'line': b'-- Up-to-date: /root/distr_slam_ws/install/cartographer_ros_msgs/share/cartographer_ros_msgs/cmake/ament_cmake_export_targets-extras.cmake\n'}
[10.295896] (cartographer_ros_msgs) StdoutLine: {'line': b'-- Up-to-date: /root/distr_slam_ws/install/cartographer_ros_msgs/share/cartographer_ros_msgs/cmake/rosidl_cmake_export_typesupport_targets-extras.cmake\n'}
[10.295931] (cartographer_ros_msgs) StdoutLine: {'line': b'-- Up-to-date: /root/distr_slam_ws/install/cartographer_ros_msgs/share/cartographer_ros_msgs/cmake/rosidl_cmake_export_typesupport_libraries-extras.cmake\n'}
[10.295967] (cartographer_ros_msgs) StdoutLine: {'line': b'-- Up-to-date: /root/distr_slam_ws/install/cartographer_ros_msgs/share/cartographer_ros_msgs/cmake/cartographer_ros_msgsConfig.cmake\n'}
[10.296000] (cartographer_ros_msgs) StdoutLine: {'line': b'-- Up-to-date: /root/distr_slam_ws/install/cartographer_ros_msgs/share/cartographer_ros_msgs/cmake/cartographer_ros_msgsConfig-version.cmake\n'}
[10.296031] (cartographer_ros_msgs) StdoutLine: {'line': b'-- Up-to-date: /root/distr_slam_ws/install/cartographer_ros_msgs/share/cartographer_ros_msgs/package.xml\n'}
[10.297654] (cartographer_ros_msgs) CommandEnded: {'returncode': 0}
[10.306402] (cartographer_ros_msgs) JobEnded: {'identifier': 'cartographer_ros_msgs', 'rc': 0}
[10.306845] (cartographer_ros) JobStarted: {'identifier': 'cartographer_ros'}
[10.313213] (cartographer_ros) JobProgress: {'identifier': 'cartographer_ros', 'progress': 'cmake'}
[10.313785] (cartographer_ros) JobProgress: {'identifier': 'cartographer_ros', 'progress': 'build'}
[10.314010] (cartographer_ros) Command: {'cmd': ['/usr/bin/cmake', '--build', '/root/distr_slam_ws/build/cartographer_ros', '--', '-j24', '-l24'], 'cwd': '/root/distr_slam_ws/build/cartographer_ros', 'env': OrderedDict({'HOSTNAME': 'doraemon', 'SHLVL': '1', 'LIBGL_ALWAYS_SOFTWARE': '1', 'LD_LIBRARY_PATH': '/root/distr_slam_ws/install/cartographer_ros_msgs/lib:/opt/ros/jazzy/opt/rviz_ogre_vendor/lib:/opt/ros/jazzy/lib/x86_64-linux-gnu:/opt/ros/jazzy/opt/gz_math_vendor/lib:/opt/ros/jazzy/opt/gz_utils_vendor/lib:/opt/ros/jazzy/opt/gz_cmake_vendor/lib:/opt/ros/jazzy/lib', 'HOME': '/root', 'ROS_PYTHON_VERSION': '3', 'ROS_DISTRO': 'jazzy', '_': '/usr/bin/colcon', 'ROS_VERSION': '2', 'PKG_CONFIG_PATH': '/root/distr_slam_ws/install/cartographer/lib/x86_64-linux-gnu/pkgconfig:/root/distr_slam_ws/install/cartographer/lib/pkgconfig', 'TERM': 'xterm', 'ROS_LOCALHOST_ONLY': '1', 'QT_X11_NO_MITSHM': '1', 'PATH': '/root/distr_slam_ws/install/cartographer/bin:/opt/ros/jazzy/bin:/usr/local/sbin:/usr/local/bin:/usr/sbin:/usr/bin:/sbin:/bin', 'DISPLAY': 'localhost:10.0', 'LANG': 'en_US.UTF-8', 'LS_COLORS': 'rs=0:di=01;34:ln=01;36:mh=00:pi=40;33:so=01;35:do=01;35:bd=40;33;01:cd=40;33;01:or=40;31;01:mi=00:su=37;41:sg=30;43:ca=00:tw=30;42:ow=34;42:st=37;44:ex=01;32:*.tar=01;31:*.tgz=01;31:*.arc=01;31:*.arj=01;31:*.taz=01;31:*.lha=01;31:*.lz4=01;31:*.lzh=01;31:*.lzma=01;31:*.tlz=01;31:*.txz=01;31:*.tzo=01;31:*.t7z=01;31:*.zip=01;31:*.z=01;31:*.dz=01;31:*.gz=01;31:*.lrz=01;31:*.lz=01;31:*.lzo=01;31:*.xz=01;31:*.zst=01;31:*.tzst=01;31:*.bz2=01;31:*.bz=01;31:*.tbz=01;31:*.tbz2=01;31:*.tz=01;31:*.deb=01;31:*.rpm=01;31:*.jar=01;31:*.war=01;31:*.ear=01;31:*.sar=01;31:*.rar=01;31:*.alz=01;31:*.ace=01;31:*.zoo=01;31:*.cpio=01;31:*.7z=01;31:*.rz=01;31:*.cab=01;31:*.wim=01;31:*.swm=01;31:*.dwm=01;31:*.esd=01;31:*.avif=01;35:*.jpg=01;35:*.jpeg=01;35:*.mjpg=01;35:*.mjpeg=01;35:*.gif=01;35:*.bmp=01;35:*.pbm=01;35:*.pgm=01;35:*.ppm=01;35:*.tga=01;35:*.xbm=01;35:*.xpm=01;35:*.tif=01;35:*.tiff=01;35:*.png=01;35:*.svg=01;35:*.svgz=01;35:*.mng=01;35:*.pcx=01;35:*.mov=01;35:*.mpg=01;35:*.mpeg=01;35:*.m2v=01;35:*.mkv=01;35:*.webm=01;35:*.webp=01;35:*.ogm=01;35:*.mp4=01;35:*.m4v=01;35:*.mp4v=01;35:*.vob=01;35:*.qt=01;35:*.nuv=01;35:*.wmv=01;35:*.asf=01;35:*.rm=01;35:*.rmvb=01;35:*.flc=01;35:*.avi=01;35:*.fli=01;35:*.flv=01;35:*.gl=01;35:*.dl=01;35:*.xcf=01;35:*.xwd=01;35:*.yuv=01;35:*.cgm=01;35:*.emf=01;35:*.ogv=01;35:*.ogx=01;35:*.aac=00;36:*.au=00;36:*.flac=00;36:*.m4a=00;36:*.mid=00;36:*.midi=00;36:*.mka=00;36:*.mp3=00;36:*.mpc=00;36:*.ogg=00;36:*.ra=00;36:*.wav=00;36:*.oga=00;36:*.opus=00;36:*.spx=00;36:*.xspf=00;36:*~=00;90:*#=00;90:*.bak=00;90:*.crdownload=00;90:*.dpkg-dist=00;90:*.dpkg-new=00;90:*.dpkg-old=00;90:*.dpkg-tmp=00;90:*.old=00;90:*.orig=00;90:*.part=00;90:*.rej=00;90:*.rpmnew=00;90:*.rpmorig=00;90:*.rpmsave=00;90:*.swp=00;90:*.tmp=00;90:*.ucf-dist=00;90:*.ucf-new=00;90:*.ucf-old=00;90:', 'AMENT_PREFIX_PATH': '/root/distr_slam_ws/install/cartographer_ros_msgs:/opt/ros/jazzy', 'DEBIAN_FRONTEND': 'noninteractive', 'ROS_AUTOMATIC_DISCOVERY_RANGE': 'SUBNET', 'PWD': '/root/distr_slam_ws/build/cartographer_ros', 'TURTLEBOT3_MODEL': 'burger', 'LC_ALL': 'en_US.UTF-8', 'PYTHONPATH': '/root/distr_slam_ws/install/cartographer_ros_msgs/lib/python3.12/site-packages:/opt/ros/jazzy/lib/python3.12/site-packages', 'COLCON': '1', 'CMAKE_PREFIX_PATH': '/root/distr_slam_ws/install/cartographer_ros_msgs:/root/distr_slam_ws/install/cartographer:/opt/ros/jazzy/opt/gz_math_vendor:/opt/ros/jazzy/opt/gz_utils_vendor:/opt/ros/jazzy/opt/gz_cmake_vendor:/opt/ros/jazzy'}), 'shell': False}
[10.333006] (cartographer_ros) StdoutLine: {'line': b'-- Found ament_cmake: 2.5.6 (/opt/ros/jazzy/share/ament_cmake/cmake)\n'}
[10.347869] (-) TimerEvent: {}
[10.448025] (-) TimerEvent: {}
[10.490007] (cartographer_ros) StdoutLine: {'line': b'-- Found builtin_interfaces: 2.0.3 (/opt/ros/jazzy/share/builtin_interfaces/cmake)\n'}
[10.502822] (cartographer_ros) StdoutLine: {'line': b'-- Found rosidl_generator_c: 4.6.7 (/opt/ros/jazzy/share/rosidl_generator_c/cmake)\n'}
[10.507480] (cartographer_ros) StdoutLine: {'line': b'-- Found rosidl_generator_cpp: 4.6.7 (/opt/ros/jazzy/share/rosidl_generator_cpp/cmake)\n'}
[10.513341] (cartographer_ros) StdoutLine: {'line': b'-- Using all available rosidl_typesupport_c: rosidl_typesupport_fastrtps_c;rosidl_typesupport_introspection_c\n'}
[10.520264] (cartographer_ros) StdoutLine: {'line': b'-- Using all available rosidl_typesupport_cpp: rosidl_typesupport_fastrtps_cpp;rosidl_typesupport_introspection_cpp\n'}
[10.548126] (-) TimerEvent: {}
[10.605832] (cartographer_ros) StdoutLine: {'line': b'-- Found AMD headers in: /usr/include/suitesparse\n'}
[10.605908] (cartographer_ros) StdoutLine: {'line': b'-- Found AMD library: /usr/lib/x86_64-linux-gnu/libamd.so\n'}
[10.606069] (cartographer_ros) StdoutLine: {'line': b'-- Found CAMD headers in: /usr/include/suitesparse\n'}
[10.606135] (cartographer_ros) StdoutLine: {'line': b'-- Found CAMD library: /usr/lib/x86_64-linux-gnu/libcamd.so\n'}
[10.606288] (cartographer_ros) StdoutLine: {'line': b'-- Found CCOLAMD headers in: /usr/include/suitesparse\n'}
[10.606471] (cartographer_ros) StdoutLine: {'line': b'-- Found CCOLAMD library: /usr/lib/x86_64-linux-gnu/libccolamd.so\n'}
[10.606512] (cartographer_ros) StdoutLine: {'line': b'-- Found CHOLMOD headers in: /usr/include/suitesparse\n'}
[10.606540] (cartographer_ros) StdoutLine: {'line': b'-- Found CHOLMOD library: /usr/lib/x86_64-linux-gnu/libcholmod.so\n'}
[10.606566] (cartographer_ros) StdoutLine: {'line': b'-- Found COLAMD headers in: /usr/include/suitesparse\n'}
[10.606592] (cartographer_ros) StdoutLine: {'line': b'-- Found COLAMD library: /usr/lib/x86_64-linux-gnu/libcolamd.so\n'}
[10.606616] (cartographer_ros) StdoutLine: {'line': b'-- Found SPQR headers in: /usr/include/suitesparse\n'}
[10.606640] (cartographer_ros) StdoutLine: {'line': b'-- Found SPQR library: /usr/lib/x86_64-linux-gnu/libspqr.so\n'}
[10.606665] (cartographer_ros) StdoutLine: {'line': b'-- Found Config headers in: /usr/include/suitesparse\n'}
[10.606689] (cartographer_ros) StdoutLine: {'line': b'-- Found Config library: /usr/lib/x86_64-linux-gnu/libsuitesparseconfig.so\n'}
[10.606873] (cartographer_ros) StdoutLine: {'line': b'-- Found Intel Thread Building Blocks (TBB) library (2021.11 / ) include location: . Assuming SuiteSparseQR was compiled with TBB.\n'}
[10.606940] (cartographer_ros) StdoutLine: {'line': b'-- Adding librt to SuiteSparse_config libraries (required on Linux & Unix [not OSX] if SuiteSparse is compiled with timing).\n'}
[10.609645] (cartographer_ros) StdoutLine: {'line': b'-- Could NOT find METIS (missing: METIS_INCLUDE_DIR METIS_LIBRARY) \n'}
[10.610637] (cartographer_ros) StdoutLine: {'line': b'-- Found required Ceres dependency: Eigen version 3.4.0 in /usr/share/eigen3/cmake\n'}
[10.612400] (cartographer_ros) StdoutLine: {'line': b'-- Found required Ceres dependency: glog\n'}
[10.612720] (cartographer_ros) StdoutLine: {'line': b'-- Found required Ceres dependency: gflags\n'}
[10.612924] (cartographer_ros) StdoutLine: {'line': b'-- Found Ceres version: 2.2.0 installed in: /usr with components: [EigenSparse, SparseLinearAlgebraLibrary, LAPACK, SuiteSparse, SchurSpecializations]\n'}
[10.617317] (cartographer_ros) StdoutLine: {'line': b'-- Found Boost: /usr/lib/x86_64-linux-gnu/cmake/Boost-1.83.0/BoostConfig.cmake (found version "1.83.0") found components: iostreams \n'}
[10.617954] (cartographer_ros) StdoutLine: {'line': b'-- Found cartographer_ros_msgs: 2.0.9003 (/root/distr_slam_ws/install/cartographer_ros_msgs/share/cartographer_ros_msgs/cmake)\n'}
[10.648239] (-) TimerEvent: {}
[10.657323] (cartographer_ros) StdoutLine: {'line': b'-- Found nav_msgs: 5.3.7 (/opt/ros/jazzy/share/nav_msgs/cmake)\n'}
[10.680020] (cartographer_ros) StdoutLine: {'line': b'-- Found Boost: /usr/lib/x86_64-linux-gnu/cmake/Boost-1.83.0/BoostConfig.cmake (found suitable version "1.83.0", minimum required is "1.65.0") found components: system filesystem iostreams serialization \n'}
[10.680546] (cartographer_ros) StdoutLine: {'line': b'-- looking for PCL_COMMON\n'}
[10.681042] (cartographer_ros) StdoutLine: {'line': b'-- Found pcl_conversions: 2.6.4 (/opt/ros/jazzy/share/pcl_conversions/cmake)\n'}
[10.704262] (cartographer_ros) StdoutLine: {'line': b'-- Found rmw_implementation_cmake: 7.3.3 (/opt/ros/jazzy/share/rmw_implementation_cmake/cmake)\n'}
[10.705263] (cartographer_ros) StdoutLine: {'line': b'-- Found rmw_fastrtps_cpp: 8.4.3 (/opt/ros/jazzy/share/rmw_fastrtps_cpp/cmake)\n'}
[10.747962] (cartographer_ros) StdoutLine: {'line': b"-- Using RMW implementation 'rmw_fastrtps_cpp' as default\n"}
[10.748303] (-) TimerEvent: {}
[10.816469] (cartographer_ros) StdoutLine: {'line': b'-- Found ros_environment: 4.2.1 (/opt/ros/jazzy/share/ros_environment/cmake)\n'}
[10.816553] (cartographer_ros) StdoutLine: {'line': b'-- Found rosbag2_cpp: 0.26.10 (/opt/ros/jazzy/share/rosbag2_cpp/cmake)\n'}
[10.824013] (cartographer_ros) StdoutLine: {'line': b"-- Setting yaml-cpp_DIR to: '/opt/ros/jazzy/share/yaml_cpp_vendor/cmake/../../../opt/yaml_cpp_vendor/share/cmake/yaml-cpp'\n"}
[10.825480] (cartographer_ros) StdoutLine: {'line': b'-- Found tf2: 0.36.20 (/opt/ros/jazzy/share/tf2/cmake)\n'}
[10.827447] (cartographer_ros) StdoutLine: {'line': b'-- Found tf2_eigen: 0.36.20 (/opt/ros/jazzy/share/tf2_eigen/cmake)\n'}
[10.848423] (-) TimerEvent: {}
[10.886422] (cartographer_ros) StdoutLine: {'line': b'-- Found urdf: 2.10.0 (/opt/ros/jazzy/share/urdf/cmake)\n'}
[10.889784] (cartographer_ros) StdoutLine: {'line': b'-- Found visualization_msgs: 5.3.7 (/opt/ros/jazzy/share/visualization_msgs/cmake)\n'}
[10.909199] (cartographer_ros) StdoutLine: {'line': b"-- Checking for module 'hiredis'\n"}
[10.918807] (cartographer_ros) StdoutLine: {'line': b'--   Found hiredis, version 1.2.0\n'}
[10.948604] (-) TimerEvent: {}
[11.048998] (-) TimerEvent: {}
[11.051123] (cartographer_ros) StdoutLine: {'line': b'-- Configuring done (0.7s)\n'}
[11.099205] (cartographer_ros) StdoutLine: {'line': b'-- Generating done (0.0s)\n'}
[11.111584] (cartographer_ros) StdoutLine: {'line': b'-- Build files have been written to: /root/distr_slam_ws/build/cartographer_ros\n'}
[11.149191] (-) TimerEvent: {}
[11.203832] (cartographer_ros) StdoutLine: {'line': b'[  2%] \x1b[32mBuilding CXX object CMakeFiles/cartographer_ros.dir/src/assets_writer.cpp.o\x1b[0m\n'}
[11.207251] (cartographer_ros) StdoutLine: {'line': b'[  5%] \x1b[32mBuilding CXX object CMakeFiles/cartographer_ros.dir/src/map_builder_bridge.cpp.o\x1b[0m\n'}
[11.208115] (cartographer_ros) StdoutLine: {'line': b'[  8%] \x1b[32mBuilding CXX object CMakeFiles/cartographer_ros.dir/src/node.cpp.o\x1b[0m\n'}
[11.208786] (cartographer_ros) StdoutLine: {'line': b'[ 11%] \x1b[32mBuilding CXX object CMakeFiles/cartographer_ros.dir/src/node_options.cpp.o\x1b[0m\n'}
[11.208920] (cartographer_ros) StdoutLine: {'line': b'[ 17%] \x1b[32mBuilding CXX object CMakeFiles/cartographer_ros.dir/src/msg_conversion.cpp.o\x1b[0m\n'}
[11.209008] (cartographer_ros) StdoutLine: {'line': b'[ 17%] \x1b[32mBuilding CXX object CMakeFiles/cartographer_ros.dir/src/node_constants.cpp.o\x1b[0m\n'}
[11.210578] (cartographer_ros) StdoutLine: {'line': b'[ 20%] \x1b[32mBuilding CXX object CMakeFiles/cartographer_ros.dir/src/offline_node.cpp.o\x1b[0m\n'}
[11.210968] (cartographer_ros) StdoutLine: {'line': b'[ 22%] \x1b[32mBuilding CXX object CMakeFiles/cartographer_ros.dir/src/playable_bag.cpp.o\x1b[0m\n'}
[11.211390] (cartographer_ros) StdoutLine: {'line': b'[ 25%] \x1b[32mBuilding CXX object CMakeFiles/cartographer_ros.dir/src/ros_log_sink.cpp.o\x1b[0m\n'}
[11.212279] (cartographer_ros) StdoutLine: {'line': b'[ 28%] \x1b[32mBuilding CXX object CMakeFiles/cartographer_ros.dir/src/ros_map.cpp.o\x1b[0m\n'}
[11.215215] (cartographer_ros) StdoutLine: {'line': b'[ 31%] \x1b[32mBuilding CXX object CMakeFiles/cartographer_ros.dir/src/sensor_bridge.cpp.o\x1b[0m\n'}
[11.216596] (cartographer_ros) StdoutLine: {'line': b'[ 34%] \x1b[32mBuilding CXX object CMakeFiles/cartographer_ros.dir/src/ros_map_writing_points_processor.cpp.o\x1b[0m\n'}
[11.217804] (cartographer_ros) StdoutLine: {'line': b'[ 37%] \x1b[32mBuilding CXX object CMakeFiles/cartographer_ros.dir/src/submap.cpp.o\x1b[0m\n'}
[11.220195] (cartographer_ros) StdoutLine: {'line': b'[ 42%] \x1b[32mBuilding CXX object CMakeFiles/cartographer_ros.dir/src/time_conversion.cpp.o\x1b[0m\n'}
[11.220335] (cartographer_ros) StdoutLine: {'line': b'[ 42%] \x1b[32mBuilding CXX object CMakeFiles/cartographer_ros.dir/src/tf_bridge.cpp.o\x1b[0m\n'}
[11.224401] (cartographer_ros) StdoutLine: {'line': b'[ 51%] \x1b[32mBuilding CXX object CMakeFiles/cartographer_ros.dir/src/urdf_reader.cpp.o\x1b[0m\n'}
[11.224736] (cartographer_ros) StdoutLine: {'line': b'[ 51%] \x1b[32mBuilding CXX object CMakeFiles/cartographer_ros.dir/src/metrics/family_factory.cpp.o\x1b[0m\n'}
[11.224798] (cartographer_ros) StdoutLine: {'line': b'[ 51%] \x1b[32mBuilding CXX object CMakeFiles/cartographer_ros.dir/src/trajectory_options.cpp.o\x1b[0m\n'}
[11.225598] (cartographer_ros) StdoutLine: {'line': b'[ 54%] \x1b[32mBuilding CXX object CMakeFiles/cartographer_ros.dir/src/metrics/internal/family.cpp.o\x1b[0m\n'}
[11.225758] (cartographer_ros) StdoutLine: {'line': b'[ 57%] \x1b[32mBuilding CXX object CMakeFiles/cartographer_ros.dir/src/metrics/internal/histogram.cpp.o\x1b[0m\n'}
[11.249374] (-) TimerEvent: {}
[11.350434] (-) TimerEvent: {}
[11.450903] (-) TimerEvent: {}
[11.551534] (-) TimerEvent: {}
[11.652358] (-) TimerEvent: {}
[11.752944] (-) TimerEvent: {}
[11.853520] (-) TimerEvent: {}
[11.954291] (-) TimerEvent: {}
[12.055047] (-) TimerEvent: {}
[12.155867] (-) TimerEvent: {}
[12.256548] (-) TimerEvent: {}
[12.357252] (-) TimerEvent: {}
[12.457985] (-) TimerEvent: {}
[12.558663] (-) TimerEvent: {}
[12.659359] (-) TimerEvent: {}
[12.759969] (-) TimerEvent: {}
[12.860625] (-) TimerEvent: {}
[12.961262] (-) TimerEvent: {}
[13.061913] (-) TimerEvent: {}
[13.162511] (-) TimerEvent: {}
[13.263087] (-) TimerEvent: {}
[13.363702] (-) TimerEvent: {}
[13.464367] (-) TimerEvent: {}
[13.497460] (cartographer_ros) StderrLine: {'line': b'\x1b[01m\x1b[K/root/distr_slam_ws/src/cartographer_ros/cartographer_ros/src/node.cpp:52:10:\x1b[m\x1b[K \x1b[01;31m\x1b[Kfatal error: \x1b[m\x1b[Kstd_srvs/srv/trigger.hpp: No such file or directory\n'}
[13.497829] (cartographer_ros) StderrLine: {'line': b'   52 | #include \x1b[01;31m\x1b[K"std_srvs/srv/trigger.hpp"\x1b[m\x1b[K\n'}
[13.497891] (cartographer_ros) StderrLine: {'line': b'      |          \x1b[01;31m\x1b[K^~~~~~~~~~~~~~~~~~~~~~~~~~\x1b[m\x1b[K\n'}
[13.497942] (cartographer_ros) StderrLine: {'line': b'compilation terminated.\n'}
[13.512414] (cartographer_ros) StderrLine: {'line': b'gmake[2]: *** [CMakeFiles/cartographer_ros.dir/build.make:132: CMakeFiles/cartographer_ros.dir/src/node.cpp.o] Error 1\n'}
[13.512792] (cartographer_ros) StderrLine: {'line': b'gmake[2]: *** Waiting for unfinished jobs....\n'}
[13.564544] (-) TimerEvent: {}
[13.665114] (-) TimerEvent: {}
[13.765706] (-) TimerEvent: {}
[13.866339] (-) TimerEvent: {}
[13.966865] (-) TimerEvent: {}
[14.067488] (-) TimerEvent: {}
[14.168073] (-) TimerEvent: {}
[14.268665] (-) TimerEvent: {}
[14.369228] (-) TimerEvent: {}
[14.469801] (-) TimerEvent: {}
[14.570372] (-) TimerEvent: {}
[14.670862] (-) TimerEvent: {}
[14.771457] (-) TimerEvent: {}
[14.871996] (-) TimerEvent: {}
[14.972537] (-) TimerEvent: {}
[15.073110] (-) TimerEvent: {}
[15.173648] (-) TimerEvent: {}
[15.274198] (-) TimerEvent: {}
[15.374785] (-) TimerEvent: {}
[15.475355] (-) TimerEvent: {}
[15.575913] (-) TimerEvent: {}
[15.676438] (-) TimerEvent: {}
[15.776931] (-) TimerEvent: {}
[15.877422] (-) TimerEvent: {}
[15.977951] (-) TimerEvent: {}
[16.078472] (-) TimerEvent: {}
[16.178985] (-) TimerEvent: {}
[16.279513] (-) TimerEvent: {}
[16.380031] (-) TimerEvent: {}
[16.480518] (-) TimerEvent: {}
[16.581033] (-) TimerEvent: {}
[16.681569] (-) TimerEvent: {}
[16.782087] (-) TimerEvent: {}
[16.882568] (-) TimerEvent: {}
[16.983085] (-) TimerEvent: {}
[17.083668] (-) TimerEvent: {}
[17.184160] (-) TimerEvent: {}
[17.284700] (-) TimerEvent: {}
[17.385176] (-) TimerEvent: {}
[17.485661] (-) TimerEvent: {}
[17.586150] (-) TimerEvent: {}
[17.686646] (-) TimerEvent: {}
[17.787119] (-) TimerEvent: {}
[17.887626] (-) TimerEvent: {}
[17.988142] (-) TimerEvent: {}
[18.088722] (-) TimerEvent: {}
[18.189365] (-) TimerEvent: {}
[18.289903] (-) TimerEvent: {}
[18.390446] (-) TimerEvent: {}
[18.490911] (-) TimerEvent: {}
[18.591359] (-) TimerEvent: {}
[18.691811] (-) TimerEvent: {}
[18.792278] (-) TimerEvent: {}
[18.892785] (-) TimerEvent: {}
[18.993215] (-) TimerEvent: {}
[19.093639] (-) TimerEvent: {}
[19.194024] (-) TimerEvent: {}
[19.294411] (-) TimerEvent: {}
[19.394789] (-) TimerEvent: {}
[19.495114] (-) TimerEvent: {}
[19.595504] (-) TimerEvent: {}
[19.695903] (-) TimerEvent: {}
[19.796325] (-) TimerEvent: {}
[19.896701] (-) TimerEvent: {}
[19.997065] (-) TimerEvent: {}
[20.097433] (-) TimerEvent: {}
[20.197803] (-) TimerEvent: {}
[20.298153] (-) TimerEvent: {}
[20.398526] (-) TimerEvent: {}
[20.498866] (-) TimerEvent: {}
[20.599225] (-) TimerEvent: {}
[20.699639] (-) TimerEvent: {}
[20.799906] (-) TimerEvent: {}
[20.900131] (-) TimerEvent: {}
[21.000362] (-) TimerEvent: {}
[21.100581] (-) TimerEvent: {}
[21.200849] (-) TimerEvent: {}
[21.301129] (-) TimerEvent: {}
[21.401423] (-) TimerEvent: {}
[21.501703] (-) TimerEvent: {}
[21.601998] (-) TimerEvent: {}
[21.702285] (-) TimerEvent: {}
[21.802589] (-) TimerEvent: {}
[21.876661] (cartographer_ros) StderrLine: {'line': b'gmake[1]: *** [CMakeFiles/Makefile2:151: CMakeFiles/cartographer_ros.dir/all] Error 2\n'}
[21.876930] (cartographer_ros) StderrLine: {'line': b'gmake: *** [Makefile:146: all] Error 2\n'}
[21.878724] (cartographer_ros) CommandEnded: {'returncode': 2}
[21.882904] (cartographer_ros) JobEnded: {'identifier': 'cartographer_ros', 'rc': 2}
[21.883731] (cartographer_rviz) JobSkipped: {'identifier': 'cartographer_rviz'}
[21.883744] (-) EventReactorShutdown: {}
