[0.022s] Invoking command in '/root/distr_slam_ws/build/cartographer_ros_msgs': CMAKE_PREFIX_PATH=${CMAKE_PREFIX_PATH}:/opt/ros/jazzy /usr/bin/cmake --build /root/distr_slam_ws/build/cartographer_ros_msgs -- -j8 -l8
[0.149s] [  1%] Built target cartographer_ros_msgs__rosidl_generator_type_description
[0.153s] [  1%] Built target cartographer_ros_msgs__rs
[0.200s] [  1%] Built target ament_cmake_python_copy_cartographer_ros_msgs
[0.213s] [  1%] Built target cartographer_ros_msgs__cpp
[0.286s] [ 29%] Built target cartographer_ros_msgs__rosidl_generator_c
[0.371s] [ 39%] Built target cartographer_ros_msgs__rosidl_typesupport_c
[0.396s] [ 49%] Built target cartographer_ros_msgs__rosidl_typesupport_introspection_c
[0.397s] [ 59%] Built target cartographer_ros_msgs__rosidl_typesupport_fastrtps_cpp
[0.399s] [ 69%] Built target cartographer_ros_msgs__rosidl_typesupport_fastrtps_c
[0.408s] [ 78%] Built target cartographer_ros_msgs__rosidl_typesupport_cpp
[0.423s] [ 88%] Built target cartographer_ros_msgs__rosidl_typesupport_introspection_cpp
[0.460s] [ 88%] Built target cartographer_ros_msgs
[0.500s] [ 88%] Built target cartographer_ros_msgs__py
[0.560s] [ 97%] Built target cartographer_ros_msgs__rosidl_generator_py
[0.617s] [ 98%] Built target cartographer_ros_msgs_s__rosidl_typesupport_introspection_c
[0.617s] [ 99%] Built target cartographer_ros_msgs_s__rosidl_typesupport_c
[0.619s] [100%] Built target cartographer_ros_msgs_s__rosidl_typesupport_fastrtps_c
[0.694s] running egg_info
[0.752s] writing cartographer_ros_msgs.egg-info/PKG-INFO
[0.752s] writing dependency_links to cartographer_ros_msgs.egg-info/dependency_links.txt
[0.752s] writing top-level names to cartographer_ros_msgs.egg-info/top_level.txt
[0.941s] reading manifest file 'cartographer_ros_msgs.egg-info/SOURCES.txt'
[0.945s] writing manifest file 'cartographer_ros_msgs.egg-info/SOURCES.txt'
[1.033s] [100%] Built target ament_cmake_python_build_cartographer_ros_msgs_egg
[1.069s] Invoked command in '/root/distr_slam_ws/build/cartographer_ros_msgs' returned '0': CMAKE_PREFIX_PATH=${CMAKE_PREFIX_PATH}:/opt/ros/jazzy /usr/bin/cmake --build /root/distr_slam_ws/build/cartographer_ros_msgs -- -j8 -l8
[1.096s] Invoking command in '/root/distr_slam_ws/build/cartographer_ros_msgs': CMAKE_PREFIX_PATH=${CMAKE_PREFIX_PATH}:/opt/ros/jazzy /usr/bin/cmake --install /root/distr_slam_ws/build/cartographer_ros_msgs
[1.129s] -- Install configuration: ""
[1.129s] -- Up-to-date: /root/distr_slam_ws/install/cartographer_ros_msgs/share/ament_index/resource_index/rosidl_interfaces/cartographer_ros_msgs
[1.130s] -- Up-to-date: /root/distr_slam_ws/install/cartographer_ros_msgs/share/cartographer_ros_msgs/msg/BagfileProgress.json
[1.130s] -- Up-to-date: /root/distr_slam_ws/install/cartographer_ros_msgs/share/cartographer_ros_msgs/msg/HistogramBucket.json
[1.134s] -- Up-to-date: /root/distr_slam_ws/install/cartographer_ros_msgs/share/cartographer_ros_msgs/msg/LandmarkEntry.json
[1.134s] -- Up-to-date: /root/distr_slam_ws/install/cartographer_ros_msgs/share/cartographer_ros_msgs/msg/LandmarkList.json
[1.134s] -- Up-to-date: /root/distr_slam_ws/install/cartographer_ros_msgs/share/cartographer_ros_msgs/msg/MetricFamily.json
[1.135s] -- Up-to-date: /root/distr_slam_ws/install/cartographer_ros_msgs/share/cartographer_ros_msgs/msg/MetricLabel.json
[1.135s] -- Up-to-date: /root/distr_slam_ws/install/cartographer_ros_msgs/share/cartographer_ros_msgs/msg/Metric.json
[1.135s] -- Up-to-date: /root/distr_slam_ws/install/cartographer_ros_msgs/share/cartographer_ros_msgs/msg/StatusCode.json
[1.135s] -- Up-to-date: /root/distr_slam_ws/install/cartographer_ros_msgs/share/cartographer_ros_msgs/msg/StatusResponse.json
[1.135s] -- Up-to-date: /root/distr_slam_ws/install/cartographer_ros_msgs/share/cartographer_ros_msgs/msg/SubmapEntry.json
[1.136s] -- Up-to-date: /root/distr_slam_ws/install/cartographer_ros_msgs/share/cartographer_ros_msgs/msg/SubmapList.json
[1.136s] -- Up-to-date: /root/distr_slam_ws/install/cartographer_ros_msgs/share/cartographer_ros_msgs/msg/SubmapTexture.json
[1.136s] -- Up-to-date: /root/distr_slam_ws/install/cartographer_ros_msgs/share/cartographer_ros_msgs/msg/TrajectoryStates.json
[1.137s] -- Up-to-date: /root/distr_slam_ws/install/cartographer_ros_msgs/share/cartographer_ros_msgs/srv/FinishTrajectory.json
[1.137s] -- Up-to-date: /root/distr_slam_ws/install/cartographer_ros_msgs/share/cartographer_ros_msgs/srv/GetTrajectoryStates.json
[1.139s] -- Up-to-date: /root/distr_slam_ws/install/cartographer_ros_msgs/share/cartographer_ros_msgs/srv/ReadMetrics.json
[1.140s] -- Up-to-date: /root/distr_slam_ws/install/cartographer_ros_msgs/share/cartographer_ros_msgs/srv/StartTrajectory.json
[1.140s] -- Up-to-date: /root/distr_slam_ws/install/cartographer_ros_msgs/share/cartographer_ros_msgs/srv/TrajectoryQuery.json
[1.141s] -- Up-to-date: /root/distr_slam_ws/install/cartographer_ros_msgs/share/cartographer_ros_msgs/srv/SubmapQuery.json
[1.142s] -- Up-to-date: /root/distr_slam_ws/install/cartographer_ros_msgs/share/cartographer_ros_msgs/srv/WriteState.json
[1.142s] -- Up-to-date: /root/distr_slam_ws/install/cartographer_ros_msgs/share/cartographer_ros_msgs/srv/GetSlamState.json
[1.142s] -- Up-to-date: /root/distr_slam_ws/install/cartographer_ros_msgs/share/cartographer_ros_msgs/srv/SetSlamState.json
[1.143s] -- Up-to-date: /root/distr_slam_ws/install/cartographer_ros_msgs/include/cartographer_ros_msgs/cartographer_ros_msgs
[1.143s] -- Up-to-date: /root/distr_slam_ws/install/cartographer_ros_msgs/include/cartographer_ros_msgs/cartographer_ros_msgs/msg
[1.143s] -- Up-to-date: /root/distr_slam_ws/install/cartographer_ros_msgs/include/cartographer_ros_msgs/cartographer_ros_msgs/msg/submap_texture.h
[1.144s] -- Up-to-date: /root/distr_slam_ws/install/cartographer_ros_msgs/include/cartographer_ros_msgs/cartographer_ros_msgs/msg/status_code.h
[1.144s] -- Up-to-date: /root/distr_slam_ws/install/cartographer_ros_msgs/include/cartographer_ros_msgs/cartographer_ros_msgs/msg/bagfile_progress.h
[1.148s] -- Up-to-date: /root/distr_slam_ws/install/cartographer_ros_msgs/include/cartographer_ros_msgs/cartographer_ros_msgs/msg/landmark_list.h
[1.148s] -- Up-to-date: /root/distr_slam_ws/install/cartographer_ros_msgs/include/cartographer_ros_msgs/cartographer_ros_msgs/msg/trajectory_states.h
[1.148s] -- Up-to-date: /root/distr_slam_ws/install/cartographer_ros_msgs/include/cartographer_ros_msgs/cartographer_ros_msgs/msg/metric.h
[1.149s] -- Up-to-date: /root/distr_slam_ws/install/cartographer_ros_msgs/include/cartographer_ros_msgs/cartographer_ros_msgs/msg/rosidl_generator_c__visibility_control.h
[1.149s] -- Up-to-date: /root/distr_slam_ws/install/cartographer_ros_msgs/include/cartographer_ros_msgs/cartographer_ros_msgs/msg/submap_list.h
[1.149s] -- Up-to-date: /root/distr_slam_ws/install/cartographer_ros_msgs/include/cartographer_ros_msgs/cartographer_ros_msgs/msg/metric_label.h
[1.150s] -- Up-to-date: /root/distr_slam_ws/install/cartographer_ros_msgs/include/cartographer_ros_msgs/cartographer_ros_msgs/msg/landmark_entry.h
[1.150s] -- Up-to-date: /root/distr_slam_ws/install/cartographer_ros_msgs/include/cartographer_ros_msgs/cartographer_ros_msgs/msg/submap_entry.h
[1.150s] -- Up-to-date: /root/distr_slam_ws/install/cartographer_ros_msgs/include/cartographer_ros_msgs/cartographer_ros_msgs/msg/histogram_bucket.h
[1.150s] -- Up-to-date: /root/distr_slam_ws/install/cartographer_ros_msgs/include/cartographer_ros_msgs/cartographer_ros_msgs/msg/metric_family.h
[1.151s] -- Up-to-date: /root/distr_slam_ws/install/cartographer_ros_msgs/include/cartographer_ros_msgs/cartographer_ros_msgs/msg/status_response.h
[1.151s] -- Up-to-date: /root/distr_slam_ws/install/cartographer_ros_msgs/include/cartographer_ros_msgs/cartographer_ros_msgs/msg/detail
[1.151s] -- Up-to-date: /root/distr_slam_ws/install/cartographer_ros_msgs/include/cartographer_ros_msgs/cartographer_ros_msgs/msg/detail/metric_family__description.c
[1.157s] -- Up-to-date: /root/distr_slam_ws/install/cartographer_ros_msgs/include/cartographer_ros_msgs/cartographer_ros_msgs/msg/detail/submap_texture__description.c
[1.157s] -- Installing: /root/distr_slam_ws/install/cartographer_ros_msgs/include/cartographer_ros_msgs/cartographer_ros_msgs/msg/detail/status_code__type_support.c
[1.158s] -- Up-to-date: /root/distr_slam_ws/install/cartographer_ros_msgs/include/cartographer_ros_msgs/cartographer_ros_msgs/msg/detail/submap_entry__functions.c
[1.158s] -- Up-to-date: /root/distr_slam_ws/install/cartographer_ros_msgs/include/cartographer_ros_msgs/cartographer_ros_msgs/msg/detail/bagfile_progress__functions.c
[1.158s] -- Installing: /root/distr_slam_ws/install/cartographer_ros_msgs/include/cartographer_ros_msgs/cartographer_ros_msgs/msg/detail/submap_texture__type_support.c
[1.159s] -- Up-to-date: /root/distr_slam_ws/install/cartographer_ros_msgs/include/cartographer_ros_msgs/cartographer_ros_msgs/msg/detail/status_code__functions.h
[1.159s] -- Up-to-date: /root/distr_slam_ws/install/cartographer_ros_msgs/include/cartographer_ros_msgs/cartographer_ros_msgs/msg/detail/metric_label__struct.h
[1.160s] -- Up-to-date: /root/distr_slam_ws/install/cartographer_ros_msgs/include/cartographer_ros_msgs/cartographer_ros_msgs/msg/detail/landmark_entry__functions.c
[1.160s] -- Up-to-date: /root/distr_slam_ws/install/cartographer_ros_msgs/include/cartographer_ros_msgs/cartographer_ros_msgs/msg/detail/submap_entry__struct.h
[1.160s] -- Up-to-date: /root/distr_slam_ws/install/cartographer_ros_msgs/include/cartographer_ros_msgs/cartographer_ros_msgs/msg/detail/trajectory_states__struct.h
[1.166s] -- Installing: /root/distr_slam_ws/install/cartographer_ros_msgs/include/cartographer_ros_msgs/cartographer_ros_msgs/msg/detail/submap_list__type_support.c
[1.166s] -- Up-to-date: /root/distr_slam_ws/install/cartographer_ros_msgs/include/cartographer_ros_msgs/cartographer_ros_msgs/msg/detail/metric__functions.h
[1.166s] -- Up-to-date: /root/distr_slam_ws/install/cartographer_ros_msgs/include/cartographer_ros_msgs/cartographer_ros_msgs/msg/detail/bagfile_progress__description.c
[1.166s] -- Up-to-date: /root/distr_slam_ws/install/cartographer_ros_msgs/include/cartographer_ros_msgs/cartographer_ros_msgs/msg/detail/status_response__type_support.h
[1.167s] -- Up-to-date: /root/distr_slam_ws/install/cartographer_ros_msgs/include/cartographer_ros_msgs/cartographer_ros_msgs/msg/detail/landmark_list__functions.c
[1.167s] -- Up-to-date: /root/distr_slam_ws/install/cartographer_ros_msgs/include/cartographer_ros_msgs/cartographer_ros_msgs/msg/detail/submap_entry__functions.h
[1.167s] -- Up-to-date: /root/distr_slam_ws/install/cartographer_ros_msgs/include/cartographer_ros_msgs/cartographer_ros_msgs/msg/detail/histogram_bucket__type_support.h
[1.168s] -- Up-to-date: /root/distr_slam_ws/install/cartographer_ros_msgs/include/cartographer_ros_msgs/cartographer_ros_msgs/msg/detail/histogram_bucket__description.c
[1.168s] -- Up-to-date: /root/distr_slam_ws/install/cartographer_ros_msgs/include/cartographer_ros_msgs/cartographer_ros_msgs/msg/detail/trajectory_states__type_support.h
[1.168s] -- Up-to-date: /root/distr_slam_ws/install/cartographer_ros_msgs/include/cartographer_ros_msgs/cartographer_ros_msgs/msg/detail/metric_label__type_support.h
[1.169s] -- Up-to-date: /root/distr_slam_ws/install/cartographer_ros_msgs/include/cartographer_ros_msgs/cartographer_ros_msgs/msg/detail/landmark_entry__type_support.h
[1.169s] -- Up-to-date: /root/distr_slam_ws/install/cartographer_ros_msgs/include/cartographer_ros_msgs/cartographer_ros_msgs/msg/detail/metric_family__functions.c
[1.169s] -- Up-to-date: /root/distr_slam_ws/install/cartographer_ros_msgs/include/cartographer_ros_msgs/cartographer_ros_msgs/msg/detail/landmark_list__description.c
[1.169s] -- Installing: /root/distr_slam_ws/install/cartographer_ros_msgs/include/cartographer_ros_msgs/cartographer_ros_msgs/msg/detail/histogram_bucket__type_support.c
[1.170s] -- Up-to-date: /root/distr_slam_ws/install/cartographer_ros_msgs/include/cartographer_ros_msgs/cartographer_ros_msgs/msg/detail/status_code__functions.c
[1.170s] -- Up-to-date: /root/distr_slam_ws/install/cartographer_ros_msgs/include/cartographer_ros_msgs/cartographer_ros_msgs/msg/detail/metric__struct.h
[1.173s] -- Installing: /root/distr_slam_ws/install/cartographer_ros_msgs/include/cartographer_ros_msgs/cartographer_ros_msgs/msg/detail/metric__type_support.c
[1.174s] -- Up-to-date: /root/distr_slam_ws/install/cartographer_ros_msgs/include/cartographer_ros_msgs/cartographer_ros_msgs/msg/detail/landmark_list__functions.h
[1.174s] -- Up-to-date: /root/distr_slam_ws/install/cartographer_ros_msgs/include/cartographer_ros_msgs/cartographer_ros_msgs/msg/detail/metric_label__functions.h
[1.174s] -- Up-to-date: /root/distr_slam_ws/install/cartographer_ros_msgs/include/cartographer_ros_msgs/cartographer_ros_msgs/msg/detail/trajectory_states__functions.c
[1.175s] -- Up-to-date: /root/distr_slam_ws/install/cartographer_ros_msgs/include/cartographer_ros_msgs/cartographer_ros_msgs/msg/detail/submap_list__description.c
[1.176s] -- Up-to-date: /root/distr_slam_ws/install/cartographer_ros_msgs/include/cartographer_ros_msgs/cartographer_ros_msgs/msg/detail/submap_list__struct.h
[1.176s] -- Up-to-date: /root/distr_slam_ws/install/cartographer_ros_msgs/include/cartographer_ros_msgs/cartographer_ros_msgs/msg/detail/trajectory_states__description.c
[1.177s] -- Up-to-date: /root/distr_slam_ws/install/cartographer_ros_msgs/include/cartographer_ros_msgs/cartographer_ros_msgs/msg/detail/bagfile_progress__type_support.h
[1.177s] -- Up-to-date: /root/distr_slam_ws/install/cartographer_ros_msgs/include/cartographer_ros_msgs/cartographer_ros_msgs/msg/detail/landmark_list__type_support.h
[1.177s] -- Up-to-date: /root/distr_slam_ws/install/cartographer_ros_msgs/include/cartographer_ros_msgs/cartographer_ros_msgs/msg/detail/submap_texture__struct.h
[1.178s] -- Up-to-date: /root/distr_slam_ws/install/cartographer_ros_msgs/include/cartographer_ros_msgs/cartographer_ros_msgs/msg/detail/landmark_entry__description.c
[1.178s] -- Up-to-date: /root/distr_slam_ws/install/cartographer_ros_msgs/include/cartographer_ros_msgs/cartographer_ros_msgs/msg/detail/bagfile_progress__functions.h
[1.178s] -- Up-to-date: /root/distr_slam_ws/install/cartographer_ros_msgs/include/cartographer_ros_msgs/cartographer_ros_msgs/msg/detail/metric_family__struct.h
[1.179s] -- Up-to-date: /root/distr_slam_ws/install/cartographer_ros_msgs/include/cartographer_ros_msgs/cartographer_ros_msgs/msg/detail/status_code__type_support.h
[1.179s] -- Up-to-date: /root/distr_slam_ws/install/cartographer_ros_msgs/include/cartographer_ros_msgs/cartographer_ros_msgs/msg/detail/histogram_bucket__functions.c
[1.180s] -- Up-to-date: /root/distr_slam_ws/install/cartographer_ros_msgs/include/cartographer_ros_msgs/cartographer_ros_msgs/msg/detail/metric_family__type_support.h
[1.180s] -- Installing: /root/distr_slam_ws/install/cartographer_ros_msgs/include/cartographer_ros_msgs/cartographer_ros_msgs/msg/detail/bagfile_progress__type_support.c
[1.181s] -- Up-to-date: /root/distr_slam_ws/install/cartographer_ros_msgs/include/cartographer_ros_msgs/cartographer_ros_msgs/msg/detail/status_code__struct.h
[1.181s] -- Up-to-date: /root/distr_slam_ws/install/cartographer_ros_msgs/include/cartographer_ros_msgs/cartographer_ros_msgs/msg/detail/bagfile_progress__struct.h
[1.181s] -- Up-to-date: /root/distr_slam_ws/install/cartographer_ros_msgs/include/cartographer_ros_msgs/cartographer_ros_msgs/msg/detail/metric_label__functions.c
[1.182s] -- Up-to-date: /root/distr_slam_ws/install/cartographer_ros_msgs/include/cartographer_ros_msgs/cartographer_ros_msgs/msg/detail/landmark_entry__struct.h
[1.182s] -- Installing: /root/distr_slam_ws/install/cartographer_ros_msgs/include/cartographer_ros_msgs/cartographer_ros_msgs/msg/detail/metric_label__type_support.c
[1.182s] -- Up-to-date: /root/distr_slam_ws/install/cartographer_ros_msgs/include/cartographer_ros_msgs/cartographer_ros_msgs/msg/detail/metric__description.c
[1.183s] -- Up-to-date: /root/distr_slam_ws/install/cartographer_ros_msgs/include/cartographer_ros_msgs/cartographer_ros_msgs/msg/detail/landmark_entry__functions.h
[1.183s] -- Up-to-date: /root/distr_slam_ws/install/cartographer_ros_msgs/include/cartographer_ros_msgs/cartographer_ros_msgs/msg/detail/submap_entry__description.c
[1.184s] -- Up-to-date: /root/distr_slam_ws/install/cartographer_ros_msgs/include/cartographer_ros_msgs/cartographer_ros_msgs/msg/detail/trajectory_states__functions.h
[1.184s] -- Up-to-date: /root/distr_slam_ws/install/cartographer_ros_msgs/include/cartographer_ros_msgs/cartographer_ros_msgs/msg/detail/status_code__description.c
[1.185s] -- Installing: /root/distr_slam_ws/install/cartographer_ros_msgs/include/cartographer_ros_msgs/cartographer_ros_msgs/msg/detail/landmark_list__type_support.c
[1.185s] -- Up-to-date: /root/distr_slam_ws/install/cartographer_ros_msgs/include/cartographer_ros_msgs/cartographer_ros_msgs/msg/detail/submap_texture__functions.c
[1.186s] -- Up-to-date: /root/distr_slam_ws/install/cartographer_ros_msgs/include/cartographer_ros_msgs/cartographer_ros_msgs/msg/detail/submap_texture__type_support.h
[1.186s] -- Installing: /root/distr_slam_ws/install/cartographer_ros_msgs/include/cartographer_ros_msgs/cartographer_ros_msgs/msg/detail/status_response__type_support.c
[1.187s] -- Up-to-date: /root/distr_slam_ws/install/cartographer_ros_msgs/include/cartographer_ros_msgs/cartographer_ros_msgs/msg/detail/histogram_bucket__functions.h
[1.187s] -- Up-to-date: /root/distr_slam_ws/install/cartographer_ros_msgs/include/cartographer_ros_msgs/cartographer_ros_msgs/msg/detail/status_response__functions.h
[1.187s] -- Installing: /root/distr_slam_ws/install/cartographer_ros_msgs/include/cartographer_ros_msgs/cartographer_ros_msgs/msg/detail/submap_entry__type_support.c
[1.188s] -- Up-to-date: /root/distr_slam_ws/install/cartographer_ros_msgs/include/cartographer_ros_msgs/cartographer_ros_msgs/msg/detail/metric_family__functions.h
[1.188s] -- Up-to-date: /root/distr_slam_ws/install/cartographer_ros_msgs/include/cartographer_ros_msgs/cartographer_ros_msgs/msg/detail/submap_texture__functions.h
[1.188s] -- Up-to-date: /root/distr_slam_ws/install/cartographer_ros_msgs/include/cartographer_ros_msgs/cartographer_ros_msgs/msg/detail/submap_list__functions.h
[1.189s] -- Installing: /root/distr_slam_ws/install/cartographer_ros_msgs/include/cartographer_ros_msgs/cartographer_ros_msgs/msg/detail/landmark_entry__type_support.c
[1.189s] -- Up-to-date: /root/distr_slam_ws/install/cartographer_ros_msgs/include/cartographer_ros_msgs/cartographer_ros_msgs/msg/detail/status_response__functions.c
[1.189s] -- Up-to-date: /root/distr_slam_ws/install/cartographer_ros_msgs/include/cartographer_ros_msgs/cartographer_ros_msgs/msg/detail/status_response__struct.h
[1.193s] -- Installing: /root/distr_slam_ws/install/cartographer_ros_msgs/include/cartographer_ros_msgs/cartographer_ros_msgs/msg/detail/trajectory_states__type_support.c
[1.194s] -- Up-to-date: /root/distr_slam_ws/install/cartographer_ros_msgs/include/cartographer_ros_msgs/cartographer_ros_msgs/msg/detail/landmark_list__struct.h
[1.195s] -- Up-to-date: /root/distr_slam_ws/install/cartographer_ros_msgs/include/cartographer_ros_msgs/cartographer_ros_msgs/msg/detail/metric__functions.c
[1.195s] -- Installing: /root/distr_slam_ws/install/cartographer_ros_msgs/include/cartographer_ros_msgs/cartographer_ros_msgs/msg/detail/metric_family__type_support.c
[1.196s] -- Up-to-date: /root/distr_slam_ws/install/cartographer_ros_msgs/include/cartographer_ros_msgs/cartographer_ros_msgs/msg/detail/submap_list__functions.c
[1.196s] -- Up-to-date: /root/distr_slam_ws/install/cartographer_ros_msgs/include/cartographer_ros_msgs/cartographer_ros_msgs/msg/detail/metric_label__description.c
[1.197s] -- Up-to-date: /root/distr_slam_ws/install/cartographer_ros_msgs/include/cartographer_ros_msgs/cartographer_ros_msgs/msg/detail/metric__type_support.h
[1.197s] -- Up-to-date: /root/distr_slam_ws/install/cartographer_ros_msgs/include/cartographer_ros_msgs/cartographer_ros_msgs/msg/detail/submap_entry__type_support.h
[1.198s] -- Up-to-date: /root/distr_slam_ws/install/cartographer_ros_msgs/include/cartographer_ros_msgs/cartographer_ros_msgs/msg/detail/histogram_bucket__struct.h
[1.198s] -- Up-to-date: /root/distr_slam_ws/install/cartographer_ros_msgs/include/cartographer_ros_msgs/cartographer_ros_msgs/msg/detail/submap_list__type_support.h
[1.198s] -- Up-to-date: /root/distr_slam_ws/install/cartographer_ros_msgs/include/cartographer_ros_msgs/cartographer_ros_msgs/msg/detail/status_response__description.c
[1.199s] -- Up-to-date: /root/distr_slam_ws/install/cartographer_ros_msgs/include/cartographer_ros_msgs/cartographer_ros_msgs/srv
[1.199s] -- Up-to-date: /root/distr_slam_ws/install/cartographer_ros_msgs/include/cartographer_ros_msgs/cartographer_ros_msgs/srv/finish_trajectory.h
[1.199s] -- Up-to-date: /root/distr_slam_ws/install/cartographer_ros_msgs/include/cartographer_ros_msgs/cartographer_ros_msgs/srv/start_trajectory.h
[1.199s] -- Up-to-date: /root/distr_slam_ws/install/cartographer_ros_msgs/include/cartographer_ros_msgs/cartographer_ros_msgs/srv/get_trajectory_states.h
[1.200s] -- Up-to-date: /root/distr_slam_ws/install/cartographer_ros_msgs/include/cartographer_ros_msgs/cartographer_ros_msgs/srv/write_state.h
[1.200s] -- Up-to-date: /root/distr_slam_ws/install/cartographer_ros_msgs/include/cartographer_ros_msgs/cartographer_ros_msgs/srv/get_slam_state.h
[1.201s] -- Up-to-date: /root/distr_slam_ws/install/cartographer_ros_msgs/include/cartographer_ros_msgs/cartographer_ros_msgs/srv/submap_query.h
[1.201s] -- Up-to-date: /root/distr_slam_ws/install/cartographer_ros_msgs/include/cartographer_ros_msgs/cartographer_ros_msgs/srv/trajectory_query.h
[1.201s] -- Up-to-date: /root/distr_slam_ws/install/cartographer_ros_msgs/include/cartographer_ros_msgs/cartographer_ros_msgs/srv/set_slam_state.h
[1.201s] -- Up-to-date: /root/distr_slam_ws/install/cartographer_ros_msgs/include/cartographer_ros_msgs/cartographer_ros_msgs/srv/read_metrics.h
[1.202s] -- Up-to-date: /root/distr_slam_ws/install/cartographer_ros_msgs/include/cartographer_ros_msgs/cartographer_ros_msgs/srv/detail
[1.202s] -- Up-to-date: /root/distr_slam_ws/install/cartographer_ros_msgs/include/cartographer_ros_msgs/cartographer_ros_msgs/srv/detail/get_slam_state__type_support.h
[1.203s] -- Up-to-date: /root/distr_slam_ws/install/cartographer_ros_msgs/include/cartographer_ros_msgs/cartographer_ros_msgs/srv/detail/read_metrics__struct.h
[1.203s] -- Up-to-date: /root/distr_slam_ws/install/cartographer_ros_msgs/include/cartographer_ros_msgs/cartographer_ros_msgs/srv/detail/trajectory_query__functions.h
[1.203s] -- Installing: /root/distr_slam_ws/install/cartographer_ros_msgs/include/cartographer_ros_msgs/cartographer_ros_msgs/srv/detail/set_slam_state__type_support.c
[1.204s] -- Up-to-date: /root/distr_slam_ws/install/cartographer_ros_msgs/include/cartographer_ros_msgs/cartographer_ros_msgs/srv/detail/get_slam_state__description.c
[1.204s] -- Installing: /root/distr_slam_ws/install/cartographer_ros_msgs/include/cartographer_ros_msgs/cartographer_ros_msgs/srv/detail/finish_trajectory__type_support.c
[1.204s] -- Installing: /root/distr_slam_ws/install/cartographer_ros_msgs/include/cartographer_ros_msgs/cartographer_ros_msgs/srv/detail/start_trajectory__type_support.c
[1.205s] -- Up-to-date: /root/distr_slam_ws/install/cartographer_ros_msgs/include/cartographer_ros_msgs/cartographer_ros_msgs/srv/detail/start_trajectory__functions.c
[1.205s] -- Up-to-date: /root/distr_slam_ws/install/cartographer_ros_msgs/include/cartographer_ros_msgs/cartographer_ros_msgs/srv/detail/read_metrics__functions.h
[1.205s] -- Up-to-date: /root/distr_slam_ws/install/cartographer_ros_msgs/include/cartographer_ros_msgs/cartographer_ros_msgs/srv/detail/submap_query__functions.h
[1.206s] -- Up-to-date: /root/distr_slam_ws/install/cartographer_ros_msgs/include/cartographer_ros_msgs/cartographer_ros_msgs/srv/detail/write_state__struct.h
[1.206s] -- Up-to-date: /root/distr_slam_ws/install/cartographer_ros_msgs/include/cartographer_ros_msgs/cartographer_ros_msgs/srv/detail/submap_query__struct.h
[1.206s] -- Up-to-date: /root/distr_slam_ws/install/cartographer_ros_msgs/include/cartographer_ros_msgs/cartographer_ros_msgs/srv/detail/start_trajectory__description.c
[1.207s] -- Up-to-date: /root/distr_slam_ws/install/cartographer_ros_msgs/include/cartographer_ros_msgs/cartographer_ros_msgs/srv/detail/trajectory_query__type_support.h
[1.207s] -- Up-to-date: /root/distr_slam_ws/install/cartographer_ros_msgs/include/cartographer_ros_msgs/cartographer_ros_msgs/srv/detail/start_trajectory__functions.h
[1.208s] -- Up-to-date: /root/distr_slam_ws/install/cartographer_ros_msgs/include/cartographer_ros_msgs/cartographer_ros_msgs/srv/detail/set_slam_state__type_support.h
[1.209s] -- Up-to-date: /root/distr_slam_ws/install/cartographer_ros_msgs/include/cartographer_ros_msgs/cartographer_ros_msgs/srv/detail/finish_trajectory__functions.c
[1.210s] -- Up-to-date: /root/distr_slam_ws/install/cartographer_ros_msgs/include/cartographer_ros_msgs/cartographer_ros_msgs/srv/detail/trajectory_query__struct.h
[1.210s] -- Up-to-date: /root/distr_slam_ws/install/cartographer_ros_msgs/include/cartographer_ros_msgs/cartographer_ros_msgs/srv/detail/get_slam_state__functions.c
[1.210s] -- Up-to-date: /root/distr_slam_ws/install/cartographer_ros_msgs/include/cartographer_ros_msgs/cartographer_ros_msgs/srv/detail/set_slam_state__struct.h
[1.211s] -- Up-to-date: /root/distr_slam_ws/install/cartographer_ros_msgs/include/cartographer_ros_msgs/cartographer_ros_msgs/srv/detail/write_state__description.c
[1.211s] -- Up-to-date: /root/distr_slam_ws/install/cartographer_ros_msgs/include/cartographer_ros_msgs/cartographer_ros_msgs/srv/detail/finish_trajectory__type_support.h
[1.211s] -- Up-to-date: /root/distr_slam_ws/install/cartographer_ros_msgs/include/cartographer_ros_msgs/cartographer_ros_msgs/srv/detail/start_trajectory__struct.h
[1.212s] -- Up-to-date: /root/distr_slam_ws/install/cartographer_ros_msgs/include/cartographer_ros_msgs/cartographer_ros_msgs/srv/detail/write_state__functions.h
[1.212s] -- Up-to-date: /root/distr_slam_ws/install/cartographer_ros_msgs/include/cartographer_ros_msgs/cartographer_ros_msgs/srv/detail/finish_trajectory__description.c
[1.212s] -- Installing: /root/distr_slam_ws/install/cartographer_ros_msgs/include/cartographer_ros_msgs/cartographer_ros_msgs/srv/detail/get_slam_state__type_support.c
[1.213s] -- Up-to-date: /root/distr_slam_ws/install/cartographer_ros_msgs/include/cartographer_ros_msgs/cartographer_ros_msgs/srv/detail/finish_trajectory__functions.h
[1.213s] -- Up-to-date: /root/distr_slam_ws/install/cartographer_ros_msgs/include/cartographer_ros_msgs/cartographer_ros_msgs/srv/detail/get_slam_state__functions.h
[1.213s] -- Up-to-date: /root/distr_slam_ws/install/cartographer_ros_msgs/include/cartographer_ros_msgs/cartographer_ros_msgs/srv/detail/trajectory_query__functions.c
[1.214s] -- Up-to-date: /root/distr_slam_ws/install/cartographer_ros_msgs/include/cartographer_ros_msgs/cartographer_ros_msgs/srv/detail/set_slam_state__functions.c
[1.214s] -- Up-to-date: /root/distr_slam_ws/install/cartographer_ros_msgs/include/cartographer_ros_msgs/cartographer_ros_msgs/srv/detail/write_state__type_support.h
[1.214s] -- Up-to-date: /root/distr_slam_ws/install/cartographer_ros_msgs/include/cartographer_ros_msgs/cartographer_ros_msgs/srv/detail/read_metrics__type_support.h
[1.214s] -- Installing: /root/distr_slam_ws/install/cartographer_ros_msgs/include/cartographer_ros_msgs/cartographer_ros_msgs/srv/detail/write_state__type_support.c
[1.215s] -- Up-to-date: /root/distr_slam_ws/install/cartographer_ros_msgs/include/cartographer_ros_msgs/cartographer_ros_msgs/srv/detail/read_metrics__functions.c
[1.215s] -- Up-to-date: /root/distr_slam_ws/install/cartographer_ros_msgs/include/cartographer_ros_msgs/cartographer_ros_msgs/srv/detail/set_slam_state__functions.h
[1.215s] -- Installing: /root/distr_slam_ws/install/cartographer_ros_msgs/include/cartographer_ros_msgs/cartographer_ros_msgs/srv/detail/trajectory_query__type_support.c
[1.215s] -- Up-to-date: /root/distr_slam_ws/install/cartographer_ros_msgs/include/cartographer_ros_msgs/cartographer_ros_msgs/srv/detail/start_trajectory__type_support.h
[1.216s] -- Up-to-date: /root/distr_slam_ws/install/cartographer_ros_msgs/include/cartographer_ros_msgs/cartographer_ros_msgs/srv/detail/get_slam_state__struct.h
[1.216s] -- Up-to-date: /root/distr_slam_ws/install/cartographer_ros_msgs/include/cartographer_ros_msgs/cartographer_ros_msgs/srv/detail/submap_query__type_support.h
[1.217s] -- Installing: /root/distr_slam_ws/install/cartographer_ros_msgs/include/cartographer_ros_msgs/cartographer_ros_msgs/srv/detail/get_trajectory_states__type_support.c
[1.217s] -- Up-to-date: /root/distr_slam_ws/install/cartographer_ros_msgs/include/cartographer_ros_msgs/cartographer_ros_msgs/srv/detail/get_trajectory_states__struct.h
[1.217s] -- Up-to-date: /root/distr_slam_ws/install/cartographer_ros_msgs/include/cartographer_ros_msgs/cartographer_ros_msgs/srv/detail/write_state__functions.c
[1.217s] -- Up-to-date: /root/distr_slam_ws/install/cartographer_ros_msgs/include/cartographer_ros_msgs/cartographer_ros_msgs/srv/detail/finish_trajectory__struct.h
[1.218s] -- Up-to-date: /root/distr_slam_ws/install/cartographer_ros_msgs/include/cartographer_ros_msgs/cartographer_ros_msgs/srv/detail/get_trajectory_states__functions.c
[1.218s] -- Up-to-date: /root/distr_slam_ws/install/cartographer_ros_msgs/include/cartographer_ros_msgs/cartographer_ros_msgs/srv/detail/submap_query__functions.c
[1.218s] -- Up-to-date: /root/distr_slam_ws/install/cartographer_ros_msgs/include/cartographer_ros_msgs/cartographer_ros_msgs/srv/detail/get_trajectory_states__description.c
[1.218s] -- Installing: /root/distr_slam_ws/install/cartographer_ros_msgs/include/cartographer_ros_msgs/cartographer_ros_msgs/srv/detail/submap_query__type_support.c
[1.219s] -- Up-to-date: /root/distr_slam_ws/install/cartographer_ros_msgs/include/cartographer_ros_msgs/cartographer_ros_msgs/srv/detail/get_trajectory_states__functions.h
[1.219s] -- Up-to-date: /root/distr_slam_ws/install/cartographer_ros_msgs/include/cartographer_ros_msgs/cartographer_ros_msgs/srv/detail/get_trajectory_states__type_support.h
[1.219s] -- Up-to-date: /root/distr_slam_ws/install/cartographer_ros_msgs/include/cartographer_ros_msgs/cartographer_ros_msgs/srv/detail/set_slam_state__description.c
[1.220s] -- Up-to-date: /root/distr_slam_ws/install/cartographer_ros_msgs/include/cartographer_ros_msgs/cartographer_ros_msgs/srv/detail/read_metrics__description.c
[1.220s] -- Installing: /root/distr_slam_ws/install/cartographer_ros_msgs/include/cartographer_ros_msgs/cartographer_ros_msgs/srv/detail/read_metrics__type_support.c
[1.221s] -- Up-to-date: /root/distr_slam_ws/install/cartographer_ros_msgs/include/cartographer_ros_msgs/cartographer_ros_msgs/srv/detail/submap_query__description.c
[1.221s] -- Up-to-date: /root/distr_slam_ws/install/cartographer_ros_msgs/include/cartographer_ros_msgs/cartographer_ros_msgs/srv/detail/trajectory_query__description.c
[1.222s] -- Up-to-date: /root/distr_slam_ws/install/cartographer_ros_msgs/share/cartographer_ros_msgs/environment/library_path.sh
[1.222s] -- Up-to-date: /root/distr_slam_ws/install/cartographer_ros_msgs/share/cartographer_ros_msgs/environment/library_path.dsv
[1.222s] -- Up-to-date: /root/distr_slam_ws/install/cartographer_ros_msgs/lib/libcartographer_ros_msgs__rosidl_generator_c.so
[1.223s] -- Up-to-date: /root/distr_slam_ws/install/cartographer_ros_msgs/include/cartographer_ros_msgs/cartographer_ros_msgs
[1.224s] -- Up-to-date: /root/distr_slam_ws/install/cartographer_ros_msgs/include/cartographer_ros_msgs/cartographer_ros_msgs/msg
[1.224s] -- Up-to-date: /root/distr_slam_ws/install/cartographer_ros_msgs/include/cartographer_ros_msgs/cartographer_ros_msgs/msg/rosidl_typesupport_fastrtps_c__visibility_control.h
[1.225s] -- Up-to-date: /root/distr_slam_ws/install/cartographer_ros_msgs/include/cartographer_ros_msgs/cartographer_ros_msgs/msg/detail
[1.226s] -- Up-to-date: /root/distr_slam_ws/install/cartographer_ros_msgs/include/cartographer_ros_msgs/cartographer_ros_msgs/msg/detail/landmark_entry__rosidl_typesupport_fastrtps_c.h
[1.228s] -- Up-to-date: /root/distr_slam_ws/install/cartographer_ros_msgs/include/cartographer_ros_msgs/cartographer_ros_msgs/msg/detail/submap_entry__rosidl_typesupport_fastrtps_c.h
[1.228s] -- Up-to-date: /root/distr_slam_ws/install/cartographer_ros_msgs/include/cartographer_ros_msgs/cartographer_ros_msgs/msg/detail/histogram_bucket__rosidl_typesupport_fastrtps_c.h
[1.229s] -- Up-to-date: /root/distr_slam_ws/install/cartographer_ros_msgs/include/cartographer_ros_msgs/cartographer_ros_msgs/msg/detail/bagfile_progress__rosidl_typesupport_fastrtps_c.h
[1.232s] -- Up-to-date: /root/distr_slam_ws/install/cartographer_ros_msgs/include/cartographer_ros_msgs/cartographer_ros_msgs/msg/detail/trajectory_states__rosidl_typesupport_fastrtps_c.h
[1.233s] -- Up-to-date: /root/distr_slam_ws/install/cartographer_ros_msgs/include/cartographer_ros_msgs/cartographer_ros_msgs/msg/detail/landmark_list__rosidl_typesupport_fastrtps_c.h
[1.233s] -- Up-to-date: /root/distr_slam_ws/install/cartographer_ros_msgs/include/cartographer_ros_msgs/cartographer_ros_msgs/msg/detail/submap_list__rosidl_typesupport_fastrtps_c.h
[1.233s] -- Up-to-date: /root/distr_slam_ws/install/cartographer_ros_msgs/include/cartographer_ros_msgs/cartographer_ros_msgs/msg/detail/metric__rosidl_typesupport_fastrtps_c.h
[1.234s] -- Up-to-date: /root/distr_slam_ws/install/cartographer_ros_msgs/include/cartographer_ros_msgs/cartographer_ros_msgs/msg/detail/status_response__rosidl_typesupport_fastrtps_c.h
[1.234s] -- Up-to-date: /root/distr_slam_ws/install/cartographer_ros_msgs/include/cartographer_ros_msgs/cartographer_ros_msgs/msg/detail/status_code__rosidl_typesupport_fastrtps_c.h
[1.235s] -- Up-to-date: /root/distr_slam_ws/install/cartographer_ros_msgs/include/cartographer_ros_msgs/cartographer_ros_msgs/msg/detail/submap_texture__rosidl_typesupport_fastrtps_c.h
[1.237s] -- Up-to-date: /root/distr_slam_ws/install/cartographer_ros_msgs/include/cartographer_ros_msgs/cartographer_ros_msgs/msg/detail/metric_family__rosidl_typesupport_fastrtps_c.h
[1.238s] -- Up-to-date: /root/distr_slam_ws/install/cartographer_ros_msgs/include/cartographer_ros_msgs/cartographer_ros_msgs/msg/detail/metric_label__rosidl_typesupport_fastrtps_c.h
[1.238s] -- Up-to-date: /root/distr_slam_ws/install/cartographer_ros_msgs/include/cartographer_ros_msgs/cartographer_ros_msgs/srv
[1.238s] -- Up-to-date: /root/distr_slam_ws/install/cartographer_ros_msgs/include/cartographer_ros_msgs/cartographer_ros_msgs/srv/detail
[1.239s] -- Up-to-date: /root/distr_slam_ws/install/cartographer_ros_msgs/include/cartographer_ros_msgs/cartographer_ros_msgs/srv/detail/set_slam_state__rosidl_typesupport_fastrtps_c.h
[1.239s] -- Up-to-date: /root/distr_slam_ws/install/cartographer_ros_msgs/include/cartographer_ros_msgs/cartographer_ros_msgs/srv/detail/write_state__rosidl_typesupport_fastrtps_c.h
[1.239s] -- Up-to-date: /root/distr_slam_ws/install/cartographer_ros_msgs/include/cartographer_ros_msgs/cartographer_ros_msgs/srv/detail/read_metrics__rosidl_typesupport_fastrtps_c.h
[1.239s] -- Up-to-date: /root/distr_slam_ws/install/cartographer_ros_msgs/include/cartographer_ros_msgs/cartographer_ros_msgs/srv/detail/start_trajectory__rosidl_typesupport_fastrtps_c.h
[1.240s] -- Up-to-date: /root/distr_slam_ws/install/cartographer_ros_msgs/include/cartographer_ros_msgs/cartographer_ros_msgs/srv/detail/submap_query__rosidl_typesupport_fastrtps_c.h
[1.240s] -- Up-to-date: /root/distr_slam_ws/install/cartographer_ros_msgs/include/cartographer_ros_msgs/cartographer_ros_msgs/srv/detail/get_trajectory_states__rosidl_typesupport_fastrtps_c.h
[1.240s] -- Up-to-date: /root/distr_slam_ws/install/cartographer_ros_msgs/include/cartographer_ros_msgs/cartographer_ros_msgs/srv/detail/finish_trajectory__rosidl_typesupport_fastrtps_c.h
[1.240s] -- Up-to-date: /root/distr_slam_ws/install/cartographer_ros_msgs/include/cartographer_ros_msgs/cartographer_ros_msgs/srv/detail/get_slam_state__rosidl_typesupport_fastrtps_c.h
[1.241s] -- Up-to-date: /root/distr_slam_ws/install/cartographer_ros_msgs/include/cartographer_ros_msgs/cartographer_ros_msgs/srv/detail/trajectory_query__rosidl_typesupport_fastrtps_c.h
[1.241s] -- Up-to-date: /root/distr_slam_ws/install/cartographer_ros_msgs/lib/libcartographer_ros_msgs__rosidl_typesupport_fastrtps_c.so
[1.241s] -- Up-to-date: /root/distr_slam_ws/install/cartographer_ros_msgs/include/cartographer_ros_msgs/cartographer_ros_msgs
[1.241s] -- Up-to-date: /root/distr_slam_ws/install/cartographer_ros_msgs/include/cartographer_ros_msgs/cartographer_ros_msgs/msg
[1.242s] -- Up-to-date: /root/distr_slam_ws/install/cartographer_ros_msgs/include/cartographer_ros_msgs/cartographer_ros_msgs/msg/rosidl_typesupport_introspection_c__visibility_control.h
[1.242s] -- Up-to-date: /root/distr_slam_ws/install/cartographer_ros_msgs/include/cartographer_ros_msgs/cartographer_ros_msgs/msg/detail
[1.247s] -- Up-to-date: /root/distr_slam_ws/install/cartographer_ros_msgs/include/cartographer_ros_msgs/cartographer_ros_msgs/msg/detail/metric__rosidl_typesupport_introspection_c.h
[1.248s] -- Up-to-date: /root/distr_slam_ws/install/cartographer_ros_msgs/include/cartographer_ros_msgs/cartographer_ros_msgs/msg/detail/submap_list__rosidl_typesupport_introspection_c.h
[1.251s] -- Installing: /root/distr_slam_ws/install/cartographer_ros_msgs/include/cartographer_ros_msgs/cartographer_ros_msgs/msg/detail/status_code__type_support.c
[1.251s] -- Up-to-date: /root/distr_slam_ws/install/cartographer_ros_msgs/include/cartographer_ros_msgs/cartographer_ros_msgs/msg/detail/status_response__rosidl_typesupport_introspection_c.h
[1.251s] -- Installing: /root/distr_slam_ws/install/cartographer_ros_msgs/include/cartographer_ros_msgs/cartographer_ros_msgs/msg/detail/submap_texture__type_support.c
[1.252s] -- Up-to-date: /root/distr_slam_ws/install/cartographer_ros_msgs/include/cartographer_ros_msgs/cartographer_ros_msgs/msg/detail/landmark_entry__rosidl_typesupport_introspection_c.h
[1.252s] -- Installing: /root/distr_slam_ws/install/cartographer_ros_msgs/include/cartographer_ros_msgs/cartographer_ros_msgs/msg/detail/submap_list__type_support.c
[1.252s] -- Up-to-date: /root/distr_slam_ws/install/cartographer_ros_msgs/include/cartographer_ros_msgs/cartographer_ros_msgs/msg/detail/bagfile_progress__rosidl_typesupport_introspection_c.h
[1.253s] -- Up-to-date: /root/distr_slam_ws/install/cartographer_ros_msgs/include/cartographer_ros_msgs/cartographer_ros_msgs/msg/detail/submap_texture__rosidl_typesupport_introspection_c.h
[1.254s] -- Installing: /root/distr_slam_ws/install/cartographer_ros_msgs/include/cartographer_ros_msgs/cartographer_ros_msgs/msg/detail/histogram_bucket__type_support.c
[1.255s] -- Installing: /root/distr_slam_ws/install/cartographer_ros_msgs/include/cartographer_ros_msgs/cartographer_ros_msgs/msg/detail/metric__type_support.c
[1.255s] -- Up-to-date: /root/distr_slam_ws/install/cartographer_ros_msgs/include/cartographer_ros_msgs/cartographer_ros_msgs/msg/detail/metric_label__rosidl_typesupport_introspection_c.h
[1.255s] -- Up-to-date: /root/distr_slam_ws/install/cartographer_ros_msgs/include/cartographer_ros_msgs/cartographer_ros_msgs/msg/detail/trajectory_states__rosidl_typesupport_introspection_c.h
[1.259s] -- Installing: /root/distr_slam_ws/install/cartographer_ros_msgs/include/cartographer_ros_msgs/cartographer_ros_msgs/msg/detail/bagfile_progress__type_support.c
[1.260s] -- Installing: /root/distr_slam_ws/install/cartographer_ros_msgs/include/cartographer_ros_msgs/cartographer_ros_msgs/msg/detail/metric_label__type_support.c
[1.260s] -- Installing: /root/distr_slam_ws/install/cartographer_ros_msgs/include/cartographer_ros_msgs/cartographer_ros_msgs/msg/detail/landmark_list__type_support.c
[1.261s] -- Installing: /root/distr_slam_ws/install/cartographer_ros_msgs/include/cartographer_ros_msgs/cartographer_ros_msgs/msg/detail/status_response__type_support.c
[1.261s] -- Up-to-date: /root/distr_slam_ws/install/cartographer_ros_msgs/include/cartographer_ros_msgs/cartographer_ros_msgs/msg/detail/histogram_bucket__rosidl_typesupport_introspection_c.h
[1.261s] -- Installing: /root/distr_slam_ws/install/cartographer_ros_msgs/include/cartographer_ros_msgs/cartographer_ros_msgs/msg/detail/submap_entry__type_support.c
[1.261s] -- Installing: /root/distr_slam_ws/install/cartographer_ros_msgs/include/cartographer_ros_msgs/cartographer_ros_msgs/msg/detail/landmark_entry__type_support.c
[1.261s] -- Installing: /root/distr_slam_ws/install/cartographer_ros_msgs/include/cartographer_ros_msgs/cartographer_ros_msgs/msg/detail/trajectory_states__type_support.c
[1.262s] -- Up-to-date: /root/distr_slam_ws/install/cartographer_ros_msgs/include/cartographer_ros_msgs/cartographer_ros_msgs/msg/detail/status_code__rosidl_typesupport_introspection_c.h
[1.266s] -- Installing: /root/distr_slam_ws/install/cartographer_ros_msgs/include/cartographer_ros_msgs/cartographer_ros_msgs/msg/detail/metric_family__type_support.c
[1.267s] -- Up-to-date: /root/distr_slam_ws/install/cartographer_ros_msgs/include/cartographer_ros_msgs/cartographer_ros_msgs/msg/detail/metric_family__rosidl_typesupport_introspection_c.h
[1.267s] -- Up-to-date: /root/distr_slam_ws/install/cartographer_ros_msgs/include/cartographer_ros_msgs/cartographer_ros_msgs/msg/detail/landmark_list__rosidl_typesupport_introspection_c.h
[1.267s] -- Up-to-date: /root/distr_slam_ws/install/cartographer_ros_msgs/include/cartographer_ros_msgs/cartographer_ros_msgs/msg/detail/submap_entry__rosidl_typesupport_introspection_c.h
[1.267s] -- Up-to-date: /root/distr_slam_ws/install/cartographer_ros_msgs/include/cartographer_ros_msgs/cartographer_ros_msgs/srv
[1.268s] -- Up-to-date: /root/distr_slam_ws/install/cartographer_ros_msgs/include/cartographer_ros_msgs/cartographer_ros_msgs/srv/detail
[1.268s] -- Installing: /root/distr_slam_ws/install/cartographer_ros_msgs/include/cartographer_ros_msgs/cartographer_ros_msgs/srv/detail/set_slam_state__type_support.c
[1.268s] -- Installing: /root/distr_slam_ws/install/cartographer_ros_msgs/include/cartographer_ros_msgs/cartographer_ros_msgs/srv/detail/finish_trajectory__type_support.c
[1.269s] -- Installing: /root/distr_slam_ws/install/cartographer_ros_msgs/include/cartographer_ros_msgs/cartographer_ros_msgs/srv/detail/start_trajectory__type_support.c
[1.269s] -- Up-to-date: /root/distr_slam_ws/install/cartographer_ros_msgs/include/cartographer_ros_msgs/cartographer_ros_msgs/srv/detail/set_slam_state__rosidl_typesupport_introspection_c.h
[1.269s] -- Up-to-date: /root/distr_slam_ws/install/cartographer_ros_msgs/include/cartographer_ros_msgs/cartographer_ros_msgs/srv/detail/submap_query__rosidl_typesupport_introspection_c.h
[1.270s] -- Up-to-date: /root/distr_slam_ws/install/cartographer_ros_msgs/include/cartographer_ros_msgs/cartographer_ros_msgs/srv/detail/start_trajectory__rosidl_typesupport_introspection_c.h
[1.270s] -- Up-to-date: /root/distr_slam_ws/install/cartographer_ros_msgs/include/cartographer_ros_msgs/cartographer_ros_msgs/srv/detail/write_state__rosidl_typesupport_introspection_c.h
[1.272s] -- Installing: /root/distr_slam_ws/install/cartographer_ros_msgs/include/cartographer_ros_msgs/cartographer_ros_msgs/srv/detail/get_slam_state__type_support.c
[1.273s] -- Up-to-date: /root/distr_slam_ws/install/cartographer_ros_msgs/include/cartographer_ros_msgs/cartographer_ros_msgs/srv/detail/finish_trajectory__rosidl_typesupport_introspection_c.h
[1.273s] -- Up-to-date: /root/distr_slam_ws/install/cartographer_ros_msgs/include/cartographer_ros_msgs/cartographer_ros_msgs/srv/detail/read_metrics__rosidl_typesupport_introspection_c.h
[1.273s] -- Up-to-date: /root/distr_slam_ws/install/cartographer_ros_msgs/include/cartographer_ros_msgs/cartographer_ros_msgs/srv/detail/get_trajectory_states__rosidl_typesupport_introspection_c.h
[1.274s] -- Installing: /root/distr_slam_ws/install/cartographer_ros_msgs/include/cartographer_ros_msgs/cartographer_ros_msgs/srv/detail/write_state__type_support.c
[1.274s] -- Installing: /root/distr_slam_ws/install/cartographer_ros_msgs/include/cartographer_ros_msgs/cartographer_ros_msgs/srv/detail/trajectory_query__type_support.c
[1.274s] -- Installing: /root/distr_slam_ws/install/cartographer_ros_msgs/include/cartographer_ros_msgs/cartographer_ros_msgs/srv/detail/get_trajectory_states__type_support.c
[1.275s] -- Up-to-date: /root/distr_slam_ws/install/cartographer_ros_msgs/include/cartographer_ros_msgs/cartographer_ros_msgs/srv/detail/trajectory_query__rosidl_typesupport_introspection_c.h
[1.275s] -- Up-to-date: /root/distr_slam_ws/install/cartographer_ros_msgs/include/cartographer_ros_msgs/cartographer_ros_msgs/srv/detail/get_slam_state__rosidl_typesupport_introspection_c.h
[1.275s] -- Installing: /root/distr_slam_ws/install/cartographer_ros_msgs/include/cartographer_ros_msgs/cartographer_ros_msgs/srv/detail/submap_query__type_support.c
[1.276s] -- Installing: /root/distr_slam_ws/install/cartographer_ros_msgs/include/cartographer_ros_msgs/cartographer_ros_msgs/srv/detail/read_metrics__type_support.c
[1.276s] -- Up-to-date: /root/distr_slam_ws/install/cartographer_ros_msgs/lib/libcartographer_ros_msgs__rosidl_typesupport_introspection_c.so
[1.276s] -- Up-to-date: /root/distr_slam_ws/install/cartographer_ros_msgs/lib/libcartographer_ros_msgs__rosidl_typesupport_c.so
[1.277s] -- Up-to-date: /root/distr_slam_ws/install/cartographer_ros_msgs/include/cartographer_ros_msgs/cartographer_ros_msgs
[1.277s] -- Up-to-date: /root/distr_slam_ws/install/cartographer_ros_msgs/include/cartographer_ros_msgs/cartographer_ros_msgs/msg
[1.277s] -- Up-to-date: /root/distr_slam_ws/install/cartographer_ros_msgs/include/cartographer_ros_msgs/cartographer_ros_msgs/msg/landmark_entry.hpp
[1.278s] -- Up-to-date: /root/distr_slam_ws/install/cartographer_ros_msgs/include/cartographer_ros_msgs/cartographer_ros_msgs/msg/metric.hpp
[1.278s] -- Up-to-date: /root/distr_slam_ws/install/cartographer_ros_msgs/include/cartographer_ros_msgs/cartographer_ros_msgs/msg/bagfile_progress.hpp
[1.278s] -- Up-to-date: /root/distr_slam_ws/install/cartographer_ros_msgs/include/cartographer_ros_msgs/cartographer_ros_msgs/msg/submap_texture.hpp
[1.279s] -- Up-to-date: /root/distr_slam_ws/install/cartographer_ros_msgs/include/cartographer_ros_msgs/cartographer_ros_msgs/msg/rosidl_generator_cpp__visibility_control.hpp
[1.279s] -- Up-to-date: /root/distr_slam_ws/install/cartographer_ros_msgs/include/cartographer_ros_msgs/cartographer_ros_msgs/msg/metric_label.hpp
[1.279s] -- Up-to-date: /root/distr_slam_ws/install/cartographer_ros_msgs/include/cartographer_ros_msgs/cartographer_ros_msgs/msg/submap_list.hpp
[1.280s] -- Up-to-date: /root/distr_slam_ws/install/cartographer_ros_msgs/include/cartographer_ros_msgs/cartographer_ros_msgs/msg/histogram_bucket.hpp
[1.280s] -- Up-to-date: /root/distr_slam_ws/install/cartographer_ros_msgs/include/cartographer_ros_msgs/cartographer_ros_msgs/msg/trajectory_states.hpp
[1.280s] -- Up-to-date: /root/distr_slam_ws/install/cartographer_ros_msgs/include/cartographer_ros_msgs/cartographer_ros_msgs/msg/submap_entry.hpp
[1.281s] -- Up-to-date: /root/distr_slam_ws/install/cartographer_ros_msgs/include/cartographer_ros_msgs/cartographer_ros_msgs/msg/landmark_list.hpp
[1.281s] -- Up-to-date: /root/distr_slam_ws/install/cartographer_ros_msgs/include/cartographer_ros_msgs/cartographer_ros_msgs/msg/status_code.hpp
[1.281s] -- Up-to-date: /root/distr_slam_ws/install/cartographer_ros_msgs/include/cartographer_ros_msgs/cartographer_ros_msgs/msg/status_response.hpp
[1.282s] -- Up-to-date: /root/distr_slam_ws/install/cartographer_ros_msgs/include/cartographer_ros_msgs/cartographer_ros_msgs/msg/detail
[1.282s] -- Up-to-date: /root/distr_slam_ws/install/cartographer_ros_msgs/include/cartographer_ros_msgs/cartographer_ros_msgs/msg/detail/landmark_entry__builder.hpp
[1.282s] -- Up-to-date: /root/distr_slam_ws/install/cartographer_ros_msgs/include/cartographer_ros_msgs/cartographer_ros_msgs/msg/detail/submap_texture__type_support.hpp
[1.283s] -- Up-to-date: /root/distr_slam_ws/install/cartographer_ros_msgs/include/cartographer_ros_msgs/cartographer_ros_msgs/msg/detail/status_response__traits.hpp
[1.283s] -- Up-to-date: /root/distr_slam_ws/install/cartographer_ros_msgs/include/cartographer_ros_msgs/cartographer_ros_msgs/msg/detail/landmark_list__builder.hpp
[1.283s] -- Up-to-date: /root/distr_slam_ws/install/cartographer_ros_msgs/include/cartographer_ros_msgs/cartographer_ros_msgs/msg/detail/metric__traits.hpp
[1.284s] -- Up-to-date: /root/distr_slam_ws/install/cartographer_ros_msgs/include/cartographer_ros_msgs/cartographer_ros_msgs/msg/detail/metric__struct.hpp
[1.284s] -- Up-to-date: /root/distr_slam_ws/install/cartographer_ros_msgs/include/cartographer_ros_msgs/cartographer_ros_msgs/msg/detail/status_response__type_support.hpp
[1.284s] -- Up-to-date: /root/distr_slam_ws/install/cartographer_ros_msgs/include/cartographer_ros_msgs/cartographer_ros_msgs/msg/detail/landmark_entry__struct.hpp
[1.285s] -- Up-to-date: /root/distr_slam_ws/install/cartographer_ros_msgs/include/cartographer_ros_msgs/cartographer_ros_msgs/msg/detail/status_code__type_support.hpp
[1.285s] -- Up-to-date: /root/distr_slam_ws/install/cartographer_ros_msgs/include/cartographer_ros_msgs/cartographer_ros_msgs/msg/detail/metric_label__struct.hpp
[1.285s] -- Up-to-date: /root/distr_slam_ws/install/cartographer_ros_msgs/include/cartographer_ros_msgs/cartographer_ros_msgs/msg/detail/submap_texture__builder.hpp
[1.286s] -- Up-to-date: /root/distr_slam_ws/install/cartographer_ros_msgs/include/cartographer_ros_msgs/cartographer_ros_msgs/msg/detail/histogram_bucket__type_support.hpp
[1.286s] -- Up-to-date: /root/distr_slam_ws/install/cartographer_ros_msgs/include/cartographer_ros_msgs/cartographer_ros_msgs/msg/detail/bagfile_progress__traits.hpp
[1.286s] -- Up-to-date: /root/distr_slam_ws/install/cartographer_ros_msgs/include/cartographer_ros_msgs/cartographer_ros_msgs/msg/detail/histogram_bucket__builder.hpp
[1.287s] -- Up-to-date: /root/distr_slam_ws/install/cartographer_ros_msgs/include/cartographer_ros_msgs/cartographer_ros_msgs/msg/detail/histogram_bucket__traits.hpp
[1.287s] -- Up-to-date: /root/distr_slam_ws/install/cartographer_ros_msgs/include/cartographer_ros_msgs/cartographer_ros_msgs/msg/detail/metric_label__type_support.hpp
[1.287s] -- Up-to-date: /root/distr_slam_ws/install/cartographer_ros_msgs/include/cartographer_ros_msgs/cartographer_ros_msgs/msg/detail/histogram_bucket__struct.hpp
[1.288s] -- Up-to-date: /root/distr_slam_ws/install/cartographer_ros_msgs/include/cartographer_ros_msgs/cartographer_ros_msgs/msg/detail/landmark_entry__traits.hpp
[1.288s] -- Up-to-date: /root/distr_slam_ws/install/cartographer_ros_msgs/include/cartographer_ros_msgs/cartographer_ros_msgs/msg/detail/status_code__struct.hpp
[1.288s] -- Up-to-date: /root/distr_slam_ws/install/cartographer_ros_msgs/include/cartographer_ros_msgs/cartographer_ros_msgs/msg/detail/status_response__builder.hpp
[1.289s] -- Up-to-date: /root/distr_slam_ws/install/cartographer_ros_msgs/include/cartographer_ros_msgs/cartographer_ros_msgs/msg/detail/submap_texture__struct.hpp
[1.289s] -- Up-to-date: /root/distr_slam_ws/install/cartographer_ros_msgs/include/cartographer_ros_msgs/cartographer_ros_msgs/msg/detail/trajectory_states__type_support.hpp
[1.289s] -- Up-to-date: /root/distr_slam_ws/install/cartographer_ros_msgs/include/cartographer_ros_msgs/cartographer_ros_msgs/msg/detail/submap_list__traits.hpp
[1.290s] -- Up-to-date: /root/distr_slam_ws/install/cartographer_ros_msgs/include/cartographer_ros_msgs/cartographer_ros_msgs/msg/detail/trajectory_states__struct.hpp
[1.291s] -- Up-to-date: /root/distr_slam_ws/install/cartographer_ros_msgs/include/cartographer_ros_msgs/cartographer_ros_msgs/msg/detail/status_code__builder.hpp
[1.291s] -- Up-to-date: /root/distr_slam_ws/install/cartographer_ros_msgs/include/cartographer_ros_msgs/cartographer_ros_msgs/msg/detail/submap_list__builder.hpp
[1.291s] -- Up-to-date: /root/distr_slam_ws/install/cartographer_ros_msgs/include/cartographer_ros_msgs/cartographer_ros_msgs/msg/detail/submap_list__type_support.hpp
[1.292s] -- Up-to-date: /root/distr_slam_ws/install/cartographer_ros_msgs/include/cartographer_ros_msgs/cartographer_ros_msgs/msg/detail/metric__builder.hpp
[1.292s] -- Up-to-date: /root/distr_slam_ws/install/cartographer_ros_msgs/include/cartographer_ros_msgs/cartographer_ros_msgs/msg/detail/metric_family__traits.hpp
[1.292s] -- Up-to-date: /root/distr_slam_ws/install/cartographer_ros_msgs/include/cartographer_ros_msgs/cartographer_ros_msgs/msg/detail/submap_entry__struct.hpp
[1.293s] -- Up-to-date: /root/distr_slam_ws/install/cartographer_ros_msgs/include/cartographer_ros_msgs/cartographer_ros_msgs/msg/detail/submap_texture__traits.hpp
[1.293s] -- Up-to-date: /root/distr_slam_ws/install/cartographer_ros_msgs/include/cartographer_ros_msgs/cartographer_ros_msgs/msg/detail/metric_label__traits.hpp
[1.293s] -- Up-to-date: /root/distr_slam_ws/install/cartographer_ros_msgs/include/cartographer_ros_msgs/cartographer_ros_msgs/msg/detail/bagfile_progress__type_support.hpp
[1.294s] -- Up-to-date: /root/distr_slam_ws/install/cartographer_ros_msgs/include/cartographer_ros_msgs/cartographer_ros_msgs/msg/detail/bagfile_progress__builder.hpp
[1.294s] -- Up-to-date: /root/distr_slam_ws/install/cartographer_ros_msgs/include/cartographer_ros_msgs/cartographer_ros_msgs/msg/detail/submap_list__struct.hpp
[1.294s] -- Up-to-date: /root/distr_slam_ws/install/cartographer_ros_msgs/include/cartographer_ros_msgs/cartographer_ros_msgs/msg/detail/metric_family__struct.hpp
[1.295s] -- Up-to-date: /root/distr_slam_ws/install/cartographer_ros_msgs/include/cartographer_ros_msgs/cartographer_ros_msgs/msg/detail/status_code__traits.hpp
[1.295s] -- Up-to-date: /root/distr_slam_ws/install/cartographer_ros_msgs/include/cartographer_ros_msgs/cartographer_ros_msgs/msg/detail/trajectory_states__builder.hpp
[1.295s] -- Up-to-date: /root/distr_slam_ws/install/cartographer_ros_msgs/include/cartographer_ros_msgs/cartographer_ros_msgs/msg/detail/metric_family__builder.hpp
[1.296s] -- Up-to-date: /root/distr_slam_ws/install/cartographer_ros_msgs/include/cartographer_ros_msgs/cartographer_ros_msgs/msg/detail/status_response__struct.hpp
[1.296s] -- Up-to-date: /root/distr_slam_ws/install/cartographer_ros_msgs/include/cartographer_ros_msgs/cartographer_ros_msgs/msg/detail/bagfile_progress__struct.hpp
[1.297s] -- Up-to-date: /root/distr_slam_ws/install/cartographer_ros_msgs/include/cartographer_ros_msgs/cartographer_ros_msgs/msg/detail/landmark_list__struct.hpp
[1.298s] -- Up-to-date: /root/distr_slam_ws/install/cartographer_ros_msgs/include/cartographer_ros_msgs/cartographer_ros_msgs/msg/detail/trajectory_states__traits.hpp
[1.298s] -- Up-to-date: /root/distr_slam_ws/install/cartographer_ros_msgs/include/cartographer_ros_msgs/cartographer_ros_msgs/msg/detail/metric__type_support.hpp
[1.298s] -- Up-to-date: /root/distr_slam_ws/install/cartographer_ros_msgs/include/cartographer_ros_msgs/cartographer_ros_msgs/msg/detail/landmark_list__type_support.hpp
[1.298s] -- Up-to-date: /root/distr_slam_ws/install/cartographer_ros_msgs/include/cartographer_ros_msgs/cartographer_ros_msgs/msg/detail/submap_entry__builder.hpp
[1.299s] -- Up-to-date: /root/distr_slam_ws/install/cartographer_ros_msgs/include/cartographer_ros_msgs/cartographer_ros_msgs/msg/detail/submap_entry__type_support.hpp
[1.299s] -- Up-to-date: /root/distr_slam_ws/install/cartographer_ros_msgs/include/cartographer_ros_msgs/cartographer_ros_msgs/msg/detail/metric_label__builder.hpp
[1.299s] -- Up-to-date: /root/distr_slam_ws/install/cartographer_ros_msgs/include/cartographer_ros_msgs/cartographer_ros_msgs/msg/detail/landmark_list__traits.hpp
[1.299s] -- Up-to-date: /root/distr_slam_ws/install/cartographer_ros_msgs/include/cartographer_ros_msgs/cartographer_ros_msgs/msg/detail/landmark_entry__type_support.hpp
[1.300s] -- Up-to-date: /root/distr_slam_ws/install/cartographer_ros_msgs/include/cartographer_ros_msgs/cartographer_ros_msgs/msg/detail/submap_entry__traits.hpp
[1.300s] -- Up-to-date: /root/distr_slam_ws/install/cartographer_ros_msgs/include/cartographer_ros_msgs/cartographer_ros_msgs/msg/detail/metric_family__type_support.hpp
[1.300s] -- Up-to-date: /root/distr_slam_ws/install/cartographer_ros_msgs/include/cartographer_ros_msgs/cartographer_ros_msgs/msg/metric_family.hpp
[1.301s] -- Up-to-date: /root/distr_slam_ws/install/cartographer_ros_msgs/include/cartographer_ros_msgs/cartographer_ros_msgs/srv
[1.301s] -- Up-to-date: /root/distr_slam_ws/install/cartographer_ros_msgs/include/cartographer_ros_msgs/cartographer_ros_msgs/srv/start_trajectory.hpp
[1.301s] -- Up-to-date: /root/distr_slam_ws/install/cartographer_ros_msgs/include/cartographer_ros_msgs/cartographer_ros_msgs/srv/read_metrics.hpp
[1.301s] -- Up-to-date: /root/distr_slam_ws/install/cartographer_ros_msgs/include/cartographer_ros_msgs/cartographer_ros_msgs/srv/trajectory_query.hpp
[1.302s] -- Up-to-date: /root/distr_slam_ws/install/cartographer_ros_msgs/include/cartographer_ros_msgs/cartographer_ros_msgs/srv/write_state.hpp
[1.302s] -- Up-to-date: /root/distr_slam_ws/install/cartographer_ros_msgs/include/cartographer_ros_msgs/cartographer_ros_msgs/srv/get_slam_state.hpp
[1.302s] -- Up-to-date: /root/distr_slam_ws/install/cartographer_ros_msgs/include/cartographer_ros_msgs/cartographer_ros_msgs/srv/submap_query.hpp
[1.302s] -- Up-to-date: /root/distr_slam_ws/install/cartographer_ros_msgs/include/cartographer_ros_msgs/cartographer_ros_msgs/srv/get_trajectory_states.hpp
[1.303s] -- Up-to-date: /root/distr_slam_ws/install/cartographer_ros_msgs/include/cartographer_ros_msgs/cartographer_ros_msgs/srv/set_slam_state.hpp
[1.303s] -- Up-to-date: /root/distr_slam_ws/install/cartographer_ros_msgs/include/cartographer_ros_msgs/cartographer_ros_msgs/srv/finish_trajectory.hpp
[1.303s] -- Up-to-date: /root/distr_slam_ws/install/cartographer_ros_msgs/include/cartographer_ros_msgs/cartographer_ros_msgs/srv/detail
[1.303s] -- Up-to-date: /root/distr_slam_ws/install/cartographer_ros_msgs/include/cartographer_ros_msgs/cartographer_ros_msgs/srv/detail/write_state__traits.hpp
[1.304s] -- Up-to-date: /root/distr_slam_ws/install/cartographer_ros_msgs/include/cartographer_ros_msgs/cartographer_ros_msgs/srv/detail/start_trajectory__builder.hpp
[1.305s] -- Up-to-date: /root/distr_slam_ws/install/cartographer_ros_msgs/include/cartographer_ros_msgs/cartographer_ros_msgs/srv/detail/get_slam_state__type_support.hpp
[1.305s] -- Up-to-date: /root/distr_slam_ws/install/cartographer_ros_msgs/include/cartographer_ros_msgs/cartographer_ros_msgs/srv/detail/set_slam_state__type_support.hpp
[1.305s] -- Up-to-date: /root/distr_slam_ws/install/cartographer_ros_msgs/include/cartographer_ros_msgs/cartographer_ros_msgs/srv/detail/trajectory_query__traits.hpp
[1.306s] -- Up-to-date: /root/distr_slam_ws/install/cartographer_ros_msgs/include/cartographer_ros_msgs/cartographer_ros_msgs/srv/detail/trajectory_query__type_support.hpp
[1.306s] -- Up-to-date: /root/distr_slam_ws/install/cartographer_ros_msgs/include/cartographer_ros_msgs/cartographer_ros_msgs/srv/detail/set_slam_state__traits.hpp
[1.306s] -- Up-to-date: /root/distr_slam_ws/install/cartographer_ros_msgs/include/cartographer_ros_msgs/cartographer_ros_msgs/srv/detail/get_trajectory_states__type_support.hpp
[1.307s] -- Up-to-date: /root/distr_slam_ws/install/cartographer_ros_msgs/include/cartographer_ros_msgs/cartographer_ros_msgs/srv/detail/read_metrics__traits.hpp
[1.307s] -- Up-to-date: /root/distr_slam_ws/install/cartographer_ros_msgs/include/cartographer_ros_msgs/cartographer_ros_msgs/srv/detail/get_slam_state__builder.hpp
[1.307s] -- Up-to-date: /root/distr_slam_ws/install/cartographer_ros_msgs/include/cartographer_ros_msgs/cartographer_ros_msgs/srv/detail/set_slam_state__builder.hpp
[1.307s] -- Up-to-date: /root/distr_slam_ws/install/cartographer_ros_msgs/include/cartographer_ros_msgs/cartographer_ros_msgs/srv/detail/finish_trajectory__struct.hpp
[1.308s] -- Up-to-date: /root/distr_slam_ws/install/cartographer_ros_msgs/include/cartographer_ros_msgs/cartographer_ros_msgs/srv/detail/start_trajectory__type_support.hpp
[1.308s] -- Up-to-date: /root/distr_slam_ws/install/cartographer_ros_msgs/include/cartographer_ros_msgs/cartographer_ros_msgs/srv/detail/trajectory_query__builder.hpp
[1.308s] -- Up-to-date: /root/distr_slam_ws/install/cartographer_ros_msgs/include/cartographer_ros_msgs/cartographer_ros_msgs/srv/detail/read_metrics__builder.hpp
[1.308s] -- Up-to-date: /root/distr_slam_ws/install/cartographer_ros_msgs/include/cartographer_ros_msgs/cartographer_ros_msgs/srv/detail/read_metrics__type_support.hpp
[1.309s] -- Up-to-date: /root/distr_slam_ws/install/cartographer_ros_msgs/include/cartographer_ros_msgs/cartographer_ros_msgs/srv/detail/submap_query__traits.hpp
[1.309s] -- Up-to-date: /root/distr_slam_ws/install/cartographer_ros_msgs/include/cartographer_ros_msgs/cartographer_ros_msgs/srv/detail/submap_query__type_support.hpp
[1.309s] -- Up-to-date: /root/distr_slam_ws/install/cartographer_ros_msgs/include/cartographer_ros_msgs/cartographer_ros_msgs/srv/detail/set_slam_state__struct.hpp
[1.309s] -- Up-to-date: /root/distr_slam_ws/install/cartographer_ros_msgs/include/cartographer_ros_msgs/cartographer_ros_msgs/srv/detail/write_state__builder.hpp
[1.310s] -- Up-to-date: /root/distr_slam_ws/install/cartographer_ros_msgs/include/cartographer_ros_msgs/cartographer_ros_msgs/srv/detail/write_state__type_support.hpp
[1.310s] -- Up-to-date: /root/distr_slam_ws/install/cartographer_ros_msgs/include/cartographer_ros_msgs/cartographer_ros_msgs/srv/detail/read_metrics__struct.hpp
[1.310s] -- Up-to-date: /root/distr_slam_ws/install/cartographer_ros_msgs/include/cartographer_ros_msgs/cartographer_ros_msgs/srv/detail/start_trajectory__struct.hpp
[1.310s] -- Up-to-date: /root/distr_slam_ws/install/cartographer_ros_msgs/include/cartographer_ros_msgs/cartographer_ros_msgs/srv/detail/get_slam_state__struct.hpp
[1.311s] -- Up-to-date: /root/distr_slam_ws/install/cartographer_ros_msgs/include/cartographer_ros_msgs/cartographer_ros_msgs/srv/detail/submap_query__struct.hpp
[1.311s] -- Up-to-date: /root/distr_slam_ws/install/cartographer_ros_msgs/include/cartographer_ros_msgs/cartographer_ros_msgs/srv/detail/finish_trajectory__traits.hpp
[1.311s] -- Up-to-date: /root/distr_slam_ws/install/cartographer_ros_msgs/include/cartographer_ros_msgs/cartographer_ros_msgs/srv/detail/finish_trajectory__builder.hpp
[1.311s] -- Up-to-date: /root/distr_slam_ws/install/cartographer_ros_msgs/include/cartographer_ros_msgs/cartographer_ros_msgs/srv/detail/submap_query__builder.hpp
[1.312s] -- Up-to-date: /root/distr_slam_ws/install/cartographer_ros_msgs/include/cartographer_ros_msgs/cartographer_ros_msgs/srv/detail/get_trajectory_states__traits.hpp
[1.312s] -- Up-to-date: /root/distr_slam_ws/install/cartographer_ros_msgs/include/cartographer_ros_msgs/cartographer_ros_msgs/srv/detail/finish_trajectory__type_support.hpp
[1.312s] -- Up-to-date: /root/distr_slam_ws/install/cartographer_ros_msgs/include/cartographer_ros_msgs/cartographer_ros_msgs/srv/detail/trajectory_query__struct.hpp
[1.313s] -- Up-to-date: /root/distr_slam_ws/install/cartographer_ros_msgs/include/cartographer_ros_msgs/cartographer_ros_msgs/srv/detail/get_slam_state__traits.hpp
[1.313s] -- Up-to-date: /root/distr_slam_ws/install/cartographer_ros_msgs/include/cartographer_ros_msgs/cartographer_ros_msgs/srv/detail/get_trajectory_states__struct.hpp
[1.313s] -- Up-to-date: /root/distr_slam_ws/install/cartographer_ros_msgs/include/cartographer_ros_msgs/cartographer_ros_msgs/srv/detail/start_trajectory__traits.hpp
[1.313s] -- Up-to-date: /root/distr_slam_ws/install/cartographer_ros_msgs/include/cartographer_ros_msgs/cartographer_ros_msgs/srv/detail/write_state__struct.hpp
[1.314s] -- Up-to-date: /root/distr_slam_ws/install/cartographer_ros_msgs/include/cartographer_ros_msgs/cartographer_ros_msgs/srv/detail/get_trajectory_states__builder.hpp
[1.314s] -- Up-to-date: /root/distr_slam_ws/install/cartographer_ros_msgs/include/cartographer_ros_msgs/cartographer_ros_msgs
[1.314s] -- Up-to-date: /root/distr_slam_ws/install/cartographer_ros_msgs/include/cartographer_ros_msgs/cartographer_ros_msgs/msg
[1.315s] -- Up-to-date: /root/distr_slam_ws/install/cartographer_ros_msgs/include/cartographer_ros_msgs/cartographer_ros_msgs/msg/rosidl_typesupport_fastrtps_cpp__visibility_control.h
[1.315s] -- Up-to-date: /root/distr_slam_ws/install/cartographer_ros_msgs/include/cartographer_ros_msgs/cartographer_ros_msgs/msg/detail
[1.315s] -- Up-to-date: /root/distr_slam_ws/install/cartographer_ros_msgs/include/cartographer_ros_msgs/cartographer_ros_msgs/msg/detail/bagfile_progress__rosidl_typesupport_fastrtps_cpp.hpp
[1.316s] -- Up-to-date: /root/distr_slam_ws/install/cartographer_ros_msgs/include/cartographer_ros_msgs/cartographer_ros_msgs/msg/detail/submap_entry__rosidl_typesupport_fastrtps_cpp.hpp
[1.316s] -- Up-to-date: /root/distr_slam_ws/install/cartographer_ros_msgs/include/cartographer_ros_msgs/cartographer_ros_msgs/msg/detail/status_code__rosidl_typesupport_fastrtps_cpp.hpp
[1.316s] -- Up-to-date: /root/distr_slam_ws/install/cartographer_ros_msgs/include/cartographer_ros_msgs/cartographer_ros_msgs/msg/detail/metric_family__rosidl_typesupport_fastrtps_cpp.hpp
[1.317s] -- Up-to-date: /root/distr_slam_ws/install/cartographer_ros_msgs/include/cartographer_ros_msgs/cartographer_ros_msgs/msg/detail/metric__rosidl_typesupport_fastrtps_cpp.hpp
[1.317s] -- Up-to-date: /root/distr_slam_ws/install/cartographer_ros_msgs/include/cartographer_ros_msgs/cartographer_ros_msgs/msg/detail/landmark_entry__rosidl_typesupport_fastrtps_cpp.hpp
[1.317s] -- Up-to-date: /root/distr_slam_ws/install/cartographer_ros_msgs/include/cartographer_ros_msgs/cartographer_ros_msgs/msg/detail/trajectory_states__rosidl_typesupport_fastrtps_cpp.hpp
[1.318s] -- Up-to-date: /root/distr_slam_ws/install/cartographer_ros_msgs/include/cartographer_ros_msgs/cartographer_ros_msgs/msg/detail/metric_label__rosidl_typesupport_fastrtps_cpp.hpp
[1.318s] -- Up-to-date: /root/distr_slam_ws/install/cartographer_ros_msgs/include/cartographer_ros_msgs/cartographer_ros_msgs/msg/detail/submap_texture__rosidl_typesupport_fastrtps_cpp.hpp
[1.318s] -- Up-to-date: /root/distr_slam_ws/install/cartographer_ros_msgs/include/cartographer_ros_msgs/cartographer_ros_msgs/msg/detail/landmark_list__rosidl_typesupport_fastrtps_cpp.hpp
[1.319s] -- Up-to-date: /root/distr_slam_ws/install/cartographer_ros_msgs/include/cartographer_ros_msgs/cartographer_ros_msgs/msg/detail/submap_list__rosidl_typesupport_fastrtps_cpp.hpp
[1.319s] -- Up-to-date: /root/distr_slam_ws/install/cartographer_ros_msgs/include/cartographer_ros_msgs/cartographer_ros_msgs/msg/detail/dds_fastrtps
[1.319s] -- Up-to-date: /root/distr_slam_ws/install/cartographer_ros_msgs/include/cartographer_ros_msgs/cartographer_ros_msgs/msg/detail/histogram_bucket__rosidl_typesupport_fastrtps_cpp.hpp
[1.319s] -- Up-to-date: /root/distr_slam_ws/install/cartographer_ros_msgs/include/cartographer_ros_msgs/cartographer_ros_msgs/msg/detail/status_response__rosidl_typesupport_fastrtps_cpp.hpp
[1.320s] -- Up-to-date: /root/distr_slam_ws/install/cartographer_ros_msgs/include/cartographer_ros_msgs/cartographer_ros_msgs/srv
[1.320s] -- Up-to-date: /root/distr_slam_ws/install/cartographer_ros_msgs/include/cartographer_ros_msgs/cartographer_ros_msgs/srv/detail
[1.320s] -- Up-to-date: /root/distr_slam_ws/install/cartographer_ros_msgs/include/cartographer_ros_msgs/cartographer_ros_msgs/srv/detail/submap_query__rosidl_typesupport_fastrtps_cpp.hpp
[1.321s] -- Up-to-date: /root/distr_slam_ws/install/cartographer_ros_msgs/include/cartographer_ros_msgs/cartographer_ros_msgs/srv/detail/write_state__rosidl_typesupport_fastrtps_cpp.hpp
[1.321s] -- Up-to-date: /root/distr_slam_ws/install/cartographer_ros_msgs/include/cartographer_ros_msgs/cartographer_ros_msgs/srv/detail/get_trajectory_states__rosidl_typesupport_fastrtps_cpp.hpp
[1.321s] -- Up-to-date: /root/distr_slam_ws/install/cartographer_ros_msgs/include/cartographer_ros_msgs/cartographer_ros_msgs/srv/detail/start_trajectory__rosidl_typesupport_fastrtps_cpp.hpp
[1.322s] -- Up-to-date: /root/distr_slam_ws/install/cartographer_ros_msgs/include/cartographer_ros_msgs/cartographer_ros_msgs/srv/detail/get_slam_state__rosidl_typesupport_fastrtps_cpp.hpp
[1.322s] -- Up-to-date: /root/distr_slam_ws/install/cartographer_ros_msgs/include/cartographer_ros_msgs/cartographer_ros_msgs/srv/detail/finish_trajectory__rosidl_typesupport_fastrtps_cpp.hpp
[1.322s] -- Up-to-date: /root/distr_slam_ws/install/cartographer_ros_msgs/include/cartographer_ros_msgs/cartographer_ros_msgs/srv/detail/read_metrics__rosidl_typesupport_fastrtps_cpp.hpp
[1.322s] -- Up-to-date: /root/distr_slam_ws/install/cartographer_ros_msgs/include/cartographer_ros_msgs/cartographer_ros_msgs/srv/detail/dds_fastrtps
[1.323s] -- Up-to-date: /root/distr_slam_ws/install/cartographer_ros_msgs/include/cartographer_ros_msgs/cartographer_ros_msgs/srv/detail/trajectory_query__rosidl_typesupport_fastrtps_cpp.hpp
[1.323s] -- Up-to-date: /root/distr_slam_ws/install/cartographer_ros_msgs/include/cartographer_ros_msgs/cartographer_ros_msgs/srv/detail/set_slam_state__rosidl_typesupport_fastrtps_cpp.hpp
[1.323s] -- Up-to-date: /root/distr_slam_ws/install/cartographer_ros_msgs/lib/libcartographer_ros_msgs__rosidl_typesupport_fastrtps_cpp.so
[1.324s] -- Up-to-date: /root/distr_slam_ws/install/cartographer_ros_msgs/include/cartographer_ros_msgs/cartographer_ros_msgs
[1.324s] -- Up-to-date: /root/distr_slam_ws/install/cartographer_ros_msgs/include/cartographer_ros_msgs/cartographer_ros_msgs/msg
[1.324s] -- Up-to-date: /root/distr_slam_ws/install/cartographer_ros_msgs/include/cartographer_ros_msgs/cartographer_ros_msgs/msg/detail
[1.324s] -- Up-to-date: /root/distr_slam_ws/install/cartographer_ros_msgs/include/cartographer_ros_msgs/cartographer_ros_msgs/msg/detail/metric_family__type_support.cpp
[1.325s] -- Up-to-date: /root/distr_slam_ws/install/cartographer_ros_msgs/include/cartographer_ros_msgs/cartographer_ros_msgs/msg/detail/submap_entry__type_support.cpp
[1.325s] -- Up-to-date: /root/distr_slam_ws/install/cartographer_ros_msgs/include/cartographer_ros_msgs/cartographer_ros_msgs/msg/detail/landmark_list__type_support.cpp
[1.325s] -- Up-to-date: /root/distr_slam_ws/install/cartographer_ros_msgs/include/cartographer_ros_msgs/cartographer_ros_msgs/msg/detail/status_response__rosidl_typesupport_introspection_cpp.hpp
[1.325s] -- Up-to-date: /root/distr_slam_ws/install/cartographer_ros_msgs/include/cartographer_ros_msgs/cartographer_ros_msgs/msg/detail/landmark_entry__rosidl_typesupport_introspection_cpp.hpp
[1.325s] -- Up-to-date: /root/distr_slam_ws/install/cartographer_ros_msgs/include/cartographer_ros_msgs/cartographer_ros_msgs/msg/detail/submap_list__type_support.cpp
[1.326s] -- Up-to-date: /root/distr_slam_ws/install/cartographer_ros_msgs/include/cartographer_ros_msgs/cartographer_ros_msgs/msg/detail/status_code__type_support.cpp
[1.326s] -- Up-to-date: /root/distr_slam_ws/install/cartographer_ros_msgs/include/cartographer_ros_msgs/cartographer_ros_msgs/msg/detail/bagfile_progress__rosidl_typesupport_introspection_cpp.hpp
[1.326s] -- Up-to-date: /root/distr_slam_ws/install/cartographer_ros_msgs/include/cartographer_ros_msgs/cartographer_ros_msgs/msg/detail/histogram_bucket__type_support.cpp
[1.326s] -- Up-to-date: /root/distr_slam_ws/install/cartographer_ros_msgs/include/cartographer_ros_msgs/cartographer_ros_msgs/msg/detail/metric_family__rosidl_typesupport_introspection_cpp.hpp
[1.327s] -- Up-to-date: /root/distr_slam_ws/install/cartographer_ros_msgs/include/cartographer_ros_msgs/cartographer_ros_msgs/msg/detail/landmark_list__rosidl_typesupport_introspection_cpp.hpp
[1.327s] -- Up-to-date: /root/distr_slam_ws/install/cartographer_ros_msgs/include/cartographer_ros_msgs/cartographer_ros_msgs/msg/detail/metric__rosidl_typesupport_introspection_cpp.hpp
[1.327s] -- Up-to-date: /root/distr_slam_ws/install/cartographer_ros_msgs/include/cartographer_ros_msgs/cartographer_ros_msgs/msg/detail/submap_entry__rosidl_typesupport_introspection_cpp.hpp
[1.327s] -- Up-to-date: /root/distr_slam_ws/install/cartographer_ros_msgs/include/cartographer_ros_msgs/cartographer_ros_msgs/msg/detail/metric_label__rosidl_typesupport_introspection_cpp.hpp
[1.328s] -- Up-to-date: /root/distr_slam_ws/install/cartographer_ros_msgs/include/cartographer_ros_msgs/cartographer_ros_msgs/msg/detail/status_code__rosidl_typesupport_introspection_cpp.hpp
[1.328s] -- Up-to-date: /root/distr_slam_ws/install/cartographer_ros_msgs/include/cartographer_ros_msgs/cartographer_ros_msgs/msg/detail/trajectory_states__rosidl_typesupport_introspection_cpp.hpp
[1.328s] -- Up-to-date: /root/distr_slam_ws/install/cartographer_ros_msgs/include/cartographer_ros_msgs/cartographer_ros_msgs/msg/detail/submap_list__rosidl_typesupport_introspection_cpp.hpp
[1.328s] -- Up-to-date: /root/distr_slam_ws/install/cartographer_ros_msgs/include/cartographer_ros_msgs/cartographer_ros_msgs/msg/detail/trajectory_states__type_support.cpp
[1.328s] -- Up-to-date: /root/distr_slam_ws/install/cartographer_ros_msgs/include/cartographer_ros_msgs/cartographer_ros_msgs/msg/detail/metric__type_support.cpp
[1.329s] -- Up-to-date: /root/distr_slam_ws/install/cartographer_ros_msgs/include/cartographer_ros_msgs/cartographer_ros_msgs/msg/detail/submap_texture__type_support.cpp
[1.329s] -- Up-to-date: /root/distr_slam_ws/install/cartographer_ros_msgs/include/cartographer_ros_msgs/cartographer_ros_msgs/msg/detail/submap_texture__rosidl_typesupport_introspection_cpp.hpp
[1.329s] -- Up-to-date: /root/distr_slam_ws/install/cartographer_ros_msgs/include/cartographer_ros_msgs/cartographer_ros_msgs/msg/detail/histogram_bucket__rosidl_typesupport_introspection_cpp.hpp
[1.329s] -- Up-to-date: /root/distr_slam_ws/install/cartographer_ros_msgs/include/cartographer_ros_msgs/cartographer_ros_msgs/msg/detail/bagfile_progress__type_support.cpp
[1.330s] -- Up-to-date: /root/distr_slam_ws/install/cartographer_ros_msgs/include/cartographer_ros_msgs/cartographer_ros_msgs/msg/detail/status_response__type_support.cpp
[1.330s] -- Up-to-date: /root/distr_slam_ws/install/cartographer_ros_msgs/include/cartographer_ros_msgs/cartographer_ros_msgs/msg/detail/metric_label__type_support.cpp
[1.330s] -- Up-to-date: /root/distr_slam_ws/install/cartographer_ros_msgs/include/cartographer_ros_msgs/cartographer_ros_msgs/msg/detail/landmark_entry__type_support.cpp
[1.330s] -- Up-to-date: /root/distr_slam_ws/install/cartographer_ros_msgs/include/cartographer_ros_msgs/cartographer_ros_msgs/srv
[1.331s] -- Up-to-date: /root/distr_slam_ws/install/cartographer_ros_msgs/include/cartographer_ros_msgs/cartographer_ros_msgs/srv/detail
[1.331s] -- Up-to-date: /root/distr_slam_ws/install/cartographer_ros_msgs/include/cartographer_ros_msgs/cartographer_ros_msgs/srv/detail/get_trajectory_states__type_support.cpp
[1.331s] -- Up-to-date: /root/distr_slam_ws/install/cartographer_ros_msgs/include/cartographer_ros_msgs/cartographer_ros_msgs/srv/detail/start_trajectory__rosidl_typesupport_introspection_cpp.hpp
[1.331s] -- Up-to-date: /root/distr_slam_ws/install/cartographer_ros_msgs/include/cartographer_ros_msgs/cartographer_ros_msgs/srv/detail/trajectory_query__rosidl_typesupport_introspection_cpp.hpp
[1.331s] -- Up-to-date: /root/distr_slam_ws/install/cartographer_ros_msgs/include/cartographer_ros_msgs/cartographer_ros_msgs/srv/detail/get_slam_state__type_support.cpp
[1.332s] -- Up-to-date: /root/distr_slam_ws/install/cartographer_ros_msgs/include/cartographer_ros_msgs/cartographer_ros_msgs/srv/detail/read_metrics__type_support.cpp
[1.332s] -- Up-to-date: /root/distr_slam_ws/install/cartographer_ros_msgs/include/cartographer_ros_msgs/cartographer_ros_msgs/srv/detail/write_state__type_support.cpp
[1.332s] -- Up-to-date: /root/distr_slam_ws/install/cartographer_ros_msgs/include/cartographer_ros_msgs/cartographer_ros_msgs/srv/detail/set_slam_state__rosidl_typesupport_introspection_cpp.hpp
[1.332s] -- Up-to-date: /root/distr_slam_ws/install/cartographer_ros_msgs/include/cartographer_ros_msgs/cartographer_ros_msgs/srv/detail/submap_query__type_support.cpp
[1.333s] -- Up-to-date: /root/distr_slam_ws/install/cartographer_ros_msgs/include/cartographer_ros_msgs/cartographer_ros_msgs/srv/detail/trajectory_query__type_support.cpp
[1.333s] -- Up-to-date: /root/distr_slam_ws/install/cartographer_ros_msgs/include/cartographer_ros_msgs/cartographer_ros_msgs/srv/detail/submap_query__rosidl_typesupport_introspection_cpp.hpp
[1.333s] -- Up-to-date: /root/distr_slam_ws/install/cartographer_ros_msgs/include/cartographer_ros_msgs/cartographer_ros_msgs/srv/detail/read_metrics__rosidl_typesupport_introspection_cpp.hpp
[1.333s] -- Up-to-date: /root/distr_slam_ws/install/cartographer_ros_msgs/include/cartographer_ros_msgs/cartographer_ros_msgs/srv/detail/write_state__rosidl_typesupport_introspection_cpp.hpp
[1.334s] -- Up-to-date: /root/distr_slam_ws/install/cartographer_ros_msgs/include/cartographer_ros_msgs/cartographer_ros_msgs/srv/detail/get_slam_state__rosidl_typesupport_introspection_cpp.hpp
[1.334s] -- Up-to-date: /root/distr_slam_ws/install/cartographer_ros_msgs/include/cartographer_ros_msgs/cartographer_ros_msgs/srv/detail/get_trajectory_states__rosidl_typesupport_introspection_cpp.hpp
[1.334s] -- Up-to-date: /root/distr_slam_ws/install/cartographer_ros_msgs/include/cartographer_ros_msgs/cartographer_ros_msgs/srv/detail/start_trajectory__type_support.cpp
[1.334s] -- Up-to-date: /root/distr_slam_ws/install/cartographer_ros_msgs/include/cartographer_ros_msgs/cartographer_ros_msgs/srv/detail/finish_trajectory__type_support.cpp
[1.335s] -- Up-to-date: /root/distr_slam_ws/install/cartographer_ros_msgs/include/cartographer_ros_msgs/cartographer_ros_msgs/srv/detail/finish_trajectory__rosidl_typesupport_introspection_cpp.hpp
[1.335s] -- Up-to-date: /root/distr_slam_ws/install/cartographer_ros_msgs/include/cartographer_ros_msgs/cartographer_ros_msgs/srv/detail/set_slam_state__type_support.cpp
[1.335s] -- Up-to-date: /root/distr_slam_ws/install/cartographer_ros_msgs/lib/libcartographer_ros_msgs__rosidl_typesupport_introspection_cpp.so
[1.336s] -- Up-to-date: /root/distr_slam_ws/install/cartographer_ros_msgs/lib/libcartographer_ros_msgs__rosidl_typesupport_cpp.so
[1.336s] -- Up-to-date: /root/distr_slam_ws/install/cartographer_ros_msgs/share/cartographer_ros_msgs/environment/pythonpath.sh
[1.336s] -- Up-to-date: /root/distr_slam_ws/install/cartographer_ros_msgs/share/cartographer_ros_msgs/environment/pythonpath.dsv
[1.337s] -- Up-to-date: /root/distr_slam_ws/install/cartographer_ros_msgs/lib/python3.12/site-packages/cartographer_ros_msgs-2.0.9003-py3.12.egg-info
[1.337s] -- Installing: /root/distr_slam_ws/install/cartographer_ros_msgs/lib/python3.12/site-packages/cartographer_ros_msgs-2.0.9003-py3.12.egg-info/PKG-INFO
[1.337s] -- Installing: /root/distr_slam_ws/install/cartographer_ros_msgs/lib/python3.12/site-packages/cartographer_ros_msgs-2.0.9003-py3.12.egg-info/dependency_links.txt
[1.338s] -- Installing: /root/distr_slam_ws/install/cartographer_ros_msgs/lib/python3.12/site-packages/cartographer_ros_msgs-2.0.9003-py3.12.egg-info/top_level.txt
[1.338s] -- Installing: /root/distr_slam_ws/install/cartographer_ros_msgs/lib/python3.12/site-packages/cartographer_ros_msgs-2.0.9003-py3.12.egg-info/SOURCES.txt
[1.339s] -- Up-to-date: /root/distr_slam_ws/install/cartographer_ros_msgs/lib/python3.12/site-packages/cartographer_ros_msgs
[1.339s] -- Up-to-date: /root/distr_slam_ws/install/cartographer_ros_msgs/lib/python3.12/site-packages/cartographer_ros_msgs/cartographer_ros_msgs_s__rosidl_typesupport_fastrtps_c.so
[1.340s] -- Up-to-date: /root/distr_slam_ws/install/cartographer_ros_msgs/lib/python3.12/site-packages/cartographer_ros_msgs/cartographer_ros_msgs_s__rosidl_typesupport_introspection_c.so
[1.340s] -- Up-to-date: /root/distr_slam_ws/install/cartographer_ros_msgs/lib/python3.12/site-packages/cartographer_ros_msgs/_cartographer_ros_msgs_s.ep.rosidl_typesupport_fastrtps_c.c
[1.340s] -- Up-to-date: /root/distr_slam_ws/install/cartographer_ros_msgs/lib/python3.12/site-packages/cartographer_ros_msgs/cartographer_ros_msgs_s__rosidl_typesupport_c.so
[1.341s] -- Up-to-date: /root/distr_slam_ws/install/cartographer_ros_msgs/lib/python3.12/site-packages/cartographer_ros_msgs/__init__.py
[1.341s] -- Up-to-date: /root/distr_slam_ws/install/cartographer_ros_msgs/lib/python3.12/site-packages/cartographer_ros_msgs/msg
[1.341s] -- Up-to-date: /root/distr_slam_ws/install/cartographer_ros_msgs/lib/python3.12/site-packages/cartographer_ros_msgs/msg/_histogram_bucket.py
[1.342s] -- Up-to-date: /root/distr_slam_ws/install/cartographer_ros_msgs/lib/python3.12/site-packages/cartographer_ros_msgs/msg/_submap_texture_s.c
[1.342s] -- Up-to-date: /root/distr_slam_ws/install/cartographer_ros_msgs/lib/python3.12/site-packages/cartographer_ros_msgs/msg/_submap_list_s.c
[1.342s] -- Up-to-date: /root/distr_slam_ws/install/cartographer_ros_msgs/lib/python3.12/site-packages/cartographer_ros_msgs/msg/_metric_label_s.c
[1.343s] -- Up-to-date: /root/distr_slam_ws/install/cartographer_ros_msgs/lib/python3.12/site-packages/cartographer_ros_msgs/msg/_metric_s.c
[1.343s] -- Up-to-date: /root/distr_slam_ws/install/cartographer_ros_msgs/lib/python3.12/site-packages/cartographer_ros_msgs/msg/_submap_entry.py
[1.343s] -- Up-to-date: /root/distr_slam_ws/install/cartographer_ros_msgs/lib/python3.12/site-packages/cartographer_ros_msgs/msg/_histogram_bucket_s.c
[1.344s] -- Up-to-date: /root/distr_slam_ws/install/cartographer_ros_msgs/lib/python3.12/site-packages/cartographer_ros_msgs/msg/_status_code.py
[1.344s] -- Up-to-date: /root/distr_slam_ws/install/cartographer_ros_msgs/lib/python3.12/site-packages/cartographer_ros_msgs/msg/_submap_entry_s.c
[1.344s] -- Up-to-date: /root/distr_slam_ws/install/cartographer_ros_msgs/lib/python3.12/site-packages/cartographer_ros_msgs/msg/_landmark_list.py
[1.344s] -- Up-to-date: /root/distr_slam_ws/install/cartographer_ros_msgs/lib/python3.12/site-packages/cartographer_ros_msgs/msg/_status_code_s.c
[1.345s] -- Up-to-date: /root/distr_slam_ws/install/cartographer_ros_msgs/lib/python3.12/site-packages/cartographer_ros_msgs/msg/_metric_family.py
[1.345s] -- Up-to-date: /root/distr_slam_ws/install/cartographer_ros_msgs/lib/python3.12/site-packages/cartographer_ros_msgs/msg/_submap_list.py
[1.345s] -- Up-to-date: /root/distr_slam_ws/install/cartographer_ros_msgs/lib/python3.12/site-packages/cartographer_ros_msgs/msg/_landmark_entry_s.c
[1.345s] -- Up-to-date: /root/distr_slam_ws/install/cartographer_ros_msgs/lib/python3.12/site-packages/cartographer_ros_msgs/msg/_metric_label.py
[1.346s] -- Up-to-date: /root/distr_slam_ws/install/cartographer_ros_msgs/lib/python3.12/site-packages/cartographer_ros_msgs/msg/_trajectory_states.py
[1.346s] -- Up-to-date: /root/distr_slam_ws/install/cartographer_ros_msgs/lib/python3.12/site-packages/cartographer_ros_msgs/msg/_status_response.py
[1.346s] -- Up-to-date: /root/distr_slam_ws/install/cartographer_ros_msgs/lib/python3.12/site-packages/cartographer_ros_msgs/msg/_bagfile_progress.py
[1.347s] -- Up-to-date: /root/distr_slam_ws/install/cartographer_ros_msgs/lib/python3.12/site-packages/cartographer_ros_msgs/msg/_bagfile_progress_s.c
[1.347s] -- Up-to-date: /root/distr_slam_ws/install/cartographer_ros_msgs/lib/python3.12/site-packages/cartographer_ros_msgs/msg/_landmark_entry.py
[1.347s] -- Up-to-date: /root/distr_slam_ws/install/cartographer_ros_msgs/lib/python3.12/site-packages/cartographer_ros_msgs/msg/_landmark_list_s.c
[1.347s] -- Up-to-date: /root/distr_slam_ws/install/cartographer_ros_msgs/lib/python3.12/site-packages/cartographer_ros_msgs/msg/_submap_texture.py
[1.348s] -- Up-to-date: /root/distr_slam_ws/install/cartographer_ros_msgs/lib/python3.12/site-packages/cartographer_ros_msgs/msg/_metric.py
[1.348s] -- Up-to-date: /root/distr_slam_ws/install/cartographer_ros_msgs/lib/python3.12/site-packages/cartographer_ros_msgs/msg/__init__.py
[1.348s] -- Up-to-date: /root/distr_slam_ws/install/cartographer_ros_msgs/lib/python3.12/site-packages/cartographer_ros_msgs/msg/_trajectory_states_s.c
[1.348s] -- Up-to-date: /root/distr_slam_ws/install/cartographer_ros_msgs/lib/python3.12/site-packages/cartographer_ros_msgs/msg/_metric_family_s.c
[1.349s] -- Up-to-date: /root/distr_slam_ws/install/cartographer_ros_msgs/lib/python3.12/site-packages/cartographer_ros_msgs/msg/_status_response_s.c
[1.349s] -- Up-to-date: /root/distr_slam_ws/install/cartographer_ros_msgs/lib/python3.12/site-packages/cartographer_ros_msgs/srv
[1.349s] -- Up-to-date: /root/distr_slam_ws/install/cartographer_ros_msgs/lib/python3.12/site-packages/cartographer_ros_msgs/srv/_get_trajectory_states_s.c
[1.349s] -- Up-to-date: /root/distr_slam_ws/install/cartographer_ros_msgs/lib/python3.12/site-packages/cartographer_ros_msgs/srv/_read_metrics.py
[1.350s] -- Up-to-date: /root/distr_slam_ws/install/cartographer_ros_msgs/lib/python3.12/site-packages/cartographer_ros_msgs/srv/_write_state.py
[1.350s] -- Up-to-date: /root/distr_slam_ws/install/cartographer_ros_msgs/lib/python3.12/site-packages/cartographer_ros_msgs/srv/_get_trajectory_states.py
[1.350s] -- Up-to-date: /root/distr_slam_ws/install/cartographer_ros_msgs/lib/python3.12/site-packages/cartographer_ros_msgs/srv/_set_slam_state_s.c
[1.350s] -- Up-to-date: /root/distr_slam_ws/install/cartographer_ros_msgs/lib/python3.12/site-packages/cartographer_ros_msgs/srv/_start_trajectory_s.c
[1.351s] -- Up-to-date: /root/distr_slam_ws/install/cartographer_ros_msgs/lib/python3.12/site-packages/cartographer_ros_msgs/srv/_trajectory_query_s.c
[1.351s] -- Up-to-date: /root/distr_slam_ws/install/cartographer_ros_msgs/lib/python3.12/site-packages/cartographer_ros_msgs/srv/_get_slam_state_s.c
[1.351s] -- Up-to-date: /root/distr_slam_ws/install/cartographer_ros_msgs/lib/python3.12/site-packages/cartographer_ros_msgs/srv/_finish_trajectory.py
[1.351s] -- Up-to-date: /root/distr_slam_ws/install/cartographer_ros_msgs/lib/python3.12/site-packages/cartographer_ros_msgs/srv/_set_slam_state.py
[1.352s] -- Up-to-date: /root/distr_slam_ws/install/cartographer_ros_msgs/lib/python3.12/site-packages/cartographer_ros_msgs/srv/_get_slam_state.py
[1.352s] -- Up-to-date: /root/distr_slam_ws/install/cartographer_ros_msgs/lib/python3.12/site-packages/cartographer_ros_msgs/srv/_finish_trajectory_s.c
[1.352s] -- Up-to-date: /root/distr_slam_ws/install/cartographer_ros_msgs/lib/python3.12/site-packages/cartographer_ros_msgs/srv/_submap_query_s.c
[1.352s] -- Up-to-date: /root/distr_slam_ws/install/cartographer_ros_msgs/lib/python3.12/site-packages/cartographer_ros_msgs/srv/_read_metrics_s.c
[1.353s] -- Up-to-date: /root/distr_slam_ws/install/cartographer_ros_msgs/lib/python3.12/site-packages/cartographer_ros_msgs/srv/_start_trajectory.py
[1.353s] -- Up-to-date: /root/distr_slam_ws/install/cartographer_ros_msgs/lib/python3.12/site-packages/cartographer_ros_msgs/srv/_write_state_s.c
[1.353s] -- Up-to-date: /root/distr_slam_ws/install/cartographer_ros_msgs/lib/python3.12/site-packages/cartographer_ros_msgs/srv/__init__.py
[1.354s] -- Up-to-date: /root/distr_slam_ws/install/cartographer_ros_msgs/lib/python3.12/site-packages/cartographer_ros_msgs/srv/_trajectory_query.py
[1.354s] -- Up-to-date: /root/distr_slam_ws/install/cartographer_ros_msgs/lib/python3.12/site-packages/cartographer_ros_msgs/srv/_submap_query.py
[1.354s] -- Up-to-date: /root/distr_slam_ws/install/cartographer_ros_msgs/lib/python3.12/site-packages/cartographer_ros_msgs/_cartographer_ros_msgs_s.ep.rosidl_typesupport_introspection_c.c
[1.354s] -- Up-to-date: /root/distr_slam_ws/install/cartographer_ros_msgs/lib/python3.12/site-packages/cartographer_ros_msgs/_cartographer_ros_msgs_s.ep.rosidl_typesupport_c.c
[1.379s] Listing '/root/distr_slam_ws/install/cartographer_ros_msgs/lib/python3.12/site-packages/cartographer_ros_msgs'...
[1.379s] Listing '/root/distr_slam_ws/install/cartographer_ros_msgs/lib/python3.12/site-packages/cartographer_ros_msgs/msg'...
[1.380s] Listing '/root/distr_slam_ws/install/cartographer_ros_msgs/lib/python3.12/site-packages/cartographer_ros_msgs/srv'...
[1.398s] -- Up-to-date: /root/distr_slam_ws/install/cartographer_ros_msgs/lib/python3.12/site-packages/cartographer_ros_msgs/cartographer_ros_msgs_s__rosidl_typesupport_fastrtps_c.so
[1.400s] -- Up-to-date: /root/distr_slam_ws/install/cartographer_ros_msgs/lib/python3.12/site-packages/cartographer_ros_msgs/cartographer_ros_msgs_s__rosidl_typesupport_introspection_c.so
[1.402s] -- Up-to-date: /root/distr_slam_ws/install/cartographer_ros_msgs/lib/python3.12/site-packages/cartographer_ros_msgs/cartographer_ros_msgs_s__rosidl_typesupport_c.so
[1.408s] -- Up-to-date: /root/distr_slam_ws/install/cartographer_ros_msgs/lib/libcartographer_ros_msgs__rosidl_generator_py.so
[1.409s] -- Up-to-date: /root/distr_slam_ws/install/cartographer_ros_msgs/share/ament_index/resource_index/rust_packages/cartographer_ros_msgs
[1.409s] -- Up-to-date: /root/distr_slam_ws/install/cartographer_ros_msgs/share/cartographer_ros_msgs/rust
[1.410s] -- Up-to-date: /root/distr_slam_ws/install/cartographer_ros_msgs/share/cartographer_ros_msgs/rust/Cargo.toml
[1.410s] -- Up-to-date: /root/distr_slam_ws/install/cartographer_ros_msgs/share/cartographer_ros_msgs/rust/src
[1.411s] -- Up-to-date: /root/distr_slam_ws/install/cartographer_ros_msgs/share/cartographer_ros_msgs/rust/src/srv.rs
[1.411s] -- Up-to-date: /root/distr_slam_ws/install/cartographer_ros_msgs/share/cartographer_ros_msgs/rust/src/msg.rs
[1.411s] -- Up-to-date: /root/distr_slam_ws/install/cartographer_ros_msgs/share/cartographer_ros_msgs/rust/src/lib.rs
[1.412s] -- Up-to-date: /root/distr_slam_ws/install/cartographer_ros_msgs/share/cartographer_ros_msgs/rust/src/msg
[1.415s] -- Up-to-date: /root/distr_slam_ws/install/cartographer_ros_msgs/share/cartographer_ros_msgs/rust/src/msg/rmw.rs
[1.416s] -- Up-to-date: /root/distr_slam_ws/install/cartographer_ros_msgs/share/cartographer_ros_msgs/rust/src/srv
[1.416s] -- Up-to-date: /root/distr_slam_ws/install/cartographer_ros_msgs/share/cartographer_ros_msgs/rust/src/srv/rmw.rs
[1.417s] -- Up-to-date: /root/distr_slam_ws/install/cartographer_ros_msgs/share/cartographer_ros_msgs/rust/build.rs
[1.417s] -- Up-to-date: /root/distr_slam_ws/install/cartographer_ros_msgs/share/cartographer_ros_msgs/msg/BagfileProgress.idl
[1.417s] -- Up-to-date: /root/distr_slam_ws/install/cartographer_ros_msgs/share/cartographer_ros_msgs/msg/HistogramBucket.idl
[1.418s] -- Up-to-date: /root/distr_slam_ws/install/cartographer_ros_msgs/share/cartographer_ros_msgs/msg/LandmarkEntry.idl
[1.418s] -- Up-to-date: /root/distr_slam_ws/install/cartographer_ros_msgs/share/cartographer_ros_msgs/msg/LandmarkList.idl
[1.419s] -- Up-to-date: /root/distr_slam_ws/install/cartographer_ros_msgs/share/cartographer_ros_msgs/msg/MetricFamily.idl
[1.422s] -- Up-to-date: /root/distr_slam_ws/install/cartographer_ros_msgs/share/cartographer_ros_msgs/msg/MetricLabel.idl
[1.422s] -- Up-to-date: /root/distr_slam_ws/install/cartographer_ros_msgs/share/cartographer_ros_msgs/msg/Metric.idl
[1.422s] -- Up-to-date: /root/distr_slam_ws/install/cartographer_ros_msgs/share/cartographer_ros_msgs/msg/StatusCode.idl
[1.423s] -- Up-to-date: /root/distr_slam_ws/install/cartographer_ros_msgs/share/cartographer_ros_msgs/msg/StatusResponse.idl
[1.423s] -- Up-to-date: /root/distr_slam_ws/install/cartographer_ros_msgs/share/cartographer_ros_msgs/msg/SubmapEntry.idl
[1.424s] -- Up-to-date: /root/distr_slam_ws/install/cartographer_ros_msgs/share/cartographer_ros_msgs/msg/SubmapList.idl
[1.424s] -- Up-to-date: /root/distr_slam_ws/install/cartographer_ros_msgs/share/cartographer_ros_msgs/msg/SubmapTexture.idl
[1.424s] -- Up-to-date: /root/distr_slam_ws/install/cartographer_ros_msgs/share/cartographer_ros_msgs/msg/TrajectoryStates.idl
[1.424s] -- Up-to-date: /root/distr_slam_ws/install/cartographer_ros_msgs/share/cartographer_ros_msgs/srv/FinishTrajectory.idl
[1.425s] -- Up-to-date: /root/distr_slam_ws/install/cartographer_ros_msgs/share/cartographer_ros_msgs/srv/GetTrajectoryStates.idl
[1.425s] -- Up-to-date: /root/distr_slam_ws/install/cartographer_ros_msgs/share/cartographer_ros_msgs/srv/ReadMetrics.idl
[1.425s] -- Up-to-date: /root/distr_slam_ws/install/cartographer_ros_msgs/share/cartographer_ros_msgs/srv/StartTrajectory.idl
[1.425s] -- Up-to-date: /root/distr_slam_ws/install/cartographer_ros_msgs/share/cartographer_ros_msgs/srv/TrajectoryQuery.idl
[1.426s] -- Up-to-date: /root/distr_slam_ws/install/cartographer_ros_msgs/share/cartographer_ros_msgs/srv/SubmapQuery.idl
[1.426s] -- Up-to-date: /root/distr_slam_ws/install/cartographer_ros_msgs/share/cartographer_ros_msgs/srv/WriteState.idl
[1.426s] -- Up-to-date: /root/distr_slam_ws/install/cartographer_ros_msgs/share/cartographer_ros_msgs/srv/GetSlamState.idl
[1.426s] -- Up-to-date: /root/distr_slam_ws/install/cartographer_ros_msgs/share/cartographer_ros_msgs/srv/SetSlamState.idl
[1.427s] -- Up-to-date: /root/distr_slam_ws/install/cartographer_ros_msgs/share/cartographer_ros_msgs/msg/BagfileProgress.msg
[1.427s] -- Up-to-date: /root/distr_slam_ws/install/cartographer_ros_msgs/share/cartographer_ros_msgs/msg/HistogramBucket.msg
[1.428s] -- Up-to-date: /root/distr_slam_ws/install/cartographer_ros_msgs/share/cartographer_ros_msgs/msg/LandmarkEntry.msg
[1.428s] -- Up-to-date: /root/distr_slam_ws/install/cartographer_ros_msgs/share/cartographer_ros_msgs/msg/LandmarkList.msg
[1.428s] -- Up-to-date: /root/distr_slam_ws/install/cartographer_ros_msgs/share/cartographer_ros_msgs/msg/MetricFamily.msg
[1.429s] -- Up-to-date: /root/distr_slam_ws/install/cartographer_ros_msgs/share/cartographer_ros_msgs/msg/MetricLabel.msg
[1.429s] -- Up-to-date: /root/distr_slam_ws/install/cartographer_ros_msgs/share/cartographer_ros_msgs/msg/Metric.msg
[1.430s] -- Up-to-date: /root/distr_slam_ws/install/cartographer_ros_msgs/share/cartographer_ros_msgs/msg/StatusCode.msg
[1.430s] -- Up-to-date: /root/distr_slam_ws/install/cartographer_ros_msgs/share/cartographer_ros_msgs/msg/StatusResponse.msg
[1.430s] -- Up-to-date: /root/distr_slam_ws/install/cartographer_ros_msgs/share/cartographer_ros_msgs/msg/SubmapEntry.msg
[1.431s] -- Up-to-date: /root/distr_slam_ws/install/cartographer_ros_msgs/share/cartographer_ros_msgs/msg/SubmapList.msg
[1.431s] -- Up-to-date: /root/distr_slam_ws/install/cartographer_ros_msgs/share/cartographer_ros_msgs/msg/SubmapTexture.msg
[1.431s] -- Up-to-date: /root/distr_slam_ws/install/cartographer_ros_msgs/share/cartographer_ros_msgs/msg/TrajectoryStates.msg
[1.432s] -- Up-to-date: /root/distr_slam_ws/install/cartographer_ros_msgs/share/cartographer_ros_msgs/srv/FinishTrajectory.srv
[1.432s] -- Up-to-date: /root/distr_slam_ws/install/cartographer_ros_msgs/share/cartographer_ros_msgs/srv/GetTrajectoryStates.srv
[1.432s] -- Up-to-date: /root/distr_slam_ws/install/cartographer_ros_msgs/share/cartographer_ros_msgs/srv/ReadMetrics.srv
[1.433s] -- Up-to-date: /root/distr_slam_ws/install/cartographer_ros_msgs/share/cartographer_ros_msgs/srv/StartTrajectory.srv
[1.433s] -- Up-to-date: /root/distr_slam_ws/install/cartographer_ros_msgs/share/cartographer_ros_msgs/srv/TrajectoryQuery.srv
[1.433s] -- Up-to-date: /root/distr_slam_ws/install/cartographer_ros_msgs/share/cartographer_ros_msgs/srv/SubmapQuery.srv
[1.434s] -- Up-to-date: /root/distr_slam_ws/install/cartographer_ros_msgs/share/cartographer_ros_msgs/srv/WriteState.srv
[1.434s] -- Up-to-date: /root/distr_slam_ws/install/cartographer_ros_msgs/share/cartographer_ros_msgs/srv/GetSlamState.srv
[1.434s] -- Up-to-date: /root/distr_slam_ws/install/cartographer_ros_msgs/share/cartographer_ros_msgs/srv/SetSlamState.srv
[1.434s] -- Up-to-date: /root/distr_slam_ws/install/cartographer_ros_msgs/share/ament_index/resource_index/package_run_dependencies/cartographer_ros_msgs
[1.435s] -- Up-to-date: /root/distr_slam_ws/install/cartographer_ros_msgs/share/ament_index/resource_index/parent_prefix_path/cartographer_ros_msgs
[1.435s] -- Up-to-date: /root/distr_slam_ws/install/cartographer_ros_msgs/share/cartographer_ros_msgs/environment/ament_prefix_path.sh
[1.435s] -- Up-to-date: /root/distr_slam_ws/install/cartographer_ros_msgs/share/cartographer_ros_msgs/environment/ament_prefix_path.dsv
[1.436s] -- Up-to-date: /root/distr_slam_ws/install/cartographer_ros_msgs/share/cartographer_ros_msgs/environment/path.sh
[1.436s] -- Up-to-date: /root/distr_slam_ws/install/cartographer_ros_msgs/share/cartographer_ros_msgs/environment/path.dsv
[1.436s] -- Up-to-date: /root/distr_slam_ws/install/cartographer_ros_msgs/share/cartographer_ros_msgs/local_setup.bash
[1.437s] -- Up-to-date: /root/distr_slam_ws/install/cartographer_ros_msgs/share/cartographer_ros_msgs/local_setup.sh
[1.437s] -- Up-to-date: /root/distr_slam_ws/install/cartographer_ros_msgs/share/cartographer_ros_msgs/local_setup.zsh
[1.437s] -- Up-to-date: /root/distr_slam_ws/install/cartographer_ros_msgs/share/cartographer_ros_msgs/local_setup.dsv
[1.438s] -- Installing: /root/distr_slam_ws/install/cartographer_ros_msgs/share/cartographer_ros_msgs/package.dsv
[1.438s] -- Up-to-date: /root/distr_slam_ws/install/cartographer_ros_msgs/share/ament_index/resource_index/packages/cartographer_ros_msgs
[1.438s] -- Up-to-date: /root/distr_slam_ws/install/cartographer_ros_msgs/share/cartographer_ros_msgs/cmake/export_cartographer_ros_msgs__rosidl_generator_cExport.cmake
[1.439s] -- Up-to-date: /root/distr_slam_ws/install/cartographer_ros_msgs/share/cartographer_ros_msgs/cmake/export_cartographer_ros_msgs__rosidl_generator_cExport-noconfig.cmake
[1.439s] -- Up-to-date: /root/distr_slam_ws/install/cartographer_ros_msgs/share/cartographer_ros_msgs/cmake/export_cartographer_ros_msgs__rosidl_typesupport_fastrtps_cExport.cmake
[1.439s] -- Up-to-date: /root/distr_slam_ws/install/cartographer_ros_msgs/share/cartographer_ros_msgs/cmake/export_cartographer_ros_msgs__rosidl_typesupport_fastrtps_cExport-noconfig.cmake
[1.439s] -- Up-to-date: /root/distr_slam_ws/install/cartographer_ros_msgs/share/cartographer_ros_msgs/cmake/cartographer_ros_msgs__rosidl_typesupport_introspection_cExport.cmake
[1.440s] -- Up-to-date: /root/distr_slam_ws/install/cartographer_ros_msgs/share/cartographer_ros_msgs/cmake/cartographer_ros_msgs__rosidl_typesupport_introspection_cExport-noconfig.cmake
[1.440s] -- Up-to-date: /root/distr_slam_ws/install/cartographer_ros_msgs/share/cartographer_ros_msgs/cmake/cartographer_ros_msgs__rosidl_typesupport_cExport.cmake
[1.440s] -- Up-to-date: /root/distr_slam_ws/install/cartographer_ros_msgs/share/cartographer_ros_msgs/cmake/cartographer_ros_msgs__rosidl_typesupport_cExport-noconfig.cmake
[1.440s] -- Up-to-date: /root/distr_slam_ws/install/cartographer_ros_msgs/share/cartographer_ros_msgs/cmake/export_cartographer_ros_msgs__rosidl_generator_cppExport.cmake
[1.440s] -- Up-to-date: /root/distr_slam_ws/install/cartographer_ros_msgs/share/cartographer_ros_msgs/cmake/export_cartographer_ros_msgs__rosidl_typesupport_fastrtps_cppExport.cmake
[1.441s] -- Up-to-date: /root/distr_slam_ws/install/cartographer_ros_msgs/share/cartographer_ros_msgs/cmake/export_cartographer_ros_msgs__rosidl_typesupport_fastrtps_cppExport-noconfig.cmake
[1.441s] -- Up-to-date: /root/distr_slam_ws/install/cartographer_ros_msgs/share/cartographer_ros_msgs/cmake/cartographer_ros_msgs__rosidl_typesupport_introspection_cppExport.cmake
[1.441s] -- Up-to-date: /root/distr_slam_ws/install/cartographer_ros_msgs/share/cartographer_ros_msgs/cmake/cartographer_ros_msgs__rosidl_typesupport_introspection_cppExport-noconfig.cmake
[1.441s] -- Up-to-date: /root/distr_slam_ws/install/cartographer_ros_msgs/share/cartographer_ros_msgs/cmake/cartographer_ros_msgs__rosidl_typesupport_cppExport.cmake
[1.442s] -- Up-to-date: /root/distr_slam_ws/install/cartographer_ros_msgs/share/cartographer_ros_msgs/cmake/cartographer_ros_msgs__rosidl_typesupport_cppExport-noconfig.cmake
[1.442s] -- Up-to-date: /root/distr_slam_ws/install/cartographer_ros_msgs/share/cartographer_ros_msgs/cmake/export_cartographer_ros_msgs__rosidl_generator_pyExport.cmake
[1.442s] -- Up-to-date: /root/distr_slam_ws/install/cartographer_ros_msgs/share/cartographer_ros_msgs/cmake/export_cartographer_ros_msgs__rosidl_generator_pyExport-noconfig.cmake
[1.442s] -- Up-to-date: /root/distr_slam_ws/install/cartographer_ros_msgs/share/cartographer_ros_msgs/cmake/rosidl_cmake-extras.cmake
[1.442s] -- Up-to-date: /root/distr_slam_ws/install/cartographer_ros_msgs/share/cartographer_ros_msgs/cmake/ament_cmake_export_dependencies-extras.cmake
[1.443s] -- Up-to-date: /root/distr_slam_ws/install/cartographer_ros_msgs/share/cartographer_ros_msgs/cmake/ament_cmake_export_include_directories-extras.cmake
[1.443s] -- Up-to-date: /root/distr_slam_ws/install/cartographer_ros_msgs/share/cartographer_ros_msgs/cmake/ament_cmake_export_libraries-extras.cmake
[1.446s] -- Up-to-date: /root/distr_slam_ws/install/cartographer_ros_msgs/share/cartographer_ros_msgs/cmake/ament_cmake_export_targets-extras.cmake
[1.446s] -- Up-to-date: /root/distr_slam_ws/install/cartographer_ros_msgs/share/cartographer_ros_msgs/cmake/rosidl_cmake_export_typesupport_targets-extras.cmake
[1.446s] -- Up-to-date: /root/distr_slam_ws/install/cartographer_ros_msgs/share/cartographer_ros_msgs/cmake/rosidl_cmake_export_typesupport_libraries-extras.cmake
[1.446s] -- Up-to-date: /root/distr_slam_ws/install/cartographer_ros_msgs/share/cartographer_ros_msgs/cmake/cartographer_ros_msgsConfig.cmake
[1.447s] -- Up-to-date: /root/distr_slam_ws/install/cartographer_ros_msgs/share/cartographer_ros_msgs/cmake/cartographer_ros_msgsConfig-version.cmake
[1.447s] -- Up-to-date: /root/distr_slam_ws/install/cartographer_ros_msgs/share/cartographer_ros_msgs/package.xml
[1.447s] Invoked command in '/root/distr_slam_ws/build/cartographer_ros_msgs' returned '0': CMAKE_PREFIX_PATH=${CMAKE_PREFIX_PATH}:/opt/ros/jazzy /usr/bin/cmake --install /root/distr_slam_ws/build/cartographer_ros_msgs
