[0.000000] (-) TimerEvent: {}
[0.000286] (cartographer) JobQueued: {'identifier': 'cartographer', 'dependencies': OrderedDict()}
[0.000443] (cartographer_ros_msgs) JobQueued: {'identifier': 'cartographer_ros_msgs', 'dependencies': OrderedDict()}
[0.000497] (cartographer_ros) JobQueued: {'identifier': 'cartographer_ros', 'dependencies': OrderedDict({'cartographer': '/root/distr_slam_ws/install/cartographer', 'cartographer_ros_msgs': '/root/distr_slam_ws/install/cartographer_ros_msgs'})}
[0.000593] (cartographer_rviz) JobQueued: {'identifier': 'cartographer_rviz', 'dependencies': OrderedDict({'cartographer': '/root/distr_slam_ws/install/cartographer', 'cartographer_ros_msgs': '/root/distr_slam_ws/install/cartographer_ros_msgs', 'cartographer_ros': '/root/distr_slam_ws/install/cartographer_ros'})}
[0.000659] (cartographer) JobStarted: {'identifier': 'cartographer'}
[0.011500] (cartographer_ros_msgs) JobStarted: {'identifier': 'cartographer_ros_msgs'}
[0.021516] (cartographer) JobProgress: {'identifier': 'cartographer', 'progress': 'cmake'}
[0.022627] (cartographer) JobProgress: {'identifier': 'cartographer', 'progress': 'build'}
[0.023648] (cartographer) Command: {'cmd': ['/usr/bin/cmake', '--build', '/root/distr_slam_ws/build/cartographer', '--', '-j8', '-l8'], 'cwd': '/root/distr_slam_ws/build/cartographer', 'env': OrderedDict({'HOSTNAME': 'user-dynabook-G83-DN', 'SHLVL': '1', 'LIBGL_ALWAYS_SOFTWARE': '1', 'LD_LIBRARY_PATH': '/root/distr_slam_ws/install/cartographer_rviz/lib:/root/distr_slam_ws/install/cartographer_ros/lib:/root/distr_slam_ws/install/cartographer_ros_msgs/lib:/opt/ros/jazzy/opt/rviz_ogre_vendor/lib:/opt/ros/jazzy/lib/x86_64-linux-gnu:/opt/ros/jazzy/opt/gz_math_vendor/lib:/opt/ros/jazzy/opt/gz_utils_vendor/lib:/opt/ros/jazzy/opt/gz_cmake_vendor/lib:/opt/ros/jazzy/lib', 'HOME': '/root', 'ROS_PYTHON_VERSION': '3', 'COLCON_PREFIX_PATH': '/root/distr_slam_ws/install', 'ROS_DISTRO': 'jazzy', '_': '/usr/bin/colcon', 'ROS_VERSION': '2', 'PKG_CONFIG_PATH': '/root/distr_slam_ws/install/cartographer/lib/x86_64-linux-gnu/pkgconfig:/root/distr_slam_ws/install/cartographer/lib/pkgconfig', 'TERM': 'xterm', 'ROS_LOCALHOST_ONLY': '1', 'QT_X11_NO_MITSHM': '1', 'PATH': '/root/distr_slam_ws/install/cartographer/bin:/opt/ros/jazzy/bin:/usr/local/sbin:/usr/local/bin:/usr/sbin:/usr/bin:/sbin:/bin', 'DISPLAY': ':0', 'LANG': 'en_US.UTF-8', 'XAUTHORITY': '/root/.Xauthority', 'LS_COLORS': 'rs=0:di=01;34:ln=01;36:mh=00:pi=40;33:so=01;35:do=01;35:bd=40;33;01:cd=40;33;01:or=40;31;01:mi=00:su=37;41:sg=30;43:ca=00:tw=30;42:ow=34;42:st=37;44:ex=01;32:*.tar=01;31:*.tgz=01;31:*.arc=01;31:*.arj=01;31:*.taz=01;31:*.lha=01;31:*.lz4=01;31:*.lzh=01;31:*.lzma=01;31:*.tlz=01;31:*.txz=01;31:*.tzo=01;31:*.t7z=01;31:*.zip=01;31:*.z=01;31:*.dz=01;31:*.gz=01;31:*.lrz=01;31:*.lz=01;31:*.lzo=01;31:*.xz=01;31:*.zst=01;31:*.tzst=01;31:*.bz2=01;31:*.bz=01;31:*.tbz=01;31:*.tbz2=01;31:*.tz=01;31:*.deb=01;31:*.rpm=01;31:*.jar=01;31:*.war=01;31:*.ear=01;31:*.sar=01;31:*.rar=01;31:*.alz=01;31:*.ace=01;31:*.zoo=01;31:*.cpio=01;31:*.7z=01;31:*.rz=01;31:*.cab=01;31:*.wim=01;31:*.swm=01;31:*.dwm=01;31:*.esd=01;31:*.avif=01;35:*.jpg=01;35:*.jpeg=01;35:*.mjpg=01;35:*.mjpeg=01;35:*.gif=01;35:*.bmp=01;35:*.pbm=01;35:*.pgm=01;35:*.ppm=01;35:*.tga=01;35:*.xbm=01;35:*.xpm=01;35:*.tif=01;35:*.tiff=01;35:*.png=01;35:*.svg=01;35:*.svgz=01;35:*.mng=01;35:*.pcx=01;35:*.mov=01;35:*.mpg=01;35:*.mpeg=01;35:*.m2v=01;35:*.mkv=01;35:*.webm=01;35:*.webp=01;35:*.ogm=01;35:*.mp4=01;35:*.m4v=01;35:*.mp4v=01;35:*.vob=01;35:*.qt=01;35:*.nuv=01;35:*.wmv=01;35:*.asf=01;35:*.rm=01;35:*.rmvb=01;35:*.flc=01;35:*.avi=01;35:*.fli=01;35:*.flv=01;35:*.gl=01;35:*.dl=01;35:*.xcf=01;35:*.xwd=01;35:*.yuv=01;35:*.cgm=01;35:*.emf=01;35:*.ogv=01;35:*.ogx=01;35:*.aac=00;36:*.au=00;36:*.flac=00;36:*.m4a=00;36:*.mid=00;36:*.midi=00;36:*.mka=00;36:*.mp3=00;36:*.mpc=00;36:*.ogg=00;36:*.ra=00;36:*.wav=00;36:*.oga=00;36:*.opus=00;36:*.spx=00;36:*.xspf=00;36:*~=00;90:*#=00;90:*.bak=00;90:*.crdownload=00;90:*.dpkg-dist=00;90:*.dpkg-new=00;90:*.dpkg-old=00;90:*.dpkg-tmp=00;90:*.old=00;90:*.orig=00;90:*.part=00;90:*.rej=00;90:*.rpmnew=00;90:*.rpmorig=00;90:*.rpmsave=00;90:*.swp=00;90:*.tmp=00;90:*.ucf-dist=00;90:*.ucf-new=00;90:*.ucf-old=00;90:', 'AMENT_PREFIX_PATH': '/root/distr_slam_ws/install/cartographer_rviz:/root/distr_slam_ws/install/cartographer_ros:/root/distr_slam_ws/install/cartographer_ros_msgs:/opt/ros/jazzy', 'DEBIAN_FRONTEND': 'noninteractive', 'ROS_AUTOMATIC_DISCOVERY_RANGE': 'SUBNET', 'PWD': '/root/distr_slam_ws/build/cartographer', 'TURTLEBOT3_MODEL': 'burger', 'LC_ALL': 'en_US.UTF-8', 'PYTHONPATH': '/root/distr_slam_ws/install/cartographer_ros_msgs/lib/python3.12/site-packages:/opt/ros/jazzy/lib/python3.12/site-packages', 'COLCON': '1', 'CMAKE_PREFIX_PATH': '/root/distr_slam_ws/install/cartographer_rviz:/root/distr_slam_ws/install/cartographer_ros:/root/distr_slam_ws/install/cartographer_ros_msgs:/root/distr_slam_ws/install/cartographer:/opt/ros/jazzy/opt/gz_math_vendor:/opt/ros/jazzy/opt/gz_utils_vendor:/opt/ros/jazzy/opt/gz_cmake_vendor:/opt/ros/jazzy'}), 'shell': False}
[0.028228] (cartographer_ros_msgs) JobProgress: {'identifier': 'cartographer_ros_msgs', 'progress': 'cmake'}
[0.029309] (cartographer_ros_msgs) JobProgress: {'identifier': 'cartographer_ros_msgs', 'progress': 'build'}
[0.029868] (cartographer_ros_msgs) Command: {'cmd': ['/usr/bin/cmake', '--build', '/root/distr_slam_ws/build/cartographer_ros_msgs', '--', '-j8', '-l8'], 'cwd': '/root/distr_slam_ws/build/cartographer_ros_msgs', 'env': OrderedDict({'HOSTNAME': 'user-dynabook-G83-DN', 'SHLVL': '1', 'LIBGL_ALWAYS_SOFTWARE': '1', 'LD_LIBRARY_PATH': '/root/distr_slam_ws/install/cartographer_rviz/lib:/root/distr_slam_ws/install/cartographer_ros/lib:/root/distr_slam_ws/install/cartographer_ros_msgs/lib:/opt/ros/jazzy/opt/rviz_ogre_vendor/lib:/opt/ros/jazzy/lib/x86_64-linux-gnu:/opt/ros/jazzy/opt/gz_math_vendor/lib:/opt/ros/jazzy/opt/gz_utils_vendor/lib:/opt/ros/jazzy/opt/gz_cmake_vendor/lib:/opt/ros/jazzy/lib', 'HOME': '/root', 'ROS_PYTHON_VERSION': '3', 'COLCON_PREFIX_PATH': '/root/distr_slam_ws/install', 'ROS_DISTRO': 'jazzy', '_': '/usr/bin/colcon', 'ROS_VERSION': '2', 'PKG_CONFIG_PATH': '/root/distr_slam_ws/install/cartographer/lib/x86_64-linux-gnu/pkgconfig:/root/distr_slam_ws/install/cartographer/lib/pkgconfig', 'TERM': 'xterm', 'ROS_LOCALHOST_ONLY': '1', 'QT_X11_NO_MITSHM': '1', 'PATH': '/root/distr_slam_ws/install/cartographer/bin:/opt/ros/jazzy/bin:/usr/local/sbin:/usr/local/bin:/usr/sbin:/usr/bin:/sbin:/bin', 'DISPLAY': ':0', 'LANG': 'en_US.UTF-8', 'XAUTHORITY': '/root/.Xauthority', 'LS_COLORS': 'rs=0:di=01;34:ln=01;36:mh=00:pi=40;33:so=01;35:do=01;35:bd=40;33;01:cd=40;33;01:or=40;31;01:mi=00:su=37;41:sg=30;43:ca=00:tw=30;42:ow=34;42:st=37;44:ex=01;32:*.tar=01;31:*.tgz=01;31:*.arc=01;31:*.arj=01;31:*.taz=01;31:*.lha=01;31:*.lz4=01;31:*.lzh=01;31:*.lzma=01;31:*.tlz=01;31:*.txz=01;31:*.tzo=01;31:*.t7z=01;31:*.zip=01;31:*.z=01;31:*.dz=01;31:*.gz=01;31:*.lrz=01;31:*.lz=01;31:*.lzo=01;31:*.xz=01;31:*.zst=01;31:*.tzst=01;31:*.bz2=01;31:*.bz=01;31:*.tbz=01;31:*.tbz2=01;31:*.tz=01;31:*.deb=01;31:*.rpm=01;31:*.jar=01;31:*.war=01;31:*.ear=01;31:*.sar=01;31:*.rar=01;31:*.alz=01;31:*.ace=01;31:*.zoo=01;31:*.cpio=01;31:*.7z=01;31:*.rz=01;31:*.cab=01;31:*.wim=01;31:*.swm=01;31:*.dwm=01;31:*.esd=01;31:*.avif=01;35:*.jpg=01;35:*.jpeg=01;35:*.mjpg=01;35:*.mjpeg=01;35:*.gif=01;35:*.bmp=01;35:*.pbm=01;35:*.pgm=01;35:*.ppm=01;35:*.tga=01;35:*.xbm=01;35:*.xpm=01;35:*.tif=01;35:*.tiff=01;35:*.png=01;35:*.svg=01;35:*.svgz=01;35:*.mng=01;35:*.pcx=01;35:*.mov=01;35:*.mpg=01;35:*.mpeg=01;35:*.m2v=01;35:*.mkv=01;35:*.webm=01;35:*.webp=01;35:*.ogm=01;35:*.mp4=01;35:*.m4v=01;35:*.mp4v=01;35:*.vob=01;35:*.qt=01;35:*.nuv=01;35:*.wmv=01;35:*.asf=01;35:*.rm=01;35:*.rmvb=01;35:*.flc=01;35:*.avi=01;35:*.fli=01;35:*.flv=01;35:*.gl=01;35:*.dl=01;35:*.xcf=01;35:*.xwd=01;35:*.yuv=01;35:*.cgm=01;35:*.emf=01;35:*.ogv=01;35:*.ogx=01;35:*.aac=00;36:*.au=00;36:*.flac=00;36:*.m4a=00;36:*.mid=00;36:*.midi=00;36:*.mka=00;36:*.mp3=00;36:*.mpc=00;36:*.ogg=00;36:*.ra=00;36:*.wav=00;36:*.oga=00;36:*.opus=00;36:*.spx=00;36:*.xspf=00;36:*~=00;90:*#=00;90:*.bak=00;90:*.crdownload=00;90:*.dpkg-dist=00;90:*.dpkg-new=00;90:*.dpkg-old=00;90:*.dpkg-tmp=00;90:*.old=00;90:*.orig=00;90:*.part=00;90:*.rej=00;90:*.rpmnew=00;90:*.rpmorig=00;90:*.rpmsave=00;90:*.swp=00;90:*.tmp=00;90:*.ucf-dist=00;90:*.ucf-new=00;90:*.ucf-old=00;90:', 'AMENT_PREFIX_PATH': '/root/distr_slam_ws/install/cartographer_rviz:/root/distr_slam_ws/install/cartographer_ros:/root/distr_slam_ws/install/cartographer_ros_msgs:/opt/ros/jazzy', 'DEBIAN_FRONTEND': 'noninteractive', 'ROS_AUTOMATIC_DISCOVERY_RANGE': 'SUBNET', 'PWD': '/root/distr_slam_ws/build/cartographer_ros_msgs', 'TURTLEBOT3_MODEL': 'burger', 'LC_ALL': 'en_US.UTF-8', 'PYTHONPATH': '/root/distr_slam_ws/install/cartographer_ros_msgs/lib/python3.12/site-packages:/opt/ros/jazzy/lib/python3.12/site-packages', 'COLCON': '1', 'CMAKE_PREFIX_PATH': '/root/distr_slam_ws/install/cartographer_rviz:/root/distr_slam_ws/install/cartographer_ros:/root/distr_slam_ws/install/cartographer_ros_msgs:/root/distr_slam_ws/install/cartographer:/opt/ros/jazzy/opt/gz_math_vendor:/opt/ros/jazzy/opt/gz_utils_vendor:/opt/ros/jazzy/opt/gz_cmake_vendor:/opt/ros/jazzy'}), 'shell': False}
[0.099045] (-) TimerEvent: {}
[0.157914] (cartographer) StdoutLine: {'line': b'[  0%] \x1b[34m\x1b[1mBuilding documentation.\x1b[0m\n'}
[0.160570] (cartographer_ros_msgs) StdoutLine: {'line': b'[  1%] Built target cartographer_ros_msgs__rosidl_generator_type_description\n'}
[0.163799] (cartographer_ros_msgs) StdoutLine: {'line': b'[  1%] Built target cartographer_ros_msgs__rs\n'}
[0.173867] (cartographer) StdoutLine: {'line': b'[  1%] Built target gtest\n'}
[0.199104] (cartographer) StdoutLine: {'line': b'[  1%] Built target cartographer_detect_changes\n'}
[0.199610] (-) TimerEvent: {}
[0.211645] (cartographer_ros_msgs) StdoutLine: {'line': b'[  1%] Built target ament_cmake_python_copy_cartographer_ros_msgs\n'}
[0.224512] (cartographer_ros_msgs) StdoutLine: {'line': b'[  1%] Built target cartographer_ros_msgs__cpp\n'}
[0.227649] (cartographer) StdoutLine: {'line': b'[  2%] Built target gmock\n'}
[0.277520] (cartographer) StdoutLine: {'line': b'[  2%] Built target gmock_main\n'}
[0.297876] (cartographer_ros_msgs) StdoutLine: {'line': b'[ 29%] Built target cartographer_ros_msgs__rosidl_generator_c\n'}
[0.299763] (-) TimerEvent: {}
[0.382785] (cartographer_ros_msgs) StdoutLine: {'line': b'[ 39%] Built target cartographer_ros_msgs__rosidl_typesupport_c\n'}
[0.399880] (-) TimerEvent: {}
[0.407121] (cartographer_ros_msgs) StdoutLine: {'line': b'[ 49%] Built target cartographer_ros_msgs__rosidl_typesupport_introspection_c\n'}
[0.408869] (cartographer_ros_msgs) StdoutLine: {'line': b'[ 59%] Built target cartographer_ros_msgs__rosidl_typesupport_fastrtps_cpp\n'}
[0.410218] (cartographer_ros_msgs) StdoutLine: {'line': b'[ 69%] Built target cartographer_ros_msgs__rosidl_typesupport_fastrtps_c\n'}
[0.419197] (cartographer_ros_msgs) StdoutLine: {'line': b'[ 78%] Built target cartographer_ros_msgs__rosidl_typesupport_cpp\n'}
[0.434161] (cartographer_ros_msgs) StdoutLine: {'line': b'[ 88%] Built target cartographer_ros_msgs__rosidl_typesupport_introspection_cpp\n'}
[0.471405] (cartographer_ros_msgs) StdoutLine: {'line': b'[ 88%] Built target cartographer_ros_msgs\n'}
[0.499998] (-) TimerEvent: {}
[0.511469] (cartographer_ros_msgs) StdoutLine: {'line': b'[ 88%] Built target cartographer_ros_msgs__py\n'}
[0.571580] (cartographer_ros_msgs) StdoutLine: {'line': b'[ 97%] Built target cartographer_ros_msgs__rosidl_generator_py\n'}
[0.600119] (-) TimerEvent: {}
[0.628561] (cartographer_ros_msgs) StdoutLine: {'line': b'[ 98%] Built target cartographer_ros_msgs_s__rosidl_typesupport_introspection_c\n'}
[0.628917] (cartographer_ros_msgs) StdoutLine: {'line': b'[ 99%] Built target cartographer_ros_msgs_s__rosidl_typesupport_c\n'}
[0.631016] (cartographer_ros_msgs) StdoutLine: {'line': b'[100%] Built target cartographer_ros_msgs_s__rosidl_typesupport_fastrtps_c\n'}
[0.675483] (cartographer) StdoutLine: {'line': b'\x1b[01mRunning Sphinx v7.2.6\x1b[39;49;00m\n'}
[0.700260] (-) TimerEvent: {}
[0.705641] (cartographer_ros_msgs) StdoutLine: {'line': b'running egg_info\n'}
[0.716888] (cartographer) StdoutLine: {'line': b'[ 55%] Built target cartographer\n'}
[0.762881] (cartographer_ros_msgs) StdoutLine: {'line': b'writing cartographer_ros_msgs.egg-info/PKG-INFO\n'}
[0.763394] (cartographer_ros_msgs) StdoutLine: {'line': b'writing dependency_links to cartographer_ros_msgs.egg-info/dependency_links.txt\n'}
[0.763818] (cartographer_ros_msgs) StdoutLine: {'line': b'writing top-level names to cartographer_ros_msgs.egg-info/top_level.txt\n'}
[0.778112] (cartographer) StdoutLine: {'line': b'[ 56%] Built target cartographer_pbstream\n'}
[0.783218] (cartographer) StdoutLine: {'line': b'[ 57%] Built target cartographer_autogenerate_ground_truth\n'}
[0.785248] (cartographer) StdoutLine: {'line': b'[ 57%] Built target cartographer_print_configuration\n'}
[0.790670] (cartographer) StdoutLine: {'line': b'[ 57%] Built target cartographer_compute_relations_metrics\n'}
[0.800390] (-) TimerEvent: {}
[0.802612] (cartographer) StdoutLine: {'line': b'[ 58%] Built target cartographer_test_library\n'}
[0.876780] (cartographer) StdoutLine: {'line': b'[ 58%] Built target cartographer.common.task_test\n'}
[0.877510] (cartographer) StdoutLine: {'line': b'[ 58%] Built target cartographer.common.internal.blocking_queue_test\n'}
[0.881776] (cartographer) StdoutLine: {'line': b'[ 58%] Built target cartographer.common.lua_parameter_dictionary_test\n'}
[0.885515] (cartographer) StdoutLine: {'line': b'[ 59%] Built target cartographer.common.internal.rate_timer_test\n'}
[0.900863] (-) TimerEvent: {}
[0.907499] (cartographer) StdoutLine: {'line': b'[ 60%] Built target cartographer.common.math_test\n'}
[0.910812] (cartographer) StdoutLine: {'line': b'[ 60%] Built target cartographer.common.configuration_files_test\n'}
[0.920849] (cartographer) StdoutLine: {'line': b'[ 61%] Built target cartographer.common.fixed_ratio_sampler_test\n'}
[0.952813] (cartographer_ros_msgs) StdoutLine: {'line': b"reading manifest file 'cartographer_ros_msgs.egg-info/SOURCES.txt'\n"}
[0.956393] (cartographer_ros_msgs) StdoutLine: {'line': b"writing manifest file 'cartographer_ros_msgs.egg-info/SOURCES.txt'\n"}
[0.967930] (cartographer) StdoutLine: {'line': b'[ 61%] Built target cartographer.io.fake_file_writer_test\n'}
[0.970712] (cartographer) StdoutLine: {'line': b'[ 61%] Built target cartographer.io.points_processor_pipeline_builder_test\n'}
[0.975402] (cartographer) StdoutLine: {'line': b'[ 62%] Built target cartographer.common.thread_pool_test\n'}
[0.986905] (cartographer) StdoutLine: {'line': b'[ 62%] Built target cartographer.io.proto_stream_deserializer_test\n'}
[0.989331] (cartographer) StdoutLine: {'line': b'[ 63%] Built target cartographer.io.internal.in_memory_proto_stream_test\n'}
[1.000443] (cartographer) StdoutLine: {'line': b'[ 64%] Built target cartographer.io.probability_grid_points_processor_test\n'}
[1.000927] (-) TimerEvent: {}
[1.010805] (cartographer) StdoutLine: {'line': b'[ 65%] Built target cartographer.io.proto_stream_test\n'}
[1.043866] (cartographer_ros_msgs) StdoutLine: {'line': b'[100%] Built target ament_cmake_python_build_cartographer_ros_msgs_egg\n'}
[1.063477] (cartographer) StdoutLine: {'line': b'[ 66%] Built target cartographer.mapping.2d.range_data_inserter_2d_test\n'}
[1.071291] (cartographer) StdoutLine: {'line': b'[ 66%] Built target cartographer.mapping.2d.probability_grid_test\n'}
[1.079826] (cartographer) StdoutLine: {'line': b'[ 67%] Built target cartographer.mapping.2d.map_limits_test\n'}
[1.080182] (cartographer_ros_msgs) CommandEnded: {'returncode': 0}
[1.082776] (cartographer_ros_msgs) JobProgress: {'identifier': 'cartographer_ros_msgs', 'progress': 'install'}
[1.088492] (cartographer) StdoutLine: {'line': b'[ 68%] Built target cartographer.mapping.2d.xy_index_test\n'}
[1.089016] (cartographer) StdoutLine: {'line': b'[ 68%] Built target cartographer.io.serialization_format_migration_test\n'}
[1.101054] (-) TimerEvent: {}
[1.106966] (cartographer_ros_msgs) Command: {'cmd': ['/usr/bin/cmake', '--install', '/root/distr_slam_ws/build/cartographer_ros_msgs'], 'cwd': '/root/distr_slam_ws/build/cartographer_ros_msgs', 'env': OrderedDict({'HOSTNAME': 'user-dynabook-G83-DN', 'SHLVL': '1', 'LIBGL_ALWAYS_SOFTWARE': '1', 'LD_LIBRARY_PATH': '/root/distr_slam_ws/install/cartographer_rviz/lib:/root/distr_slam_ws/install/cartographer_ros/lib:/root/distr_slam_ws/install/cartographer_ros_msgs/lib:/opt/ros/jazzy/opt/rviz_ogre_vendor/lib:/opt/ros/jazzy/lib/x86_64-linux-gnu:/opt/ros/jazzy/opt/gz_math_vendor/lib:/opt/ros/jazzy/opt/gz_utils_vendor/lib:/opt/ros/jazzy/opt/gz_cmake_vendor/lib:/opt/ros/jazzy/lib', 'HOME': '/root', 'ROS_PYTHON_VERSION': '3', 'COLCON_PREFIX_PATH': '/root/distr_slam_ws/install', 'ROS_DISTRO': 'jazzy', '_': '/usr/bin/colcon', 'ROS_VERSION': '2', 'PKG_CONFIG_PATH': '/root/distr_slam_ws/install/cartographer/lib/x86_64-linux-gnu/pkgconfig:/root/distr_slam_ws/install/cartographer/lib/pkgconfig', 'TERM': 'xterm', 'ROS_LOCALHOST_ONLY': '1', 'QT_X11_NO_MITSHM': '1', 'PATH': '/root/distr_slam_ws/install/cartographer/bin:/opt/ros/jazzy/bin:/usr/local/sbin:/usr/local/bin:/usr/sbin:/usr/bin:/sbin:/bin', 'DISPLAY': ':0', 'LANG': 'en_US.UTF-8', 'XAUTHORITY': '/root/.Xauthority', 'LS_COLORS': 'rs=0:di=01;34:ln=01;36:mh=00:pi=40;33:so=01;35:do=01;35:bd=40;33;01:cd=40;33;01:or=40;31;01:mi=00:su=37;41:sg=30;43:ca=00:tw=30;42:ow=34;42:st=37;44:ex=01;32:*.tar=01;31:*.tgz=01;31:*.arc=01;31:*.arj=01;31:*.taz=01;31:*.lha=01;31:*.lz4=01;31:*.lzh=01;31:*.lzma=01;31:*.tlz=01;31:*.txz=01;31:*.tzo=01;31:*.t7z=01;31:*.zip=01;31:*.z=01;31:*.dz=01;31:*.gz=01;31:*.lrz=01;31:*.lz=01;31:*.lzo=01;31:*.xz=01;31:*.zst=01;31:*.tzst=01;31:*.bz2=01;31:*.bz=01;31:*.tbz=01;31:*.tbz2=01;31:*.tz=01;31:*.deb=01;31:*.rpm=01;31:*.jar=01;31:*.war=01;31:*.ear=01;31:*.sar=01;31:*.rar=01;31:*.alz=01;31:*.ace=01;31:*.zoo=01;31:*.cpio=01;31:*.7z=01;31:*.rz=01;31:*.cab=01;31:*.wim=01;31:*.swm=01;31:*.dwm=01;31:*.esd=01;31:*.avif=01;35:*.jpg=01;35:*.jpeg=01;35:*.mjpg=01;35:*.mjpeg=01;35:*.gif=01;35:*.bmp=01;35:*.pbm=01;35:*.pgm=01;35:*.ppm=01;35:*.tga=01;35:*.xbm=01;35:*.xpm=01;35:*.tif=01;35:*.tiff=01;35:*.png=01;35:*.svg=01;35:*.svgz=01;35:*.mng=01;35:*.pcx=01;35:*.mov=01;35:*.mpg=01;35:*.mpeg=01;35:*.m2v=01;35:*.mkv=01;35:*.webm=01;35:*.webp=01;35:*.ogm=01;35:*.mp4=01;35:*.m4v=01;35:*.mp4v=01;35:*.vob=01;35:*.qt=01;35:*.nuv=01;35:*.wmv=01;35:*.asf=01;35:*.rm=01;35:*.rmvb=01;35:*.flc=01;35:*.avi=01;35:*.fli=01;35:*.flv=01;35:*.gl=01;35:*.dl=01;35:*.xcf=01;35:*.xwd=01;35:*.yuv=01;35:*.cgm=01;35:*.emf=01;35:*.ogv=01;35:*.ogx=01;35:*.aac=00;36:*.au=00;36:*.flac=00;36:*.m4a=00;36:*.mid=00;36:*.midi=00;36:*.mka=00;36:*.mp3=00;36:*.mpc=00;36:*.ogg=00;36:*.ra=00;36:*.wav=00;36:*.oga=00;36:*.opus=00;36:*.spx=00;36:*.xspf=00;36:*~=00;90:*#=00;90:*.bak=00;90:*.crdownload=00;90:*.dpkg-dist=00;90:*.dpkg-new=00;90:*.dpkg-old=00;90:*.dpkg-tmp=00;90:*.old=00;90:*.orig=00;90:*.part=00;90:*.rej=00;90:*.rpmnew=00;90:*.rpmorig=00;90:*.rpmsave=00;90:*.swp=00;90:*.tmp=00;90:*.ucf-dist=00;90:*.ucf-new=00;90:*.ucf-old=00;90:', 'AMENT_PREFIX_PATH': '/root/distr_slam_ws/install/cartographer_rviz:/root/distr_slam_ws/install/cartographer_ros:/root/distr_slam_ws/install/cartographer_ros_msgs:/opt/ros/jazzy', 'DEBIAN_FRONTEND': 'noninteractive', 'ROS_AUTOMATIC_DISCOVERY_RANGE': 'SUBNET', 'PWD': '/root/distr_slam_ws/build/cartographer_ros_msgs', 'TURTLEBOT3_MODEL': 'burger', 'LC_ALL': 'en_US.UTF-8', 'PYTHONPATH': '/root/distr_slam_ws/install/cartographer_ros_msgs/lib/python3.12/site-packages:/opt/ros/jazzy/lib/python3.12/site-packages', 'COLCON': '1', 'CMAKE_PREFIX_PATH': '/root/distr_slam_ws/install/cartographer_rviz:/root/distr_slam_ws/install/cartographer_ros:/root/distr_slam_ws/install/cartographer_ros_msgs:/root/distr_slam_ws/install/cartographer:/opt/ros/jazzy/opt/gz_math_vendor:/opt/ros/jazzy/opt/gz_utils_vendor:/opt/ros/jazzy/opt/gz_cmake_vendor:/opt/ros/jazzy'}), 'shell': False}
[1.113772] (cartographer) StdoutLine: {'line': b'\x1b[01mloading pickled environment... \x1b[39;49;00mdone\n'}
[1.116849] (cartographer) StdoutLine: {'line': b'[ 68%] Built target cartographer.mapping.3d.hybrid_grid_test\n'}
[1.126777] (cartographer) StdoutLine: {'line': b'[ 68%] Built target cartographer.mapping.2d.submap_2d_test\n'}
[1.129081] (cartographer) StdoutLine: {'line': b'\x1b[01mbuilding [mo]: \x1b[39;49;00mtargets for 0 po files that are out of date\n'}
[1.129995] (cartographer) StdoutLine: {'line': b'\x1b[01mwriting output... \x1b[39;49;00m\n'}
[1.131763] (cartographer) StdoutLine: {'line': b'\x1b[01mbuilding [html]: \x1b[39;49;00mtargets for 0 source files that are out of date\n'}
[1.134024] (cartographer) StdoutLine: {'line': b'\x1b[01mupdating environment: \x1b[39;49;00m0 added, 0 changed, 0 removed\n'}
[1.138165] (cartographer) StdoutLine: {'line': b'\x1b[01mreading sources... \x1b[39;49;00m\n'}
[1.138571] (cartographer) StdoutLine: {'line': b'\x1b[01mlooking for now-outdated files... \x1b[39;49;00mnone found\n'}
[1.138930] (cartographer) StdoutLine: {'line': b'\x1b[01mno targets are out of date.\x1b[39;49;00m\n'}
[1.139278] (cartographer) StdoutLine: {'line': b'\x1b[01mbuild succeeded.\x1b[39;49;00m\n'}
[1.139599] (cartographer) StdoutLine: {'line': b'\n'}
[1.139971] (cartographer) StdoutLine: {'line': b'The HTML pages are in html.\n'}
[1.140536] (cartographer_ros_msgs) StdoutLine: {'line': b'-- Install configuration: ""\n'}
[1.140886] (cartographer_ros_msgs) StdoutLine: {'line': b'-- Up-to-date: /root/distr_slam_ws/install/cartographer_ros_msgs/share/ament_index/resource_index/rosidl_interfaces/cartographer_ros_msgs\n'}
[1.141161] (cartographer_ros_msgs) StdoutLine: {'line': b'-- Up-to-date: /root/distr_slam_ws/install/cartographer_ros_msgs/share/cartographer_ros_msgs/msg/BagfileProgress.json\n'}
[1.141453] (cartographer_ros_msgs) StdoutLine: {'line': b'-- Up-to-date: /root/distr_slam_ws/install/cartographer_ros_msgs/share/cartographer_ros_msgs/msg/HistogramBucket.json\n'}
[1.144782] (cartographer_ros_msgs) StdoutLine: {'line': b'-- Up-to-date: /root/distr_slam_ws/install/cartographer_ros_msgs/share/cartographer_ros_msgs/msg/LandmarkEntry.json\n'}
[1.145482] (cartographer_ros_msgs) StdoutLine: {'line': b'-- Up-to-date: /root/distr_slam_ws/install/cartographer_ros_msgs/share/cartographer_ros_msgs/msg/LandmarkList.json\n'}
[1.145782] (cartographer_ros_msgs) StdoutLine: {'line': b'-- Up-to-date: /root/distr_slam_ws/install/cartographer_ros_msgs/share/cartographer_ros_msgs/msg/MetricFamily.json\n'}
[1.146055] (cartographer_ros_msgs) StdoutLine: {'line': b'-- Up-to-date: /root/distr_slam_ws/install/cartographer_ros_msgs/share/cartographer_ros_msgs/msg/MetricLabel.json\n'}
[1.146286] (cartographer_ros_msgs) StdoutLine: {'line': b'-- Up-to-date: /root/distr_slam_ws/install/cartographer_ros_msgs/share/cartographer_ros_msgs/msg/Metric.json\n'}
[1.146509] (cartographer_ros_msgs) StdoutLine: {'line': b'-- Up-to-date: /root/distr_slam_ws/install/cartographer_ros_msgs/share/cartographer_ros_msgs/msg/StatusCode.json\n'}
[1.146746] (cartographer_ros_msgs) StdoutLine: {'line': b'-- Up-to-date: /root/distr_slam_ws/install/cartographer_ros_msgs/share/cartographer_ros_msgs/msg/StatusResponse.json\n'}
[1.147011] (cartographer_ros_msgs) StdoutLine: {'line': b'-- Up-to-date: /root/distr_slam_ws/install/cartographer_ros_msgs/share/cartographer_ros_msgs/msg/SubmapEntry.json\n'}
[1.147260] (cartographer_ros_msgs) StdoutLine: {'line': b'-- Up-to-date: /root/distr_slam_ws/install/cartographer_ros_msgs/share/cartographer_ros_msgs/msg/SubmapList.json\n'}
[1.147504] (cartographer_ros_msgs) StdoutLine: {'line': b'-- Up-to-date: /root/distr_slam_ws/install/cartographer_ros_msgs/share/cartographer_ros_msgs/msg/SubmapTexture.json\n'}
[1.147740] (cartographer_ros_msgs) StdoutLine: {'line': b'-- Up-to-date: /root/distr_slam_ws/install/cartographer_ros_msgs/share/cartographer_ros_msgs/msg/TrajectoryStates.json\n'}
[1.148058] (cartographer_ros_msgs) StdoutLine: {'line': b'-- Up-to-date: /root/distr_slam_ws/install/cartographer_ros_msgs/share/cartographer_ros_msgs/srv/FinishTrajectory.json\n'}
[1.148292] (cartographer_ros_msgs) StdoutLine: {'line': b'-- Up-to-date: /root/distr_slam_ws/install/cartographer_ros_msgs/share/cartographer_ros_msgs/srv/GetTrajectoryStates.json\n'}
[1.148514] (cartographer_ros_msgs) StdoutLine: {'line': b'-- Up-to-date: /root/distr_slam_ws/install/cartographer_ros_msgs/share/cartographer_ros_msgs/srv/ReadMetrics.json\n'}
[1.150887] (cartographer_ros_msgs) StdoutLine: {'line': b'-- Up-to-date: /root/distr_slam_ws/install/cartographer_ros_msgs/share/cartographer_ros_msgs/srv/StartTrajectory.json\n'}
[1.151342] (cartographer_ros_msgs) StdoutLine: {'line': b'-- Up-to-date: /root/distr_slam_ws/install/cartographer_ros_msgs/share/cartographer_ros_msgs/srv/TrajectoryQuery.json\n'}
[1.152609] (cartographer_ros_msgs) StdoutLine: {'line': b'-- Up-to-date: /root/distr_slam_ws/install/cartographer_ros_msgs/share/cartographer_ros_msgs/srv/SubmapQuery.json\n'}
[1.153159] (cartographer_ros_msgs) StdoutLine: {'line': b'-- Up-to-date: /root/distr_slam_ws/install/cartographer_ros_msgs/share/cartographer_ros_msgs/srv/WriteState.json\n'}
[1.153469] (cartographer_ros_msgs) StdoutLine: {'line': b'-- Up-to-date: /root/distr_slam_ws/install/cartographer_ros_msgs/share/cartographer_ros_msgs/srv/GetSlamState.json\n'}
[1.153820] (cartographer_ros_msgs) StdoutLine: {'line': b'-- Up-to-date: /root/distr_slam_ws/install/cartographer_ros_msgs/share/cartographer_ros_msgs/srv/SetSlamState.json\n'}
[1.154130] (cartographer_ros_msgs) StdoutLine: {'line': b'-- Up-to-date: /root/distr_slam_ws/install/cartographer_ros_msgs/include/cartographer_ros_msgs/cartographer_ros_msgs\n'}
[1.154432] (cartographer_ros_msgs) StdoutLine: {'line': b'-- Up-to-date: /root/distr_slam_ws/install/cartographer_ros_msgs/include/cartographer_ros_msgs/cartographer_ros_msgs/msg\n'}
[1.154744] (cartographer_ros_msgs) StdoutLine: {'line': b'-- Up-to-date: /root/distr_slam_ws/install/cartographer_ros_msgs/include/cartographer_ros_msgs/cartographer_ros_msgs/msg/submap_texture.h\n'}
[1.155063] (cartographer_ros_msgs) StdoutLine: {'line': b'-- Up-to-date: /root/distr_slam_ws/install/cartographer_ros_msgs/include/cartographer_ros_msgs/cartographer_ros_msgs/msg/status_code.h\n'}
[1.155370] (cartographer_ros_msgs) StdoutLine: {'line': b'-- Up-to-date: /root/distr_slam_ws/install/cartographer_ros_msgs/include/cartographer_ros_msgs/cartographer_ros_msgs/msg/bagfile_progress.h\n'}
[1.155706] (cartographer_ros_msgs) StdoutLine: {'line': b'-- Up-to-date: /root/distr_slam_ws/install/cartographer_ros_msgs/include/cartographer_ros_msgs/cartographer_ros_msgs/msg/landmark_list.h\n'}
[1.159459] (cartographer_ros_msgs) StdoutLine: {'line': b'-- Up-to-date: /root/distr_slam_ws/install/cartographer_ros_msgs/include/cartographer_ros_msgs/cartographer_ros_msgs/msg/trajectory_states.h\n'}
[1.159731] (cartographer_ros_msgs) StdoutLine: {'line': b'-- Up-to-date: /root/distr_slam_ws/install/cartographer_ros_msgs/include/cartographer_ros_msgs/cartographer_ros_msgs/msg/metric.h\n'}
[1.160095] (cartographer_ros_msgs) StdoutLine: {'line': b'-- Up-to-date: /root/distr_slam_ws/install/cartographer_ros_msgs/include/cartographer_ros_msgs/cartographer_ros_msgs/msg/rosidl_generator_c__visibility_control.h\n'}
[1.160403] (cartographer_ros_msgs) StdoutLine: {'line': b'-- Up-to-date: /root/distr_slam_ws/install/cartographer_ros_msgs/include/cartographer_ros_msgs/cartographer_ros_msgs/msg/submap_list.h\n'}
[1.160740] (cartographer_ros_msgs) StdoutLine: {'line': b'-- Up-to-date: /root/distr_slam_ws/install/cartographer_ros_msgs/include/cartographer_ros_msgs/cartographer_ros_msgs/msg/metric_label.h\n'}
[1.161055] (cartographer_ros_msgs) StdoutLine: {'line': b'-- Up-to-date: /root/distr_slam_ws/install/cartographer_ros_msgs/include/cartographer_ros_msgs/cartographer_ros_msgs/msg/landmark_entry.h\n'}
[1.161362] (cartographer_ros_msgs) StdoutLine: {'line': b'-- Up-to-date: /root/distr_slam_ws/install/cartographer_ros_msgs/include/cartographer_ros_msgs/cartographer_ros_msgs/msg/submap_entry.h\n'}
[1.161599] (cartographer_ros_msgs) StdoutLine: {'line': b'-- Up-to-date: /root/distr_slam_ws/install/cartographer_ros_msgs/include/cartographer_ros_msgs/cartographer_ros_msgs/msg/histogram_bucket.h\n'}
[1.161847] (cartographer_ros_msgs) StdoutLine: {'line': b'-- Up-to-date: /root/distr_slam_ws/install/cartographer_ros_msgs/include/cartographer_ros_msgs/cartographer_ros_msgs/msg/metric_family.h\n'}
[1.162094] (cartographer_ros_msgs) StdoutLine: {'line': b'-- Up-to-date: /root/distr_slam_ws/install/cartographer_ros_msgs/include/cartographer_ros_msgs/cartographer_ros_msgs/msg/status_response.h\n'}
[1.162302] (cartographer_ros_msgs) StdoutLine: {'line': b'-- Up-to-date: /root/distr_slam_ws/install/cartographer_ros_msgs/include/cartographer_ros_msgs/cartographer_ros_msgs/msg/detail\n'}
[1.162520] (cartographer_ros_msgs) StdoutLine: {'line': b'-- Up-to-date: /root/distr_slam_ws/install/cartographer_ros_msgs/include/cartographer_ros_msgs/cartographer_ros_msgs/msg/detail/metric_family__description.c\n'}
[1.168149] (cartographer_ros_msgs) StdoutLine: {'line': b'-- Up-to-date: /root/distr_slam_ws/install/cartographer_ros_msgs/include/cartographer_ros_msgs/cartographer_ros_msgs/msg/detail/submap_texture__description.c\n'}
[1.168608] (cartographer_ros_msgs) StdoutLine: {'line': b'-- Installing: /root/distr_slam_ws/install/cartographer_ros_msgs/include/cartographer_ros_msgs/cartographer_ros_msgs/msg/detail/status_code__type_support.c\n'}
[1.169000] (cartographer_ros_msgs) StdoutLine: {'line': b'-- Up-to-date: /root/distr_slam_ws/install/cartographer_ros_msgs/include/cartographer_ros_msgs/cartographer_ros_msgs/msg/detail/submap_entry__functions.c\n'}
[1.169340] (cartographer_ros_msgs) StdoutLine: {'line': b'-- Up-to-date: /root/distr_slam_ws/install/cartographer_ros_msgs/include/cartographer_ros_msgs/cartographer_ros_msgs/msg/detail/bagfile_progress__functions.c\n'}
[1.169667] (cartographer_ros_msgs) StdoutLine: {'line': b'-- Installing: /root/distr_slam_ws/install/cartographer_ros_msgs/include/cartographer_ros_msgs/cartographer_ros_msgs/msg/detail/submap_texture__type_support.c\n'}
[1.170027] (cartographer) StdoutLine: {'line': b'[ 69%] Built target cartographer.mapping.3d.range_data_inserter_3d_test\n'}
[1.170391] (cartographer_ros_msgs) StdoutLine: {'line': b'-- Up-to-date: /root/distr_slam_ws/install/cartographer_ros_msgs/include/cartographer_ros_msgs/cartographer_ros_msgs/msg/detail/status_code__functions.h\n'}
[1.170758] (cartographer_ros_msgs) StdoutLine: {'line': b'-- Up-to-date: /root/distr_slam_ws/install/cartographer_ros_msgs/include/cartographer_ros_msgs/cartographer_ros_msgs/msg/detail/metric_label__struct.h\n'}
[1.171034] (cartographer_ros_msgs) StdoutLine: {'line': b'-- Up-to-date: /root/distr_slam_ws/install/cartographer_ros_msgs/include/cartographer_ros_msgs/cartographer_ros_msgs/msg/detail/landmark_entry__functions.c\n'}
[1.171257] (cartographer_ros_msgs) StdoutLine: {'line': b'-- Up-to-date: /root/distr_slam_ws/install/cartographer_ros_msgs/include/cartographer_ros_msgs/cartographer_ros_msgs/msg/detail/submap_entry__struct.h\n'}
[1.171474] (cartographer_ros_msgs) StdoutLine: {'line': b'-- Up-to-date: /root/distr_slam_ws/install/cartographer_ros_msgs/include/cartographer_ros_msgs/cartographer_ros_msgs/msg/detail/trajectory_states__struct.h\n'}
[1.171714] (cartographer_ros_msgs) StdoutLine: {'line': b'-- Installing: /root/distr_slam_ws/install/cartographer_ros_msgs/include/cartographer_ros_msgs/cartographer_ros_msgs/msg/detail/submap_list__type_support.c\n'}
[1.177476] (cartographer_ros_msgs) StdoutLine: {'line': b'-- Up-to-date: /root/distr_slam_ws/install/cartographer_ros_msgs/include/cartographer_ros_msgs/cartographer_ros_msgs/msg/detail/metric__functions.h\n'}
[1.177747] (cartographer_ros_msgs) StdoutLine: {'line': b'-- Up-to-date: /root/distr_slam_ws/install/cartographer_ros_msgs/include/cartographer_ros_msgs/cartographer_ros_msgs/msg/detail/bagfile_progress__description.c\n'}
[1.178012] (cartographer_ros_msgs) StdoutLine: {'line': b'-- Up-to-date: /root/distr_slam_ws/install/cartographer_ros_msgs/include/cartographer_ros_msgs/cartographer_ros_msgs/msg/detail/status_response__type_support.h\n'}
[1.178257] (cartographer_ros_msgs) StdoutLine: {'line': b'-- Up-to-date: /root/distr_slam_ws/install/cartographer_ros_msgs/include/cartographer_ros_msgs/cartographer_ros_msgs/msg/detail/landmark_list__functions.c\n'}
[1.178484] (cartographer_ros_msgs) StdoutLine: {'line': b'-- Up-to-date: /root/distr_slam_ws/install/cartographer_ros_msgs/include/cartographer_ros_msgs/cartographer_ros_msgs/msg/detail/submap_entry__functions.h\n'}
[1.178745] (cartographer_ros_msgs) StdoutLine: {'line': b'-- Up-to-date: /root/distr_slam_ws/install/cartographer_ros_msgs/include/cartographer_ros_msgs/cartographer_ros_msgs/msg/detail/histogram_bucket__type_support.h\n'}
[1.179058] (cartographer_ros_msgs) StdoutLine: {'line': b'-- Up-to-date: /root/distr_slam_ws/install/cartographer_ros_msgs/include/cartographer_ros_msgs/cartographer_ros_msgs/msg/detail/histogram_bucket__description.c\n'}
[1.179363] (cartographer_ros_msgs) StdoutLine: {'line': b'-- Up-to-date: /root/distr_slam_ws/install/cartographer_ros_msgs/include/cartographer_ros_msgs/cartographer_ros_msgs/msg/detail/trajectory_states__type_support.h\n'}
[1.179670] (cartographer_ros_msgs) StdoutLine: {'line': b'-- Up-to-date: /root/distr_slam_ws/install/cartographer_ros_msgs/include/cartographer_ros_msgs/cartographer_ros_msgs/msg/detail/metric_label__type_support.h\n'}
[1.180004] (cartographer_ros_msgs) StdoutLine: {'line': b'-- Up-to-date: /root/distr_slam_ws/install/cartographer_ros_msgs/include/cartographer_ros_msgs/cartographer_ros_msgs/msg/detail/landmark_entry__type_support.h\n'}
[1.180333] (cartographer_ros_msgs) StdoutLine: {'line': b'-- Up-to-date: /root/distr_slam_ws/install/cartographer_ros_msgs/include/cartographer_ros_msgs/cartographer_ros_msgs/msg/detail/metric_family__functions.c\n'}
[1.180591] (cartographer_ros_msgs) StdoutLine: {'line': b'-- Up-to-date: /root/distr_slam_ws/install/cartographer_ros_msgs/include/cartographer_ros_msgs/cartographer_ros_msgs/msg/detail/landmark_list__description.c\n'}
[1.180894] (cartographer_ros_msgs) StdoutLine: {'line': b'-- Installing: /root/distr_slam_ws/install/cartographer_ros_msgs/include/cartographer_ros_msgs/cartographer_ros_msgs/msg/detail/histogram_bucket__type_support.c\n'}
[1.181195] (cartographer_ros_msgs) StdoutLine: {'line': b'-- Up-to-date: /root/distr_slam_ws/install/cartographer_ros_msgs/include/cartographer_ros_msgs/cartographer_ros_msgs/msg/detail/status_code__functions.c\n'}
[1.181472] (cartographer_ros_msgs) StdoutLine: {'line': b'-- Up-to-date: /root/distr_slam_ws/install/cartographer_ros_msgs/include/cartographer_ros_msgs/cartographer_ros_msgs/msg/detail/metric__struct.h\n'}
[1.181688] (cartographer_ros_msgs) StdoutLine: {'line': b'-- Installing: /root/distr_slam_ws/install/cartographer_ros_msgs/include/cartographer_ros_msgs/cartographer_ros_msgs/msg/detail/metric__type_support.c\n'}
[1.185200] (cartographer_ros_msgs) StdoutLine: {'line': b'-- Up-to-date: /root/distr_slam_ws/install/cartographer_ros_msgs/include/cartographer_ros_msgs/cartographer_ros_msgs/msg/detail/landmark_list__functions.h\n'}
[1.185537] (cartographer_ros_msgs) StdoutLine: {'line': b'-- Up-to-date: /root/distr_slam_ws/install/cartographer_ros_msgs/include/cartographer_ros_msgs/cartographer_ros_msgs/msg/detail/metric_label__functions.h\n'}
[1.185867] (cartographer_ros_msgs) StdoutLine: {'line': b'-- Up-to-date: /root/distr_slam_ws/install/cartographer_ros_msgs/include/cartographer_ros_msgs/cartographer_ros_msgs/msg/detail/trajectory_states__functions.c\n'}
[1.186182] (cartographer_ros_msgs) StdoutLine: {'line': b'-- Up-to-date: /root/distr_slam_ws/install/cartographer_ros_msgs/include/cartographer_ros_msgs/cartographer_ros_msgs/msg/detail/submap_list__description.c\n'}
[1.186528] (cartographer_ros_msgs) StdoutLine: {'line': b'-- Up-to-date: /root/distr_slam_ws/install/cartographer_ros_msgs/include/cartographer_ros_msgs/cartographer_ros_msgs/msg/detail/submap_list__struct.h\n'}
[1.187382] (cartographer_ros_msgs) StdoutLine: {'line': b'-- Up-to-date: /root/distr_slam_ws/install/cartographer_ros_msgs/include/cartographer_ros_msgs/cartographer_ros_msgs/msg/detail/trajectory_states__description.c\n'}
[1.187983] (cartographer_ros_msgs) StdoutLine: {'line': b'-- Up-to-date: /root/distr_slam_ws/install/cartographer_ros_msgs/include/cartographer_ros_msgs/cartographer_ros_msgs/msg/detail/bagfile_progress__type_support.h\n'}
[1.188288] (cartographer_ros_msgs) StdoutLine: {'line': b'-- Up-to-date: /root/distr_slam_ws/install/cartographer_ros_msgs/include/cartographer_ros_msgs/cartographer_ros_msgs/msg/detail/landmark_list__type_support.h\n'}
[1.188731] (cartographer_ros_msgs) StdoutLine: {'line': b'-- Up-to-date: /root/distr_slam_ws/install/cartographer_ros_msgs/include/cartographer_ros_msgs/cartographer_ros_msgs/msg/detail/submap_texture__struct.h\n'}
[1.189024] (cartographer_ros_msgs) StdoutLine: {'line': b'-- Up-to-date: /root/distr_slam_ws/install/cartographer_ros_msgs/include/cartographer_ros_msgs/cartographer_ros_msgs/msg/detail/landmark_entry__description.c\n'}
[1.189371] (cartographer_ros_msgs) StdoutLine: {'line': b'-- Up-to-date: /root/distr_slam_ws/install/cartographer_ros_msgs/include/cartographer_ros_msgs/cartographer_ros_msgs/msg/detail/bagfile_progress__functions.h\n'}
[1.189611] (cartographer_ros_msgs) StdoutLine: {'line': b'-- Up-to-date: /root/distr_slam_ws/install/cartographer_ros_msgs/include/cartographer_ros_msgs/cartographer_ros_msgs/msg/detail/metric_family__struct.h\n'}
[1.190177] (cartographer_ros_msgs) StdoutLine: {'line': b'-- Up-to-date: /root/distr_slam_ws/install/cartographer_ros_msgs/include/cartographer_ros_msgs/cartographer_ros_msgs/msg/detail/status_code__type_support.h\n'}
[1.190726] (cartographer_ros_msgs) StdoutLine: {'line': b'-- Up-to-date: /root/distr_slam_ws/install/cartographer_ros_msgs/include/cartographer_ros_msgs/cartographer_ros_msgs/msg/detail/histogram_bucket__functions.c\n'}
[1.191247] (cartographer_ros_msgs) StdoutLine: {'line': b'-- Up-to-date: /root/distr_slam_ws/install/cartographer_ros_msgs/include/cartographer_ros_msgs/cartographer_ros_msgs/msg/detail/metric_family__type_support.h\n'}
[1.191567] (cartographer_ros_msgs) StdoutLine: {'line': b'-- Installing: /root/distr_slam_ws/install/cartographer_ros_msgs/include/cartographer_ros_msgs/cartographer_ros_msgs/msg/detail/bagfile_progress__type_support.c\n'}
[1.191899] (cartographer) StdoutLine: {'line': b'[ 69%] Built target cartographer.mapping.imu_tracker_test\n'}
[1.192232] (cartographer_ros_msgs) StdoutLine: {'line': b'-- Up-to-date: /root/distr_slam_ws/install/cartographer_ros_msgs/include/cartographer_ros_msgs/cartographer_ros_msgs/msg/detail/status_code__struct.h\n'}
[1.192546] (cartographer_ros_msgs) StdoutLine: {'line': b'-- Up-to-date: /root/distr_slam_ws/install/cartographer_ros_msgs/include/cartographer_ros_msgs/cartographer_ros_msgs/msg/detail/bagfile_progress__struct.h\n'}
[1.192876] (cartographer_ros_msgs) StdoutLine: {'line': b'-- Up-to-date: /root/distr_slam_ws/install/cartographer_ros_msgs/include/cartographer_ros_msgs/cartographer_ros_msgs/msg/detail/metric_label__functions.c\n'}
[1.193195] (cartographer_ros_msgs) StdoutLine: {'line': b'-- Up-to-date: /root/distr_slam_ws/install/cartographer_ros_msgs/include/cartographer_ros_msgs/cartographer_ros_msgs/msg/detail/landmark_entry__struct.h\n'}
[1.193503] (cartographer_ros_msgs) StdoutLine: {'line': b'-- Installing: /root/distr_slam_ws/install/cartographer_ros_msgs/include/cartographer_ros_msgs/cartographer_ros_msgs/msg/detail/metric_label__type_support.c\n'}
[1.193821] (cartographer_ros_msgs) StdoutLine: {'line': b'-- Up-to-date: /root/distr_slam_ws/install/cartographer_ros_msgs/include/cartographer_ros_msgs/cartographer_ros_msgs/msg/detail/metric__description.c\n'}
[1.194134] (cartographer_ros_msgs) StdoutLine: {'line': b'-- Up-to-date: /root/distr_slam_ws/install/cartographer_ros_msgs/include/cartographer_ros_msgs/cartographer_ros_msgs/msg/detail/landmark_entry__functions.h\n'}
[1.194442] (cartographer_ros_msgs) StdoutLine: {'line': b'-- Up-to-date: /root/distr_slam_ws/install/cartographer_ros_msgs/include/cartographer_ros_msgs/cartographer_ros_msgs/msg/detail/submap_entry__description.c\n'}
[1.194786] (cartographer_ros_msgs) StdoutLine: {'line': b'-- Up-to-date: /root/distr_slam_ws/install/cartographer_ros_msgs/include/cartographer_ros_msgs/cartographer_ros_msgs/msg/detail/trajectory_states__functions.h\n'}
[1.195432] (cartographer_ros_msgs) StdoutLine: {'line': b'-- Up-to-date: /root/distr_slam_ws/install/cartographer_ros_msgs/include/cartographer_ros_msgs/cartographer_ros_msgs/msg/detail/status_code__description.c\n'}
[1.196087] (cartographer_ros_msgs) StdoutLine: {'line': b'-- Installing: /root/distr_slam_ws/install/cartographer_ros_msgs/include/cartographer_ros_msgs/cartographer_ros_msgs/msg/detail/landmark_list__type_support.c\n'}
[1.196408] (cartographer_ros_msgs) StdoutLine: {'line': b'-- Up-to-date: /root/distr_slam_ws/install/cartographer_ros_msgs/include/cartographer_ros_msgs/cartographer_ros_msgs/msg/detail/submap_texture__functions.c\n'}
[1.196985] (cartographer_ros_msgs) StdoutLine: {'line': b'-- Up-to-date: /root/distr_slam_ws/install/cartographer_ros_msgs/include/cartographer_ros_msgs/cartographer_ros_msgs/msg/detail/submap_texture__type_support.h\n'}
[1.197501] (cartographer_ros_msgs) StdoutLine: {'line': b'-- Installing: /root/distr_slam_ws/install/cartographer_ros_msgs/include/cartographer_ros_msgs/cartographer_ros_msgs/msg/detail/status_response__type_support.c\n'}
[1.197947] (cartographer_ros_msgs) StdoutLine: {'line': b'-- Up-to-date: /root/distr_slam_ws/install/cartographer_ros_msgs/include/cartographer_ros_msgs/cartographer_ros_msgs/msg/detail/histogram_bucket__functions.h\n'}
[1.198393] (cartographer_ros_msgs) StdoutLine: {'line': b'-- Up-to-date: /root/distr_slam_ws/install/cartographer_ros_msgs/include/cartographer_ros_msgs/cartographer_ros_msgs/msg/detail/status_response__functions.h\n'}
[1.198739] (cartographer_ros_msgs) StdoutLine: {'line': b'-- Installing: /root/distr_slam_ws/install/cartographer_ros_msgs/include/cartographer_ros_msgs/cartographer_ros_msgs/msg/detail/submap_entry__type_support.c\n'}
[1.199090] (cartographer_ros_msgs) StdoutLine: {'line': b'-- Up-to-date: /root/distr_slam_ws/install/cartographer_ros_msgs/include/cartographer_ros_msgs/cartographer_ros_msgs/msg/detail/metric_family__functions.h\n'}
[1.199394] (cartographer_ros_msgs) StdoutLine: {'line': b'-- Up-to-date: /root/distr_slam_ws/install/cartographer_ros_msgs/include/cartographer_ros_msgs/cartographer_ros_msgs/msg/detail/submap_texture__functions.h\n'}
[1.199725] (cartographer_ros_msgs) StdoutLine: {'line': b'-- Up-to-date: /root/distr_slam_ws/install/cartographer_ros_msgs/include/cartographer_ros_msgs/cartographer_ros_msgs/msg/detail/submap_list__functions.h\n'}
[1.200113] (cartographer_ros_msgs) StdoutLine: {'line': b'-- Installing: /root/distr_slam_ws/install/cartographer_ros_msgs/include/cartographer_ros_msgs/cartographer_ros_msgs/msg/detail/landmark_entry__type_support.c\n'}
[1.200428] (cartographer_ros_msgs) StdoutLine: {'line': b'-- Up-to-date: /root/distr_slam_ws/install/cartographer_ros_msgs/include/cartographer_ros_msgs/cartographer_ros_msgs/msg/detail/status_response__functions.c\n'}
[1.200765] (cartographer_ros_msgs) StdoutLine: {'line': b'-- Up-to-date: /root/distr_slam_ws/install/cartographer_ros_msgs/include/cartographer_ros_msgs/cartographer_ros_msgs/msg/detail/status_response__struct.h\n'}
[1.201069] (-) TimerEvent: {}
[1.202585] (cartographer) StdoutLine: {'line': b'[ 70%] Built target cartographer.mapping.3d.submap_3d_test\n'}
[1.203826] (cartographer_ros_msgs) StdoutLine: {'line': b'-- Installing: /root/distr_slam_ws/install/cartographer_ros_msgs/include/cartographer_ros_msgs/cartographer_ros_msgs/msg/detail/trajectory_states__type_support.c\n'}
[1.204912] (cartographer_ros_msgs) StdoutLine: {'line': b'-- Up-to-date: /root/distr_slam_ws/install/cartographer_ros_msgs/include/cartographer_ros_msgs/cartographer_ros_msgs/msg/detail/landmark_list__struct.h\n'}
[1.206106] (cartographer_ros_msgs) StdoutLine: {'line': b'-- Up-to-date: /root/distr_slam_ws/install/cartographer_ros_msgs/include/cartographer_ros_msgs/cartographer_ros_msgs/msg/detail/metric__functions.c\n'}
[1.206823] (cartographer_ros_msgs) StdoutLine: {'line': b'-- Installing: /root/distr_slam_ws/install/cartographer_ros_msgs/include/cartographer_ros_msgs/cartographer_ros_msgs/msg/detail/metric_family__type_support.c\n'}
[1.207190] (cartographer_ros_msgs) StdoutLine: {'line': b'-- Up-to-date: /root/distr_slam_ws/install/cartographer_ros_msgs/include/cartographer_ros_msgs/cartographer_ros_msgs/msg/detail/submap_list__functions.c\n'}
[1.207688] (cartographer_ros_msgs) StdoutLine: {'line': b'-- Up-to-date: /root/distr_slam_ws/install/cartographer_ros_msgs/include/cartographer_ros_msgs/cartographer_ros_msgs/msg/detail/metric_label__description.c\n'}
[1.208041] (cartographer_ros_msgs) StdoutLine: {'line': b'-- Up-to-date: /root/distr_slam_ws/install/cartographer_ros_msgs/include/cartographer_ros_msgs/cartographer_ros_msgs/msg/detail/metric__type_support.h\n'}
[1.208364] (cartographer_ros_msgs) StdoutLine: {'line': b'-- Up-to-date: /root/distr_slam_ws/install/cartographer_ros_msgs/include/cartographer_ros_msgs/cartographer_ros_msgs/msg/detail/submap_entry__type_support.h\n'}
[1.208936] (cartographer_ros_msgs) StdoutLine: {'line': b'-- Up-to-date: /root/distr_slam_ws/install/cartographer_ros_msgs/include/cartographer_ros_msgs/cartographer_ros_msgs/msg/detail/histogram_bucket__struct.h\n'}
[1.209366] (cartographer_ros_msgs) StdoutLine: {'line': b'-- Up-to-date: /root/distr_slam_ws/install/cartographer_ros_msgs/include/cartographer_ros_msgs/cartographer_ros_msgs/msg/detail/submap_list__type_support.h\n'}
[1.209788] (cartographer_ros_msgs) StdoutLine: {'line': b'-- Up-to-date: /root/distr_slam_ws/install/cartographer_ros_msgs/include/cartographer_ros_msgs/cartographer_ros_msgs/msg/detail/status_response__description.c\n'}
[1.210061] (cartographer_ros_msgs) StdoutLine: {'line': b'-- Up-to-date: /root/distr_slam_ws/install/cartographer_ros_msgs/include/cartographer_ros_msgs/cartographer_ros_msgs/srv\n'}
[1.210289] (cartographer_ros_msgs) StdoutLine: {'line': b'-- Up-to-date: /root/distr_slam_ws/install/cartographer_ros_msgs/include/cartographer_ros_msgs/cartographer_ros_msgs/srv/finish_trajectory.h\n'}
[1.210560] (cartographer_ros_msgs) StdoutLine: {'line': b'-- Up-to-date: /root/distr_slam_ws/install/cartographer_ros_msgs/include/cartographer_ros_msgs/cartographer_ros_msgs/srv/start_trajectory.h\n'}
[1.210858] (cartographer_ros_msgs) StdoutLine: {'line': b'-- Up-to-date: /root/distr_slam_ws/install/cartographer_ros_msgs/include/cartographer_ros_msgs/cartographer_ros_msgs/srv/get_trajectory_states.h\n'}
[1.211193] (cartographer_ros_msgs) StdoutLine: {'line': b'-- Up-to-date: /root/distr_slam_ws/install/cartographer_ros_msgs/include/cartographer_ros_msgs/cartographer_ros_msgs/srv/write_state.h\n'}
[1.211800] (cartographer_ros_msgs) StdoutLine: {'line': b'-- Up-to-date: /root/distr_slam_ws/install/cartographer_ros_msgs/include/cartographer_ros_msgs/cartographer_ros_msgs/srv/get_slam_state.h\n'}
[1.212097] (cartographer_ros_msgs) StdoutLine: {'line': b'-- Up-to-date: /root/distr_slam_ws/install/cartographer_ros_msgs/include/cartographer_ros_msgs/cartographer_ros_msgs/srv/submap_query.h\n'}
[1.212510] (cartographer_ros_msgs) StdoutLine: {'line': b'-- Up-to-date: /root/distr_slam_ws/install/cartographer_ros_msgs/include/cartographer_ros_msgs/cartographer_ros_msgs/srv/trajectory_query.h\n'}
[1.212797] (cartographer_ros_msgs) StdoutLine: {'line': b'-- Up-to-date: /root/distr_slam_ws/install/cartographer_ros_msgs/include/cartographer_ros_msgs/cartographer_ros_msgs/srv/set_slam_state.h\n'}
[1.213035] (cartographer_ros_msgs) StdoutLine: {'line': b'-- Up-to-date: /root/distr_slam_ws/install/cartographer_ros_msgs/include/cartographer_ros_msgs/cartographer_ros_msgs/srv/read_metrics.h\n'}
[1.213253] (cartographer_ros_msgs) StdoutLine: {'line': b'-- Up-to-date: /root/distr_slam_ws/install/cartographer_ros_msgs/include/cartographer_ros_msgs/cartographer_ros_msgs/srv/detail\n'}
[1.213486] (cartographer_ros_msgs) StdoutLine: {'line': b'-- Up-to-date: /root/distr_slam_ws/install/cartographer_ros_msgs/include/cartographer_ros_msgs/cartographer_ros_msgs/srv/detail/get_slam_state__type_support.h\n'}
[1.213776] (cartographer_ros_msgs) StdoutLine: {'line': b'-- Up-to-date: /root/distr_slam_ws/install/cartographer_ros_msgs/include/cartographer_ros_msgs/cartographer_ros_msgs/srv/detail/read_metrics__struct.h\n'}
[1.214283] (cartographer_ros_msgs) StdoutLine: {'line': b'-- Up-to-date: /root/distr_slam_ws/install/cartographer_ros_msgs/include/cartographer_ros_msgs/cartographer_ros_msgs/srv/detail/trajectory_query__functions.h\n'}
[1.214534] (cartographer_ros_msgs) StdoutLine: {'line': b'-- Installing: /root/distr_slam_ws/install/cartographer_ros_msgs/include/cartographer_ros_msgs/cartographer_ros_msgs/srv/detail/set_slam_state__type_support.c\n'}
[1.214893] (cartographer) StdoutLine: {'line': b'[ 70%] Built target cartographer.mapping.internal.2d.normal_estimation_2d_test\n'}
[1.215154] (cartographer_ros_msgs) StdoutLine: {'line': b'-- Up-to-date: /root/distr_slam_ws/install/cartographer_ros_msgs/include/cartographer_ros_msgs/cartographer_ros_msgs/srv/detail/get_slam_state__description.c\n'}
[1.215601] (cartographer_ros_msgs) StdoutLine: {'line': b'-- Installing: /root/distr_slam_ws/install/cartographer_ros_msgs/include/cartographer_ros_msgs/cartographer_ros_msgs/srv/detail/finish_trajectory__type_support.c\n'}
[1.215876] (cartographer_ros_msgs) StdoutLine: {'line': b'-- Installing: /root/distr_slam_ws/install/cartographer_ros_msgs/include/cartographer_ros_msgs/cartographer_ros_msgs/srv/detail/start_trajectory__type_support.c\n'}
[1.216218] (cartographer_ros_msgs) StdoutLine: {'line': b'-- Up-to-date: /root/distr_slam_ws/install/cartographer_ros_msgs/include/cartographer_ros_msgs/cartographer_ros_msgs/srv/detail/start_trajectory__functions.c\n'}
[1.216504] (cartographer_ros_msgs) StdoutLine: {'line': b'-- Up-to-date: /root/distr_slam_ws/install/cartographer_ros_msgs/include/cartographer_ros_msgs/cartographer_ros_msgs/srv/detail/read_metrics__functions.h\n'}
[1.216844] (cartographer_ros_msgs) StdoutLine: {'line': b'-- Up-to-date: /root/distr_slam_ws/install/cartographer_ros_msgs/include/cartographer_ros_msgs/cartographer_ros_msgs/srv/detail/submap_query__functions.h\n'}
[1.217126] (cartographer_ros_msgs) StdoutLine: {'line': b'-- Up-to-date: /root/distr_slam_ws/install/cartographer_ros_msgs/include/cartographer_ros_msgs/cartographer_ros_msgs/srv/detail/write_state__struct.h\n'}
[1.217537] (cartographer_ros_msgs) StdoutLine: {'line': b'-- Up-to-date: /root/distr_slam_ws/install/cartographer_ros_msgs/include/cartographer_ros_msgs/cartographer_ros_msgs/srv/detail/submap_query__struct.h\n'}
[1.217830] (cartographer_ros_msgs) StdoutLine: {'line': b'-- Up-to-date: /root/distr_slam_ws/install/cartographer_ros_msgs/include/cartographer_ros_msgs/cartographer_ros_msgs/srv/detail/start_trajectory__description.c\n'}
[1.218270] (cartographer_ros_msgs) StdoutLine: {'line': b'-- Up-to-date: /root/distr_slam_ws/install/cartographer_ros_msgs/include/cartographer_ros_msgs/cartographer_ros_msgs/srv/detail/trajectory_query__type_support.h\n'}
[1.218563] (cartographer_ros_msgs) StdoutLine: {'line': b'-- Up-to-date: /root/distr_slam_ws/install/cartographer_ros_msgs/include/cartographer_ros_msgs/cartographer_ros_msgs/srv/detail/start_trajectory__functions.h\n'}
[1.218949] (cartographer_ros_msgs) StdoutLine: {'line': b'-- Up-to-date: /root/distr_slam_ws/install/cartographer_ros_msgs/include/cartographer_ros_msgs/cartographer_ros_msgs/srv/detail/set_slam_state__type_support.h\n'}
[1.219713] (cartographer_ros_msgs) StdoutLine: {'line': b'-- Up-to-date: /root/distr_slam_ws/install/cartographer_ros_msgs/include/cartographer_ros_msgs/cartographer_ros_msgs/srv/detail/finish_trajectory__functions.c\n'}
[1.220425] (cartographer_ros_msgs) StdoutLine: {'line': b'-- Up-to-date: /root/distr_slam_ws/install/cartographer_ros_msgs/include/cartographer_ros_msgs/cartographer_ros_msgs/srv/detail/trajectory_query__struct.h\n'}
[1.221448] (cartographer_ros_msgs) StdoutLine: {'line': b'-- Up-to-date: /root/distr_slam_ws/install/cartographer_ros_msgs/include/cartographer_ros_msgs/cartographer_ros_msgs/srv/detail/get_slam_state__functions.c\n'}
[1.221881] (cartographer_ros_msgs) StdoutLine: {'line': b'-- Up-to-date: /root/distr_slam_ws/install/cartographer_ros_msgs/include/cartographer_ros_msgs/cartographer_ros_msgs/srv/detail/set_slam_state__struct.h\n'}
[1.222262] (cartographer_ros_msgs) StdoutLine: {'line': b'-- Up-to-date: /root/distr_slam_ws/install/cartographer_ros_msgs/include/cartographer_ros_msgs/cartographer_ros_msgs/srv/detail/write_state__description.c\n'}
[1.222548] (cartographer_ros_msgs) StdoutLine: {'line': b'-- Up-to-date: /root/distr_slam_ws/install/cartographer_ros_msgs/include/cartographer_ros_msgs/cartographer_ros_msgs/srv/detail/finish_trajectory__type_support.h\n'}
[1.222930] (cartographer_ros_msgs) StdoutLine: {'line': b'-- Up-to-date: /root/distr_slam_ws/install/cartographer_ros_msgs/include/cartographer_ros_msgs/cartographer_ros_msgs/srv/detail/start_trajectory__struct.h\n'}
[1.223226] (cartographer_ros_msgs) StdoutLine: {'line': b'-- Up-to-date: /root/distr_slam_ws/install/cartographer_ros_msgs/include/cartographer_ros_msgs/cartographer_ros_msgs/srv/detail/write_state__functions.h\n'}
[1.223550] (cartographer_ros_msgs) StdoutLine: {'line': b'-- Up-to-date: /root/distr_slam_ws/install/cartographer_ros_msgs/include/cartographer_ros_msgs/cartographer_ros_msgs/srv/detail/finish_trajectory__description.c\n'}
[1.223909] (cartographer_ros_msgs) StdoutLine: {'line': b'-- Installing: /root/distr_slam_ws/install/cartographer_ros_msgs/include/cartographer_ros_msgs/cartographer_ros_msgs/srv/detail/get_slam_state__type_support.c\n'}
[1.224219] (cartographer_ros_msgs) StdoutLine: {'line': b'-- Up-to-date: /root/distr_slam_ws/install/cartographer_ros_msgs/include/cartographer_ros_msgs/cartographer_ros_msgs/srv/detail/finish_trajectory__functions.h\n'}
[1.224550] (cartographer_ros_msgs) StdoutLine: {'line': b'-- Up-to-date: /root/distr_slam_ws/install/cartographer_ros_msgs/include/cartographer_ros_msgs/cartographer_ros_msgs/srv/detail/get_slam_state__functions.h\n'}
[1.224897] (cartographer_ros_msgs) StdoutLine: {'line': b'-- Up-to-date: /root/distr_slam_ws/install/cartographer_ros_msgs/include/cartographer_ros_msgs/cartographer_ros_msgs/srv/detail/trajectory_query__functions.c\n'}
[1.225182] (cartographer_ros_msgs) StdoutLine: {'line': b'-- Up-to-date: /root/distr_slam_ws/install/cartographer_ros_msgs/include/cartographer_ros_msgs/cartographer_ros_msgs/srv/detail/set_slam_state__functions.c\n'}
[1.225473] (cartographer_ros_msgs) StdoutLine: {'line': b'-- Up-to-date: /root/distr_slam_ws/install/cartographer_ros_msgs/include/cartographer_ros_msgs/cartographer_ros_msgs/srv/detail/write_state__type_support.h\n'}
[1.225710] (cartographer_ros_msgs) StdoutLine: {'line': b'-- Up-to-date: /root/distr_slam_ws/install/cartographer_ros_msgs/include/cartographer_ros_msgs/cartographer_ros_msgs/srv/detail/read_metrics__type_support.h\n'}
[1.225945] (cartographer_ros_msgs) StdoutLine: {'line': b'-- Installing: /root/distr_slam_ws/install/cartographer_ros_msgs/include/cartographer_ros_msgs/cartographer_ros_msgs/srv/detail/write_state__type_support.c\n'}
[1.226191] (cartographer_ros_msgs) StdoutLine: {'line': b'-- Up-to-date: /root/distr_slam_ws/install/cartographer_ros_msgs/include/cartographer_ros_msgs/cartographer_ros_msgs/srv/detail/read_metrics__functions.c\n'}
[1.226418] (cartographer_ros_msgs) StdoutLine: {'line': b'-- Up-to-date: /root/distr_slam_ws/install/cartographer_ros_msgs/include/cartographer_ros_msgs/cartographer_ros_msgs/srv/detail/set_slam_state__functions.h\n'}
[1.226642] (cartographer_ros_msgs) StdoutLine: {'line': b'-- Installing: /root/distr_slam_ws/install/cartographer_ros_msgs/include/cartographer_ros_msgs/cartographer_ros_msgs/srv/detail/trajectory_query__type_support.c\n'}
[1.226915] (cartographer_ros_msgs) StdoutLine: {'line': b'-- Up-to-date: /root/distr_slam_ws/install/cartographer_ros_msgs/include/cartographer_ros_msgs/cartographer_ros_msgs/srv/detail/start_trajectory__type_support.h\n'}
[1.227137] (cartographer) StdoutLine: {'line': b'[ 71%] Built target cartographer.mapping.id_test\n'}
[1.227383] (cartographer_ros_msgs) StdoutLine: {'line': b'-- Up-to-date: /root/distr_slam_ws/install/cartographer_ros_msgs/include/cartographer_ros_msgs/cartographer_ros_msgs/srv/detail/get_slam_state__struct.h\n'}
[1.227612] (cartographer_ros_msgs) StdoutLine: {'line': b'-- Up-to-date: /root/distr_slam_ws/install/cartographer_ros_msgs/include/cartographer_ros_msgs/cartographer_ros_msgs/srv/detail/submap_query__type_support.h\n'}
[1.228062] (cartographer_ros_msgs) StdoutLine: {'line': b'-- Installing: /root/distr_slam_ws/install/cartographer_ros_msgs/include/cartographer_ros_msgs/cartographer_ros_msgs/srv/detail/get_trajectory_states__type_support.c\n'}
[1.228316] (cartographer_ros_msgs) StdoutLine: {'line': b'-- Up-to-date: /root/distr_slam_ws/install/cartographer_ros_msgs/include/cartographer_ros_msgs/cartographer_ros_msgs/srv/detail/get_trajectory_states__struct.h\n'}
[1.228549] (cartographer_ros_msgs) StdoutLine: {'line': b'-- Up-to-date: /root/distr_slam_ws/install/cartographer_ros_msgs/include/cartographer_ros_msgs/cartographer_ros_msgs/srv/detail/write_state__functions.c\n'}
[1.228805] (cartographer_ros_msgs) StdoutLine: {'line': b'-- Up-to-date: /root/distr_slam_ws/install/cartographer_ros_msgs/include/cartographer_ros_msgs/cartographer_ros_msgs/srv/detail/finish_trajectory__struct.h\n'}
[1.229157] (cartographer_ros_msgs) StdoutLine: {'line': b'-- Up-to-date: /root/distr_slam_ws/install/cartographer_ros_msgs/include/cartographer_ros_msgs/cartographer_ros_msgs/srv/detail/get_trajectory_states__functions.c\n'}
[1.229392] (cartographer_ros_msgs) StdoutLine: {'line': b'-- Up-to-date: /root/distr_slam_ws/install/cartographer_ros_msgs/include/cartographer_ros_msgs/cartographer_ros_msgs/srv/detail/submap_query__functions.c\n'}
[1.229630] (cartographer_ros_msgs) StdoutLine: {'line': b'-- Up-to-date: /root/distr_slam_ws/install/cartographer_ros_msgs/include/cartographer_ros_msgs/cartographer_ros_msgs/srv/detail/get_trajectory_states__description.c\n'}
[1.229880] (cartographer_ros_msgs) StdoutLine: {'line': b'-- Installing: /root/distr_slam_ws/install/cartographer_ros_msgs/include/cartographer_ros_msgs/cartographer_ros_msgs/srv/detail/submap_query__type_support.c\n'}
[1.230167] (cartographer_ros_msgs) StdoutLine: {'line': b'-- Up-to-date: /root/distr_slam_ws/install/cartographer_ros_msgs/include/cartographer_ros_msgs/cartographer_ros_msgs/srv/detail/get_trajectory_states__functions.h\n'}
[1.230388] (cartographer_ros_msgs) StdoutLine: {'line': b'-- Up-to-date: /root/distr_slam_ws/install/cartographer_ros_msgs/include/cartographer_ros_msgs/cartographer_ros_msgs/srv/detail/get_trajectory_states__type_support.h\n'}
[1.230616] (cartographer_ros_msgs) StdoutLine: {'line': b'-- Up-to-date: /root/distr_slam_ws/install/cartographer_ros_msgs/include/cartographer_ros_msgs/cartographer_ros_msgs/srv/detail/set_slam_state__description.c\n'}
[1.230957] (cartographer_ros_msgs) StdoutLine: {'line': b'-- Up-to-date: /root/distr_slam_ws/install/cartographer_ros_msgs/include/cartographer_ros_msgs/cartographer_ros_msgs/srv/detail/read_metrics__description.c\n'}
[1.231447] (cartographer_ros_msgs) StdoutLine: {'line': b'-- Installing: /root/distr_slam_ws/install/cartographer_ros_msgs/include/cartographer_ros_msgs/cartographer_ros_msgs/srv/detail/read_metrics__type_support.c\n'}
[1.231968] (cartographer_ros_msgs) StdoutLine: {'line': b'-- Up-to-date: /root/distr_slam_ws/install/cartographer_ros_msgs/include/cartographer_ros_msgs/cartographer_ros_msgs/srv/detail/submap_query__description.c\n'}
[1.232408] (cartographer_ros_msgs) StdoutLine: {'line': b'-- Up-to-date: /root/distr_slam_ws/install/cartographer_ros_msgs/include/cartographer_ros_msgs/cartographer_ros_msgs/srv/detail/trajectory_query__description.c\n'}
[1.232941] (cartographer_ros_msgs) StdoutLine: {'line': b'-- Up-to-date: /root/distr_slam_ws/install/cartographer_ros_msgs/share/cartographer_ros_msgs/environment/library_path.sh\n'}
[1.233381] (cartographer_ros_msgs) StdoutLine: {'line': b'-- Up-to-date: /root/distr_slam_ws/install/cartographer_ros_msgs/share/cartographer_ros_msgs/environment/library_path.dsv\n'}
[1.233867] (cartographer_ros_msgs) StdoutLine: {'line': b'-- Up-to-date: /root/distr_slam_ws/install/cartographer_ros_msgs/lib/libcartographer_ros_msgs__rosidl_generator_c.so\n'}
[1.234316] (cartographer_ros_msgs) StdoutLine: {'line': b'-- Up-to-date: /root/distr_slam_ws/install/cartographer_ros_msgs/include/cartographer_ros_msgs/cartographer_ros_msgs\n'}
[1.234943] (cartographer_ros_msgs) StdoutLine: {'line': b'-- Up-to-date: /root/distr_slam_ws/install/cartographer_ros_msgs/include/cartographer_ros_msgs/cartographer_ros_msgs/msg\n'}
[1.235559] (cartographer_ros_msgs) StdoutLine: {'line': b'-- Up-to-date: /root/distr_slam_ws/install/cartographer_ros_msgs/include/cartographer_ros_msgs/cartographer_ros_msgs/msg/rosidl_typesupport_fastrtps_c__visibility_control.h\n'}
[1.236838] (cartographer_ros_msgs) StdoutLine: {'line': b'-- Up-to-date: /root/distr_slam_ws/install/cartographer_ros_msgs/include/cartographer_ros_msgs/cartographer_ros_msgs/msg/detail\n'}
[1.237236] (cartographer_ros_msgs) StdoutLine: {'line': b'-- Up-to-date: /root/distr_slam_ws/install/cartographer_ros_msgs/include/cartographer_ros_msgs/cartographer_ros_msgs/msg/detail/landmark_entry__rosidl_typesupport_fastrtps_c.h\n'}
[1.237550] (cartographer_ros_msgs) StdoutLine: {'line': b'-- Up-to-date: /root/distr_slam_ws/install/cartographer_ros_msgs/include/cartographer_ros_msgs/cartographer_ros_msgs/msg/detail/submap_entry__rosidl_typesupport_fastrtps_c.h\n'}
[1.239763] (cartographer_ros_msgs) StdoutLine: {'line': b'-- Up-to-date: /root/distr_slam_ws/install/cartographer_ros_msgs/include/cartographer_ros_msgs/cartographer_ros_msgs/msg/detail/histogram_bucket__rosidl_typesupport_fastrtps_c.h\n'}
[1.240148] (cartographer_ros_msgs) StdoutLine: {'line': b'-- Up-to-date: /root/distr_slam_ws/install/cartographer_ros_msgs/include/cartographer_ros_msgs/cartographer_ros_msgs/msg/detail/bagfile_progress__rosidl_typesupport_fastrtps_c.h\n'}
[1.240511] (cartographer_ros_msgs) StdoutLine: {'line': b'-- Up-to-date: /root/distr_slam_ws/install/cartographer_ros_msgs/include/cartographer_ros_msgs/cartographer_ros_msgs/msg/detail/trajectory_states__rosidl_typesupport_fastrtps_c.h\n'}
[1.243990] (cartographer_ros_msgs) StdoutLine: {'line': b'-- Up-to-date: /root/distr_slam_ws/install/cartographer_ros_msgs/include/cartographer_ros_msgs/cartographer_ros_msgs/msg/detail/landmark_list__rosidl_typesupport_fastrtps_c.h\n'}
[1.244376] (cartographer_ros_msgs) StdoutLine: {'line': b'-- Up-to-date: /root/distr_slam_ws/install/cartographer_ros_msgs/include/cartographer_ros_msgs/cartographer_ros_msgs/msg/detail/submap_list__rosidl_typesupport_fastrtps_c.h\n'}
[1.244707] (cartographer_ros_msgs) StdoutLine: {'line': b'-- Up-to-date: /root/distr_slam_ws/install/cartographer_ros_msgs/include/cartographer_ros_msgs/cartographer_ros_msgs/msg/detail/metric__rosidl_typesupport_fastrtps_c.h\n'}
[1.245089] (cartographer_ros_msgs) StdoutLine: {'line': b'-- Up-to-date: /root/distr_slam_ws/install/cartographer_ros_msgs/include/cartographer_ros_msgs/cartographer_ros_msgs/msg/detail/status_response__rosidl_typesupport_fastrtps_c.h\n'}
[1.245414] (cartographer_ros_msgs) StdoutLine: {'line': b'-- Up-to-date: /root/distr_slam_ws/install/cartographer_ros_msgs/include/cartographer_ros_msgs/cartographer_ros_msgs/msg/detail/status_code__rosidl_typesupport_fastrtps_c.h\n'}
[1.245671] (cartographer_ros_msgs) StdoutLine: {'line': b'-- Up-to-date: /root/distr_slam_ws/install/cartographer_ros_msgs/include/cartographer_ros_msgs/cartographer_ros_msgs/msg/detail/submap_texture__rosidl_typesupport_fastrtps_c.h\n'}
[1.246580] (cartographer_ros_msgs) StdoutLine: {'line': b'-- Up-to-date: /root/distr_slam_ws/install/cartographer_ros_msgs/include/cartographer_ros_msgs/cartographer_ros_msgs/msg/detail/metric_family__rosidl_typesupport_fastrtps_c.h\n'}
[1.249144] (cartographer_ros_msgs) StdoutLine: {'line': b'-- Up-to-date: /root/distr_slam_ws/install/cartographer_ros_msgs/include/cartographer_ros_msgs/cartographer_ros_msgs/msg/detail/metric_label__rosidl_typesupport_fastrtps_c.h\n'}
[1.249404] (cartographer_ros_msgs) StdoutLine: {'line': b'-- Up-to-date: /root/distr_slam_ws/install/cartographer_ros_msgs/include/cartographer_ros_msgs/cartographer_ros_msgs/srv\n'}
[1.249675] (cartographer_ros_msgs) StdoutLine: {'line': b'-- Up-to-date: /root/distr_slam_ws/install/cartographer_ros_msgs/include/cartographer_ros_msgs/cartographer_ros_msgs/srv/detail\n'}
[1.250132] (cartographer_ros_msgs) StdoutLine: {'line': b'-- Up-to-date: /root/distr_slam_ws/install/cartographer_ros_msgs/include/cartographer_ros_msgs/cartographer_ros_msgs/srv/detail/set_slam_state__rosidl_typesupport_fastrtps_c.h\n'}
[1.250427] (cartographer_ros_msgs) StdoutLine: {'line': b'-- Up-to-date: /root/distr_slam_ws/install/cartographer_ros_msgs/include/cartographer_ros_msgs/cartographer_ros_msgs/srv/detail/write_state__rosidl_typesupport_fastrtps_c.h\n'}
[1.250688] (cartographer_ros_msgs) StdoutLine: {'line': b'-- Up-to-date: /root/distr_slam_ws/install/cartographer_ros_msgs/include/cartographer_ros_msgs/cartographer_ros_msgs/srv/detail/read_metrics__rosidl_typesupport_fastrtps_c.h\n'}
[1.250945] (cartographer_ros_msgs) StdoutLine: {'line': b'-- Up-to-date: /root/distr_slam_ws/install/cartographer_ros_msgs/include/cartographer_ros_msgs/cartographer_ros_msgs/srv/detail/start_trajectory__rosidl_typesupport_fastrtps_c.h\n'}
[1.251232] (cartographer_ros_msgs) StdoutLine: {'line': b'-- Up-to-date: /root/distr_slam_ws/install/cartographer_ros_msgs/include/cartographer_ros_msgs/cartographer_ros_msgs/srv/detail/submap_query__rosidl_typesupport_fastrtps_c.h\n'}
[1.251449] (cartographer_ros_msgs) StdoutLine: {'line': b'-- Up-to-date: /root/distr_slam_ws/install/cartographer_ros_msgs/include/cartographer_ros_msgs/cartographer_ros_msgs/srv/detail/get_trajectory_states__rosidl_typesupport_fastrtps_c.h\n'}
[1.251680] (cartographer_ros_msgs) StdoutLine: {'line': b'-- Up-to-date: /root/distr_slam_ws/install/cartographer_ros_msgs/include/cartographer_ros_msgs/cartographer_ros_msgs/srv/detail/finish_trajectory__rosidl_typesupport_fastrtps_c.h\n'}
[1.251926] (cartographer_ros_msgs) StdoutLine: {'line': b'-- Up-to-date: /root/distr_slam_ws/install/cartographer_ros_msgs/include/cartographer_ros_msgs/cartographer_ros_msgs/srv/detail/get_slam_state__rosidl_typesupport_fastrtps_c.h\n'}
[1.252167] (cartographer_ros_msgs) StdoutLine: {'line': b'-- Up-to-date: /root/distr_slam_ws/install/cartographer_ros_msgs/include/cartographer_ros_msgs/cartographer_ros_msgs/srv/detail/trajectory_query__rosidl_typesupport_fastrtps_c.h\n'}
[1.252410] (cartographer_ros_msgs) StdoutLine: {'line': b'-- Up-to-date: /root/distr_slam_ws/install/cartographer_ros_msgs/lib/libcartographer_ros_msgs__rosidl_typesupport_fastrtps_c.so\n'}
[1.252646] (cartographer_ros_msgs) StdoutLine: {'line': b'-- Up-to-date: /root/distr_slam_ws/install/cartographer_ros_msgs/include/cartographer_ros_msgs/cartographer_ros_msgs\n'}
[1.252934] (cartographer_ros_msgs) StdoutLine: {'line': b'-- Up-to-date: /root/distr_slam_ws/install/cartographer_ros_msgs/include/cartographer_ros_msgs/cartographer_ros_msgs/msg\n'}
[1.253222] (cartographer_ros_msgs) StdoutLine: {'line': b'-- Up-to-date: /root/distr_slam_ws/install/cartographer_ros_msgs/include/cartographer_ros_msgs/cartographer_ros_msgs/msg/rosidl_typesupport_introspection_c__visibility_control.h\n'}
[1.253454] (cartographer_ros_msgs) StdoutLine: {'line': b'-- Up-to-date: /root/distr_slam_ws/install/cartographer_ros_msgs/include/cartographer_ros_msgs/cartographer_ros_msgs/msg/detail\n'}
[1.253669] (cartographer_ros_msgs) StdoutLine: {'line': b'-- Up-to-date: /root/distr_slam_ws/install/cartographer_ros_msgs/include/cartographer_ros_msgs/cartographer_ros_msgs/msg/detail/metric__rosidl_typesupport_introspection_c.h\n'}
[1.258836] (cartographer_ros_msgs) StdoutLine: {'line': b'-- Up-to-date: /root/distr_slam_ws/install/cartographer_ros_msgs/include/cartographer_ros_msgs/cartographer_ros_msgs/msg/detail/submap_list__rosidl_typesupport_introspection_c.h\n'}
[1.259516] (cartographer_ros_msgs) StdoutLine: {'line': b'-- Installing: /root/distr_slam_ws/install/cartographer_ros_msgs/include/cartographer_ros_msgs/cartographer_ros_msgs/msg/detail/status_code__type_support.c\n'}
[1.262397] (cartographer_ros_msgs) StdoutLine: {'line': b'-- Up-to-date: /root/distr_slam_ws/install/cartographer_ros_msgs/include/cartographer_ros_msgs/cartographer_ros_msgs/msg/detail/status_response__rosidl_typesupport_introspection_c.h\n'}
[1.262749] (cartographer_ros_msgs) StdoutLine: {'line': b'-- Installing: /root/distr_slam_ws/install/cartographer_ros_msgs/include/cartographer_ros_msgs/cartographer_ros_msgs/msg/detail/submap_texture__type_support.c\n'}
[1.263068] (cartographer_ros_msgs) StdoutLine: {'line': b'-- Up-to-date: /root/distr_slam_ws/install/cartographer_ros_msgs/include/cartographer_ros_msgs/cartographer_ros_msgs/msg/detail/landmark_entry__rosidl_typesupport_introspection_c.h\n'}
[1.263353] (cartographer_ros_msgs) StdoutLine: {'line': b'-- Installing: /root/distr_slam_ws/install/cartographer_ros_msgs/include/cartographer_ros_msgs/cartographer_ros_msgs/msg/detail/submap_list__type_support.c\n'}
[1.263601] (cartographer_ros_msgs) StdoutLine: {'line': b'-- Up-to-date: /root/distr_slam_ws/install/cartographer_ros_msgs/include/cartographer_ros_msgs/cartographer_ros_msgs/msg/detail/bagfile_progress__rosidl_typesupport_introspection_c.h\n'}
[1.264096] (cartographer_ros_msgs) StdoutLine: {'line': b'-- Up-to-date: /root/distr_slam_ws/install/cartographer_ros_msgs/include/cartographer_ros_msgs/cartographer_ros_msgs/msg/detail/submap_texture__rosidl_typesupport_introspection_c.h\n'}
[1.264433] (cartographer_ros_msgs) StdoutLine: {'line': b'-- Installing: /root/distr_slam_ws/install/cartographer_ros_msgs/include/cartographer_ros_msgs/cartographer_ros_msgs/msg/detail/histogram_bucket__type_support.c\n'}
[1.266136] (cartographer_ros_msgs) StdoutLine: {'line': b'-- Installing: /root/distr_slam_ws/install/cartographer_ros_msgs/include/cartographer_ros_msgs/cartographer_ros_msgs/msg/detail/metric__type_support.c\n'}
[1.266515] (cartographer_ros_msgs) StdoutLine: {'line': b'-- Up-to-date: /root/distr_slam_ws/install/cartographer_ros_msgs/include/cartographer_ros_msgs/cartographer_ros_msgs/msg/detail/metric_label__rosidl_typesupport_introspection_c.h\n'}
[1.266794] (cartographer_ros_msgs) StdoutLine: {'line': b'-- Up-to-date: /root/distr_slam_ws/install/cartographer_ros_msgs/include/cartographer_ros_msgs/cartographer_ros_msgs/msg/detail/trajectory_states__rosidl_typesupport_introspection_c.h\n'}
[1.270765] (cartographer_ros_msgs) StdoutLine: {'line': b'-- Installing: /root/distr_slam_ws/install/cartographer_ros_msgs/include/cartographer_ros_msgs/cartographer_ros_msgs/msg/detail/bagfile_progress__type_support.c\n'}
[1.271510] (cartographer_ros_msgs) StdoutLine: {'line': b'-- Installing: /root/distr_slam_ws/install/cartographer_ros_msgs/include/cartographer_ros_msgs/cartographer_ros_msgs/msg/detail/metric_label__type_support.c\n'}
[1.271829] (cartographer_ros_msgs) StdoutLine: {'line': b'-- Installing: /root/distr_slam_ws/install/cartographer_ros_msgs/include/cartographer_ros_msgs/cartographer_ros_msgs/msg/detail/landmark_list__type_support.c\n'}
[1.272076] (cartographer_ros_msgs) StdoutLine: {'line': b'-- Installing: /root/distr_slam_ws/install/cartographer_ros_msgs/include/cartographer_ros_msgs/cartographer_ros_msgs/msg/detail/status_response__type_support.c\n'}
[1.272299] (cartographer_ros_msgs) StdoutLine: {'line': b'-- Up-to-date: /root/distr_slam_ws/install/cartographer_ros_msgs/include/cartographer_ros_msgs/cartographer_ros_msgs/msg/detail/histogram_bucket__rosidl_typesupport_introspection_c.h\n'}
[1.272520] (cartographer_ros_msgs) StdoutLine: {'line': b'-- Installing: /root/distr_slam_ws/install/cartographer_ros_msgs/include/cartographer_ros_msgs/cartographer_ros_msgs/msg/detail/submap_entry__type_support.c\n'}
[1.272762] (cartographer_ros_msgs) StdoutLine: {'line': b'-- Installing: /root/distr_slam_ws/install/cartographer_ros_msgs/include/cartographer_ros_msgs/cartographer_ros_msgs/msg/detail/landmark_entry__type_support.c\n'}
[1.273001] (cartographer_ros_msgs) StdoutLine: {'line': b'-- Installing: /root/distr_slam_ws/install/cartographer_ros_msgs/include/cartographer_ros_msgs/cartographer_ros_msgs/msg/detail/trajectory_states__type_support.c\n'}
[1.273266] (cartographer_ros_msgs) StdoutLine: {'line': b'-- Up-to-date: /root/distr_slam_ws/install/cartographer_ros_msgs/include/cartographer_ros_msgs/cartographer_ros_msgs/msg/detail/status_code__rosidl_typesupport_introspection_c.h\n'}
[1.273512] (cartographer) StdoutLine: {'line': b'[ 72%] Built target cartographer.mapping.internal.2d.overlapping_submaps_trimmer_2d_test\n'}
[1.276809] (cartographer) StdoutLine: {'line': b'[ 72%] Built target cartographer.mapping.internal.2d.pose_graph_2d_test\n'}
[1.277271] (cartographer_ros_msgs) StdoutLine: {'line': b'-- Installing: /root/distr_slam_ws/install/cartographer_ros_msgs/include/cartographer_ros_msgs/cartographer_ros_msgs/msg/detail/metric_family__type_support.c\n'}
[1.277597] (cartographer_ros_msgs) StdoutLine: {'line': b'-- Up-to-date: /root/distr_slam_ws/install/cartographer_ros_msgs/include/cartographer_ros_msgs/cartographer_ros_msgs/msg/detail/metric_family__rosidl_typesupport_introspection_c.h\n'}
[1.278294] (cartographer_ros_msgs) StdoutLine: {'line': b'-- Up-to-date: /root/distr_slam_ws/install/cartographer_ros_msgs/include/cartographer_ros_msgs/cartographer_ros_msgs/msg/detail/landmark_list__rosidl_typesupport_introspection_c.h\n'}
[1.278607] (cartographer_ros_msgs) StdoutLine: {'line': b'-- Up-to-date: /root/distr_slam_ws/install/cartographer_ros_msgs/include/cartographer_ros_msgs/cartographer_ros_msgs/msg/detail/submap_entry__rosidl_typesupport_introspection_c.h\n'}
[1.278936] (cartographer_ros_msgs) StdoutLine: {'line': b'-- Up-to-date: /root/distr_slam_ws/install/cartographer_ros_msgs/include/cartographer_ros_msgs/cartographer_ros_msgs/srv\n'}
[1.279241] (cartographer_ros_msgs) StdoutLine: {'line': b'-- Up-to-date: /root/distr_slam_ws/install/cartographer_ros_msgs/include/cartographer_ros_msgs/cartographer_ros_msgs/srv/detail\n'}
[1.279538] (cartographer_ros_msgs) StdoutLine: {'line': b'-- Installing: /root/distr_slam_ws/install/cartographer_ros_msgs/include/cartographer_ros_msgs/cartographer_ros_msgs/srv/detail/set_slam_state__type_support.c\n'}
[1.279857] (cartographer_ros_msgs) StdoutLine: {'line': b'-- Installing: /root/distr_slam_ws/install/cartographer_ros_msgs/include/cartographer_ros_msgs/cartographer_ros_msgs/srv/detail/finish_trajectory__type_support.c\n'}
[1.280163] (cartographer_ros_msgs) StdoutLine: {'line': b'-- Installing: /root/distr_slam_ws/install/cartographer_ros_msgs/include/cartographer_ros_msgs/cartographer_ros_msgs/srv/detail/start_trajectory__type_support.c\n'}
[1.280462] (cartographer_ros_msgs) StdoutLine: {'line': b'-- Up-to-date: /root/distr_slam_ws/install/cartographer_ros_msgs/include/cartographer_ros_msgs/cartographer_ros_msgs/srv/detail/set_slam_state__rosidl_typesupport_introspection_c.h\n'}
[1.280778] (cartographer_ros_msgs) StdoutLine: {'line': b'-- Up-to-date: /root/distr_slam_ws/install/cartographer_ros_msgs/include/cartographer_ros_msgs/cartographer_ros_msgs/srv/detail/submap_query__rosidl_typesupport_introspection_c.h\n'}
[1.281096] (cartographer_ros_msgs) StdoutLine: {'line': b'-- Up-to-date: /root/distr_slam_ws/install/cartographer_ros_msgs/include/cartographer_ros_msgs/cartographer_ros_msgs/srv/detail/start_trajectory__rosidl_typesupport_introspection_c.h\n'}
[1.281394] (cartographer_ros_msgs) StdoutLine: {'line': b'-- Up-to-date: /root/distr_slam_ws/install/cartographer_ros_msgs/include/cartographer_ros_msgs/cartographer_ros_msgs/srv/detail/write_state__rosidl_typesupport_introspection_c.h\n'}
[1.281694] (cartographer_ros_msgs) StdoutLine: {'line': b'-- Installing: /root/distr_slam_ws/install/cartographer_ros_msgs/include/cartographer_ros_msgs/cartographer_ros_msgs/srv/detail/get_slam_state__type_support.c\n'}
[1.284132] (cartographer_ros_msgs) StdoutLine: {'line': b'-- Up-to-date: /root/distr_slam_ws/install/cartographer_ros_msgs/include/cartographer_ros_msgs/cartographer_ros_msgs/srv/detail/finish_trajectory__rosidl_typesupport_introspection_c.h\n'}
[1.284458] (cartographer_ros_msgs) StdoutLine: {'line': b'-- Up-to-date: /root/distr_slam_ws/install/cartographer_ros_msgs/include/cartographer_ros_msgs/cartographer_ros_msgs/srv/detail/read_metrics__rosidl_typesupport_introspection_c.h\n'}
[1.284774] (cartographer_ros_msgs) StdoutLine: {'line': b'-- Up-to-date: /root/distr_slam_ws/install/cartographer_ros_msgs/include/cartographer_ros_msgs/cartographer_ros_msgs/srv/detail/get_trajectory_states__rosidl_typesupport_introspection_c.h\n'}
[1.285133] (cartographer_ros_msgs) StdoutLine: {'line': b'-- Installing: /root/distr_slam_ws/install/cartographer_ros_msgs/include/cartographer_ros_msgs/cartographer_ros_msgs/srv/detail/write_state__type_support.c\n'}
[1.285430] (cartographer_ros_msgs) StdoutLine: {'line': b'-- Installing: /root/distr_slam_ws/install/cartographer_ros_msgs/include/cartographer_ros_msgs/cartographer_ros_msgs/srv/detail/trajectory_query__type_support.c\n'}
[1.285742] (cartographer_ros_msgs) StdoutLine: {'line': b'-- Installing: /root/distr_slam_ws/install/cartographer_ros_msgs/include/cartographer_ros_msgs/cartographer_ros_msgs/srv/detail/get_trajectory_states__type_support.c\n'}
[1.286055] (cartographer_ros_msgs) StdoutLine: {'line': b'-- Up-to-date: /root/distr_slam_ws/install/cartographer_ros_msgs/include/cartographer_ros_msgs/cartographer_ros_msgs/srv/detail/trajectory_query__rosidl_typesupport_introspection_c.h\n'}
[1.286352] (cartographer_ros_msgs) StdoutLine: {'line': b'-- Up-to-date: /root/distr_slam_ws/install/cartographer_ros_msgs/include/cartographer_ros_msgs/cartographer_ros_msgs/srv/detail/get_slam_state__rosidl_typesupport_introspection_c.h\n'}
[1.286639] (cartographer_ros_msgs) StdoutLine: {'line': b'-- Installing: /root/distr_slam_ws/install/cartographer_ros_msgs/include/cartographer_ros_msgs/cartographer_ros_msgs/srv/detail/submap_query__type_support.c\n'}
[1.286981] (cartographer_ros_msgs) StdoutLine: {'line': b'-- Installing: /root/distr_slam_ws/install/cartographer_ros_msgs/include/cartographer_ros_msgs/cartographer_ros_msgs/srv/detail/read_metrics__type_support.c\n'}
[1.287423] (cartographer_ros_msgs) StdoutLine: {'line': b'-- Up-to-date: /root/distr_slam_ws/install/cartographer_ros_msgs/lib/libcartographer_ros_msgs__rosidl_typesupport_introspection_c.so\n'}
[1.287768] (cartographer_ros_msgs) StdoutLine: {'line': b'-- Up-to-date: /root/distr_slam_ws/install/cartographer_ros_msgs/lib/libcartographer_ros_msgs__rosidl_typesupport_c.so\n'}
[1.288111] (cartographer_ros_msgs) StdoutLine: {'line': b'-- Up-to-date: /root/distr_slam_ws/install/cartographer_ros_msgs/include/cartographer_ros_msgs/cartographer_ros_msgs\n'}
[1.288426] (cartographer_ros_msgs) StdoutLine: {'line': b'-- Up-to-date: /root/distr_slam_ws/install/cartographer_ros_msgs/include/cartographer_ros_msgs/cartographer_ros_msgs/msg\n'}
[1.288735] (cartographer_ros_msgs) StdoutLine: {'line': b'-- Up-to-date: /root/distr_slam_ws/install/cartographer_ros_msgs/include/cartographer_ros_msgs/cartographer_ros_msgs/msg/landmark_entry.hpp\n'}
[1.289103] (cartographer_ros_msgs) StdoutLine: {'line': b'-- Up-to-date: /root/distr_slam_ws/install/cartographer_ros_msgs/include/cartographer_ros_msgs/cartographer_ros_msgs/msg/metric.hpp\n'}
[1.289415] (cartographer_ros_msgs) StdoutLine: {'line': b'-- Up-to-date: /root/distr_slam_ws/install/cartographer_ros_msgs/include/cartographer_ros_msgs/cartographer_ros_msgs/msg/bagfile_progress.hpp\n'}
[1.289753] (cartographer_ros_msgs) StdoutLine: {'line': b'-- Up-to-date: /root/distr_slam_ws/install/cartographer_ros_msgs/include/cartographer_ros_msgs/cartographer_ros_msgs/msg/submap_texture.hpp\n'}
[1.290064] (cartographer_ros_msgs) StdoutLine: {'line': b'-- Up-to-date: /root/distr_slam_ws/install/cartographer_ros_msgs/include/cartographer_ros_msgs/cartographer_ros_msgs/msg/rosidl_generator_cpp__visibility_control.hpp\n'}
[1.290368] (cartographer_ros_msgs) StdoutLine: {'line': b'-- Up-to-date: /root/distr_slam_ws/install/cartographer_ros_msgs/include/cartographer_ros_msgs/cartographer_ros_msgs/msg/metric_label.hpp\n'}
[1.290684] (cartographer_ros_msgs) StdoutLine: {'line': b'-- Up-to-date: /root/distr_slam_ws/install/cartographer_ros_msgs/include/cartographer_ros_msgs/cartographer_ros_msgs/msg/submap_list.hpp\n'}
[1.291045] (cartographer_ros_msgs) StdoutLine: {'line': b'-- Up-to-date: /root/distr_slam_ws/install/cartographer_ros_msgs/include/cartographer_ros_msgs/cartographer_ros_msgs/msg/histogram_bucket.hpp\n'}
[1.291374] (cartographer_ros_msgs) StdoutLine: {'line': b'-- Up-to-date: /root/distr_slam_ws/install/cartographer_ros_msgs/include/cartographer_ros_msgs/cartographer_ros_msgs/msg/trajectory_states.hpp\n'}
[1.291712] (cartographer_ros_msgs) StdoutLine: {'line': b'-- Up-to-date: /root/distr_slam_ws/install/cartographer_ros_msgs/include/cartographer_ros_msgs/cartographer_ros_msgs/msg/submap_entry.hpp\n'}
[1.292061] (cartographer_ros_msgs) StdoutLine: {'line': b'-- Up-to-date: /root/distr_slam_ws/install/cartographer_ros_msgs/include/cartographer_ros_msgs/cartographer_ros_msgs/msg/landmark_list.hpp\n'}
[1.292388] (cartographer_ros_msgs) StdoutLine: {'line': b'-- Up-to-date: /root/distr_slam_ws/install/cartographer_ros_msgs/include/cartographer_ros_msgs/cartographer_ros_msgs/msg/status_code.hpp\n'}
[1.292708] (cartographer_ros_msgs) StdoutLine: {'line': b'-- Up-to-date: /root/distr_slam_ws/install/cartographer_ros_msgs/include/cartographer_ros_msgs/cartographer_ros_msgs/msg/status_response.hpp\n'}
[1.293067] (cartographer_ros_msgs) StdoutLine: {'line': b'-- Up-to-date: /root/distr_slam_ws/install/cartographer_ros_msgs/include/cartographer_ros_msgs/cartographer_ros_msgs/msg/detail\n'}
[1.293387] (cartographer_ros_msgs) StdoutLine: {'line': b'-- Up-to-date: /root/distr_slam_ws/install/cartographer_ros_msgs/include/cartographer_ros_msgs/cartographer_ros_msgs/msg/detail/landmark_entry__builder.hpp\n'}
[1.293710] (cartographer_ros_msgs) StdoutLine: {'line': b'-- Up-to-date: /root/distr_slam_ws/install/cartographer_ros_msgs/include/cartographer_ros_msgs/cartographer_ros_msgs/msg/detail/submap_texture__type_support.hpp\n'}
[1.294068] (cartographer_ros_msgs) StdoutLine: {'line': b'-- Up-to-date: /root/distr_slam_ws/install/cartographer_ros_msgs/include/cartographer_ros_msgs/cartographer_ros_msgs/msg/detail/status_response__traits.hpp\n'}
[1.294390] (cartographer_ros_msgs) StdoutLine: {'line': b'-- Up-to-date: /root/distr_slam_ws/install/cartographer_ros_msgs/include/cartographer_ros_msgs/cartographer_ros_msgs/msg/detail/landmark_list__builder.hpp\n'}
[1.294750] (cartographer_ros_msgs) StdoutLine: {'line': b'-- Up-to-date: /root/distr_slam_ws/install/cartographer_ros_msgs/include/cartographer_ros_msgs/cartographer_ros_msgs/msg/detail/metric__traits.hpp\n'}
[1.295100] (cartographer_ros_msgs) StdoutLine: {'line': b'-- Up-to-date: /root/distr_slam_ws/install/cartographer_ros_msgs/include/cartographer_ros_msgs/cartographer_ros_msgs/msg/detail/metric__struct.hpp\n'}
[1.295424] (cartographer_ros_msgs) StdoutLine: {'line': b'-- Up-to-date: /root/distr_slam_ws/install/cartographer_ros_msgs/include/cartographer_ros_msgs/cartographer_ros_msgs/msg/detail/status_response__type_support.hpp\n'}
[1.295815] (cartographer_ros_msgs) StdoutLine: {'line': b'-- Up-to-date: /root/distr_slam_ws/install/cartographer_ros_msgs/include/cartographer_ros_msgs/cartographer_ros_msgs/msg/detail/landmark_entry__struct.hpp\n'}
[1.296177] (cartographer_ros_msgs) StdoutLine: {'line': b'-- Up-to-date: /root/distr_slam_ws/install/cartographer_ros_msgs/include/cartographer_ros_msgs/cartographer_ros_msgs/msg/detail/status_code__type_support.hpp\n'}
[1.296504] (cartographer_ros_msgs) StdoutLine: {'line': b'-- Up-to-date: /root/distr_slam_ws/install/cartographer_ros_msgs/include/cartographer_ros_msgs/cartographer_ros_msgs/msg/detail/metric_label__struct.hpp\n'}
[1.296842] (cartographer_ros_msgs) StdoutLine: {'line': b'-- Up-to-date: /root/distr_slam_ws/install/cartographer_ros_msgs/include/cartographer_ros_msgs/cartographer_ros_msgs/msg/detail/submap_texture__builder.hpp\n'}
[1.297178] (cartographer_ros_msgs) StdoutLine: {'line': b'-- Up-to-date: /root/distr_slam_ws/install/cartographer_ros_msgs/include/cartographer_ros_msgs/cartographer_ros_msgs/msg/detail/histogram_bucket__type_support.hpp\n'}
[1.297501] (cartographer_ros_msgs) StdoutLine: {'line': b'-- Up-to-date: /root/distr_slam_ws/install/cartographer_ros_msgs/include/cartographer_ros_msgs/cartographer_ros_msgs/msg/detail/bagfile_progress__traits.hpp\n'}
[1.297835] (cartographer_ros_msgs) StdoutLine: {'line': b'-- Up-to-date: /root/distr_slam_ws/install/cartographer_ros_msgs/include/cartographer_ros_msgs/cartographer_ros_msgs/msg/detail/histogram_bucket__builder.hpp\n'}
[1.298186] (cartographer_ros_msgs) StdoutLine: {'line': b'-- Up-to-date: /root/distr_slam_ws/install/cartographer_ros_msgs/include/cartographer_ros_msgs/cartographer_ros_msgs/msg/detail/histogram_bucket__traits.hpp\n'}
[1.298509] (cartographer_ros_msgs) StdoutLine: {'line': b'-- Up-to-date: /root/distr_slam_ws/install/cartographer_ros_msgs/include/cartographer_ros_msgs/cartographer_ros_msgs/msg/detail/metric_label__type_support.hpp\n'}
[1.298845] (cartographer_ros_msgs) StdoutLine: {'line': b'-- Up-to-date: /root/distr_slam_ws/install/cartographer_ros_msgs/include/cartographer_ros_msgs/cartographer_ros_msgs/msg/detail/histogram_bucket__struct.hpp\n'}
[1.299183] (cartographer_ros_msgs) StdoutLine: {'line': b'-- Up-to-date: /root/distr_slam_ws/install/cartographer_ros_msgs/include/cartographer_ros_msgs/cartographer_ros_msgs/msg/detail/landmark_entry__traits.hpp\n'}
[1.299503] (cartographer_ros_msgs) StdoutLine: {'line': b'-- Up-to-date: /root/distr_slam_ws/install/cartographer_ros_msgs/include/cartographer_ros_msgs/cartographer_ros_msgs/msg/detail/status_code__struct.hpp\n'}
[1.299835] (cartographer_ros_msgs) StdoutLine: {'line': b'-- Up-to-date: /root/distr_slam_ws/install/cartographer_ros_msgs/include/cartographer_ros_msgs/cartographer_ros_msgs/msg/detail/status_response__builder.hpp\n'}
[1.300169] (cartographer_ros_msgs) StdoutLine: {'line': b'-- Up-to-date: /root/distr_slam_ws/install/cartographer_ros_msgs/include/cartographer_ros_msgs/cartographer_ros_msgs/msg/detail/submap_texture__struct.hpp\n'}
[1.300480] (cartographer_ros_msgs) StdoutLine: {'line': b'-- Up-to-date: /root/distr_slam_ws/install/cartographer_ros_msgs/include/cartographer_ros_msgs/cartographer_ros_msgs/msg/detail/trajectory_states__type_support.hpp\n'}
[1.300818] (cartographer_ros_msgs) StdoutLine: {'line': b'-- Up-to-date: /root/distr_slam_ws/install/cartographer_ros_msgs/include/cartographer_ros_msgs/cartographer_ros_msgs/msg/detail/submap_list__traits.hpp\n'}
[1.301137] (-) TimerEvent: {}
[1.301414] (cartographer_ros_msgs) StdoutLine: {'line': b'-- Up-to-date: /root/distr_slam_ws/install/cartographer_ros_msgs/include/cartographer_ros_msgs/cartographer_ros_msgs/msg/detail/trajectory_states__struct.hpp\n'}
[1.301979] (cartographer_ros_msgs) StdoutLine: {'line': b'-- Up-to-date: /root/distr_slam_ws/install/cartographer_ros_msgs/include/cartographer_ros_msgs/cartographer_ros_msgs/msg/detail/status_code__builder.hpp\n'}
[1.302352] (cartographer_ros_msgs) StdoutLine: {'line': b'-- Up-to-date: /root/distr_slam_ws/install/cartographer_ros_msgs/include/cartographer_ros_msgs/cartographer_ros_msgs/msg/detail/submap_list__builder.hpp\n'}
[1.302667] (cartographer_ros_msgs) StdoutLine: {'line': b'-- Up-to-date: /root/distr_slam_ws/install/cartographer_ros_msgs/include/cartographer_ros_msgs/cartographer_ros_msgs/msg/detail/submap_list__type_support.hpp\n'}
[1.303019] (cartographer_ros_msgs) StdoutLine: {'line': b'-- Up-to-date: /root/distr_slam_ws/install/cartographer_ros_msgs/include/cartographer_ros_msgs/cartographer_ros_msgs/msg/detail/metric__builder.hpp\n'}
[1.303350] (cartographer_ros_msgs) StdoutLine: {'line': b'-- Up-to-date: /root/distr_slam_ws/install/cartographer_ros_msgs/include/cartographer_ros_msgs/cartographer_ros_msgs/msg/detail/metric_family__traits.hpp\n'}
[1.303667] (cartographer_ros_msgs) StdoutLine: {'line': b'-- Up-to-date: /root/distr_slam_ws/install/cartographer_ros_msgs/include/cartographer_ros_msgs/cartographer_ros_msgs/msg/detail/submap_entry__struct.hpp\n'}
[1.304042] (cartographer_ros_msgs) StdoutLine: {'line': b'-- Up-to-date: /root/distr_slam_ws/install/cartographer_ros_msgs/include/cartographer_ros_msgs/cartographer_ros_msgs/msg/detail/submap_texture__traits.hpp\n'}
[1.304365] (cartographer_ros_msgs) StdoutLine: {'line': b'-- Up-to-date: /root/distr_slam_ws/install/cartographer_ros_msgs/include/cartographer_ros_msgs/cartographer_ros_msgs/msg/detail/metric_label__traits.hpp\n'}
[1.304696] (cartographer_ros_msgs) StdoutLine: {'line': b'-- Up-to-date: /root/distr_slam_ws/install/cartographer_ros_msgs/include/cartographer_ros_msgs/cartographer_ros_msgs/msg/detail/bagfile_progress__type_support.hpp\n'}
[1.305051] (cartographer_ros_msgs) StdoutLine: {'line': b'-- Up-to-date: /root/distr_slam_ws/install/cartographer_ros_msgs/include/cartographer_ros_msgs/cartographer_ros_msgs/msg/detail/bagfile_progress__builder.hpp\n'}
[1.305370] (cartographer_ros_msgs) StdoutLine: {'line': b'-- Up-to-date: /root/distr_slam_ws/install/cartographer_ros_msgs/include/cartographer_ros_msgs/cartographer_ros_msgs/msg/detail/submap_list__struct.hpp\n'}
[1.305684] (cartographer_ros_msgs) StdoutLine: {'line': b'-- Up-to-date: /root/distr_slam_ws/install/cartographer_ros_msgs/include/cartographer_ros_msgs/cartographer_ros_msgs/msg/detail/metric_family__struct.hpp\n'}
[1.306165] (cartographer_ros_msgs) StdoutLine: {'line': b'-- Up-to-date: /root/distr_slam_ws/install/cartographer_ros_msgs/include/cartographer_ros_msgs/cartographer_ros_msgs/msg/detail/status_code__traits.hpp\n'}
[1.306449] (cartographer_ros_msgs) StdoutLine: {'line': b'-- Up-to-date: /root/distr_slam_ws/install/cartographer_ros_msgs/include/cartographer_ros_msgs/cartographer_ros_msgs/msg/detail/trajectory_states__builder.hpp\n'}
[1.306713] (cartographer_ros_msgs) StdoutLine: {'line': b'-- Up-to-date: /root/distr_slam_ws/install/cartographer_ros_msgs/include/cartographer_ros_msgs/cartographer_ros_msgs/msg/detail/metric_family__builder.hpp\n'}
[1.307503] (cartographer_ros_msgs) StdoutLine: {'line': b'-- Up-to-date: /root/distr_slam_ws/install/cartographer_ros_msgs/include/cartographer_ros_msgs/cartographer_ros_msgs/msg/detail/status_response__struct.hpp\n'}
[1.307811] (cartographer_ros_msgs) StdoutLine: {'line': b'-- Up-to-date: /root/distr_slam_ws/install/cartographer_ros_msgs/include/cartographer_ros_msgs/cartographer_ros_msgs/msg/detail/bagfile_progress__struct.hpp\n'}
[1.308053] (cartographer_ros_msgs) StdoutLine: {'line': b'-- Up-to-date: /root/distr_slam_ws/install/cartographer_ros_msgs/include/cartographer_ros_msgs/cartographer_ros_msgs/msg/detail/landmark_list__struct.hpp\n'}
[1.308468] (cartographer_ros_msgs) StdoutLine: {'line': b'-- Up-to-date: /root/distr_slam_ws/install/cartographer_ros_msgs/include/cartographer_ros_msgs/cartographer_ros_msgs/msg/detail/trajectory_states__traits.hpp\n'}
[1.309367] (cartographer_ros_msgs) StdoutLine: {'line': b'-- Up-to-date: /root/distr_slam_ws/install/cartographer_ros_msgs/include/cartographer_ros_msgs/cartographer_ros_msgs/msg/detail/metric__type_support.hpp\n'}
[1.309629] (cartographer_ros_msgs) StdoutLine: {'line': b'-- Up-to-date: /root/distr_slam_ws/install/cartographer_ros_msgs/include/cartographer_ros_msgs/cartographer_ros_msgs/msg/detail/landmark_list__type_support.hpp\n'}
[1.309921] (cartographer_ros_msgs) StdoutLine: {'line': b'-- Up-to-date: /root/distr_slam_ws/install/cartographer_ros_msgs/include/cartographer_ros_msgs/cartographer_ros_msgs/msg/detail/submap_entry__builder.hpp\n'}
[1.310191] (cartographer_ros_msgs) StdoutLine: {'line': b'-- Up-to-date: /root/distr_slam_ws/install/cartographer_ros_msgs/include/cartographer_ros_msgs/cartographer_ros_msgs/msg/detail/submap_entry__type_support.hpp\n'}
[1.310473] (cartographer_ros_msgs) StdoutLine: {'line': b'-- Up-to-date: /root/distr_slam_ws/install/cartographer_ros_msgs/include/cartographer_ros_msgs/cartographer_ros_msgs/msg/detail/metric_label__builder.hpp\n'}
[1.310747] (cartographer_ros_msgs) StdoutLine: {'line': b'-- Up-to-date: /root/distr_slam_ws/install/cartographer_ros_msgs/include/cartographer_ros_msgs/cartographer_ros_msgs/msg/detail/landmark_list__traits.hpp\n'}
[1.310993] (cartographer_ros_msgs) StdoutLine: {'line': b'-- Up-to-date: /root/distr_slam_ws/install/cartographer_ros_msgs/include/cartographer_ros_msgs/cartographer_ros_msgs/msg/detail/landmark_entry__type_support.hpp\n'}
[1.311210] (cartographer_ros_msgs) StdoutLine: {'line': b'-- Up-to-date: /root/distr_slam_ws/install/cartographer_ros_msgs/include/cartographer_ros_msgs/cartographer_ros_msgs/msg/detail/submap_entry__traits.hpp\n'}
[1.311443] (cartographer_ros_msgs) StdoutLine: {'line': b'-- Up-to-date: /root/distr_slam_ws/install/cartographer_ros_msgs/include/cartographer_ros_msgs/cartographer_ros_msgs/msg/detail/metric_family__type_support.hpp\n'}
[1.311706] (cartographer_ros_msgs) StdoutLine: {'line': b'-- Up-to-date: /root/distr_slam_ws/install/cartographer_ros_msgs/include/cartographer_ros_msgs/cartographer_ros_msgs/msg/metric_family.hpp\n'}
[1.312017] (cartographer_ros_msgs) StdoutLine: {'line': b'-- Up-to-date: /root/distr_slam_ws/install/cartographer_ros_msgs/include/cartographer_ros_msgs/cartographer_ros_msgs/srv\n'}
[1.312320] (cartographer_ros_msgs) StdoutLine: {'line': b'-- Up-to-date: /root/distr_slam_ws/install/cartographer_ros_msgs/include/cartographer_ros_msgs/cartographer_ros_msgs/srv/start_trajectory.hpp\n'}
[1.312575] (cartographer_ros_msgs) StdoutLine: {'line': b'-- Up-to-date: /root/distr_slam_ws/install/cartographer_ros_msgs/include/cartographer_ros_msgs/cartographer_ros_msgs/srv/read_metrics.hpp\n'}
[1.312837] (cartographer_ros_msgs) StdoutLine: {'line': b'-- Up-to-date: /root/distr_slam_ws/install/cartographer_ros_msgs/include/cartographer_ros_msgs/cartographer_ros_msgs/srv/trajectory_query.hpp\n'}
[1.313092] (cartographer_ros_msgs) StdoutLine: {'line': b'-- Up-to-date: /root/distr_slam_ws/install/cartographer_ros_msgs/include/cartographer_ros_msgs/cartographer_ros_msgs/srv/write_state.hpp\n'}
[1.313324] (cartographer_ros_msgs) StdoutLine: {'line': b'-- Up-to-date: /root/distr_slam_ws/install/cartographer_ros_msgs/include/cartographer_ros_msgs/cartographer_ros_msgs/srv/get_slam_state.hpp\n'}
[1.313585] (cartographer_ros_msgs) StdoutLine: {'line': b'-- Up-to-date: /root/distr_slam_ws/install/cartographer_ros_msgs/include/cartographer_ros_msgs/cartographer_ros_msgs/srv/submap_query.hpp\n'}
[1.313840] (cartographer_ros_msgs) StdoutLine: {'line': b'-- Up-to-date: /root/distr_slam_ws/install/cartographer_ros_msgs/include/cartographer_ros_msgs/cartographer_ros_msgs/srv/get_trajectory_states.hpp\n'}
[1.314064] (cartographer_ros_msgs) StdoutLine: {'line': b'-- Up-to-date: /root/distr_slam_ws/install/cartographer_ros_msgs/include/cartographer_ros_msgs/cartographer_ros_msgs/srv/set_slam_state.hpp\n'}
[1.314319] (cartographer_ros_msgs) StdoutLine: {'line': b'-- Up-to-date: /root/distr_slam_ws/install/cartographer_ros_msgs/include/cartographer_ros_msgs/cartographer_ros_msgs/srv/finish_trajectory.hpp\n'}
[1.314568] (cartographer_ros_msgs) StdoutLine: {'line': b'-- Up-to-date: /root/distr_slam_ws/install/cartographer_ros_msgs/include/cartographer_ros_msgs/cartographer_ros_msgs/srv/detail\n'}
[1.314827] (cartographer_ros_msgs) StdoutLine: {'line': b'-- Up-to-date: /root/distr_slam_ws/install/cartographer_ros_msgs/include/cartographer_ros_msgs/cartographer_ros_msgs/srv/detail/write_state__traits.hpp\n'}
[1.315095] (cartographer_ros_msgs) StdoutLine: {'line': b'-- Up-to-date: /root/distr_slam_ws/install/cartographer_ros_msgs/include/cartographer_ros_msgs/cartographer_ros_msgs/srv/detail/start_trajectory__builder.hpp\n'}
[1.316035] (cartographer_ros_msgs) StdoutLine: {'line': b'-- Up-to-date: /root/distr_slam_ws/install/cartographer_ros_msgs/include/cartographer_ros_msgs/cartographer_ros_msgs/srv/detail/get_slam_state__type_support.hpp\n'}
[1.316328] (cartographer_ros_msgs) StdoutLine: {'line': b'-- Up-to-date: /root/distr_slam_ws/install/cartographer_ros_msgs/include/cartographer_ros_msgs/cartographer_ros_msgs/srv/detail/set_slam_state__type_support.hpp\n'}
[1.316590] (cartographer_ros_msgs) StdoutLine: {'line': b'-- Up-to-date: /root/distr_slam_ws/install/cartographer_ros_msgs/include/cartographer_ros_msgs/cartographer_ros_msgs/srv/detail/trajectory_query__traits.hpp\n'}
[1.316840] (cartographer_ros_msgs) StdoutLine: {'line': b'-- Up-to-date: /root/distr_slam_ws/install/cartographer_ros_msgs/include/cartographer_ros_msgs/cartographer_ros_msgs/srv/detail/trajectory_query__type_support.hpp\n'}
[1.317588] (cartographer_ros_msgs) StdoutLine: {'line': b'-- Up-to-date: /root/distr_slam_ws/install/cartographer_ros_msgs/include/cartographer_ros_msgs/cartographer_ros_msgs/srv/detail/set_slam_state__traits.hpp\n'}
[1.317898] (cartographer_ros_msgs) StdoutLine: {'line': b'-- Up-to-date: /root/distr_slam_ws/install/cartographer_ros_msgs/include/cartographer_ros_msgs/cartographer_ros_msgs/srv/detail/get_trajectory_states__type_support.hpp\n'}
[1.318173] (cartographer_ros_msgs) StdoutLine: {'line': b'-- Up-to-date: /root/distr_slam_ws/install/cartographer_ros_msgs/include/cartographer_ros_msgs/cartographer_ros_msgs/srv/detail/read_metrics__traits.hpp\n'}
[1.318390] (cartographer_ros_msgs) StdoutLine: {'line': b'-- Up-to-date: /root/distr_slam_ws/install/cartographer_ros_msgs/include/cartographer_ros_msgs/cartographer_ros_msgs/srv/detail/get_slam_state__builder.hpp\n'}
[1.318597] (cartographer_ros_msgs) StdoutLine: {'line': b'-- Up-to-date: /root/distr_slam_ws/install/cartographer_ros_msgs/include/cartographer_ros_msgs/cartographer_ros_msgs/srv/detail/set_slam_state__builder.hpp\n'}
[1.318873] (cartographer_ros_msgs) StdoutLine: {'line': b'-- Up-to-date: /root/distr_slam_ws/install/cartographer_ros_msgs/include/cartographer_ros_msgs/cartographer_ros_msgs/srv/detail/finish_trajectory__struct.hpp\n'}
[1.319113] (cartographer_ros_msgs) StdoutLine: {'line': b'-- Up-to-date: /root/distr_slam_ws/install/cartographer_ros_msgs/include/cartographer_ros_msgs/cartographer_ros_msgs/srv/detail/start_trajectory__type_support.hpp\n'}
[1.319354] (cartographer_ros_msgs) StdoutLine: {'line': b'-- Up-to-date: /root/distr_slam_ws/install/cartographer_ros_msgs/include/cartographer_ros_msgs/cartographer_ros_msgs/srv/detail/trajectory_query__builder.hpp\n'}
[1.319594] (cartographer_ros_msgs) StdoutLine: {'line': b'-- Up-to-date: /root/distr_slam_ws/install/cartographer_ros_msgs/include/cartographer_ros_msgs/cartographer_ros_msgs/srv/detail/read_metrics__builder.hpp\n'}
[1.319845] (cartographer_ros_msgs) StdoutLine: {'line': b'-- Up-to-date: /root/distr_slam_ws/install/cartographer_ros_msgs/include/cartographer_ros_msgs/cartographer_ros_msgs/srv/detail/read_metrics__type_support.hpp\n'}
[1.320129] (cartographer_ros_msgs) StdoutLine: {'line': b'-- Up-to-date: /root/distr_slam_ws/install/cartographer_ros_msgs/include/cartographer_ros_msgs/cartographer_ros_msgs/srv/detail/submap_query__traits.hpp\n'}
[1.320359] (cartographer_ros_msgs) StdoutLine: {'line': b'-- Up-to-date: /root/distr_slam_ws/install/cartographer_ros_msgs/include/cartographer_ros_msgs/cartographer_ros_msgs/srv/detail/submap_query__type_support.hpp\n'}
[1.320570] (cartographer_ros_msgs) StdoutLine: {'line': b'-- Up-to-date: /root/distr_slam_ws/install/cartographer_ros_msgs/include/cartographer_ros_msgs/cartographer_ros_msgs/srv/detail/set_slam_state__struct.hpp\n'}
[1.320887] (cartographer_ros_msgs) StdoutLine: {'line': b'-- Up-to-date: /root/distr_slam_ws/install/cartographer_ros_msgs/include/cartographer_ros_msgs/cartographer_ros_msgs/srv/detail/write_state__builder.hpp\n'}
[1.321196] (cartographer_ros_msgs) StdoutLine: {'line': b'-- Up-to-date: /root/distr_slam_ws/install/cartographer_ros_msgs/include/cartographer_ros_msgs/cartographer_ros_msgs/srv/detail/write_state__type_support.hpp\n'}
[1.321464] (cartographer_ros_msgs) StdoutLine: {'line': b'-- Up-to-date: /root/distr_slam_ws/install/cartographer_ros_msgs/include/cartographer_ros_msgs/cartographer_ros_msgs/srv/detail/read_metrics__struct.hpp\n'}
[1.321700] (cartographer_ros_msgs) StdoutLine: {'line': b'-- Up-to-date: /root/distr_slam_ws/install/cartographer_ros_msgs/include/cartographer_ros_msgs/cartographer_ros_msgs/srv/detail/start_trajectory__struct.hpp\n'}
[1.321961] (cartographer_ros_msgs) StdoutLine: {'line': b'-- Up-to-date: /root/distr_slam_ws/install/cartographer_ros_msgs/include/cartographer_ros_msgs/cartographer_ros_msgs/srv/detail/get_slam_state__struct.hpp\n'}
[1.322196] (cartographer_ros_msgs) StdoutLine: {'line': b'-- Up-to-date: /root/distr_slam_ws/install/cartographer_ros_msgs/include/cartographer_ros_msgs/cartographer_ros_msgs/srv/detail/submap_query__struct.hpp\n'}
[1.322437] (cartographer_ros_msgs) StdoutLine: {'line': b'-- Up-to-date: /root/distr_slam_ws/install/cartographer_ros_msgs/include/cartographer_ros_msgs/cartographer_ros_msgs/srv/detail/finish_trajectory__traits.hpp\n'}
[1.322687] (cartographer_ros_msgs) StdoutLine: {'line': b'-- Up-to-date: /root/distr_slam_ws/install/cartographer_ros_msgs/include/cartographer_ros_msgs/cartographer_ros_msgs/srv/detail/finish_trajectory__builder.hpp\n'}
[1.322953] (cartographer_ros_msgs) StdoutLine: {'line': b'-- Up-to-date: /root/distr_slam_ws/install/cartographer_ros_msgs/include/cartographer_ros_msgs/cartographer_ros_msgs/srv/detail/submap_query__builder.hpp\n'}
[1.323242] (cartographer_ros_msgs) StdoutLine: {'line': b'-- Up-to-date: /root/distr_slam_ws/install/cartographer_ros_msgs/include/cartographer_ros_msgs/cartographer_ros_msgs/srv/detail/get_trajectory_states__traits.hpp\n'}
[1.323470] (cartographer_ros_msgs) StdoutLine: {'line': b'-- Up-to-date: /root/distr_slam_ws/install/cartographer_ros_msgs/include/cartographer_ros_msgs/cartographer_ros_msgs/srv/detail/finish_trajectory__type_support.hpp\n'}
[1.323690] (cartographer_ros_msgs) StdoutLine: {'line': b'-- Up-to-date: /root/distr_slam_ws/install/cartographer_ros_msgs/include/cartographer_ros_msgs/cartographer_ros_msgs/srv/detail/trajectory_query__struct.hpp\n'}
[1.324015] (cartographer_ros_msgs) StdoutLine: {'line': b'-- Up-to-date: /root/distr_slam_ws/install/cartographer_ros_msgs/include/cartographer_ros_msgs/cartographer_ros_msgs/srv/detail/get_slam_state__traits.hpp\n'}
[1.324302] (cartographer_ros_msgs) StdoutLine: {'line': b'-- Up-to-date: /root/distr_slam_ws/install/cartographer_ros_msgs/include/cartographer_ros_msgs/cartographer_ros_msgs/srv/detail/get_trajectory_states__struct.hpp\n'}
[1.324564] (cartographer_ros_msgs) StdoutLine: {'line': b'-- Up-to-date: /root/distr_slam_ws/install/cartographer_ros_msgs/include/cartographer_ros_msgs/cartographer_ros_msgs/srv/detail/start_trajectory__traits.hpp\n'}
[1.324844] (cartographer_ros_msgs) StdoutLine: {'line': b'-- Up-to-date: /root/distr_slam_ws/install/cartographer_ros_msgs/include/cartographer_ros_msgs/cartographer_ros_msgs/srv/detail/write_state__struct.hpp\n'}
[1.325149] (cartographer_ros_msgs) StdoutLine: {'line': b'-- Up-to-date: /root/distr_slam_ws/install/cartographer_ros_msgs/include/cartographer_ros_msgs/cartographer_ros_msgs/srv/detail/get_trajectory_states__builder.hpp\n'}
[1.325436] (cartographer_ros_msgs) StdoutLine: {'line': b'-- Up-to-date: /root/distr_slam_ws/install/cartographer_ros_msgs/include/cartographer_ros_msgs/cartographer_ros_msgs\n'}
[1.325702] (cartographer_ros_msgs) StdoutLine: {'line': b'-- Up-to-date: /root/distr_slam_ws/install/cartographer_ros_msgs/include/cartographer_ros_msgs/cartographer_ros_msgs/msg\n'}
[1.326011] (cartographer_ros_msgs) StdoutLine: {'line': b'-- Up-to-date: /root/distr_slam_ws/install/cartographer_ros_msgs/include/cartographer_ros_msgs/cartographer_ros_msgs/msg/rosidl_typesupport_fastrtps_cpp__visibility_control.h\n'}
[1.326450] (cartographer_ros_msgs) StdoutLine: {'line': b'-- Up-to-date: /root/distr_slam_ws/install/cartographer_ros_msgs/include/cartographer_ros_msgs/cartographer_ros_msgs/msg/detail\n'}
[1.326852] (cartographer_ros_msgs) StdoutLine: {'line': b'-- Up-to-date: /root/distr_slam_ws/install/cartographer_ros_msgs/include/cartographer_ros_msgs/cartographer_ros_msgs/msg/detail/bagfile_progress__rosidl_typesupport_fastrtps_cpp.hpp\n'}
[1.327154] (cartographer_ros_msgs) StdoutLine: {'line': b'-- Up-to-date: /root/distr_slam_ws/install/cartographer_ros_msgs/include/cartographer_ros_msgs/cartographer_ros_msgs/msg/detail/submap_entry__rosidl_typesupport_fastrtps_cpp.hpp\n'}
[1.327426] (cartographer_ros_msgs) StdoutLine: {'line': b'-- Up-to-date: /root/distr_slam_ws/install/cartographer_ros_msgs/include/cartographer_ros_msgs/cartographer_ros_msgs/msg/detail/status_code__rosidl_typesupport_fastrtps_cpp.hpp\n'}
[1.327697] (cartographer_ros_msgs) StdoutLine: {'line': b'-- Up-to-date: /root/distr_slam_ws/install/cartographer_ros_msgs/include/cartographer_ros_msgs/cartographer_ros_msgs/msg/detail/metric_family__rosidl_typesupport_fastrtps_cpp.hpp\n'}
[1.328027] (cartographer_ros_msgs) StdoutLine: {'line': b'-- Up-to-date: /root/distr_slam_ws/install/cartographer_ros_msgs/include/cartographer_ros_msgs/cartographer_ros_msgs/msg/detail/metric__rosidl_typesupport_fastrtps_cpp.hpp\n'}
[1.328422] (cartographer_ros_msgs) StdoutLine: {'line': b'-- Up-to-date: /root/distr_slam_ws/install/cartographer_ros_msgs/include/cartographer_ros_msgs/cartographer_ros_msgs/msg/detail/landmark_entry__rosidl_typesupport_fastrtps_cpp.hpp\n'}
[1.328705] (cartographer_ros_msgs) StdoutLine: {'line': b'-- Up-to-date: /root/distr_slam_ws/install/cartographer_ros_msgs/include/cartographer_ros_msgs/cartographer_ros_msgs/msg/detail/trajectory_states__rosidl_typesupport_fastrtps_cpp.hpp\n'}
[1.329034] (cartographer_ros_msgs) StdoutLine: {'line': b'-- Up-to-date: /root/distr_slam_ws/install/cartographer_ros_msgs/include/cartographer_ros_msgs/cartographer_ros_msgs/msg/detail/metric_label__rosidl_typesupport_fastrtps_cpp.hpp\n'}
[1.329331] (cartographer_ros_msgs) StdoutLine: {'line': b'-- Up-to-date: /root/distr_slam_ws/install/cartographer_ros_msgs/include/cartographer_ros_msgs/cartographer_ros_msgs/msg/detail/submap_texture__rosidl_typesupport_fastrtps_cpp.hpp\n'}
[1.329623] (cartographer_ros_msgs) StdoutLine: {'line': b'-- Up-to-date: /root/distr_slam_ws/install/cartographer_ros_msgs/include/cartographer_ros_msgs/cartographer_ros_msgs/msg/detail/landmark_list__rosidl_typesupport_fastrtps_cpp.hpp\n'}
[1.329999] (cartographer_ros_msgs) StdoutLine: {'line': b'-- Up-to-date: /root/distr_slam_ws/install/cartographer_ros_msgs/include/cartographer_ros_msgs/cartographer_ros_msgs/msg/detail/submap_list__rosidl_typesupport_fastrtps_cpp.hpp\n'}
[1.330270] (cartographer_ros_msgs) StdoutLine: {'line': b'-- Up-to-date: /root/distr_slam_ws/install/cartographer_ros_msgs/include/cartographer_ros_msgs/cartographer_ros_msgs/msg/detail/dds_fastrtps\n'}
[1.330564] (cartographer_ros_msgs) StdoutLine: {'line': b'-- Up-to-date: /root/distr_slam_ws/install/cartographer_ros_msgs/include/cartographer_ros_msgs/cartographer_ros_msgs/msg/detail/histogram_bucket__rosidl_typesupport_fastrtps_cpp.hpp\n'}
[1.330882] (cartographer_ros_msgs) StdoutLine: {'line': b'-- Up-to-date: /root/distr_slam_ws/install/cartographer_ros_msgs/include/cartographer_ros_msgs/cartographer_ros_msgs/msg/detail/status_response__rosidl_typesupport_fastrtps_cpp.hpp\n'}
[1.331182] (cartographer_ros_msgs) StdoutLine: {'line': b'-- Up-to-date: /root/distr_slam_ws/install/cartographer_ros_msgs/include/cartographer_ros_msgs/cartographer_ros_msgs/srv\n'}
[1.331477] (cartographer_ros_msgs) StdoutLine: {'line': b'-- Up-to-date: /root/distr_slam_ws/install/cartographer_ros_msgs/include/cartographer_ros_msgs/cartographer_ros_msgs/srv/detail\n'}
[1.331787] (cartographer_ros_msgs) StdoutLine: {'line': b'-- Up-to-date: /root/distr_slam_ws/install/cartographer_ros_msgs/include/cartographer_ros_msgs/cartographer_ros_msgs/srv/detail/submap_query__rosidl_typesupport_fastrtps_cpp.hpp\n'}
[1.332096] (cartographer_ros_msgs) StdoutLine: {'line': b'-- Up-to-date: /root/distr_slam_ws/install/cartographer_ros_msgs/include/cartographer_ros_msgs/cartographer_ros_msgs/srv/detail/write_state__rosidl_typesupport_fastrtps_cpp.hpp\n'}
[1.332426] (cartographer_ros_msgs) StdoutLine: {'line': b'-- Up-to-date: /root/distr_slam_ws/install/cartographer_ros_msgs/include/cartographer_ros_msgs/cartographer_ros_msgs/srv/detail/get_trajectory_states__rosidl_typesupport_fastrtps_cpp.hpp\n'}
[1.332822] (cartographer_ros_msgs) StdoutLine: {'line': b'-- Up-to-date: /root/distr_slam_ws/install/cartographer_ros_msgs/include/cartographer_ros_msgs/cartographer_ros_msgs/srv/detail/start_trajectory__rosidl_typesupport_fastrtps_cpp.hpp\n'}
[1.332995] (cartographer_ros_msgs) StdoutLine: {'line': b'-- Up-to-date: /root/distr_slam_ws/install/cartographer_ros_msgs/include/cartographer_ros_msgs/cartographer_ros_msgs/srv/detail/get_slam_state__rosidl_typesupport_fastrtps_cpp.hpp\n'}
[1.333298] (cartographer_ros_msgs) StdoutLine: {'line': b'-- Up-to-date: /root/distr_slam_ws/install/cartographer_ros_msgs/include/cartographer_ros_msgs/cartographer_ros_msgs/srv/detail/finish_trajectory__rosidl_typesupport_fastrtps_cpp.hpp\n'}
[1.333633] (cartographer_ros_msgs) StdoutLine: {'line': b'-- Up-to-date: /root/distr_slam_ws/install/cartographer_ros_msgs/include/cartographer_ros_msgs/cartographer_ros_msgs/srv/detail/read_metrics__rosidl_typesupport_fastrtps_cpp.hpp\n'}
[1.333954] (cartographer_ros_msgs) StdoutLine: {'line': b'-- Up-to-date: /root/distr_slam_ws/install/cartographer_ros_msgs/include/cartographer_ros_msgs/cartographer_ros_msgs/srv/detail/dds_fastrtps\n'}
[1.334252] (cartographer_ros_msgs) StdoutLine: {'line': b'-- Up-to-date: /root/distr_slam_ws/install/cartographer_ros_msgs/include/cartographer_ros_msgs/cartographer_ros_msgs/srv/detail/trajectory_query__rosidl_typesupport_fastrtps_cpp.hpp\n'}
[1.334542] (cartographer_ros_msgs) StdoutLine: {'line': b'-- Up-to-date: /root/distr_slam_ws/install/cartographer_ros_msgs/include/cartographer_ros_msgs/cartographer_ros_msgs/srv/detail/set_slam_state__rosidl_typesupport_fastrtps_cpp.hpp\n'}
[1.334825] (cartographer_ros_msgs) StdoutLine: {'line': b'-- Up-to-date: /root/distr_slam_ws/install/cartographer_ros_msgs/lib/libcartographer_ros_msgs__rosidl_typesupport_fastrtps_cpp.so\n'}
[1.335136] (cartographer_ros_msgs) StdoutLine: {'line': b'-- Up-to-date: /root/distr_slam_ws/install/cartographer_ros_msgs/include/cartographer_ros_msgs/cartographer_ros_msgs\n'}
[1.335397] (cartographer_ros_msgs) StdoutLine: {'line': b'-- Up-to-date: /root/distr_slam_ws/install/cartographer_ros_msgs/include/cartographer_ros_msgs/cartographer_ros_msgs/msg\n'}
[1.335606] (cartographer_ros_msgs) StdoutLine: {'line': b'-- Up-to-date: /root/distr_slam_ws/install/cartographer_ros_msgs/include/cartographer_ros_msgs/cartographer_ros_msgs/msg/detail\n'}
[1.335831] (cartographer_ros_msgs) StdoutLine: {'line': b'-- Up-to-date: /root/distr_slam_ws/install/cartographer_ros_msgs/include/cartographer_ros_msgs/cartographer_ros_msgs/msg/detail/metric_family__type_support.cpp\n'}
[1.336110] (cartographer_ros_msgs) StdoutLine: {'line': b'-- Up-to-date: /root/distr_slam_ws/install/cartographer_ros_msgs/include/cartographer_ros_msgs/cartographer_ros_msgs/msg/detail/submap_entry__type_support.cpp\n'}
[1.336332] (cartographer_ros_msgs) StdoutLine: {'line': b'-- Up-to-date: /root/distr_slam_ws/install/cartographer_ros_msgs/include/cartographer_ros_msgs/cartographer_ros_msgs/msg/detail/landmark_list__type_support.cpp\n'}
[1.336550] (cartographer_ros_msgs) StdoutLine: {'line': b'-- Up-to-date: /root/distr_slam_ws/install/cartographer_ros_msgs/include/cartographer_ros_msgs/cartographer_ros_msgs/msg/detail/status_response__rosidl_typesupport_introspection_cpp.hpp\n'}
[1.336793] (cartographer_ros_msgs) StdoutLine: {'line': b'-- Up-to-date: /root/distr_slam_ws/install/cartographer_ros_msgs/include/cartographer_ros_msgs/cartographer_ros_msgs/msg/detail/landmark_entry__rosidl_typesupport_introspection_cpp.hpp\n'}
[1.337027] (cartographer_ros_msgs) StdoutLine: {'line': b'-- Up-to-date: /root/distr_slam_ws/install/cartographer_ros_msgs/include/cartographer_ros_msgs/cartographer_ros_msgs/msg/detail/submap_list__type_support.cpp\n'}
[1.337244] (cartographer_ros_msgs) StdoutLine: {'line': b'-- Up-to-date: /root/distr_slam_ws/install/cartographer_ros_msgs/include/cartographer_ros_msgs/cartographer_ros_msgs/msg/detail/status_code__type_support.cpp\n'}
[1.337453] (cartographer_ros_msgs) StdoutLine: {'line': b'-- Up-to-date: /root/distr_slam_ws/install/cartographer_ros_msgs/include/cartographer_ros_msgs/cartographer_ros_msgs/msg/detail/bagfile_progress__rosidl_typesupport_introspection_cpp.hpp\n'}
[1.337661] (cartographer_ros_msgs) StdoutLine: {'line': b'-- Up-to-date: /root/distr_slam_ws/install/cartographer_ros_msgs/include/cartographer_ros_msgs/cartographer_ros_msgs/msg/detail/histogram_bucket__type_support.cpp\n'}
[1.337926] (cartographer_ros_msgs) StdoutLine: {'line': b'-- Up-to-date: /root/distr_slam_ws/install/cartographer_ros_msgs/include/cartographer_ros_msgs/cartographer_ros_msgs/msg/detail/metric_family__rosidl_typesupport_introspection_cpp.hpp\n'}
[1.338175] (cartographer_ros_msgs) StdoutLine: {'line': b'-- Up-to-date: /root/distr_slam_ws/install/cartographer_ros_msgs/include/cartographer_ros_msgs/cartographer_ros_msgs/msg/detail/landmark_list__rosidl_typesupport_introspection_cpp.hpp\n'}
[1.338402] (cartographer_ros_msgs) StdoutLine: {'line': b'-- Up-to-date: /root/distr_slam_ws/install/cartographer_ros_msgs/include/cartographer_ros_msgs/cartographer_ros_msgs/msg/detail/metric__rosidl_typesupport_introspection_cpp.hpp\n'}
[1.338614] (cartographer_ros_msgs) StdoutLine: {'line': b'-- Up-to-date: /root/distr_slam_ws/install/cartographer_ros_msgs/include/cartographer_ros_msgs/cartographer_ros_msgs/msg/detail/submap_entry__rosidl_typesupport_introspection_cpp.hpp\n'}
[1.338858] (cartographer_ros_msgs) StdoutLine: {'line': b'-- Up-to-date: /root/distr_slam_ws/install/cartographer_ros_msgs/include/cartographer_ros_msgs/cartographer_ros_msgs/msg/detail/metric_label__rosidl_typesupport_introspection_cpp.hpp\n'}
[1.339097] (cartographer_ros_msgs) StdoutLine: {'line': b'-- Up-to-date: /root/distr_slam_ws/install/cartographer_ros_msgs/include/cartographer_ros_msgs/cartographer_ros_msgs/msg/detail/status_code__rosidl_typesupport_introspection_cpp.hpp\n'}
[1.339323] (cartographer_ros_msgs) StdoutLine: {'line': b'-- Up-to-date: /root/distr_slam_ws/install/cartographer_ros_msgs/include/cartographer_ros_msgs/cartographer_ros_msgs/msg/detail/trajectory_states__rosidl_typesupport_introspection_cpp.hpp\n'}
[1.339543] (cartographer_ros_msgs) StdoutLine: {'line': b'-- Up-to-date: /root/distr_slam_ws/install/cartographer_ros_msgs/include/cartographer_ros_msgs/cartographer_ros_msgs/msg/detail/submap_list__rosidl_typesupport_introspection_cpp.hpp\n'}
[1.339780] (cartographer_ros_msgs) StdoutLine: {'line': b'-- Up-to-date: /root/distr_slam_ws/install/cartographer_ros_msgs/include/cartographer_ros_msgs/cartographer_ros_msgs/msg/detail/trajectory_states__type_support.cpp\n'}
[1.340012] (cartographer_ros_msgs) StdoutLine: {'line': b'-- Up-to-date: /root/distr_slam_ws/install/cartographer_ros_msgs/include/cartographer_ros_msgs/cartographer_ros_msgs/msg/detail/metric__type_support.cpp\n'}
[1.340229] (cartographer_ros_msgs) StdoutLine: {'line': b'-- Up-to-date: /root/distr_slam_ws/install/cartographer_ros_msgs/include/cartographer_ros_msgs/cartographer_ros_msgs/msg/detail/submap_texture__type_support.cpp\n'}
[1.340454] (cartographer_ros_msgs) StdoutLine: {'line': b'-- Up-to-date: /root/distr_slam_ws/install/cartographer_ros_msgs/include/cartographer_ros_msgs/cartographer_ros_msgs/msg/detail/submap_texture__rosidl_typesupport_introspection_cpp.hpp\n'}
[1.340673] (cartographer_ros_msgs) StdoutLine: {'line': b'-- Up-to-date: /root/distr_slam_ws/install/cartographer_ros_msgs/include/cartographer_ros_msgs/cartographer_ros_msgs/msg/detail/histogram_bucket__rosidl_typesupport_introspection_cpp.hpp\n'}
[1.340921] (cartographer_ros_msgs) StdoutLine: {'line': b'-- Up-to-date: /root/distr_slam_ws/install/cartographer_ros_msgs/include/cartographer_ros_msgs/cartographer_ros_msgs/msg/detail/bagfile_progress__type_support.cpp\n'}
[1.341140] (cartographer_ros_msgs) StdoutLine: {'line': b'-- Up-to-date: /root/distr_slam_ws/install/cartographer_ros_msgs/include/cartographer_ros_msgs/cartographer_ros_msgs/msg/detail/status_response__type_support.cpp\n'}
[1.341375] (cartographer_ros_msgs) StdoutLine: {'line': b'-- Up-to-date: /root/distr_slam_ws/install/cartographer_ros_msgs/include/cartographer_ros_msgs/cartographer_ros_msgs/msg/detail/metric_label__type_support.cpp\n'}
[1.341595] (cartographer_ros_msgs) StdoutLine: {'line': b'-- Up-to-date: /root/distr_slam_ws/install/cartographer_ros_msgs/include/cartographer_ros_msgs/cartographer_ros_msgs/msg/detail/landmark_entry__type_support.cpp\n'}
[1.341834] (cartographer_ros_msgs) StdoutLine: {'line': b'-- Up-to-date: /root/distr_slam_ws/install/cartographer_ros_msgs/include/cartographer_ros_msgs/cartographer_ros_msgs/srv\n'}
[1.342061] (cartographer_ros_msgs) StdoutLine: {'line': b'-- Up-to-date: /root/distr_slam_ws/install/cartographer_ros_msgs/include/cartographer_ros_msgs/cartographer_ros_msgs/srv/detail\n'}
[1.342290] (cartographer_ros_msgs) StdoutLine: {'line': b'-- Up-to-date: /root/distr_slam_ws/install/cartographer_ros_msgs/include/cartographer_ros_msgs/cartographer_ros_msgs/srv/detail/get_trajectory_states__type_support.cpp\n'}
[1.342508] (cartographer_ros_msgs) StdoutLine: {'line': b'-- Up-to-date: /root/distr_slam_ws/install/cartographer_ros_msgs/include/cartographer_ros_msgs/cartographer_ros_msgs/srv/detail/start_trajectory__rosidl_typesupport_introspection_cpp.hpp\n'}
[1.342734] (cartographer_ros_msgs) StdoutLine: {'line': b'-- Up-to-date: /root/distr_slam_ws/install/cartographer_ros_msgs/include/cartographer_ros_msgs/cartographer_ros_msgs/srv/detail/trajectory_query__rosidl_typesupport_introspection_cpp.hpp\n'}
[1.342971] (cartographer_ros_msgs) StdoutLine: {'line': b'-- Up-to-date: /root/distr_slam_ws/install/cartographer_ros_msgs/include/cartographer_ros_msgs/cartographer_ros_msgs/srv/detail/get_slam_state__type_support.cpp\n'}
[1.343186] (cartographer_ros_msgs) StdoutLine: {'line': b'-- Up-to-date: /root/distr_slam_ws/install/cartographer_ros_msgs/include/cartographer_ros_msgs/cartographer_ros_msgs/srv/detail/read_metrics__type_support.cpp\n'}
[1.343403] (cartographer_ros_msgs) StdoutLine: {'line': b'-- Up-to-date: /root/distr_slam_ws/install/cartographer_ros_msgs/include/cartographer_ros_msgs/cartographer_ros_msgs/srv/detail/write_state__type_support.cpp\n'}
[1.343618] (cartographer_ros_msgs) StdoutLine: {'line': b'-- Up-to-date: /root/distr_slam_ws/install/cartographer_ros_msgs/include/cartographer_ros_msgs/cartographer_ros_msgs/srv/detail/set_slam_state__rosidl_typesupport_introspection_cpp.hpp\n'}
[1.343891] (cartographer_ros_msgs) StdoutLine: {'line': b'-- Up-to-date: /root/distr_slam_ws/install/cartographer_ros_msgs/include/cartographer_ros_msgs/cartographer_ros_msgs/srv/detail/submap_query__type_support.cpp\n'}
[1.344122] (cartographer_ros_msgs) StdoutLine: {'line': b'-- Up-to-date: /root/distr_slam_ws/install/cartographer_ros_msgs/include/cartographer_ros_msgs/cartographer_ros_msgs/srv/detail/trajectory_query__type_support.cpp\n'}
[1.344339] (cartographer_ros_msgs) StdoutLine: {'line': b'-- Up-to-date: /root/distr_slam_ws/install/cartographer_ros_msgs/include/cartographer_ros_msgs/cartographer_ros_msgs/srv/detail/submap_query__rosidl_typesupport_introspection_cpp.hpp\n'}
[1.344565] (cartographer_ros_msgs) StdoutLine: {'line': b'-- Up-to-date: /root/distr_slam_ws/install/cartographer_ros_msgs/include/cartographer_ros_msgs/cartographer_ros_msgs/srv/detail/read_metrics__rosidl_typesupport_introspection_cpp.hpp\n'}
[1.344831] (cartographer_ros_msgs) StdoutLine: {'line': b'-- Up-to-date: /root/distr_slam_ws/install/cartographer_ros_msgs/include/cartographer_ros_msgs/cartographer_ros_msgs/srv/detail/write_state__rosidl_typesupport_introspection_cpp.hpp\n'}
[1.345064] (cartographer_ros_msgs) StdoutLine: {'line': b'-- Up-to-date: /root/distr_slam_ws/install/cartographer_ros_msgs/include/cartographer_ros_msgs/cartographer_ros_msgs/srv/detail/get_slam_state__rosidl_typesupport_introspection_cpp.hpp\n'}
[1.345289] (cartographer_ros_msgs) StdoutLine: {'line': b'-- Up-to-date: /root/distr_slam_ws/install/cartographer_ros_msgs/include/cartographer_ros_msgs/cartographer_ros_msgs/srv/detail/get_trajectory_states__rosidl_typesupport_introspection_cpp.hpp\n'}
[1.345549] (cartographer_ros_msgs) StdoutLine: {'line': b'-- Up-to-date: /root/distr_slam_ws/install/cartographer_ros_msgs/include/cartographer_ros_msgs/cartographer_ros_msgs/srv/detail/start_trajectory__type_support.cpp\n'}
[1.345923] (cartographer_ros_msgs) StdoutLine: {'line': b'-- Up-to-date: /root/distr_slam_ws/install/cartographer_ros_msgs/include/cartographer_ros_msgs/cartographer_ros_msgs/srv/detail/finish_trajectory__type_support.cpp\n'}
[1.346255] (cartographer_ros_msgs) StdoutLine: {'line': b'-- Up-to-date: /root/distr_slam_ws/install/cartographer_ros_msgs/include/cartographer_ros_msgs/cartographer_ros_msgs/srv/detail/finish_trajectory__rosidl_typesupport_introspection_cpp.hpp\n'}
[1.346576] (cartographer_ros_msgs) StdoutLine: {'line': b'-- Up-to-date: /root/distr_slam_ws/install/cartographer_ros_msgs/include/cartographer_ros_msgs/cartographer_ros_msgs/srv/detail/set_slam_state__type_support.cpp\n'}
[1.346907] (cartographer_ros_msgs) StdoutLine: {'line': b'-- Up-to-date: /root/distr_slam_ws/install/cartographer_ros_msgs/lib/libcartographer_ros_msgs__rosidl_typesupport_introspection_cpp.so\n'}
[1.347209] (cartographer_ros_msgs) StdoutLine: {'line': b'-- Up-to-date: /root/distr_slam_ws/install/cartographer_ros_msgs/lib/libcartographer_ros_msgs__rosidl_typesupport_cpp.so\n'}
[1.347523] (cartographer_ros_msgs) StdoutLine: {'line': b'-- Up-to-date: /root/distr_slam_ws/install/cartographer_ros_msgs/share/cartographer_ros_msgs/environment/pythonpath.sh\n'}
[1.347901] (cartographer_ros_msgs) StdoutLine: {'line': b'-- Up-to-date: /root/distr_slam_ws/install/cartographer_ros_msgs/share/cartographer_ros_msgs/environment/pythonpath.dsv\n'}
[1.348237] (cartographer_ros_msgs) StdoutLine: {'line': b'-- Up-to-date: /root/distr_slam_ws/install/cartographer_ros_msgs/lib/python3.12/site-packages/cartographer_ros_msgs-2.0.9003-py3.12.egg-info\n'}
[1.348561] (cartographer_ros_msgs) StdoutLine: {'line': b'-- Installing: /root/distr_slam_ws/install/cartographer_ros_msgs/lib/python3.12/site-packages/cartographer_ros_msgs-2.0.9003-py3.12.egg-info/PKG-INFO\n'}
[1.348905] (cartographer_ros_msgs) StdoutLine: {'line': b'-- Installing: /root/distr_slam_ws/install/cartographer_ros_msgs/lib/python3.12/site-packages/cartographer_ros_msgs-2.0.9003-py3.12.egg-info/dependency_links.txt\n'}
[1.349243] (cartographer_ros_msgs) StdoutLine: {'line': b'-- Installing: /root/distr_slam_ws/install/cartographer_ros_msgs/lib/python3.12/site-packages/cartographer_ros_msgs-2.0.9003-py3.12.egg-info/top_level.txt\n'}
[1.349564] (cartographer_ros_msgs) StdoutLine: {'line': b'-- Installing: /root/distr_slam_ws/install/cartographer_ros_msgs/lib/python3.12/site-packages/cartographer_ros_msgs-2.0.9003-py3.12.egg-info/SOURCES.txt\n'}
[1.349913] (cartographer) StdoutLine: {'line': b'[ 72%] Built target cartographer.mapping.internal.2d.ray_to_pixel_mask_test\n'}
[1.350270] (cartographer_ros_msgs) StdoutLine: {'line': b'-- Up-to-date: /root/distr_slam_ws/install/cartographer_ros_msgs/lib/python3.12/site-packages/cartographer_ros_msgs\n'}
[1.350603] (cartographer_ros_msgs) StdoutLine: {'line': b'-- Up-to-date: /root/distr_slam_ws/install/cartographer_ros_msgs/lib/python3.12/site-packages/cartographer_ros_msgs/cartographer_ros_msgs_s__rosidl_typesupport_fastrtps_c.so\n'}
[1.350953] (cartographer_ros_msgs) StdoutLine: {'line': b'-- Up-to-date: /root/distr_slam_ws/install/cartographer_ros_msgs/lib/python3.12/site-packages/cartographer_ros_msgs/cartographer_ros_msgs_s__rosidl_typesupport_introspection_c.so\n'}
[1.351280] (cartographer_ros_msgs) StdoutLine: {'line': b'-- Up-to-date: /root/distr_slam_ws/install/cartographer_ros_msgs/lib/python3.12/site-packages/cartographer_ros_msgs/_cartographer_ros_msgs_s.ep.rosidl_typesupport_fastrtps_c.c\n'}
[1.351599] (cartographer_ros_msgs) StdoutLine: {'line': b'-- Up-to-date: /root/distr_slam_ws/install/cartographer_ros_msgs/lib/python3.12/site-packages/cartographer_ros_msgs/cartographer_ros_msgs_s__rosidl_typesupport_c.so\n'}
[1.351952] (cartographer_ros_msgs) StdoutLine: {'line': b'-- Up-to-date: /root/distr_slam_ws/install/cartographer_ros_msgs/lib/python3.12/site-packages/cartographer_ros_msgs/__init__.py\n'}
[1.352274] (cartographer_ros_msgs) StdoutLine: {'line': b'-- Up-to-date: /root/distr_slam_ws/install/cartographer_ros_msgs/lib/python3.12/site-packages/cartographer_ros_msgs/msg\n'}
[1.352593] (cartographer_ros_msgs) StdoutLine: {'line': b'-- Up-to-date: /root/distr_slam_ws/install/cartographer_ros_msgs/lib/python3.12/site-packages/cartographer_ros_msgs/msg/_histogram_bucket.py\n'}
[1.352987] (cartographer_ros_msgs) StdoutLine: {'line': b'-- Up-to-date: /root/distr_slam_ws/install/cartographer_ros_msgs/lib/python3.12/site-packages/cartographer_ros_msgs/msg/_submap_texture_s.c\n'}
[1.353308] (cartographer_ros_msgs) StdoutLine: {'line': b'-- Up-to-date: /root/distr_slam_ws/install/cartographer_ros_msgs/lib/python3.12/site-packages/cartographer_ros_msgs/msg/_submap_list_s.c\n'}
[1.353639] (cartographer_ros_msgs) StdoutLine: {'line': b'-- Up-to-date: /root/distr_slam_ws/install/cartographer_ros_msgs/lib/python3.12/site-packages/cartographer_ros_msgs/msg/_metric_label_s.c\n'}
[1.354006] (cartographer_ros_msgs) StdoutLine: {'line': b'-- Up-to-date: /root/distr_slam_ws/install/cartographer_ros_msgs/lib/python3.12/site-packages/cartographer_ros_msgs/msg/_metric_s.c\n'}
[1.354332] (cartographer_ros_msgs) StdoutLine: {'line': b'-- Up-to-date: /root/distr_slam_ws/install/cartographer_ros_msgs/lib/python3.12/site-packages/cartographer_ros_msgs/msg/_submap_entry.py\n'}
[1.354642] (cartographer_ros_msgs) StdoutLine: {'line': b'-- Up-to-date: /root/distr_slam_ws/install/cartographer_ros_msgs/lib/python3.12/site-packages/cartographer_ros_msgs/msg/_histogram_bucket_s.c\n'}
[1.354985] (cartographer_ros_msgs) StdoutLine: {'line': b'-- Up-to-date: /root/distr_slam_ws/install/cartographer_ros_msgs/lib/python3.12/site-packages/cartographer_ros_msgs/msg/_status_code.py\n'}
[1.355284] (cartographer_ros_msgs) StdoutLine: {'line': b'-- Up-to-date: /root/distr_slam_ws/install/cartographer_ros_msgs/lib/python3.12/site-packages/cartographer_ros_msgs/msg/_submap_entry_s.c\n'}
[1.355550] (cartographer_ros_msgs) StdoutLine: {'line': b'-- Up-to-date: /root/distr_slam_ws/install/cartographer_ros_msgs/lib/python3.12/site-packages/cartographer_ros_msgs/msg/_landmark_list.py\n'}
[1.355860] (cartographer_ros_msgs) StdoutLine: {'line': b'-- Up-to-date: /root/distr_slam_ws/install/cartographer_ros_msgs/lib/python3.12/site-packages/cartographer_ros_msgs/msg/_status_code_s.c\n'}
[1.356145] (cartographer_ros_msgs) StdoutLine: {'line': b'-- Up-to-date: /root/distr_slam_ws/install/cartographer_ros_msgs/lib/python3.12/site-packages/cartographer_ros_msgs/msg/_metric_family.py\n'}
[1.356363] (cartographer_ros_msgs) StdoutLine: {'line': b'-- Up-to-date: /root/distr_slam_ws/install/cartographer_ros_msgs/lib/python3.12/site-packages/cartographer_ros_msgs/msg/_submap_list.py\n'}
[1.356585] (cartographer_ros_msgs) StdoutLine: {'line': b'-- Up-to-date: /root/distr_slam_ws/install/cartographer_ros_msgs/lib/python3.12/site-packages/cartographer_ros_msgs/msg/_landmark_entry_s.c\n'}
[1.356844] (cartographer_ros_msgs) StdoutLine: {'line': b'-- Up-to-date: /root/distr_slam_ws/install/cartographer_ros_msgs/lib/python3.12/site-packages/cartographer_ros_msgs/msg/_metric_label.py\n'}
[1.357106] (cartographer_ros_msgs) StdoutLine: {'line': b'-- Up-to-date: /root/distr_slam_ws/install/cartographer_ros_msgs/lib/python3.12/site-packages/cartographer_ros_msgs/msg/_trajectory_states.py\n'}
[1.357411] (cartographer_ros_msgs) StdoutLine: {'line': b'-- Up-to-date: /root/distr_slam_ws/install/cartographer_ros_msgs/lib/python3.12/site-packages/cartographer_ros_msgs/msg/_status_response.py\n'}
[1.357797] (cartographer_ros_msgs) StdoutLine: {'line': b'-- Up-to-date: /root/distr_slam_ws/install/cartographer_ros_msgs/lib/python3.12/site-packages/cartographer_ros_msgs/msg/_bagfile_progress.py\n'}
[1.358082] (cartographer_ros_msgs) StdoutLine: {'line': b'-- Up-to-date: /root/distr_slam_ws/install/cartographer_ros_msgs/lib/python3.12/site-packages/cartographer_ros_msgs/msg/_bagfile_progress_s.c\n'}
[1.358353] (cartographer_ros_msgs) StdoutLine: {'line': b'-- Up-to-date: /root/distr_slam_ws/install/cartographer_ros_msgs/lib/python3.12/site-packages/cartographer_ros_msgs/msg/_landmark_entry.py\n'}
[1.358586] (cartographer_ros_msgs) StdoutLine: {'line': b'-- Up-to-date: /root/distr_slam_ws/install/cartographer_ros_msgs/lib/python3.12/site-packages/cartographer_ros_msgs/msg/_landmark_list_s.c\n'}
[1.358841] (cartographer_ros_msgs) StdoutLine: {'line': b'-- Up-to-date: /root/distr_slam_ws/install/cartographer_ros_msgs/lib/python3.12/site-packages/cartographer_ros_msgs/msg/_submap_texture.py\n'}
[1.359104] (cartographer_ros_msgs) StdoutLine: {'line': b'-- Up-to-date: /root/distr_slam_ws/install/cartographer_ros_msgs/lib/python3.12/site-packages/cartographer_ros_msgs/msg/_metric.py\n'}
[1.359392] (cartographer_ros_msgs) StdoutLine: {'line': b'-- Up-to-date: /root/distr_slam_ws/install/cartographer_ros_msgs/lib/python3.12/site-packages/cartographer_ros_msgs/msg/__init__.py\n'}
[1.359612] (cartographer_ros_msgs) StdoutLine: {'line': b'-- Up-to-date: /root/distr_slam_ws/install/cartographer_ros_msgs/lib/python3.12/site-packages/cartographer_ros_msgs/msg/_trajectory_states_s.c\n'}
[1.359885] (cartographer_ros_msgs) StdoutLine: {'line': b'-- Up-to-date: /root/distr_slam_ws/install/cartographer_ros_msgs/lib/python3.12/site-packages/cartographer_ros_msgs/msg/_metric_family_s.c\n'}
[1.360144] (cartographer_ros_msgs) StdoutLine: {'line': b'-- Up-to-date: /root/distr_slam_ws/install/cartographer_ros_msgs/lib/python3.12/site-packages/cartographer_ros_msgs/msg/_status_response_s.c\n'}
[1.360363] (cartographer_ros_msgs) StdoutLine: {'line': b'-- Up-to-date: /root/distr_slam_ws/install/cartographer_ros_msgs/lib/python3.12/site-packages/cartographer_ros_msgs/srv\n'}
[1.360621] (cartographer_ros_msgs) StdoutLine: {'line': b'-- Up-to-date: /root/distr_slam_ws/install/cartographer_ros_msgs/lib/python3.12/site-packages/cartographer_ros_msgs/srv/_get_trajectory_states_s.c\n'}
[1.360854] (cartographer_ros_msgs) StdoutLine: {'line': b'-- Up-to-date: /root/distr_slam_ws/install/cartographer_ros_msgs/lib/python3.12/site-packages/cartographer_ros_msgs/srv/_read_metrics.py\n'}
[1.361092] (cartographer_ros_msgs) StdoutLine: {'line': b'-- Up-to-date: /root/distr_slam_ws/install/cartographer_ros_msgs/lib/python3.12/site-packages/cartographer_ros_msgs/srv/_write_state.py\n'}
[1.361311] (cartographer_ros_msgs) StdoutLine: {'line': b'-- Up-to-date: /root/distr_slam_ws/install/cartographer_ros_msgs/lib/python3.12/site-packages/cartographer_ros_msgs/srv/_get_trajectory_states.py\n'}
[1.361535] (cartographer_ros_msgs) StdoutLine: {'line': b'-- Up-to-date: /root/distr_slam_ws/install/cartographer_ros_msgs/lib/python3.12/site-packages/cartographer_ros_msgs/srv/_set_slam_state_s.c\n'}
[1.361812] (cartographer_ros_msgs) StdoutLine: {'line': b'-- Up-to-date: /root/distr_slam_ws/install/cartographer_ros_msgs/lib/python3.12/site-packages/cartographer_ros_msgs/srv/_start_trajectory_s.c\n'}
[1.362066] (cartographer_ros_msgs) StdoutLine: {'line': b'-- Up-to-date: /root/distr_slam_ws/install/cartographer_ros_msgs/lib/python3.12/site-packages/cartographer_ros_msgs/srv/_trajectory_query_s.c\n'}
[1.362296] (cartographer_ros_msgs) StdoutLine: {'line': b'-- Up-to-date: /root/distr_slam_ws/install/cartographer_ros_msgs/lib/python3.12/site-packages/cartographer_ros_msgs/srv/_get_slam_state_s.c\n'}
[1.362574] (cartographer_ros_msgs) StdoutLine: {'line': b'-- Up-to-date: /root/distr_slam_ws/install/cartographer_ros_msgs/lib/python3.12/site-packages/cartographer_ros_msgs/srv/_finish_trajectory.py\n'}
[1.362823] (cartographer_ros_msgs) StdoutLine: {'line': b'-- Up-to-date: /root/distr_slam_ws/install/cartographer_ros_msgs/lib/python3.12/site-packages/cartographer_ros_msgs/srv/_set_slam_state.py\n'}
[1.363055] (cartographer_ros_msgs) StdoutLine: {'line': b'-- Up-to-date: /root/distr_slam_ws/install/cartographer_ros_msgs/lib/python3.12/site-packages/cartographer_ros_msgs/srv/_get_slam_state.py\n'}
[1.363344] (cartographer_ros_msgs) StdoutLine: {'line': b'-- Up-to-date: /root/distr_slam_ws/install/cartographer_ros_msgs/lib/python3.12/site-packages/cartographer_ros_msgs/srv/_finish_trajectory_s.c\n'}
[1.363619] (cartographer_ros_msgs) StdoutLine: {'line': b'-- Up-to-date: /root/distr_slam_ws/install/cartographer_ros_msgs/lib/python3.12/site-packages/cartographer_ros_msgs/srv/_submap_query_s.c\n'}
[1.363912] (cartographer_ros_msgs) StdoutLine: {'line': b'-- Up-to-date: /root/distr_slam_ws/install/cartographer_ros_msgs/lib/python3.12/site-packages/cartographer_ros_msgs/srv/_read_metrics_s.c\n'}
[1.364150] (cartographer_ros_msgs) StdoutLine: {'line': b'-- Up-to-date: /root/distr_slam_ws/install/cartographer_ros_msgs/lib/python3.12/site-packages/cartographer_ros_msgs/srv/_start_trajectory.py\n'}
[1.364433] (cartographer_ros_msgs) StdoutLine: {'line': b'-- Up-to-date: /root/distr_slam_ws/install/cartographer_ros_msgs/lib/python3.12/site-packages/cartographer_ros_msgs/srv/_write_state_s.c\n'}
[1.364745] (cartographer_ros_msgs) StdoutLine: {'line': b'-- Up-to-date: /root/distr_slam_ws/install/cartographer_ros_msgs/lib/python3.12/site-packages/cartographer_ros_msgs/srv/__init__.py\n'}
[1.365096] (cartographer_ros_msgs) StdoutLine: {'line': b'-- Up-to-date: /root/distr_slam_ws/install/cartographer_ros_msgs/lib/python3.12/site-packages/cartographer_ros_msgs/srv/_trajectory_query.py\n'}
[1.365366] (cartographer_ros_msgs) StdoutLine: {'line': b'-- Up-to-date: /root/distr_slam_ws/install/cartographer_ros_msgs/lib/python3.12/site-packages/cartographer_ros_msgs/srv/_submap_query.py\n'}
[1.365635] (cartographer_ros_msgs) StdoutLine: {'line': b'-- Up-to-date: /root/distr_slam_ws/install/cartographer_ros_msgs/lib/python3.12/site-packages/cartographer_ros_msgs/_cartographer_ros_msgs_s.ep.rosidl_typesupport_introspection_c.c\n'}
[1.365932] (cartographer_ros_msgs) StdoutLine: {'line': b'-- Up-to-date: /root/distr_slam_ws/install/cartographer_ros_msgs/lib/python3.12/site-packages/cartographer_ros_msgs/_cartographer_ros_msgs_s.ep.rosidl_typesupport_c.c\n'}
[1.366208] (cartographer) StdoutLine: {'line': b'[ 73%] Built target cartographer.mapping.internal.2d.scan_matching.ceres_scan_matcher_2d_test\n'}
[1.366506] (cartographer) StdoutLine: {'line': b'[ 74%] Built target cartographer.mapping.internal.2d.scan_matching.interpolated_tsdf_2d_test\n'}
[1.366801] (cartographer) StdoutLine: {'line': b'[ 74%] Built target cartographer.mapping.internal.2d.scan_matching.occupied_space_cost_function_2d_test\n'}
[1.367062] (cartographer) StdoutLine: {'line': b'[ 75%] Built target cartographer.mapping.internal.2d.scan_matching.real_time_correlative_scan_matcher_2d_test\n'}
[1.367321] (cartographer) StdoutLine: {'line': b'[ 75%] Built target cartographer.mapping.internal.2d.scan_matching.correlative_scan_matcher_test\n'}
[1.367599] (cartographer) StdoutLine: {'line': b'[ 76%] Built target cartographer.mapping.internal.2d.scan_matching.fast_correlative_scan_matcher_2d_test\n'}
[1.379782] (cartographer) StdoutLine: {'line': b'[ 76%] Built target cartographer.mapping.internal.2d.scan_matching.tsdf_match_cost_function_2d_test\n'}
[1.380190] (cartographer) StdoutLine: {'line': b'[ 76%] Built target build_doc\n'}
[1.388354] (cartographer) StdoutLine: {'line': b'[ 76%] Built target cartographer.mapping.internal.3d.rotation_parameterization_test\n'}
[1.390473] (cartographer_ros_msgs) StdoutLine: {'line': b"Listing '/root/distr_slam_ws/install/cartographer_ros_msgs/lib/python3.12/site-packages/cartographer_ros_msgs'...\n"}
[1.390984] (cartographer_ros_msgs) StdoutLine: {'line': b"Listing '/root/distr_slam_ws/install/cartographer_ros_msgs/lib/python3.12/site-packages/cartographer_ros_msgs/msg'...\n"}
[1.391416] (cartographer_ros_msgs) StdoutLine: {'line': b"Listing '/root/distr_slam_ws/install/cartographer_ros_msgs/lib/python3.12/site-packages/cartographer_ros_msgs/srv'...\n"}
[1.401264] (-) TimerEvent: {}
[1.408980] (cartographer_ros_msgs) StdoutLine: {'line': b'-- Up-to-date: /root/distr_slam_ws/install/cartographer_ros_msgs/lib/python3.12/site-packages/cartographer_ros_msgs/cartographer_ros_msgs_s__rosidl_typesupport_fastrtps_c.so\n'}
[1.410971] (cartographer) StdoutLine: {'line': b'[ 77%] Built target cartographer.mapping.internal.2d.tsdf_range_data_inserter_2d_test\n'}
[1.411684] (cartographer_ros_msgs) StdoutLine: {'line': b'-- Up-to-date: /root/distr_slam_ws/install/cartographer_ros_msgs/lib/python3.12/site-packages/cartographer_ros_msgs/cartographer_ros_msgs_s__rosidl_typesupport_introspection_c.so\n'}
[1.413560] (cartographer_ros_msgs) StdoutLine: {'line': b'-- Up-to-date: /root/distr_slam_ws/install/cartographer_ros_msgs/lib/python3.12/site-packages/cartographer_ros_msgs/cartographer_ros_msgs_s__rosidl_typesupport_c.so\n'}
[1.416079] (cartographer_ros_msgs) StdoutLine: {'line': b'-- Up-to-date: /root/distr_slam_ws/install/cartographer_ros_msgs/lib/libcartographer_ros_msgs__rosidl_generator_py.so\n'}
[1.420287] (cartographer_ros_msgs) StdoutLine: {'line': b'-- Up-to-date: /root/distr_slam_ws/install/cartographer_ros_msgs/share/ament_index/resource_index/rust_packages/cartographer_ros_msgs\n'}
[1.420710] (cartographer_ros_msgs) StdoutLine: {'line': b'-- Up-to-date: /root/distr_slam_ws/install/cartographer_ros_msgs/share/cartographer_ros_msgs/rust\n'}
[1.421129] (cartographer_ros_msgs) StdoutLine: {'line': b'-- Up-to-date: /root/distr_slam_ws/install/cartographer_ros_msgs/share/cartographer_ros_msgs/rust/Cargo.toml\n'}
[1.421522] (cartographer_ros_msgs) StdoutLine: {'line': b'-- Up-to-date: /root/distr_slam_ws/install/cartographer_ros_msgs/share/cartographer_ros_msgs/rust/src\n'}
[1.421915] (cartographer_ros_msgs) StdoutLine: {'line': b'-- Up-to-date: /root/distr_slam_ws/install/cartographer_ros_msgs/share/cartographer_ros_msgs/rust/src/srv.rs\n'}
[1.422308] (cartographer_ros_msgs) StdoutLine: {'line': b'-- Up-to-date: /root/distr_slam_ws/install/cartographer_ros_msgs/share/cartographer_ros_msgs/rust/src/msg.rs\n'}
[1.422672] (cartographer_ros_msgs) StdoutLine: {'line': b'-- Up-to-date: /root/distr_slam_ws/install/cartographer_ros_msgs/share/cartographer_ros_msgs/rust/src/lib.rs\n'}
[1.423063] (cartographer_ros_msgs) StdoutLine: {'line': b'-- Up-to-date: /root/distr_slam_ws/install/cartographer_ros_msgs/share/cartographer_ros_msgs/rust/src/msg\n'}
[1.423448] (cartographer_ros_msgs) StdoutLine: {'line': b'-- Up-to-date: /root/distr_slam_ws/install/cartographer_ros_msgs/share/cartographer_ros_msgs/rust/src/msg/rmw.rs\n'}
[1.427188] (cartographer_ros_msgs) StdoutLine: {'line': b'-- Up-to-date: /root/distr_slam_ws/install/cartographer_ros_msgs/share/cartographer_ros_msgs/rust/src/srv\n'}
[1.427608] (cartographer_ros_msgs) StdoutLine: {'line': b'-- Up-to-date: /root/distr_slam_ws/install/cartographer_ros_msgs/share/cartographer_ros_msgs/rust/src/srv/rmw.rs\n'}
[1.428013] (cartographer_ros_msgs) StdoutLine: {'line': b'-- Up-to-date: /root/distr_slam_ws/install/cartographer_ros_msgs/share/cartographer_ros_msgs/rust/build.rs\n'}
[1.428404] (cartographer_ros_msgs) StdoutLine: {'line': b'-- Up-to-date: /root/distr_slam_ws/install/cartographer_ros_msgs/share/cartographer_ros_msgs/msg/BagfileProgress.idl\n'}
[1.428844] (cartographer_ros_msgs) StdoutLine: {'line': b'-- Up-to-date: /root/distr_slam_ws/install/cartographer_ros_msgs/share/cartographer_ros_msgs/msg/HistogramBucket.idl\n'}
[1.429239] (cartographer_ros_msgs) StdoutLine: {'line': b'-- Up-to-date: /root/distr_slam_ws/install/cartographer_ros_msgs/share/cartographer_ros_msgs/msg/LandmarkEntry.idl\n'}
[1.429674] (cartographer_ros_msgs) StdoutLine: {'line': b'-- Up-to-date: /root/distr_slam_ws/install/cartographer_ros_msgs/share/cartographer_ros_msgs/msg/LandmarkList.idl\n'}
[1.430070] (cartographer_ros_msgs) StdoutLine: {'line': b'-- Up-to-date: /root/distr_slam_ws/install/cartographer_ros_msgs/share/cartographer_ros_msgs/msg/MetricFamily.idl\n'}
[1.432888] (cartographer_ros_msgs) StdoutLine: {'line': b'-- Up-to-date: /root/distr_slam_ws/install/cartographer_ros_msgs/share/cartographer_ros_msgs/msg/MetricLabel.idl\n'}
[1.433340] (cartographer_ros_msgs) StdoutLine: {'line': b'-- Up-to-date: /root/distr_slam_ws/install/cartographer_ros_msgs/share/cartographer_ros_msgs/msg/Metric.idl\n'}
[1.433702] (cartographer_ros_msgs) StdoutLine: {'line': b'-- Up-to-date: /root/distr_slam_ws/install/cartographer_ros_msgs/share/cartographer_ros_msgs/msg/StatusCode.idl\n'}
[1.434059] (cartographer_ros_msgs) StdoutLine: {'line': b'-- Up-to-date: /root/distr_slam_ws/install/cartographer_ros_msgs/share/cartographer_ros_msgs/msg/StatusResponse.idl\n'}
[1.434390] (cartographer_ros_msgs) StdoutLine: {'line': b'-- Up-to-date: /root/distr_slam_ws/install/cartographer_ros_msgs/share/cartographer_ros_msgs/msg/SubmapEntry.idl\n'}
[1.434771] (cartographer_ros_msgs) StdoutLine: {'line': b'-- Up-to-date: /root/distr_slam_ws/install/cartographer_ros_msgs/share/cartographer_ros_msgs/msg/SubmapList.idl\n'}
[1.435359] (cartographer_ros_msgs) StdoutLine: {'line': b'-- Up-to-date: /root/distr_slam_ws/install/cartographer_ros_msgs/share/cartographer_ros_msgs/msg/SubmapTexture.idl\n'}
[1.435686] (cartographer_ros_msgs) StdoutLine: {'line': b'-- Up-to-date: /root/distr_slam_ws/install/cartographer_ros_msgs/share/cartographer_ros_msgs/msg/TrajectoryStates.idl\n'}
[1.436008] (cartographer_ros_msgs) StdoutLine: {'line': b'-- Up-to-date: /root/distr_slam_ws/install/cartographer_ros_msgs/share/cartographer_ros_msgs/srv/FinishTrajectory.idl\n'}
[1.436234] (cartographer_ros_msgs) StdoutLine: {'line': b'-- Up-to-date: /root/distr_slam_ws/install/cartographer_ros_msgs/share/cartographer_ros_msgs/srv/GetTrajectoryStates.idl\n'}
[1.436441] (cartographer_ros_msgs) StdoutLine: {'line': b'-- Up-to-date: /root/distr_slam_ws/install/cartographer_ros_msgs/share/cartographer_ros_msgs/srv/ReadMetrics.idl\n'}
[1.436694] (cartographer_ros_msgs) StdoutLine: {'line': b'-- Up-to-date: /root/distr_slam_ws/install/cartographer_ros_msgs/share/cartographer_ros_msgs/srv/StartTrajectory.idl\n'}
[1.436945] (cartographer_ros_msgs) StdoutLine: {'line': b'-- Up-to-date: /root/distr_slam_ws/install/cartographer_ros_msgs/share/cartographer_ros_msgs/srv/TrajectoryQuery.idl\n'}
[1.437174] (cartographer_ros_msgs) StdoutLine: {'line': b'-- Up-to-date: /root/distr_slam_ws/install/cartographer_ros_msgs/share/cartographer_ros_msgs/srv/SubmapQuery.idl\n'}
[1.437395] (cartographer_ros_msgs) StdoutLine: {'line': b'-- Up-to-date: /root/distr_slam_ws/install/cartographer_ros_msgs/share/cartographer_ros_msgs/srv/WriteState.idl\n'}
[1.437619] (cartographer_ros_msgs) StdoutLine: {'line': b'-- Up-to-date: /root/distr_slam_ws/install/cartographer_ros_msgs/share/cartographer_ros_msgs/srv/GetSlamState.idl\n'}
[1.437862] (cartographer_ros_msgs) StdoutLine: {'line': b'-- Up-to-date: /root/distr_slam_ws/install/cartographer_ros_msgs/share/cartographer_ros_msgs/srv/SetSlamState.idl\n'}
[1.438083] (cartographer_ros_msgs) StdoutLine: {'line': b'-- Up-to-date: /root/distr_slam_ws/install/cartographer_ros_msgs/share/cartographer_ros_msgs/msg/BagfileProgress.msg\n'}
[1.438312] (cartographer) StdoutLine: {'line': b'[ 78%] Built target cartographer.mapping.internal.3d.pose_graph_3d_test\n'}
[1.438584] (cartographer_ros_msgs) StdoutLine: {'line': b'-- Up-to-date: /root/distr_slam_ws/install/cartographer_ros_msgs/share/cartographer_ros_msgs/msg/HistogramBucket.msg\n'}
[1.439063] (cartographer_ros_msgs) StdoutLine: {'line': b'-- Up-to-date: /root/distr_slam_ws/install/cartographer_ros_msgs/share/cartographer_ros_msgs/msg/LandmarkEntry.msg\n'}
[1.439289] (cartographer_ros_msgs) StdoutLine: {'line': b'-- Up-to-date: /root/distr_slam_ws/install/cartographer_ros_msgs/share/cartographer_ros_msgs/msg/LandmarkList.msg\n'}
[1.439608] (cartographer_ros_msgs) StdoutLine: {'line': b'-- Up-to-date: /root/distr_slam_ws/install/cartographer_ros_msgs/share/cartographer_ros_msgs/msg/MetricFamily.msg\n'}
[1.439978] (cartographer) StdoutLine: {'line': b'[ 78%] Built target cartographer.mapping.internal.3d.local_trajectory_builder_3d_test\n'}
[1.440238] (cartographer_ros_msgs) StdoutLine: {'line': b'-- Up-to-date: /root/distr_slam_ws/install/cartographer_ros_msgs/share/cartographer_ros_msgs/msg/MetricLabel.msg\n'}
[1.440489] (cartographer_ros_msgs) StdoutLine: {'line': b'-- Up-to-date: /root/distr_slam_ws/install/cartographer_ros_msgs/share/cartographer_ros_msgs/msg/Metric.msg\n'}
[1.440853] (cartographer) StdoutLine: {'line': b'[ 79%] Built target cartographer.mapping.internal.2d.tsd_value_converter_test\n'}
[1.441170] (cartographer_ros_msgs) StdoutLine: {'line': b'-- Up-to-date: /root/distr_slam_ws/install/cartographer_ros_msgs/share/cartographer_ros_msgs/msg/StatusCode.msg\n'}
[1.441416] (cartographer_ros_msgs) StdoutLine: {'line': b'-- Up-to-date: /root/distr_slam_ws/install/cartographer_ros_msgs/share/cartographer_ros_msgs/msg/StatusResponse.msg\n'}
[1.441755] (cartographer_ros_msgs) StdoutLine: {'line': b'-- Up-to-date: /root/distr_slam_ws/install/cartographer_ros_msgs/share/cartographer_ros_msgs/msg/SubmapEntry.msg\n'}
[1.442069] (cartographer_ros_msgs) StdoutLine: {'line': b'-- Up-to-date: /root/distr_slam_ws/install/cartographer_ros_msgs/share/cartographer_ros_msgs/msg/SubmapList.msg\n'}
[1.442297] (cartographer_ros_msgs) StdoutLine: {'line': b'-- Up-to-date: /root/distr_slam_ws/install/cartographer_ros_msgs/share/cartographer_ros_msgs/msg/SubmapTexture.msg\n'}
[1.442642] (cartographer_ros_msgs) StdoutLine: {'line': b'-- Up-to-date: /root/distr_slam_ws/install/cartographer_ros_msgs/share/cartographer_ros_msgs/msg/TrajectoryStates.msg\n'}
[1.442989] (cartographer) StdoutLine: {'line': b'[ 79%] Built target cartographer.mapping.internal.2d.tsdf_2d_test\n'}
[1.443277] (cartographer_ros_msgs) StdoutLine: {'line': b'-- Up-to-date: /root/distr_slam_ws/install/cartographer_ros_msgs/share/cartographer_ros_msgs/srv/FinishTrajectory.srv\n'}
[1.443568] (cartographer_ros_msgs) StdoutLine: {'line': b'-- Up-to-date: /root/distr_slam_ws/install/cartographer_ros_msgs/share/cartographer_ros_msgs/srv/GetTrajectoryStates.srv\n'}
[1.443822] (cartographer_ros_msgs) StdoutLine: {'line': b'-- Up-to-date: /root/distr_slam_ws/install/cartographer_ros_msgs/share/cartographer_ros_msgs/srv/ReadMetrics.srv\n'}
[1.444119] (cartographer_ros_msgs) StdoutLine: {'line': b'-- Up-to-date: /root/distr_slam_ws/install/cartographer_ros_msgs/share/cartographer_ros_msgs/srv/StartTrajectory.srv\n'}
[1.444426] (cartographer_ros_msgs) StdoutLine: {'line': b'-- Up-to-date: /root/distr_slam_ws/install/cartographer_ros_msgs/share/cartographer_ros_msgs/srv/TrajectoryQuery.srv\n'}
[1.444645] (cartographer_ros_msgs) StdoutLine: {'line': b'-- Up-to-date: /root/distr_slam_ws/install/cartographer_ros_msgs/share/cartographer_ros_msgs/srv/SubmapQuery.srv\n'}
[1.444991] (cartographer_ros_msgs) StdoutLine: {'line': b'-- Up-to-date: /root/distr_slam_ws/install/cartographer_ros_msgs/share/cartographer_ros_msgs/srv/WriteState.srv\n'}
[1.445315] (cartographer_ros_msgs) StdoutLine: {'line': b'-- Up-to-date: /root/distr_slam_ws/install/cartographer_ros_msgs/share/cartographer_ros_msgs/srv/GetSlamState.srv\n'}
[1.445536] (cartographer_ros_msgs) StdoutLine: {'line': b'-- Up-to-date: /root/distr_slam_ws/install/cartographer_ros_msgs/share/cartographer_ros_msgs/srv/SetSlamState.srv\n'}
[1.445910] (cartographer_ros_msgs) StdoutLine: {'line': b'-- Up-to-date: /root/distr_slam_ws/install/cartographer_ros_msgs/share/ament_index/resource_index/package_run_dependencies/cartographer_ros_msgs\n'}
[1.446243] (cartographer_ros_msgs) StdoutLine: {'line': b'-- Up-to-date: /root/distr_slam_ws/install/cartographer_ros_msgs/share/ament_index/resource_index/parent_prefix_path/cartographer_ros_msgs\n'}
[1.446506] (cartographer_ros_msgs) StdoutLine: {'line': b'-- Up-to-date: /root/distr_slam_ws/install/cartographer_ros_msgs/share/cartographer_ros_msgs/environment/ament_prefix_path.sh\n'}
[1.446840] (cartographer_ros_msgs) StdoutLine: {'line': b'-- Up-to-date: /root/distr_slam_ws/install/cartographer_ros_msgs/share/cartographer_ros_msgs/environment/ament_prefix_path.dsv\n'}
[1.447169] (cartographer_ros_msgs) StdoutLine: {'line': b'-- Up-to-date: /root/distr_slam_ws/install/cartographer_ros_msgs/share/cartographer_ros_msgs/environment/path.sh\n'}
[1.447505] (cartographer_ros_msgs) StdoutLine: {'line': b'-- Up-to-date: /root/distr_slam_ws/install/cartographer_ros_msgs/share/cartographer_ros_msgs/environment/path.dsv\n'}
[1.447839] (cartographer_ros_msgs) StdoutLine: {'line': b'-- Up-to-date: /root/distr_slam_ws/install/cartographer_ros_msgs/share/cartographer_ros_msgs/local_setup.bash\n'}
[1.448162] (cartographer_ros_msgs) StdoutLine: {'line': b'-- Up-to-date: /root/distr_slam_ws/install/cartographer_ros_msgs/share/cartographer_ros_msgs/local_setup.sh\n'}
[1.448474] (cartographer_ros_msgs) StdoutLine: {'line': b'-- Up-to-date: /root/distr_slam_ws/install/cartographer_ros_msgs/share/cartographer_ros_msgs/local_setup.zsh\n'}
[1.448763] (cartographer_ros_msgs) StdoutLine: {'line': b'-- Up-to-date: /root/distr_slam_ws/install/cartographer_ros_msgs/share/cartographer_ros_msgs/local_setup.dsv\n'}
[1.449057] (cartographer_ros_msgs) StdoutLine: {'line': b'-- Installing: /root/distr_slam_ws/install/cartographer_ros_msgs/share/cartographer_ros_msgs/package.dsv\n'}
[1.449377] (cartographer_ros_msgs) StdoutLine: {'line': b'-- Up-to-date: /root/distr_slam_ws/install/cartographer_ros_msgs/share/ament_index/resource_index/packages/cartographer_ros_msgs\n'}
[1.449775] (cartographer_ros_msgs) StdoutLine: {'line': b'-- Up-to-date: /root/distr_slam_ws/install/cartographer_ros_msgs/share/cartographer_ros_msgs/cmake/export_cartographer_ros_msgs__rosidl_generator_cExport.cmake\n'}
[1.450114] (cartographer_ros_msgs) StdoutLine: {'line': b'-- Up-to-date: /root/distr_slam_ws/install/cartographer_ros_msgs/share/cartographer_ros_msgs/cmake/export_cartographer_ros_msgs__rosidl_generator_cExport-noconfig.cmake\n'}
[1.450335] (cartographer_ros_msgs) StdoutLine: {'line': b'-- Up-to-date: /root/distr_slam_ws/install/cartographer_ros_msgs/share/cartographer_ros_msgs/cmake/export_cartographer_ros_msgs__rosidl_typesupport_fastrtps_cExport.cmake\n'}
[1.450552] (cartographer_ros_msgs) StdoutLine: {'line': b'-- Up-to-date: /root/distr_slam_ws/install/cartographer_ros_msgs/share/cartographer_ros_msgs/cmake/export_cartographer_ros_msgs__rosidl_typesupport_fastrtps_cExport-noconfig.cmake\n'}
[1.450817] (cartographer_ros_msgs) StdoutLine: {'line': b'-- Up-to-date: /root/distr_slam_ws/install/cartographer_ros_msgs/share/cartographer_ros_msgs/cmake/cartographer_ros_msgs__rosidl_typesupport_introspection_cExport.cmake\n'}
[1.451049] (cartographer_ros_msgs) StdoutLine: {'line': b'-- Up-to-date: /root/distr_slam_ws/install/cartographer_ros_msgs/share/cartographer_ros_msgs/cmake/cartographer_ros_msgs__rosidl_typesupport_introspection_cExport-noconfig.cmake\n'}
[1.451267] (cartographer_ros_msgs) StdoutLine: {'line': b'-- Up-to-date: /root/distr_slam_ws/install/cartographer_ros_msgs/share/cartographer_ros_msgs/cmake/cartographer_ros_msgs__rosidl_typesupport_cExport.cmake\n'}
[1.451486] (cartographer_ros_msgs) StdoutLine: {'line': b'-- Up-to-date: /root/distr_slam_ws/install/cartographer_ros_msgs/share/cartographer_ros_msgs/cmake/cartographer_ros_msgs__rosidl_typesupport_cExport-noconfig.cmake\n'}
[1.451702] (cartographer_ros_msgs) StdoutLine: {'line': b'-- Up-to-date: /root/distr_slam_ws/install/cartographer_ros_msgs/share/cartographer_ros_msgs/cmake/export_cartographer_ros_msgs__rosidl_generator_cppExport.cmake\n'}
[1.451945] (cartographer_ros_msgs) StdoutLine: {'line': b'-- Up-to-date: /root/distr_slam_ws/install/cartographer_ros_msgs/share/cartographer_ros_msgs/cmake/export_cartographer_ros_msgs__rosidl_typesupport_fastrtps_cppExport.cmake\n'}
[1.452161] (cartographer_ros_msgs) StdoutLine: {'line': b'-- Up-to-date: /root/distr_slam_ws/install/cartographer_ros_msgs/share/cartographer_ros_msgs/cmake/export_cartographer_ros_msgs__rosidl_typesupport_fastrtps_cppExport-noconfig.cmake\n'}
[1.452376] (cartographer_ros_msgs) StdoutLine: {'line': b'-- Up-to-date: /root/distr_slam_ws/install/cartographer_ros_msgs/share/cartographer_ros_msgs/cmake/cartographer_ros_msgs__rosidl_typesupport_introspection_cppExport.cmake\n'}
[1.452592] (cartographer_ros_msgs) StdoutLine: {'line': b'-- Up-to-date: /root/distr_slam_ws/install/cartographer_ros_msgs/share/cartographer_ros_msgs/cmake/cartographer_ros_msgs__rosidl_typesupport_introspection_cppExport-noconfig.cmake\n'}
[1.452833] (cartographer_ros_msgs) StdoutLine: {'line': b'-- Up-to-date: /root/distr_slam_ws/install/cartographer_ros_msgs/share/cartographer_ros_msgs/cmake/cartographer_ros_msgs__rosidl_typesupport_cppExport.cmake\n'}
[1.453061] (cartographer_ros_msgs) StdoutLine: {'line': b'-- Up-to-date: /root/distr_slam_ws/install/cartographer_ros_msgs/share/cartographer_ros_msgs/cmake/cartographer_ros_msgs__rosidl_typesupport_cppExport-noconfig.cmake\n'}
[1.453275] (cartographer_ros_msgs) StdoutLine: {'line': b'-- Up-to-date: /root/distr_slam_ws/install/cartographer_ros_msgs/share/cartographer_ros_msgs/cmake/export_cartographer_ros_msgs__rosidl_generator_pyExport.cmake\n'}
[1.453491] (cartographer_ros_msgs) StdoutLine: {'line': b'-- Up-to-date: /root/distr_slam_ws/install/cartographer_ros_msgs/share/cartographer_ros_msgs/cmake/export_cartographer_ros_msgs__rosidl_generator_pyExport-noconfig.cmake\n'}
[1.453729] (cartographer_ros_msgs) StdoutLine: {'line': b'-- Up-to-date: /root/distr_slam_ws/install/cartographer_ros_msgs/share/cartographer_ros_msgs/cmake/rosidl_cmake-extras.cmake\n'}
[1.454017] (cartographer_ros_msgs) StdoutLine: {'line': b'-- Up-to-date: /root/distr_slam_ws/install/cartographer_ros_msgs/share/cartographer_ros_msgs/cmake/ament_cmake_export_dependencies-extras.cmake\n'}
[1.454251] (cartographer_ros_msgs) StdoutLine: {'line': b'-- Up-to-date: /root/distr_slam_ws/install/cartographer_ros_msgs/share/cartographer_ros_msgs/cmake/ament_cmake_export_include_directories-extras.cmake\n'}
[1.454471] (cartographer_ros_msgs) StdoutLine: {'line': b'-- Up-to-date: /root/distr_slam_ws/install/cartographer_ros_msgs/share/cartographer_ros_msgs/cmake/ament_cmake_export_libraries-extras.cmake\n'}
[1.456971] (cartographer_ros_msgs) StdoutLine: {'line': b'-- Up-to-date: /root/distr_slam_ws/install/cartographer_ros_msgs/share/cartographer_ros_msgs/cmake/ament_cmake_export_targets-extras.cmake\n'}
[1.457325] (cartographer_ros_msgs) StdoutLine: {'line': b'-- Up-to-date: /root/distr_slam_ws/install/cartographer_ros_msgs/share/cartographer_ros_msgs/cmake/rosidl_cmake_export_typesupport_targets-extras.cmake\n'}
[1.457581] (cartographer_ros_msgs) StdoutLine: {'line': b'-- Up-to-date: /root/distr_slam_ws/install/cartographer_ros_msgs/share/cartographer_ros_msgs/cmake/rosidl_cmake_export_typesupport_libraries-extras.cmake\n'}
[1.457876] (cartographer_ros_msgs) StdoutLine: {'line': b'-- Up-to-date: /root/distr_slam_ws/install/cartographer_ros_msgs/share/cartographer_ros_msgs/cmake/cartographer_ros_msgsConfig.cmake\n'}
[1.458168] (cartographer_ros_msgs) StdoutLine: {'line': b'-- Up-to-date: /root/distr_slam_ws/install/cartographer_ros_msgs/share/cartographer_ros_msgs/cmake/cartographer_ros_msgsConfig-version.cmake\n'}
[1.458462] (cartographer_ros_msgs) StdoutLine: {'line': b'-- Up-to-date: /root/distr_slam_ws/install/cartographer_ros_msgs/share/cartographer_ros_msgs/package.xml\n'}
[1.458765] (cartographer_ros_msgs) CommandEnded: {'returncode': 0}
[1.463862] (cartographer) StdoutLine: {'line': b'[ 80%] Built target cartographer.mapping.internal.3d.scan_matching.ceres_scan_matcher_3d_test\n'}
[1.467869] (cartographer) StdoutLine: {'line': b'[ 80%] Built target cartographer.mapping.internal.3d.scan_matching.fast_correlative_scan_matcher_3d_test\n'}
[1.501441] (-) TimerEvent: {}
[1.504980] (cartographer) StdoutLine: {'line': b'[ 80%] Built target cartographer.mapping.internal.3d.scan_matching.interpolated_grid_test\n'}
[1.521524] (cartographer) StdoutLine: {'line': b'[ 81%] Built target cartographer.mapping.internal.3d.scan_matching.intensity_cost_function_3d_test\n'}
[1.525392] (cartographer) StdoutLine: {'line': b'[ 82%] Built target cartographer.mapping.internal.3d.scan_matching.precomputation_grid_3d_test\n'}
[1.534084] (cartographer) StdoutLine: {'line': b'[ 83%] Built target cartographer.mapping.internal.3d.scan_matching.rotation_delta_cost_functor_3d_test\n'}
[1.534527] (cartographer) StdoutLine: {'line': b'[ 83%] Built target cartographer.mapping.internal.3d.scan_matching.real_time_correlative_scan_matcher_3d_test\n'}
[1.538934] (cartographer_ros_msgs) JobEnded: {'identifier': 'cartographer_ros_msgs', 'rc': 0}
[1.548241] (cartographer) StdoutLine: {'line': b'[ 83%] Built target cartographer.mapping.internal.3d.scan_matching.rotational_scan_matcher_test\n'}
[1.572875] (cartographer) StdoutLine: {'line': b'[ 84%] Built target cartographer.mapping.internal.connected_components_test\n'}
[1.575621] (cartographer) StdoutLine: {'line': b'[ 84%] Built target cartographer.mapping.internal.constraints.constraint_builder_2d_test\n'}
[1.601418] (cartographer) StdoutLine: {'line': b'[ 85%] Built target cartographer.mapping.internal.constraints.constraint_builder_3d_test\n'}
[1.601818] (-) TimerEvent: {}
[1.606270] (cartographer) StdoutLine: {'line': b'[ 85%] Built target cartographer.mapping.internal.motion_filter_test\n'}
[1.616444] (cartographer) StdoutLine: {'line': b'[ 86%] Built target cartographer.mapping.internal.optimization.cost_functions.landmark_cost_function_2d_test\n'}
[1.621324] (cartographer) StdoutLine: {'line': b'[ 86%] Built target cartographer.mapping.internal.optimization.cost_functions.landmark_cost_function_3d_test\n'}
[1.624674] (cartographer) StdoutLine: {'line': b'[ 87%] Built target cartographer.mapping.internal.optimization.cost_functions.spa_cost_function_2d_test\n'}
[1.640575] (cartographer) StdoutLine: {'line': b'[ 87%] Built target cartographer.mapping.internal.optimization.optimization_problem_3d_test\n'}
[1.658904] (cartographer) StdoutLine: {'line': b'[ 88%] Built target cartographer.mapping.internal.range_data_collator_test\n'}
[1.663864] (cartographer) StdoutLine: {'line': b'[ 88%] Built target cartographer.mapping.internal.trajectory_connectivity_state_test\n'}
[1.696064] (cartographer) StdoutLine: {'line': b'[ 89%] Built target cartographer.mapping.pose_extrapolator_test\n'}
[1.699802] (cartographer) StdoutLine: {'line': b'[ 89%] Built target cartographer.mapping.map_builder_test\n'}
[1.701937] (-) TimerEvent: {}
[1.709197] (cartographer) StdoutLine: {'line': b'[ 90%] Built target cartographer.mapping.probability_values_test\n'}
[1.709736] (cartographer) StdoutLine: {'line': b'[ 90%] Built target cartographer.mapping.pose_graph_trimmer_test\n'}
[1.710190] (cartographer) StdoutLine: {'line': b'[ 91%] Built target cartographer.mapping.pose_graph_test\n'}
[1.732791] (cartographer) StdoutLine: {'line': b'[ 91%] Built target cartographer.mapping.submaps_test\n'}
[1.739867] (cartographer) StdoutLine: {'line': b'[ 91%] Built target cartographer.mapping.value_conversion_tables_test\n'}
[1.744449] (cartographer) StdoutLine: {'line': b'[ 92%] Built target cartographer.mapping.trajectory_node_test\n'}
[1.780708] (cartographer) StdoutLine: {'line': b'[ 93%] Built target cartographer.sensor.compressed_point_cloud_test\n'}
[1.786789] (cartographer) StdoutLine: {'line': b'[ 93%] Built target cartographer.sensor.internal.collator_test\n'}
[1.795534] (cartographer) StdoutLine: {'line': b'[ 95%] Built target cartographer.sensor.internal.trajectory_collator_test\n'}
[1.796872] (cartographer) StdoutLine: {'line': b'[ 95%] Built target cartographer.sensor.internal.voxel_filter_test\n'}
[1.797247] (cartographer) StdoutLine: {'line': b'[ 95%] Built target cartographer.sensor.internal.ordered_multi_queue_test\n'}
[1.804803] (-) TimerEvent: {}
[1.820354] (cartographer) StdoutLine: {'line': b'[ 96%] Built target cartographer.sensor.landmark_data_test\n'}
[1.820899] (cartographer) StdoutLine: {'line': b'[ 96%] Built target cartographer.sensor.map_by_time_test\n'}
[1.829897] (cartographer) StdoutLine: {'line': b'[ 97%] Built target cartographer.sensor.point_cloud_test\n'}
[1.854088] (cartographer) StdoutLine: {'line': b'[ 98%] Built target cartographer.transform.rigid_transform_test\n'}
[1.862470] (cartographer) StdoutLine: {'line': b'[100%] Built target cartographer.transform.transform_interpolation_buffer_test\n'}
[1.865734] (cartographer) StdoutLine: {'line': b'[100%] Built target cartographer.sensor.range_data_test\n'}
[1.866006] (cartographer) StdoutLine: {'line': b'[100%] Built target cartographer.transform.transform_test\n'}
[1.872277] (cartographer) StdoutLine: {'line': b'[100%] Built target cartographer.transform.timestamped_transform_test\n'}
[1.893316] (cartographer) CommandEnded: {'returncode': 0}
[1.894595] (cartographer) JobProgress: {'identifier': 'cartographer', 'progress': 'install'}
[1.896466] (cartographer) Command: {'cmd': ['/usr/bin/cmake', '--install', '/root/distr_slam_ws/build/cartographer'], 'cwd': '/root/distr_slam_ws/build/cartographer', 'env': OrderedDict({'HOSTNAME': 'user-dynabook-G83-DN', 'SHLVL': '1', 'LIBGL_ALWAYS_SOFTWARE': '1', 'LD_LIBRARY_PATH': '/root/distr_slam_ws/install/cartographer_rviz/lib:/root/distr_slam_ws/install/cartographer_ros/lib:/root/distr_slam_ws/install/cartographer_ros_msgs/lib:/opt/ros/jazzy/opt/rviz_ogre_vendor/lib:/opt/ros/jazzy/lib/x86_64-linux-gnu:/opt/ros/jazzy/opt/gz_math_vendor/lib:/opt/ros/jazzy/opt/gz_utils_vendor/lib:/opt/ros/jazzy/opt/gz_cmake_vendor/lib:/opt/ros/jazzy/lib', 'HOME': '/root', 'ROS_PYTHON_VERSION': '3', 'COLCON_PREFIX_PATH': '/root/distr_slam_ws/install', 'ROS_DISTRO': 'jazzy', '_': '/usr/bin/colcon', 'ROS_VERSION': '2', 'PKG_CONFIG_PATH': '/root/distr_slam_ws/install/cartographer/lib/x86_64-linux-gnu/pkgconfig:/root/distr_slam_ws/install/cartographer/lib/pkgconfig', 'TERM': 'xterm', 'ROS_LOCALHOST_ONLY': '1', 'QT_X11_NO_MITSHM': '1', 'PATH': '/root/distr_slam_ws/install/cartographer/bin:/opt/ros/jazzy/bin:/usr/local/sbin:/usr/local/bin:/usr/sbin:/usr/bin:/sbin:/bin', 'DISPLAY': ':0', 'LANG': 'en_US.UTF-8', 'XAUTHORITY': '/root/.Xauthority', 'LS_COLORS': 'rs=0:di=01;34:ln=01;36:mh=00:pi=40;33:so=01;35:do=01;35:bd=40;33;01:cd=40;33;01:or=40;31;01:mi=00:su=37;41:sg=30;43:ca=00:tw=30;42:ow=34;42:st=37;44:ex=01;32:*.tar=01;31:*.tgz=01;31:*.arc=01;31:*.arj=01;31:*.taz=01;31:*.lha=01;31:*.lz4=01;31:*.lzh=01;31:*.lzma=01;31:*.tlz=01;31:*.txz=01;31:*.tzo=01;31:*.t7z=01;31:*.zip=01;31:*.z=01;31:*.dz=01;31:*.gz=01;31:*.lrz=01;31:*.lz=01;31:*.lzo=01;31:*.xz=01;31:*.zst=01;31:*.tzst=01;31:*.bz2=01;31:*.bz=01;31:*.tbz=01;31:*.tbz2=01;31:*.tz=01;31:*.deb=01;31:*.rpm=01;31:*.jar=01;31:*.war=01;31:*.ear=01;31:*.sar=01;31:*.rar=01;31:*.alz=01;31:*.ace=01;31:*.zoo=01;31:*.cpio=01;31:*.7z=01;31:*.rz=01;31:*.cab=01;31:*.wim=01;31:*.swm=01;31:*.dwm=01;31:*.esd=01;31:*.avif=01;35:*.jpg=01;35:*.jpeg=01;35:*.mjpg=01;35:*.mjpeg=01;35:*.gif=01;35:*.bmp=01;35:*.pbm=01;35:*.pgm=01;35:*.ppm=01;35:*.tga=01;35:*.xbm=01;35:*.xpm=01;35:*.tif=01;35:*.tiff=01;35:*.png=01;35:*.svg=01;35:*.svgz=01;35:*.mng=01;35:*.pcx=01;35:*.mov=01;35:*.mpg=01;35:*.mpeg=01;35:*.m2v=01;35:*.mkv=01;35:*.webm=01;35:*.webp=01;35:*.ogm=01;35:*.mp4=01;35:*.m4v=01;35:*.mp4v=01;35:*.vob=01;35:*.qt=01;35:*.nuv=01;35:*.wmv=01;35:*.asf=01;35:*.rm=01;35:*.rmvb=01;35:*.flc=01;35:*.avi=01;35:*.fli=01;35:*.flv=01;35:*.gl=01;35:*.dl=01;35:*.xcf=01;35:*.xwd=01;35:*.yuv=01;35:*.cgm=01;35:*.emf=01;35:*.ogv=01;35:*.ogx=01;35:*.aac=00;36:*.au=00;36:*.flac=00;36:*.m4a=00;36:*.mid=00;36:*.midi=00;36:*.mka=00;36:*.mp3=00;36:*.mpc=00;36:*.ogg=00;36:*.ra=00;36:*.wav=00;36:*.oga=00;36:*.opus=00;36:*.spx=00;36:*.xspf=00;36:*~=00;90:*#=00;90:*.bak=00;90:*.crdownload=00;90:*.dpkg-dist=00;90:*.dpkg-new=00;90:*.dpkg-old=00;90:*.dpkg-tmp=00;90:*.old=00;90:*.orig=00;90:*.part=00;90:*.rej=00;90:*.rpmnew=00;90:*.rpmorig=00;90:*.rpmsave=00;90:*.swp=00;90:*.tmp=00;90:*.ucf-dist=00;90:*.ucf-new=00;90:*.ucf-old=00;90:', 'AMENT_PREFIX_PATH': '/root/distr_slam_ws/install/cartographer_rviz:/root/distr_slam_ws/install/cartographer_ros:/root/distr_slam_ws/install/cartographer_ros_msgs:/opt/ros/jazzy', 'DEBIAN_FRONTEND': 'noninteractive', 'ROS_AUTOMATIC_DISCOVERY_RANGE': 'SUBNET', 'PWD': '/root/distr_slam_ws/build/cartographer', 'TURTLEBOT3_MODEL': 'burger', 'LC_ALL': 'en_US.UTF-8', 'PYTHONPATH': '/root/distr_slam_ws/install/cartographer_ros_msgs/lib/python3.12/site-packages:/opt/ros/jazzy/lib/python3.12/site-packages', 'COLCON': '1', 'CMAKE_PREFIX_PATH': '/root/distr_slam_ws/install/cartographer_rviz:/root/distr_slam_ws/install/cartographer_ros:/root/distr_slam_ws/install/cartographer_ros_msgs:/root/distr_slam_ws/install/cartographer:/opt/ros/jazzy/opt/gz_math_vendor:/opt/ros/jazzy/opt/gz_utils_vendor:/opt/ros/jazzy/opt/gz_cmake_vendor:/opt/ros/jazzy'}), 'shell': False}
[1.904887] (-) TimerEvent: {}
[1.911616] (cartographer) StdoutLine: {'line': b'-- Install configuration: "Release"\n'}
[1.912164] (cartographer) StdoutLine: {'line': b'-- Up-to-date: /root/distr_slam_ws/install/cartographer/share/cartographer/package.xml\n'}
[1.912529] (cartographer) StdoutLine: {'line': b'-- Up-to-date: /root/distr_slam_ws/install/cartographer/share/cartographer//configuration_files\n'}
[1.912815] (cartographer) StdoutLine: {'line': b'-- Up-to-date: /root/distr_slam_ws/install/cartographer/share/cartographer//configuration_files/trajectory_builder_2d.lua\n'}
[1.912946] (cartographer) StdoutLine: {'line': b'-- Up-to-date: /root/distr_slam_ws/install/cartographer/share/cartographer//configuration_files/trajectory_builder_3d.lua\n'}
[1.913077] (cartographer) StdoutLine: {'line': b'-- Up-to-date: /root/distr_slam_ws/install/cartographer/share/cartographer//configuration_files/pose_graph.lua\n'}
[1.913194] (cartographer) StdoutLine: {'line': b'-- Up-to-date: /root/distr_slam_ws/install/cartographer/share/cartographer//configuration_files/map_builder.lua\n'}
[1.913352] (cartographer) StdoutLine: {'line': b'-- Up-to-date: /root/distr_slam_ws/install/cartographer/share/cartographer//configuration_files/map_builder_server.lua\n'}
[1.913465] (cartographer) StdoutLine: {'line': b'-- Up-to-date: /root/distr_slam_ws/install/cartographer/share/cartographer//configuration_files/trajectory_builder.lua\n'}
[1.913578] (cartographer) StdoutLine: {'line': b'-- Up-to-date: /root/distr_slam_ws/install/cartographer/share/cartographer//cmake\n'}
[1.913736] (cartographer) StdoutLine: {'line': b'-- Up-to-date: /root/distr_slam_ws/install/cartographer/share/cartographer//cmake/modules\n'}
[1.913878] (cartographer) StdoutLine: {'line': b'-- Up-to-date: /root/distr_slam_ws/install/cartographer/share/cartographer//cmake/modules/FindLuaGoogle.cmake\n'}
[1.913991] (cartographer) StdoutLine: {'line': b'-- Up-to-date: /root/distr_slam_ws/install/cartographer/share/cartographer//cmake/modules/FindSphinx.cmake\n'}
[1.914104] (cartographer) StdoutLine: {'line': b'-- Up-to-date: /root/distr_slam_ws/install/cartographer/share/cartographer//cmake/modules/FindEigen3.cmake\n'}
[1.914219] (cartographer) StdoutLine: {'line': b'-- Up-to-date: /root/distr_slam_ws/install/cartographer/share/cartographer//cmake/modules/FindGMock.cmake\n'}
[1.914379] (cartographer) StdoutLine: {'line': b'-- Up-to-date: /root/distr_slam_ws/install/cartographer/share/cartographer//cmake/functions.cmake\n'}
[1.914498] (cartographer) StdoutLine: {'line': b'-- Up-to-date: /root/distr_slam_ws/install/cartographer/bin/cartographer_autogenerate_ground_truth\n'}
[1.914679] (cartographer) StdoutLine: {'line': b'-- Up-to-date: /root/distr_slam_ws/install/cartographer/bin/cartographer_compute_relations_metrics\n'}
[1.914902] (cartographer) StdoutLine: {'line': b'-- Up-to-date: /root/distr_slam_ws/install/cartographer/bin/cartographer_pbstream\n'}
[1.915053] (cartographer) StdoutLine: {'line': b'-- Up-to-date: /root/distr_slam_ws/install/cartographer/bin/cartographer_print_configuration\n'}
[1.915227] (cartographer) StdoutLine: {'line': b'-- Up-to-date: /root/distr_slam_ws/install/cartographer/lib/libcartographer.a\n'}
[1.915406] (cartographer) StdoutLine: {'line': b'-- Up-to-date: /root/distr_slam_ws/install/cartographer/include/cartographer/common/configuration_file_resolver.h\n'}
[1.915553] (cartographer) StdoutLine: {'line': b'-- Up-to-date: /root/distr_slam_ws/install/cartographer/include/cartographer/common/fixed_ratio_sampler.h\n'}
[1.915736] (cartographer) StdoutLine: {'line': b'-- Up-to-date: /root/distr_slam_ws/install/cartographer/include/cartographer/common/histogram.h\n'}
[1.915937] (cartographer) StdoutLine: {'line': b'-- Up-to-date: /root/distr_slam_ws/install/cartographer/include/cartographer/common/lua.h\n'}
[1.916138] (cartographer) StdoutLine: {'line': b'-- Up-to-date: /root/distr_slam_ws/install/cartographer/include/cartographer/common/lua_parameter_dictionary.h\n'}
[1.916286] (cartographer) StdoutLine: {'line': b'-- Up-to-date: /root/distr_slam_ws/install/cartographer/include/cartographer/common/math.h\n'}
[1.916452] (cartographer) StdoutLine: {'line': b'-- Up-to-date: /root/distr_slam_ws/install/cartographer/include/cartographer/common/port.h\n'}
[1.916628] (cartographer) StdoutLine: {'line': b'-- Up-to-date: /root/distr_slam_ws/install/cartographer/include/cartographer/common/task.h\n'}
[1.916844] (cartographer) StdoutLine: {'line': b'-- Up-to-date: /root/distr_slam_ws/install/cartographer/include/cartographer/common/thread_pool.h\n'}
[1.917034] (cartographer) StdoutLine: {'line': b'-- Up-to-date: /root/distr_slam_ws/install/cartographer/include/cartographer/common/time.h\n'}
[1.917196] (cartographer) StdoutLine: {'line': b'-- Up-to-date: /root/distr_slam_ws/install/cartographer/include/cartographer/ground_truth/autogenerate_ground_truth.h\n'}
[1.917366] (cartographer) StdoutLine: {'line': b'-- Up-to-date: /root/distr_slam_ws/install/cartographer/include/cartographer/ground_truth/relations_text_file.h\n'}
[1.917490] (cartographer) StdoutLine: {'line': b'-- Up-to-date: /root/distr_slam_ws/install/cartographer/include/cartographer/io/color.h\n'}
[1.917677] (cartographer) StdoutLine: {'line': b'-- Up-to-date: /root/distr_slam_ws/install/cartographer/include/cartographer/io/coloring_points_processor.h\n'}
[1.917910] (cartographer) StdoutLine: {'line': b'-- Up-to-date: /root/distr_slam_ws/install/cartographer/include/cartographer/io/counting_points_processor.h\n'}
[1.918069] (cartographer) StdoutLine: {'line': b'-- Up-to-date: /root/distr_slam_ws/install/cartographer/include/cartographer/io/draw_trajectories.h\n'}
[1.918246] (cartographer) StdoutLine: {'line': b'-- Up-to-date: /root/distr_slam_ws/install/cartographer/include/cartographer/io/file_writer.h\n'}
[1.918420] (cartographer) StdoutLine: {'line': b'-- Up-to-date: /root/distr_slam_ws/install/cartographer/include/cartographer/io/fixed_ratio_sampling_points_processor.h\n'}
[1.918587] (cartographer) StdoutLine: {'line': b'-- Up-to-date: /root/distr_slam_ws/install/cartographer/include/cartographer/io/frame_id_filtering_points_processor.h\n'}
[1.918787] (cartographer) StdoutLine: {'line': b'-- Up-to-date: /root/distr_slam_ws/install/cartographer/include/cartographer/io/hybrid_grid_points_processor.h\n'}
[1.918975] (cartographer) StdoutLine: {'line': b'-- Up-to-date: /root/distr_slam_ws/install/cartographer/include/cartographer/io/image.h\n'}
[1.919126] (cartographer) StdoutLine: {'line': b'-- Up-to-date: /root/distr_slam_ws/install/cartographer/include/cartographer/io/intensity_to_color_points_processor.h\n'}
[1.919311] (cartographer) StdoutLine: {'line': b'-- Up-to-date: /root/distr_slam_ws/install/cartographer/include/cartographer/io/min_max_range_filtering_points_processor.h\n'}
[1.919476] (cartographer) StdoutLine: {'line': b'-- Up-to-date: /root/distr_slam_ws/install/cartographer/include/cartographer/io/null_points_processor.h\n'}
[1.919603] (cartographer) StdoutLine: {'line': b'-- Up-to-date: /root/distr_slam_ws/install/cartographer/include/cartographer/io/outlier_removing_points_processor.h\n'}
[1.919843] (cartographer) StdoutLine: {'line': b'-- Up-to-date: /root/distr_slam_ws/install/cartographer/include/cartographer/io/pcd_writing_points_processor.h\n'}
[1.920014] (cartographer) StdoutLine: {'line': b'-- Up-to-date: /root/distr_slam_ws/install/cartographer/include/cartographer/io/ply_writing_points_processor.h\n'}
[1.920264] (cartographer) StdoutLine: {'line': b'-- Up-to-date: /root/distr_slam_ws/install/cartographer/include/cartographer/io/points_batch.h\n'}
[1.920460] (cartographer) StdoutLine: {'line': b'-- Up-to-date: /root/distr_slam_ws/install/cartographer/include/cartographer/io/points_processor.h\n'}
[1.920678] (cartographer) StdoutLine: {'line': b'-- Up-to-date: /root/distr_slam_ws/install/cartographer/include/cartographer/io/points_processor_pipeline_builder.h\n'}
[1.921130] (cartographer) StdoutLine: {'line': b'-- Up-to-date: /root/distr_slam_ws/install/cartographer/include/cartographer/io/probability_grid_points_processor.h\n'}
[1.921529] (cartographer) StdoutLine: {'line': b'-- Up-to-date: /root/distr_slam_ws/install/cartographer/include/cartographer/io/proto_stream.h\n'}
[1.921862] (cartographer) StdoutLine: {'line': b'-- Up-to-date: /root/distr_slam_ws/install/cartographer/include/cartographer/io/proto_stream_deserializer.h\n'}
[1.922181] (cartographer) StdoutLine: {'line': b'-- Up-to-date: /root/distr_slam_ws/install/cartographer/include/cartographer/io/proto_stream_interface.h\n'}
[1.922447] (cartographer) StdoutLine: {'line': b'-- Up-to-date: /root/distr_slam_ws/install/cartographer/include/cartographer/io/serialization_format_migration.h\n'}
[1.922675] (cartographer) StdoutLine: {'line': b'-- Up-to-date: /root/distr_slam_ws/install/cartographer/include/cartographer/io/submap_painter.h\n'}
[1.922926] (cartographer) StdoutLine: {'line': b'-- Up-to-date: /root/distr_slam_ws/install/cartographer/include/cartographer/io/vertical_range_filtering_points_processor.h\n'}
[1.923112] (cartographer) StdoutLine: {'line': b'-- Up-to-date: /root/distr_slam_ws/install/cartographer/include/cartographer/io/xray_points_processor.h\n'}
[1.923237] (cartographer) StdoutLine: {'line': b'-- Up-to-date: /root/distr_slam_ws/install/cartographer/include/cartographer/io/xyz_writing_points_processor.h\n'}
[1.923431] (cartographer) StdoutLine: {'line': b'-- Up-to-date: /root/distr_slam_ws/install/cartographer/include/cartographer/mapping/2d/grid_2d.h\n'}
[1.923578] (cartographer) StdoutLine: {'line': b'-- Up-to-date: /root/distr_slam_ws/install/cartographer/include/cartographer/mapping/2d/map_limits.h\n'}
[1.923702] (cartographer) StdoutLine: {'line': b'-- Up-to-date: /root/distr_slam_ws/install/cartographer/include/cartographer/mapping/2d/probability_grid.h\n'}
[1.923920] (cartographer) StdoutLine: {'line': b'-- Up-to-date: /root/distr_slam_ws/install/cartographer/include/cartographer/mapping/2d/probability_grid_range_data_inserter_2d.h\n'}
[1.924100] (cartographer) StdoutLine: {'line': b'-- Up-to-date: /root/distr_slam_ws/install/cartographer/include/cartographer/mapping/2d/submap_2d.h\n'}
[1.924276] (cartographer) StdoutLine: {'line': b'-- Up-to-date: /root/distr_slam_ws/install/cartographer/include/cartographer/mapping/2d/xy_index.h\n'}
[1.924443] (cartographer) StdoutLine: {'line': b'-- Up-to-date: /root/distr_slam_ws/install/cartographer/include/cartographer/mapping/3d/hybrid_grid.h\n'}
[1.924588] (cartographer) StdoutLine: {'line': b'-- Up-to-date: /root/distr_slam_ws/install/cartographer/include/cartographer/mapping/3d/range_data_inserter_3d.h\n'}
[1.924794] (cartographer) StdoutLine: {'line': b'-- Up-to-date: /root/distr_slam_ws/install/cartographer/include/cartographer/mapping/3d/submap_3d.h\n'}
[1.925011] (cartographer) StdoutLine: {'line': b'-- Up-to-date: /root/distr_slam_ws/install/cartographer/include/cartographer/mapping/detect_floors.h\n'}
[1.925181] (cartographer) StdoutLine: {'line': b'-- Up-to-date: /root/distr_slam_ws/install/cartographer/include/cartographer/mapping/grid_interface.h\n'}
[1.925322] (cartographer) StdoutLine: {'line': b'-- Up-to-date: /root/distr_slam_ws/install/cartographer/include/cartographer/mapping/id.h\n'}
[1.925495] (cartographer) StdoutLine: {'line': b'-- Up-to-date: /root/distr_slam_ws/install/cartographer/include/cartographer/mapping/imu_tracker.h\n'}
[1.925671] (cartographer) StdoutLine: {'line': b'-- Up-to-date: /root/distr_slam_ws/install/cartographer/include/cartographer/mapping/map_builder.h\n'}
[1.925887] (cartographer) StdoutLine: {'line': b'-- Up-to-date: /root/distr_slam_ws/install/cartographer/include/cartographer/mapping/map_builder_interface.h\n'}
[1.926043] (cartographer) StdoutLine: {'line': b'-- Up-to-date: /root/distr_slam_ws/install/cartographer/include/cartographer/mapping/pose_extrapolator.h\n'}
[1.926210] (cartographer) StdoutLine: {'line': b'-- Up-to-date: /root/distr_slam_ws/install/cartographer/include/cartographer/mapping/pose_extrapolator_interface.h\n'}
[1.926403] (cartographer) StdoutLine: {'line': b'-- Up-to-date: /root/distr_slam_ws/install/cartographer/include/cartographer/mapping/pose_graph.h\n'}
[1.926526] (cartographer) StdoutLine: {'line': b'-- Up-to-date: /root/distr_slam_ws/install/cartographer/include/cartographer/mapping/pose_graph_interface.h\n'}
[1.926688] (cartographer) StdoutLine: {'line': b'-- Up-to-date: /root/distr_slam_ws/install/cartographer/include/cartographer/mapping/pose_graph_trimmer.h\n'}
[1.926890] (cartographer) StdoutLine: {'line': b'-- Up-to-date: /root/distr_slam_ws/install/cartographer/include/cartographer/mapping/probability_values.h\n'}
[1.927008] (cartographer) StdoutLine: {'line': b'-- Up-to-date: /root/distr_slam_ws/install/cartographer/include/cartographer/mapping/range_data_inserter_interface.h\n'}
[1.927151] (cartographer) StdoutLine: {'line': b'-- Up-to-date: /root/distr_slam_ws/install/cartographer/include/cartographer/mapping/submaps.h\n'}
[1.927315] (cartographer) StdoutLine: {'line': b'-- Up-to-date: /root/distr_slam_ws/install/cartographer/include/cartographer/mapping/trajectory_builder_interface.h\n'}
[1.927437] (cartographer) StdoutLine: {'line': b'-- Up-to-date: /root/distr_slam_ws/install/cartographer/include/cartographer/mapping/trajectory_node.h\n'}
[1.927551] (cartographer) StdoutLine: {'line': b'-- Up-to-date: /root/distr_slam_ws/install/cartographer/include/cartographer/mapping/value_conversion_tables.h\n'}
[1.927666] (cartographer) StdoutLine: {'line': b'-- Up-to-date: /root/distr_slam_ws/install/cartographer/include/cartographer/metrics/counter.h\n'}
[1.927814] (cartographer) StdoutLine: {'line': b'-- Up-to-date: /root/distr_slam_ws/install/cartographer/include/cartographer/metrics/family_factory.h\n'}
[1.927936] (cartographer) StdoutLine: {'line': b'-- Up-to-date: /root/distr_slam_ws/install/cartographer/include/cartographer/metrics/gauge.h\n'}
[1.928048] (cartographer) StdoutLine: {'line': b'-- Up-to-date: /root/distr_slam_ws/install/cartographer/include/cartographer/metrics/histogram.h\n'}
[1.928173] (cartographer) StdoutLine: {'line': b'-- Up-to-date: /root/distr_slam_ws/install/cartographer/include/cartographer/metrics/register.h\n'}
[1.928284] (cartographer) StdoutLine: {'line': b'-- Up-to-date: /root/distr_slam_ws/install/cartographer/include/cartographer/sensor/collator_interface.h\n'}
[1.928396] (cartographer) StdoutLine: {'line': b'-- Up-to-date: /root/distr_slam_ws/install/cartographer/include/cartographer/sensor/compressed_point_cloud.h\n'}
[1.928508] (cartographer) StdoutLine: {'line': b'-- Up-to-date: /root/distr_slam_ws/install/cartographer/include/cartographer/sensor/data.h\n'}
[1.928621] (cartographer) StdoutLine: {'line': b'-- Up-to-date: /root/distr_slam_ws/install/cartographer/include/cartographer/sensor/fixed_frame_pose_data.h\n'}
[1.928764] (cartographer) StdoutLine: {'line': b'-- Up-to-date: /root/distr_slam_ws/install/cartographer/include/cartographer/sensor/imu_data.h\n'}
[1.928899] (cartographer) StdoutLine: {'line': b'-- Up-to-date: /root/distr_slam_ws/install/cartographer/include/cartographer/sensor/landmark_data.h\n'}
[1.929011] (cartographer) StdoutLine: {'line': b'-- Up-to-date: /root/distr_slam_ws/install/cartographer/include/cartographer/sensor/map_by_time.h\n'}
[1.929121] (cartographer) StdoutLine: {'line': b'-- Up-to-date: /root/distr_slam_ws/install/cartographer/include/cartographer/sensor/odometry_data.h\n'}
[1.929231] (cartographer) StdoutLine: {'line': b'-- Up-to-date: /root/distr_slam_ws/install/cartographer/include/cartographer/sensor/point_cloud.h\n'}
[1.929345] (cartographer) StdoutLine: {'line': b'-- Up-to-date: /root/distr_slam_ws/install/cartographer/include/cartographer/sensor/range_data.h\n'}
[1.929466] (cartographer) StdoutLine: {'line': b'-- Up-to-date: /root/distr_slam_ws/install/cartographer/include/cartographer/sensor/rangefinder_point.h\n'}
[1.929668] (cartographer) StdoutLine: {'line': b'-- Up-to-date: /root/distr_slam_ws/install/cartographer/include/cartographer/sensor/timed_point_cloud_data.h\n'}
[1.930044] (cartographer) StdoutLine: {'line': b'-- Up-to-date: /root/distr_slam_ws/install/cartographer/include/cartographer/transform/rigid_transform.h\n'}
[1.930178] (cartographer) StdoutLine: {'line': b'-- Up-to-date: /root/distr_slam_ws/install/cartographer/include/cartographer/transform/timestamped_transform.h\n'}
[1.930304] (cartographer) StdoutLine: {'line': b'-- Up-to-date: /root/distr_slam_ws/install/cartographer/include/cartographer/transform/transform.h\n'}
[1.930517] (cartographer) StdoutLine: {'line': b'-- Up-to-date: /root/distr_slam_ws/install/cartographer/include/cartographer/transform/transform_interpolation_buffer.h\n'}
[1.930647] (cartographer) StdoutLine: {'line': b'-- Up-to-date: /root/distr_slam_ws/install/cartographer/include/cartographer/io/fake_file_writer.h\n'}
[1.930965] (cartographer) StdoutLine: {'line': b'-- Up-to-date: /root/distr_slam_ws/install/cartographer/include/cartographer/transform/rigid_transform_test_helpers.h\n'}
[1.931423] (cartographer) StdoutLine: {'line': b'-- Up-to-date: /root/distr_slam_ws/install/cartographer/include/cartographer/common/proto/ceres_solver_options.pb.h\n'}
[1.931603] (cartographer) StdoutLine: {'line': b'-- Up-to-date: /root/distr_slam_ws/install/cartographer/include/cartographer/ground_truth/proto/relations.pb.h\n'}
[1.931752] (cartographer) StdoutLine: {'line': b'-- Up-to-date: /root/distr_slam_ws/install/cartographer/include/cartographer/mapping/proto/cell_limits_2d.pb.h\n'}
[1.931917] (cartographer) StdoutLine: {'line': b'-- Up-to-date: /root/distr_slam_ws/install/cartographer/include/cartographer/mapping/proto/connected_components.pb.h\n'}
[1.932142] (cartographer) StdoutLine: {'line': b'-- Up-to-date: /root/distr_slam_ws/install/cartographer/include/cartographer/mapping/proto/grid_2d.pb.h\n'}
[1.932392] (cartographer) StdoutLine: {'line': b'-- Up-to-date: /root/distr_slam_ws/install/cartographer/include/cartographer/mapping/proto/grid_2d_options.pb.h\n'}
[1.932549] (cartographer) StdoutLine: {'line': b'-- Up-to-date: /root/distr_slam_ws/install/cartographer/include/cartographer/mapping/proto/hybrid_grid.pb.h\n'}
[1.932899] (cartographer) StdoutLine: {'line': b'-- Up-to-date: /root/distr_slam_ws/install/cartographer/include/cartographer/mapping/proto/local_trajectory_builder_options_2d.pb.h\n'}
[1.933082] (cartographer) StdoutLine: {'line': b'-- Up-to-date: /root/distr_slam_ws/install/cartographer/include/cartographer/mapping/proto/local_trajectory_builder_options_3d.pb.h\n'}
[1.933215] (cartographer) StdoutLine: {'line': b'-- Up-to-date: /root/distr_slam_ws/install/cartographer/include/cartographer/mapping/proto/map_builder_options.pb.h\n'}
[1.933347] (cartographer) StdoutLine: {'line': b'-- Up-to-date: /root/distr_slam_ws/install/cartographer/include/cartographer/mapping/proto/map_limits.pb.h\n'}
[1.934451] (cartographer) StdoutLine: {'line': b'-- Up-to-date: /root/distr_slam_ws/install/cartographer/include/cartographer/mapping/proto/motion_filter_options.pb.h\n'}
[1.935031] (cartographer) StdoutLine: {'line': b'-- Up-to-date: /root/distr_slam_ws/install/cartographer/include/cartographer/mapping/proto/normal_estimation_options_2d.pb.h\n'}
[1.935241] (cartographer) StdoutLine: {'line': b'-- Up-to-date: /root/distr_slam_ws/install/cartographer/include/cartographer/mapping/proto/pose_extrapolator_options.pb.h\n'}
[1.935772] (cartographer) StdoutLine: {'line': b'-- Up-to-date: /root/distr_slam_ws/install/cartographer/include/cartographer/mapping/proto/pose_graph.pb.h\n'}
[1.936229] (cartographer) StdoutLine: {'line': b'-- Up-to-date: /root/distr_slam_ws/install/cartographer/include/cartographer/mapping/proto/pose_graph/constraint_builder_options.pb.h\n'}
[1.936452] (cartographer) StdoutLine: {'line': b'-- Up-to-date: /root/distr_slam_ws/install/cartographer/include/cartographer/mapping/proto/pose_graph/optimization_problem_options.pb.h\n'}
[1.936945] (cartographer) StdoutLine: {'line': b'-- Up-to-date: /root/distr_slam_ws/install/cartographer/include/cartographer/mapping/proto/pose_graph_options.pb.h\n'}
[1.937536] (cartographer) StdoutLine: {'line': b'-- Up-to-date: /root/distr_slam_ws/install/cartographer/include/cartographer/mapping/proto/probability_grid.pb.h\n'}
[1.937937] (cartographer) StdoutLine: {'line': b'-- Up-to-date: /root/distr_slam_ws/install/cartographer/include/cartographer/mapping/proto/probability_grid_range_data_inserter_options_2d.pb.h\n'}
[1.938070] (cartographer) StdoutLine: {'line': b'-- Up-to-date: /root/distr_slam_ws/install/cartographer/include/cartographer/mapping/proto/range_data_inserter_options.pb.h\n'}
[1.938193] (cartographer) StdoutLine: {'line': b'-- Up-to-date: /root/distr_slam_ws/install/cartographer/include/cartographer/mapping/proto/range_data_inserter_options_3d.pb.h\n'}
[1.938381] (cartographer) StdoutLine: {'line': b'-- Up-to-date: /root/distr_slam_ws/install/cartographer/include/cartographer/mapping/proto/scan_matching/ceres_scan_matcher_options_2d.pb.h\n'}
[1.938529] (cartographer) StdoutLine: {'line': b'-- Up-to-date: /root/distr_slam_ws/install/cartographer/include/cartographer/mapping/proto/scan_matching/ceres_scan_matcher_options_3d.pb.h\n'}
[1.938654] (cartographer) StdoutLine: {'line': b'-- Up-to-date: /root/distr_slam_ws/install/cartographer/include/cartographer/mapping/proto/scan_matching/fast_correlative_scan_matcher_options_2d.pb.h\n'}
[1.938794] (cartographer) StdoutLine: {'line': b'-- Up-to-date: /root/distr_slam_ws/install/cartographer/include/cartographer/mapping/proto/scan_matching/fast_correlative_scan_matcher_options_3d.pb.h\n'}
[1.938917] (cartographer) StdoutLine: {'line': b'-- Up-to-date: /root/distr_slam_ws/install/cartographer/include/cartographer/mapping/proto/scan_matching/real_time_correlative_scan_matcher_options.pb.h\n'}
[1.939030] (cartographer) StdoutLine: {'line': b'-- Up-to-date: /root/distr_slam_ws/install/cartographer/include/cartographer/mapping/proto/serialization.pb.h\n'}
[1.939149] (cartographer) StdoutLine: {'line': b'-- Up-to-date: /root/distr_slam_ws/install/cartographer/include/cartographer/mapping/proto/submap.pb.h\n'}
[1.939262] (cartographer) StdoutLine: {'line': b'-- Up-to-date: /root/distr_slam_ws/install/cartographer/include/cartographer/mapping/proto/submap_visualization.pb.h\n'}
[1.939373] (cartographer) StdoutLine: {'line': b'-- Up-to-date: /root/distr_slam_ws/install/cartographer/include/cartographer/mapping/proto/submaps_options_2d.pb.h\n'}
[1.939484] (cartographer) StdoutLine: {'line': b'-- Up-to-date: /root/distr_slam_ws/install/cartographer/include/cartographer/mapping/proto/submaps_options_3d.pb.h\n'}
[1.939601] (cartographer) StdoutLine: {'line': b'-- Up-to-date: /root/distr_slam_ws/install/cartographer/include/cartographer/mapping/proto/trajectory.pb.h\n'}
[1.939740] (cartographer) StdoutLine: {'line': b'-- Up-to-date: /root/distr_slam_ws/install/cartographer/include/cartographer/mapping/proto/trajectory_builder_options.pb.h\n'}
[1.940041] (cartographer) StdoutLine: {'line': b'-- Up-to-date: /root/distr_slam_ws/install/cartographer/include/cartographer/mapping/proto/trajectory_node_data.pb.h\n'}
[1.940608] (cartographer) StdoutLine: {'line': b'-- Up-to-date: /root/distr_slam_ws/install/cartographer/include/cartographer/mapping/proto/tsdf_2d.pb.h\n'}
[1.940771] (cartographer) StdoutLine: {'line': b'-- Up-to-date: /root/distr_slam_ws/install/cartographer/include/cartographer/mapping/proto/tsdf_range_data_inserter_options_2d.pb.h\n'}
[1.941247] (cartographer) StdoutLine: {'line': b'-- Up-to-date: /root/distr_slam_ws/install/cartographer/include/cartographer/sensor/proto/adaptive_voxel_filter_options.pb.h\n'}
[1.941382] (cartographer) StdoutLine: {'line': b'-- Up-to-date: /root/distr_slam_ws/install/cartographer/include/cartographer/sensor/proto/sensor.pb.h\n'}
[1.941692] (cartographer) StdoutLine: {'line': b'-- Up-to-date: /root/distr_slam_ws/install/cartographer/include/cartographer/transform/proto/timestamped_transform.pb.h\n'}
[1.941997] (cartographer) StdoutLine: {'line': b'-- Up-to-date: /root/distr_slam_ws/install/cartographer/include/cartographer/transform/proto/transform.pb.h\n'}
[1.942289] (cartographer) StdoutLine: {'line': b'-- Up-to-date: /root/distr_slam_ws/install/cartographer/share/cartographer/cmake/CartographerTargets.cmake\n'}
[1.942456] (cartographer) StdoutLine: {'line': b'-- Up-to-date: /root/distr_slam_ws/install/cartographer/share/cartographer/cmake/CartographerTargets-release.cmake\n'}
[1.942622] (cartographer) StdoutLine: {'line': b'-- Up-to-date: /root/distr_slam_ws/install/cartographer/share/cartographer/cartographer-config.cmake\n'}
[1.942771] (cartographer) CommandEnded: {'returncode': 0}
[1.960637] (cartographer) JobEnded: {'identifier': 'cartographer', 'rc': 0}
[1.962777] (cartographer_ros) JobStarted: {'identifier': 'cartographer_ros'}
[1.993151] (cartographer_ros) JobProgress: {'identifier': 'cartographer_ros', 'progress': 'cmake'}
[1.995660] (cartographer_ros) JobProgress: {'identifier': 'cartographer_ros', 'progress': 'build'}
[1.997483] (cartographer_ros) Command: {'cmd': ['/usr/bin/cmake', '--build', '/root/distr_slam_ws/build/cartographer_ros', '--', '-j8', '-l8'], 'cwd': '/root/distr_slam_ws/build/cartographer_ros', 'env': OrderedDict({'HOSTNAME': 'user-dynabook-G83-DN', 'SHLVL': '1', 'LIBGL_ALWAYS_SOFTWARE': '1', 'LD_LIBRARY_PATH': '/root/distr_slam_ws/install/cartographer_ros_msgs/lib:/root/distr_slam_ws/install/cartographer_rviz/lib:/root/distr_slam_ws/install/cartographer_ros/lib:/opt/ros/jazzy/opt/rviz_ogre_vendor/lib:/opt/ros/jazzy/lib/x86_64-linux-gnu:/opt/ros/jazzy/opt/gz_math_vendor/lib:/opt/ros/jazzy/opt/gz_utils_vendor/lib:/opt/ros/jazzy/opt/gz_cmake_vendor/lib:/opt/ros/jazzy/lib', 'HOME': '/root', 'ROS_PYTHON_VERSION': '3', 'COLCON_PREFIX_PATH': '/root/distr_slam_ws/install', 'ROS_DISTRO': 'jazzy', '_': '/usr/bin/colcon', 'ROS_VERSION': '2', 'PKG_CONFIG_PATH': '/root/distr_slam_ws/install/cartographer/lib/x86_64-linux-gnu/pkgconfig:/root/distr_slam_ws/install/cartographer/lib/pkgconfig', 'TERM': 'xterm', 'ROS_LOCALHOST_ONLY': '1', 'QT_X11_NO_MITSHM': '1', 'PATH': '/root/distr_slam_ws/install/cartographer/bin:/opt/ros/jazzy/bin:/usr/local/sbin:/usr/local/bin:/usr/sbin:/usr/bin:/sbin:/bin', 'DISPLAY': ':0', 'LANG': 'en_US.UTF-8', 'XAUTHORITY': '/root/.Xauthority', 'LS_COLORS': 'rs=0:di=01;34:ln=01;36:mh=00:pi=40;33:so=01;35:do=01;35:bd=40;33;01:cd=40;33;01:or=40;31;01:mi=00:su=37;41:sg=30;43:ca=00:tw=30;42:ow=34;42:st=37;44:ex=01;32:*.tar=01;31:*.tgz=01;31:*.arc=01;31:*.arj=01;31:*.taz=01;31:*.lha=01;31:*.lz4=01;31:*.lzh=01;31:*.lzma=01;31:*.tlz=01;31:*.txz=01;31:*.tzo=01;31:*.t7z=01;31:*.zip=01;31:*.z=01;31:*.dz=01;31:*.gz=01;31:*.lrz=01;31:*.lz=01;31:*.lzo=01;31:*.xz=01;31:*.zst=01;31:*.tzst=01;31:*.bz2=01;31:*.bz=01;31:*.tbz=01;31:*.tbz2=01;31:*.tz=01;31:*.deb=01;31:*.rpm=01;31:*.jar=01;31:*.war=01;31:*.ear=01;31:*.sar=01;31:*.rar=01;31:*.alz=01;31:*.ace=01;31:*.zoo=01;31:*.cpio=01;31:*.7z=01;31:*.rz=01;31:*.cab=01;31:*.wim=01;31:*.swm=01;31:*.dwm=01;31:*.esd=01;31:*.avif=01;35:*.jpg=01;35:*.jpeg=01;35:*.mjpg=01;35:*.mjpeg=01;35:*.gif=01;35:*.bmp=01;35:*.pbm=01;35:*.pgm=01;35:*.ppm=01;35:*.tga=01;35:*.xbm=01;35:*.xpm=01;35:*.tif=01;35:*.tiff=01;35:*.png=01;35:*.svg=01;35:*.svgz=01;35:*.mng=01;35:*.pcx=01;35:*.mov=01;35:*.mpg=01;35:*.mpeg=01;35:*.m2v=01;35:*.mkv=01;35:*.webm=01;35:*.webp=01;35:*.ogm=01;35:*.mp4=01;35:*.m4v=01;35:*.mp4v=01;35:*.vob=01;35:*.qt=01;35:*.nuv=01;35:*.wmv=01;35:*.asf=01;35:*.rm=01;35:*.rmvb=01;35:*.flc=01;35:*.avi=01;35:*.fli=01;35:*.flv=01;35:*.gl=01;35:*.dl=01;35:*.xcf=01;35:*.xwd=01;35:*.yuv=01;35:*.cgm=01;35:*.emf=01;35:*.ogv=01;35:*.ogx=01;35:*.aac=00;36:*.au=00;36:*.flac=00;36:*.m4a=00;36:*.mid=00;36:*.midi=00;36:*.mka=00;36:*.mp3=00;36:*.mpc=00;36:*.ogg=00;36:*.ra=00;36:*.wav=00;36:*.oga=00;36:*.opus=00;36:*.spx=00;36:*.xspf=00;36:*~=00;90:*#=00;90:*.bak=00;90:*.crdownload=00;90:*.dpkg-dist=00;90:*.dpkg-new=00;90:*.dpkg-old=00;90:*.dpkg-tmp=00;90:*.old=00;90:*.orig=00;90:*.part=00;90:*.rej=00;90:*.rpmnew=00;90:*.rpmorig=00;90:*.rpmsave=00;90:*.swp=00;90:*.tmp=00;90:*.ucf-dist=00;90:*.ucf-new=00;90:*.ucf-old=00;90:', 'AMENT_PREFIX_PATH': '/root/distr_slam_ws/install/cartographer_rviz:/root/distr_slam_ws/install/cartographer_ros:/root/distr_slam_ws/install/cartographer_ros_msgs:/opt/ros/jazzy', 'DEBIAN_FRONTEND': 'noninteractive', 'ROS_AUTOMATIC_DISCOVERY_RANGE': 'SUBNET', 'PWD': '/root/distr_slam_ws/build/cartographer_ros', 'TURTLEBOT3_MODEL': 'burger', 'LC_ALL': 'en_US.UTF-8', 'PYTHONPATH': '/root/distr_slam_ws/install/cartographer_ros_msgs/lib/python3.12/site-packages:/opt/ros/jazzy/lib/python3.12/site-packages', 'COLCON': '1', 'CMAKE_PREFIX_PATH': '/root/distr_slam_ws/install/cartographer_ros_msgs:/root/distr_slam_ws/install/cartographer:/root/distr_slam_ws/install/cartographer_rviz:/root/distr_slam_ws/install/cartographer_ros:/opt/ros/jazzy/opt/gz_math_vendor:/opt/ros/jazzy/opt/gz_utils_vendor:/opt/ros/jazzy/opt/gz_cmake_vendor:/opt/ros/jazzy'}), 'shell': False}
[2.005006] (-) TimerEvent: {}
[2.105448] (-) TimerEvent: {}
[2.205917] (-) TimerEvent: {}
[2.306502] (-) TimerEvent: {}
[2.406936] (-) TimerEvent: {}
[2.498549] (cartographer_ros) StdoutLine: {'line': b'[  2%] \x1b[32mBuilding CXX object CMakeFiles/cartographer_ros.dir/src/node.cpp.o\x1b[0m\n'}
[2.502109] (cartographer_ros) StdoutLine: {'line': b'[  5%] \x1b[32mBuilding CXX object CMakeFiles/cartographer_ros.dir/src/offline_node.cpp.o\x1b[0m\n'}
[2.507050] (-) TimerEvent: {}
[2.607428] (-) TimerEvent: {}
[2.707877] (-) TimerEvent: {}
[2.808283] (-) TimerEvent: {}
[2.908682] (-) TimerEvent: {}
[3.009096] (-) TimerEvent: {}
[3.109502] (-) TimerEvent: {}
[3.209891] (-) TimerEvent: {}
[3.310288] (-) TimerEvent: {}
[3.410653] (-) TimerEvent: {}
[3.511043] (-) TimerEvent: {}
[3.611398] (-) TimerEvent: {}
[3.711771] (-) TimerEvent: {}
[3.812135] (-) TimerEvent: {}
[3.912547] (-) TimerEvent: {}
[4.012958] (-) TimerEvent: {}
[4.113326] (-) TimerEvent: {}
[4.213709] (-) TimerEvent: {}
[4.314128] (-) TimerEvent: {}
[4.414522] (-) TimerEvent: {}
[4.514968] (-) TimerEvent: {}
[4.615317] (-) TimerEvent: {}
[4.715733] (-) TimerEvent: {}
[4.816205] (-) TimerEvent: {}
[4.916660] (-) TimerEvent: {}
[5.017100] (-) TimerEvent: {}
[5.117562] (-) TimerEvent: {}
[5.217980] (-) TimerEvent: {}
[5.318358] (-) TimerEvent: {}
[5.418778] (-) TimerEvent: {}
[5.519204] (-) TimerEvent: {}
[5.619612] (-) TimerEvent: {}
[5.720048] (-) TimerEvent: {}
[5.820430] (-) TimerEvent: {}
[5.920816] (-) TimerEvent: {}
[6.021201] (-) TimerEvent: {}
[6.121591] (-) TimerEvent: {}
[6.221990] (-) TimerEvent: {}
[6.322371] (-) TimerEvent: {}
[6.422779] (-) TimerEvent: {}
[6.523172] (-) TimerEvent: {}
[6.623549] (-) TimerEvent: {}
[6.724004] (-) TimerEvent: {}
[6.824399] (-) TimerEvent: {}
[6.924799] (-) TimerEvent: {}
[7.025210] (-) TimerEvent: {}
[7.125608] (-) TimerEvent: {}
[7.226029] (-) TimerEvent: {}
[7.326410] (-) TimerEvent: {}
[7.426802] (-) TimerEvent: {}
[7.527200] (-) TimerEvent: {}
[7.627598] (-) TimerEvent: {}
[7.728025] (-) TimerEvent: {}
[7.828417] (-) TimerEvent: {}
[7.928823] (-) TimerEvent: {}
[8.029212] (-) TimerEvent: {}
[8.129619] (-) TimerEvent: {}
[8.230060] (-) TimerEvent: {}
[8.330445] (-) TimerEvent: {}
[8.430836] (-) TimerEvent: {}
[8.531237] (-) TimerEvent: {}
[8.631623] (-) TimerEvent: {}
[8.732021] (-) TimerEvent: {}
[8.832415] (-) TimerEvent: {}
[8.932802] (-) TimerEvent: {}
[9.033179] (-) TimerEvent: {}
[9.133558] (-) TimerEvent: {}
[9.233970] (-) TimerEvent: {}
[9.334406] (-) TimerEvent: {}
[9.434844] (-) TimerEvent: {}
[9.535283] (-) TimerEvent: {}
[9.635730] (-) TimerEvent: {}
[9.736183] (-) TimerEvent: {}
[9.836648] (-) TimerEvent: {}
[9.937086] (-) TimerEvent: {}
[10.037492] (-) TimerEvent: {}
[10.137914] (-) TimerEvent: {}
[10.238329] (-) TimerEvent: {}
[10.338781] (-) TimerEvent: {}
[10.439194] (-) TimerEvent: {}
[10.539603] (-) TimerEvent: {}
[10.640041] (-) TimerEvent: {}
[10.740489] (-) TimerEvent: {}
[10.840922] (-) TimerEvent: {}
[10.941309] (-) TimerEvent: {}
[11.041692] (-) TimerEvent: {}
[11.142138] (-) TimerEvent: {}
[11.242556] (-) TimerEvent: {}
[11.342987] (-) TimerEvent: {}
[11.443405] (-) TimerEvent: {}
[11.543801] (-) TimerEvent: {}
[11.644187] (-) TimerEvent: {}
[11.744594] (-) TimerEvent: {}
[11.845006] (-) TimerEvent: {}
[11.945395] (-) TimerEvent: {}
[12.045802] (-) TimerEvent: {}
[12.146207] (-) TimerEvent: {}
[12.246592] (-) TimerEvent: {}
[12.347028] (-) TimerEvent: {}
[12.447470] (-) TimerEvent: {}
[12.547932] (-) TimerEvent: {}
[12.648372] (-) TimerEvent: {}
[12.748790] (-) TimerEvent: {}
[12.849216] (-) TimerEvent: {}
[12.949632] (-) TimerEvent: {}
[13.050067] (-) TimerEvent: {}
[13.150454] (-) TimerEvent: {}
[13.250808] (-) TimerEvent: {}
[13.351218] (-) TimerEvent: {}
[13.451614] (-) TimerEvent: {}
[13.552053] (-) TimerEvent: {}
[13.652466] (-) TimerEvent: {}
[13.752887] (-) TimerEvent: {}
[13.853301] (-) TimerEvent: {}
[13.953776] (-) TimerEvent: {}
[14.054203] (-) TimerEvent: {}
[14.154617] (-) TimerEvent: {}
[14.255022] (-) TimerEvent: {}
[14.355413] (-) TimerEvent: {}
[14.455807] (-) TimerEvent: {}
[14.556185] (-) TimerEvent: {}
[14.656582] (-) TimerEvent: {}
[14.757007] (-) TimerEvent: {}
[14.857401] (-) TimerEvent: {}
[14.957817] (-) TimerEvent: {}
[15.058236] (-) TimerEvent: {}
[15.158664] (-) TimerEvent: {}
[15.259093] (-) TimerEvent: {}
[15.359557] (-) TimerEvent: {}
[15.459991] (-) TimerEvent: {}
[15.560383] (-) TimerEvent: {}
[15.660809] (-) TimerEvent: {}
[15.761240] (-) TimerEvent: {}
[15.861651] (-) TimerEvent: {}
[15.962068] (-) TimerEvent: {}
[16.062503] (-) TimerEvent: {}
[16.162954] (-) TimerEvent: {}
[16.263391] (-) TimerEvent: {}
[16.363815] (-) TimerEvent: {}
[16.464239] (-) TimerEvent: {}
[16.564672] (-) TimerEvent: {}
[16.665133] (-) TimerEvent: {}
[16.765588] (-) TimerEvent: {}
[16.866082] (-) TimerEvent: {}
[16.966555] (-) TimerEvent: {}
[17.067039] (-) TimerEvent: {}
[17.167489] (-) TimerEvent: {}
[17.267922] (-) TimerEvent: {}
[17.368330] (-) TimerEvent: {}
[17.468752] (-) TimerEvent: {}
[17.569164] (-) TimerEvent: {}
[17.669572] (-) TimerEvent: {}
[17.769988] (-) TimerEvent: {}
[17.870386] (-) TimerEvent: {}
[17.970804] (-) TimerEvent: {}
[18.071211] (-) TimerEvent: {}
[18.171618] (-) TimerEvent: {}
[18.272062] (-) TimerEvent: {}
[18.372482] (-) TimerEvent: {}
[18.472905] (-) TimerEvent: {}
[18.573316] (-) TimerEvent: {}
[18.673714] (-) TimerEvent: {}
[18.774107] (-) TimerEvent: {}
[18.874502] (-) TimerEvent: {}
[18.974916] (-) TimerEvent: {}
[19.075305] (-) TimerEvent: {}
[19.175707] (-) TimerEvent: {}
[19.276130] (-) TimerEvent: {}
[19.376576] (-) TimerEvent: {}
[19.476989] (-) TimerEvent: {}
[19.577393] (-) TimerEvent: {}
[19.677818] (-) TimerEvent: {}
[19.778274] (-) TimerEvent: {}
[19.878680] (-) TimerEvent: {}
[19.979115] (-) TimerEvent: {}
[20.079564] (-) TimerEvent: {}
[20.180034] (-) TimerEvent: {}
[20.280392] (-) TimerEvent: {}
[20.380817] (-) TimerEvent: {}
[20.481197] (-) TimerEvent: {}
[20.581542] (-) TimerEvent: {}
[20.682033] (-) TimerEvent: {}
[20.782390] (-) TimerEvent: {}
[20.882777] (-) TimerEvent: {}
[20.983153] (-) TimerEvent: {}
[21.083528] (-) TimerEvent: {}
[21.183897] (-) TimerEvent: {}
[21.284291] (-) TimerEvent: {}
[21.384646] (-) TimerEvent: {}
[21.485049] (-) TimerEvent: {}
[21.585432] (-) TimerEvent: {}
[21.685787] (-) TimerEvent: {}
[21.786141] (-) TimerEvent: {}
[21.886495] (-) TimerEvent: {}
[21.986849] (-) TimerEvent: {}
[22.087203] (-) TimerEvent: {}
[22.191561] (-) TimerEvent: {}
[22.291934] (-) TimerEvent: {}
[22.392292] (-) TimerEvent: {}
[22.492648] (-) TimerEvent: {}
[22.593018] (-) TimerEvent: {}
[22.693377] (-) TimerEvent: {}
[22.793767] (-) TimerEvent: {}
[22.894139] (-) TimerEvent: {}
[22.994496] (-) TimerEvent: {}
[23.094847] (-) TimerEvent: {}
[23.195209] (-) TimerEvent: {}
[23.295563] (-) TimerEvent: {}
[23.395937] (-) TimerEvent: {}
[23.496280] (-) TimerEvent: {}
[23.596637] (-) TimerEvent: {}
[23.696997] (-) TimerEvent: {}
[23.797357] (-) TimerEvent: {}
[23.897697] (-) TimerEvent: {}
[23.998062] (-) TimerEvent: {}
[24.098419] (-) TimerEvent: {}
[24.198783] (-) TimerEvent: {}
[24.299144] (-) TimerEvent: {}
[24.399521] (-) TimerEvent: {}
[24.499929] (-) TimerEvent: {}
[24.600267] (-) TimerEvent: {}
[24.700634] (-) TimerEvent: {}
[24.801048] (-) TimerEvent: {}
[24.901398] (-) TimerEvent: {}
[25.001788] (-) TimerEvent: {}
[25.102144] (-) TimerEvent: {}
[25.202497] (-) TimerEvent: {}
[25.302859] (-) TimerEvent: {}
[25.403215] (-) TimerEvent: {}
[25.503556] (-) TimerEvent: {}
[25.603882] (-) TimerEvent: {}
[25.704217] (-) TimerEvent: {}
[25.804555] (-) TimerEvent: {}
[25.904923] (-) TimerEvent: {}
[26.005264] (-) TimerEvent: {}
[26.105604] (-) TimerEvent: {}
[26.205940] (-) TimerEvent: {}
[26.306296] (-) TimerEvent: {}
[26.406698] (-) TimerEvent: {}
[26.507104] (-) TimerEvent: {}
[26.607471] (-) TimerEvent: {}
[26.707854] (-) TimerEvent: {}
[26.808216] (-) TimerEvent: {}
[26.908622] (-) TimerEvent: {}
[27.009030] (-) TimerEvent: {}
[27.109420] (-) TimerEvent: {}
[27.209840] (-) TimerEvent: {}
[27.310219] (-) TimerEvent: {}
[27.410598] (-) TimerEvent: {}
[27.511022] (-) TimerEvent: {}
[27.611426] (-) TimerEvent: {}
[27.711821] (-) TimerEvent: {}
[27.812223] (-) TimerEvent: {}
[27.912635] (-) TimerEvent: {}
[28.013073] (-) TimerEvent: {}
[28.113511] (-) TimerEvent: {}
[28.213970] (-) TimerEvent: {}
[28.314409] (-) TimerEvent: {}
[28.414856] (-) TimerEvent: {}
[28.515316] (-) TimerEvent: {}
[28.615834] (-) TimerEvent: {}
[28.716312] (-) TimerEvent: {}
[28.816801] (-) TimerEvent: {}
[28.917251] (-) TimerEvent: {}
[29.017758] (-) TimerEvent: {}
[29.118111] (-) TimerEvent: {}
[29.218459] (-) TimerEvent: {}
[29.318803] (-) TimerEvent: {}
[29.419159] (-) TimerEvent: {}
[29.519509] (-) TimerEvent: {}
[29.619872] (-) TimerEvent: {}
[29.720216] (-) TimerEvent: {}
[29.820554] (-) TimerEvent: {}
[29.920915] (-) TimerEvent: {}
[30.021257] (-) TimerEvent: {}
[30.121603] (-) TimerEvent: {}
[30.222003] (-) TimerEvent: {}
[30.322410] (-) TimerEvent: {}
[30.422770] (-) TimerEvent: {}
[30.523110] (-) TimerEvent: {}
[30.623465] (-) TimerEvent: {}
[30.723804] (-) TimerEvent: {}
[30.824151] (-) TimerEvent: {}
[30.924502] (-) TimerEvent: {}
[31.024863] (-) TimerEvent: {}
[31.125247] (-) TimerEvent: {}
[31.225569] (-) TimerEvent: {}
[31.326085] (-) TimerEvent: {}
[31.426467] (-) TimerEvent: {}
[31.526888] (-) TimerEvent: {}
[31.627353] (-) TimerEvent: {}
[31.727683] (-) TimerEvent: {}
[31.828052] (-) TimerEvent: {}
[31.928439] (-) TimerEvent: {}
[32.028777] (-) TimerEvent: {}
[32.129119] (-) TimerEvent: {}
[32.229495] (-) TimerEvent: {}
[32.329827] (-) TimerEvent: {}
[32.430186] (-) TimerEvent: {}
[32.530541] (-) TimerEvent: {}
[32.630904] (-) TimerEvent: {}
[32.731247] (-) TimerEvent: {}
[32.831608] (-) TimerEvent: {}
[32.932004] (-) TimerEvent: {}
[33.032365] (-) TimerEvent: {}
[33.132805] (-) TimerEvent: {}
[33.233218] (-) TimerEvent: {}
[33.333551] (-) TimerEvent: {}
[33.433901] (-) TimerEvent: {}
[33.534253] (-) TimerEvent: {}
[33.634595] (-) TimerEvent: {}
[33.735013] (-) TimerEvent: {}
[33.835375] (-) TimerEvent: {}
[33.935753] (-) TimerEvent: {}
[34.036149] (-) TimerEvent: {}
[34.136501] (-) TimerEvent: {}
[34.236856] (-) TimerEvent: {}
[34.337265] (-) TimerEvent: {}
[34.437688] (-) TimerEvent: {}
[34.538183] (-) TimerEvent: {}
[34.638676] (-) TimerEvent: {}
[34.739154] (-) TimerEvent: {}
[34.839590] (-) TimerEvent: {}
[34.939983] (-) TimerEvent: {}
[35.040329] (-) TimerEvent: {}
[35.140679] (-) TimerEvent: {}
[35.241042] (-) TimerEvent: {}
[35.341393] (-) TimerEvent: {}
[35.441790] (-) TimerEvent: {}
[35.542136] (-) TimerEvent: {}
[35.642476] (-) TimerEvent: {}
[35.742815] (-) TimerEvent: {}
[35.843176] (-) TimerEvent: {}
[35.943561] (-) TimerEvent: {}
[36.043920] (-) TimerEvent: {}
[36.144271] (-) TimerEvent: {}
[36.244616] (-) TimerEvent: {}
[36.344987] (-) TimerEvent: {}
[36.445367] (-) TimerEvent: {}
[36.545802] (-) TimerEvent: {}
[36.646182] (-) TimerEvent: {}
[36.746554] (-) TimerEvent: {}
[36.846948] (-) TimerEvent: {}
[36.947321] (-) TimerEvent: {}
[37.047694] (-) TimerEvent: {}
[37.148090] (-) TimerEvent: {}
[37.248453] (-) TimerEvent: {}
[37.348840] (-) TimerEvent: {}
[37.449308] (-) TimerEvent: {}
[37.549845] (-) TimerEvent: {}
[37.650368] (-) TimerEvent: {}
[37.750923] (-) TimerEvent: {}
[37.851462] (-) TimerEvent: {}
[37.951975] (-) TimerEvent: {}
[38.052498] (-) TimerEvent: {}
[38.153058] (-) TimerEvent: {}
[38.253562] (-) TimerEvent: {}
[38.354113] (-) TimerEvent: {}
[38.454450] (-) TimerEvent: {}
[38.554833] (-) TimerEvent: {}
[38.655175] (-) TimerEvent: {}
[38.755516] (-) TimerEvent: {}
[38.855851] (-) TimerEvent: {}
[38.956187] (-) TimerEvent: {}
[39.056517] (-) TimerEvent: {}
[39.156852] (-) TimerEvent: {}
[39.257227] (-) TimerEvent: {}
[39.357553] (-) TimerEvent: {}
[39.457902] (-) TimerEvent: {}
[39.558230] (-) TimerEvent: {}
[39.658564] (-) TimerEvent: {}
[39.758914] (-) TimerEvent: {}
[39.859250] (-) TimerEvent: {}
[39.959583] (-) TimerEvent: {}
[40.059961] (-) TimerEvent: {}
[40.160294] (-) TimerEvent: {}
[40.260628] (-) TimerEvent: {}
[40.361013] (-) TimerEvent: {}
[40.461392] (-) TimerEvent: {}
[40.561689] (-) TimerEvent: {}
[40.662102] (-) TimerEvent: {}
[40.762433] (-) TimerEvent: {}
[40.862810] (-) TimerEvent: {}
[40.963146] (-) TimerEvent: {}
[41.063482] (-) TimerEvent: {}
[41.163813] (-) TimerEvent: {}
[41.264148] (-) TimerEvent: {}
[41.364490] (-) TimerEvent: {}
[41.464820] (-) TimerEvent: {}
[41.565152] (-) TimerEvent: {}
[41.665483] (-) TimerEvent: {}
[41.765814] (-) TimerEvent: {}
[41.866143] (-) TimerEvent: {}
[41.966475] (-) TimerEvent: {}
[42.066805] (-) TimerEvent: {}
[42.167134] (-) TimerEvent: {}
[42.267481] (-) TimerEvent: {}
[42.367812] (-) TimerEvent: {}
[42.468144] (-) TimerEvent: {}
[42.568468] (-) TimerEvent: {}
[42.668798] (-) TimerEvent: {}
[42.769124] (-) TimerEvent: {}
[42.869454] (-) TimerEvent: {}
[42.969787] (-) TimerEvent: {}
[43.070121] (-) TimerEvent: {}
[43.170454] (-) TimerEvent: {}
[43.270791] (-) TimerEvent: {}
[43.371126] (-) TimerEvent: {}
[43.471458] (-) TimerEvent: {}
[43.571792] (-) TimerEvent: {}
[43.672125] (-) TimerEvent: {}
[43.772450] (-) TimerEvent: {}
[43.872782] (-) TimerEvent: {}
[43.973115] (-) TimerEvent: {}
[44.073445] (-) TimerEvent: {}
[44.173793] (-) TimerEvent: {}
[44.274123] (-) TimerEvent: {}
[44.374455] (-) TimerEvent: {}
[44.474787] (-) TimerEvent: {}
[44.575134] (-) TimerEvent: {}
[44.675492] (-) TimerEvent: {}
[44.775822] (-) TimerEvent: {}
[44.876152] (-) TimerEvent: {}
[44.976485] (-) TimerEvent: {}
[45.076817] (-) TimerEvent: {}
[45.177156] (-) TimerEvent: {}
[45.277481] (-) TimerEvent: {}
[45.377809] (-) TimerEvent: {}
[45.478145] (-) TimerEvent: {}
[45.578479] (-) TimerEvent: {}
[45.678844] (-) TimerEvent: {}
[45.779175] (-) TimerEvent: {}
[45.879506] (-) TimerEvent: {}
[45.979902] (-) TimerEvent: {}
[46.080235] (-) TimerEvent: {}
[46.180569] (-) TimerEvent: {}
[46.280921] (-) TimerEvent: {}
[46.381249] (-) TimerEvent: {}
[46.481579] (-) TimerEvent: {}
[46.581934] (-) TimerEvent: {}
[46.682264] (-) TimerEvent: {}
[46.782591] (-) TimerEvent: {}
[46.882961] (-) TimerEvent: {}
[46.983298] (-) TimerEvent: {}
[47.083622] (-) TimerEvent: {}
[47.184003] (-) TimerEvent: {}
[47.284335] (-) TimerEvent: {}
[47.384664] (-) TimerEvent: {}
[47.485012] (-) TimerEvent: {}
[47.585344] (-) TimerEvent: {}
[47.685677] (-) TimerEvent: {}
[47.786032] (-) TimerEvent: {}
[47.886366] (-) TimerEvent: {}
[47.986695] (-) TimerEvent: {}
[48.087052] (-) TimerEvent: {}
[48.187391] (-) TimerEvent: {}
[48.287741] (-) TimerEvent: {}
[48.388078] (-) TimerEvent: {}
[48.488413] (-) TimerEvent: {}
[48.588779] (-) TimerEvent: {}
[48.689109] (-) TimerEvent: {}
[48.789438] (-) TimerEvent: {}
[48.889789] (-) TimerEvent: {}
[48.990125] (-) TimerEvent: {}
[49.090455] (-) TimerEvent: {}
[49.190786] (-) TimerEvent: {}
[49.291110] (-) TimerEvent: {}
[49.391436] (-) TimerEvent: {}
[49.491784] (-) TimerEvent: {}
[49.592115] (-) TimerEvent: {}
[49.692447] (-) TimerEvent: {}
[49.792796] (-) TimerEvent: {}
[49.893125] (-) TimerEvent: {}
[49.993449] (-) TimerEvent: {}
[50.093787] (-) TimerEvent: {}
[50.194121] (-) TimerEvent: {}
[50.294428] (-) TimerEvent: {}
[50.394786] (-) TimerEvent: {}
[50.495115] (-) TimerEvent: {}
[50.595441] (-) TimerEvent: {}
[50.695782] (-) TimerEvent: {}
[50.796117] (-) TimerEvent: {}
[50.896447] (-) TimerEvent: {}
[50.996782] (-) TimerEvent: {}
[51.097112] (-) TimerEvent: {}
[51.197482] (-) TimerEvent: {}
[51.297824] (-) TimerEvent: {}
[51.398157] (-) TimerEvent: {}
[51.498483] (-) TimerEvent: {}
[51.598856] (-) TimerEvent: {}
[51.699218] (-) TimerEvent: {}
[51.799546] (-) TimerEvent: {}
[51.899852] (-) TimerEvent: {}
[52.000214] (-) TimerEvent: {}
[52.100546] (-) TimerEvent: {}
[52.200915] (-) TimerEvent: {}
[52.301236] (-) TimerEvent: {}
[52.401591] (-) TimerEvent: {}
[52.501919] (-) TimerEvent: {}
[52.602251] (-) TimerEvent: {}
[52.702578] (-) TimerEvent: {}
[52.802949] (-) TimerEvent: {}
[52.903274] (-) TimerEvent: {}
[53.003602] (-) TimerEvent: {}
[53.103946] (-) TimerEvent: {}
[53.204280] (-) TimerEvent: {}
[53.304618] (-) TimerEvent: {}
[53.404961] (-) TimerEvent: {}
[53.505289] (-) TimerEvent: {}
[53.605620] (-) TimerEvent: {}
[53.706008] (-) TimerEvent: {}
[53.806346] (-) TimerEvent: {}
[53.906677] (-) TimerEvent: {}
[54.007021] (-) TimerEvent: {}
[54.107348] (-) TimerEvent: {}
[54.207673] (-) TimerEvent: {}
[54.308015] (-) TimerEvent: {}
[54.408342] (-) TimerEvent: {}
[54.508817] (-) TimerEvent: {}
[54.609144] (-) TimerEvent: {}
[54.709464] (-) TimerEvent: {}
[54.809802] (-) TimerEvent: {}
[54.910177] (-) TimerEvent: {}
[55.010505] (-) TimerEvent: {}
[55.110839] (-) TimerEvent: {}
[55.211169] (-) TimerEvent: {}
[55.311499] (-) TimerEvent: {}
[55.411889] (-) TimerEvent: {}
[55.512232] (-) TimerEvent: {}
[55.612559] (-) TimerEvent: {}
[55.712934] (-) TimerEvent: {}
[55.813263] (-) TimerEvent: {}
[55.913596] (-) TimerEvent: {}
[56.013942] (-) TimerEvent: {}
[56.114281] (-) TimerEvent: {}
[56.214615] (-) TimerEvent: {}
[56.314981] (-) TimerEvent: {}
[56.415310] (-) TimerEvent: {}
[56.515637] (-) TimerEvent: {}
[56.615950] (-) TimerEvent: {}
[56.716270] (-) TimerEvent: {}
[56.816597] (-) TimerEvent: {}
[56.916959] (-) TimerEvent: {}
[57.017292] (-) TimerEvent: {}
[57.117624] (-) TimerEvent: {}
[57.217972] (-) TimerEvent: {}
[57.318309] (-) TimerEvent: {}
[57.418646] (-) TimerEvent: {}
[57.519012] (-) TimerEvent: {}
[57.619335] (-) TimerEvent: {}
[57.719658] (-) TimerEvent: {}
[57.820004] (-) TimerEvent: {}
[57.920336] (-) TimerEvent: {}
[58.020670] (-) TimerEvent: {}
[58.121020] (-) TimerEvent: {}
[58.221351] (-) TimerEvent: {}
[58.321678] (-) TimerEvent: {}
[58.422041] (-) TimerEvent: {}
[58.522372] (-) TimerEvent: {}
[58.622709] (-) TimerEvent: {}
[58.723057] (-) TimerEvent: {}
[58.823387] (-) TimerEvent: {}
[58.923727] (-) TimerEvent: {}
[59.024099] (-) TimerEvent: {}
[59.124547] (-) TimerEvent: {}
[59.225051] (-) TimerEvent: {}
[59.325436] (-) TimerEvent: {}
[59.425785] (-) TimerEvent: {}
[59.526125] (-) TimerEvent: {}
[59.626497] (-) TimerEvent: {}
[59.726815] (-) TimerEvent: {}
[59.827150] (-) TimerEvent: {}
[59.927525] (-) TimerEvent: {}
[60.027820] (-) TimerEvent: {}
[60.128189] (-) TimerEvent: {}
[60.228532] (-) TimerEvent: {}
[60.328868] (-) TimerEvent: {}
[60.429211] (-) TimerEvent: {}
[60.529547] (-) TimerEvent: {}
[60.629931] (-) TimerEvent: {}
[60.730273] (-) TimerEvent: {}
[60.830625] (-) TimerEvent: {}
[60.930985] (-) TimerEvent: {}
[61.031325] (-) TimerEvent: {}
[61.131669] (-) TimerEvent: {}
[61.231985] (-) TimerEvent: {}
[61.332323] (-) TimerEvent: {}
[61.432670] (-) TimerEvent: {}
[61.533021] (-) TimerEvent: {}
[61.633358] (-) TimerEvent: {}
[61.733693] (-) TimerEvent: {}
[61.834052] (-) TimerEvent: {}
[61.934418] (-) TimerEvent: {}
[62.034798] (-) TimerEvent: {}
[62.135187] (-) TimerEvent: {}
[62.235559] (-) TimerEvent: {}
[62.336006] (-) TimerEvent: {}
[62.436501] (-) TimerEvent: {}
[62.537004] (-) TimerEvent: {}
[62.637458] (-) TimerEvent: {}
[62.737798] (-) TimerEvent: {}
[62.838209] (-) TimerEvent: {}
[62.938569] (-) TimerEvent: {}
[63.038958] (-) TimerEvent: {}
[63.139347] (-) TimerEvent: {}
[63.239770] (-) TimerEvent: {}
[63.340145] (-) TimerEvent: {}
[63.440570] (-) TimerEvent: {}
[63.540949] (-) TimerEvent: {}
[63.641321] (-) TimerEvent: {}
[63.741765] (-) TimerEvent: {}
[63.842159] (-) TimerEvent: {}
[63.899697] (cartographer_ros) StdoutLine: {'line': b'[  8%] \x1b[32m\x1b[1mLinking CXX shared library libcartographer_ros.so\x1b[0m\n'}
[63.942351] (-) TimerEvent: {}
[64.043036] (-) TimerEvent: {}
[64.143586] (-) TimerEvent: {}
[64.244009] (-) TimerEvent: {}
[64.344415] (-) TimerEvent: {}
[64.444794] (-) TimerEvent: {}
[64.545211] (-) TimerEvent: {}
[64.645600] (-) TimerEvent: {}
[64.746043] (-) TimerEvent: {}
[64.846431] (-) TimerEvent: {}
[64.946916] (-) TimerEvent: {}
[65.047384] (-) TimerEvent: {}
[65.147872] (-) TimerEvent: {}
[65.248398] (-) TimerEvent: {}
[65.348968] (-) TimerEvent: {}
[65.449635] (-) TimerEvent: {}
[65.550183] (-) TimerEvent: {}
[65.650757] (-) TimerEvent: {}
[65.751267] (-) TimerEvent: {}
[65.851813] (-) TimerEvent: {}
[65.952308] (-) TimerEvent: {}
[66.052822] (-) TimerEvent: {}
[66.153332] (-) TimerEvent: {}
[66.253852] (-) TimerEvent: {}
[66.354384] (-) TimerEvent: {}
[66.454902] (-) TimerEvent: {}
[66.555373] (-) TimerEvent: {}
[66.655824] (-) TimerEvent: {}
[66.756339] (-) TimerEvent: {}
[66.856787] (-) TimerEvent: {}
[66.957217] (-) TimerEvent: {}
[67.057649] (-) TimerEvent: {}
[67.158097] (-) TimerEvent: {}
[67.258521] (-) TimerEvent: {}
[67.358987] (-) TimerEvent: {}
[67.459424] (-) TimerEvent: {}
[67.559860] (-) TimerEvent: {}
[67.660290] (-) TimerEvent: {}
[67.760743] (-) TimerEvent: {}
[67.861165] (-) TimerEvent: {}
[67.961601] (-) TimerEvent: {}
[68.062070] (-) TimerEvent: {}
[68.162508] (-) TimerEvent: {}
[68.262983] (-) TimerEvent: {}
[68.363461] (-) TimerEvent: {}
[68.463873] (-) TimerEvent: {}
[68.564287] (-) TimerEvent: {}
[68.664662] (-) TimerEvent: {}
[68.764996] (-) TimerEvent: {}
[68.865339] (-) TimerEvent: {}
[68.965792] (-) TimerEvent: {}
[69.066188] (-) TimerEvent: {}
[69.166575] (-) TimerEvent: {}
[69.266969] (-) TimerEvent: {}
[69.367299] (-) TimerEvent: {}
[69.467628] (-) TimerEvent: {}
[69.567997] (-) TimerEvent: {}
[69.668381] (-) TimerEvent: {}
[69.768766] (-) TimerEvent: {}
[69.835228] (cartographer_ros) StdoutLine: {'line': b'[ 60%] Built target cartographer_ros\n'}
[69.869840] (-) TimerEvent: {}
[69.927896] (cartographer_ros) StdoutLine: {'line': b'[ 62%] \x1b[32m\x1b[1mLinking CXX executable cartographer_pbstream_map_publisher\x1b[0m\n'}
[69.933341] (cartographer_ros) StdoutLine: {'line': b'[ 68%] \x1b[32m\x1b[1mLinking CXX executable cartographer_assets_writer\x1b[0m\n'}
[69.933799] (cartographer_ros) StdoutLine: {'line': b'[ 68%] \x1b[32m\x1b[1mLinking CXX executable cartographer_pbstream_to_ros_map\x1b[0m\n'}
[69.936764] (cartographer_ros) StdoutLine: {'line': b'[ 71%] \x1b[32m\x1b[1mLinking CXX executable cartographer_offline_node\x1b[0m\n'}
[69.938923] (cartographer_ros) StdoutLine: {'line': b'[ 74%] \x1b[32m\x1b[1mLinking CXX executable cartographer_occupancy_grid_node\x1b[0m\n'}
[69.943400] (cartographer_ros) StdoutLine: {'line': b'[ 77%] \x1b[32mBuilding CXX object CMakeFiles/cartographer_node.dir/src/node_main.cpp.o\x1b[0m\n'}
[69.945043] (cartographer_ros) StdoutLine: {'line': b'[ 80%] \x1b[32m\x1b[1mLinking CXX executable cartographer_rosbag_validate\x1b[0m\n'}
[69.969967] (-) TimerEvent: {}
[70.070802] (-) TimerEvent: {}
[70.171232] (-) TimerEvent: {}
[70.271859] (-) TimerEvent: {}
[70.372951] (-) TimerEvent: {}
[70.474945] (-) TimerEvent: {}
[70.576948] (-) TimerEvent: {}
[70.678994] (-) TimerEvent: {}
[70.781672] (-) TimerEvent: {}
[70.883910] (-) TimerEvent: {}
[70.987318] (-) TimerEvent: {}
[71.089017] (-) TimerEvent: {}
[71.190930] (-) TimerEvent: {}
[71.292958] (-) TimerEvent: {}
[71.394993] (-) TimerEvent: {}
[71.497202] (-) TimerEvent: {}
[71.599015] (-) TimerEvent: {}
[71.701015] (-) TimerEvent: {}
[71.806961] (-) TimerEvent: {}
[71.910257] (-) TimerEvent: {}
[72.080679] (-) TimerEvent: {}
[72.210695] (-) TimerEvent: {}
[72.313979] (-) TimerEvent: {}
[72.418880] (-) TimerEvent: {}
[72.525958] (-) TimerEvent: {}
[72.629183] (-) TimerEvent: {}
[72.731298] (-) TimerEvent: {}
[72.834697] (-) TimerEvent: {}
[72.939517] (-) TimerEvent: {}
[73.045892] (-) TimerEvent: {}
[73.149037] (-) TimerEvent: {}
[73.250967] (-) TimerEvent: {}
[73.354330] (-) TimerEvent: {}
[73.458886] (-) TimerEvent: {}
[73.565768] (-) TimerEvent: {}
[73.667305] (-) TimerEvent: {}
[73.768747] (-) TimerEvent: {}
[73.871204] (-) TimerEvent: {}
[73.972405] (-) TimerEvent: {}
[74.073956] (-) TimerEvent: {}
[74.176011] (-) TimerEvent: {}
[74.277871] (-) TimerEvent: {}
[74.383550] (-) TimerEvent: {}
[74.487962] (-) TimerEvent: {}
[74.590988] (-) TimerEvent: {}
[74.696058] (-) TimerEvent: {}
[74.798055] (-) TimerEvent: {}
[74.899990] (-) TimerEvent: {}
[75.001803] (-) TimerEvent: {}
[75.107048] (-) TimerEvent: {}
[75.212992] (-) TimerEvent: {}
[75.317408] (-) TimerEvent: {}
[75.420117] (-) TimerEvent: {}
[75.522916] (-) TimerEvent: {}
[75.626032] (-) TimerEvent: {}
[75.730244] (-) TimerEvent: {}
[75.831395] (-) TimerEvent: {}
[75.933842] (-) TimerEvent: {}
[76.036815] (-) TimerEvent: {}
[76.140315] (-) TimerEvent: {}
[76.244375] (-) TimerEvent: {}
[76.346562] (-) TimerEvent: {}
[76.453236] (-) TimerEvent: {}
[76.555198] (-) TimerEvent: {}
[76.657018] (-) TimerEvent: {}
[76.762019] (-) TimerEvent: {}
[76.864911] (-) TimerEvent: {}
[76.969386] (-) TimerEvent: {}
[77.072468] (-) TimerEvent: {}
[77.175974] (-) TimerEvent: {}
[77.279462] (-) TimerEvent: {}
[77.385670] (-) TimerEvent: {}
[77.488253] (-) TimerEvent: {}
[77.593514] (-) TimerEvent: {}
[77.694927] (-) TimerEvent: {}
[77.795904] (-) TimerEvent: {}
[77.901451] (-) TimerEvent: {}
[78.002660] (-) TimerEvent: {}
[78.103895] (-) TimerEvent: {}
[78.204954] (-) TimerEvent: {}
[78.307027] (-) TimerEvent: {}
[78.408999] (-) TimerEvent: {}
[78.513276] (-) TimerEvent: {}
[78.614645] (-) TimerEvent: {}
[78.719408] (-) TimerEvent: {}
[78.820887] (-) TimerEvent: {}
[78.925384] (-) TimerEvent: {}
[79.030341] (-) TimerEvent: {}
[79.131664] (-) TimerEvent: {}
[79.233016] (-) TimerEvent: {}
[79.335004] (-) TimerEvent: {}
[79.437088] (-) TimerEvent: {}
[79.539060] (-) TimerEvent: {}
[79.641068] (-) TimerEvent: {}
[79.743052] (-) TimerEvent: {}
[79.845066] (-) TimerEvent: {}
[79.947078] (-) TimerEvent: {}
[80.050537] (-) TimerEvent: {}
[80.154693] (-) TimerEvent: {}
[80.259075] (-) TimerEvent: {}
[80.363808] (-) TimerEvent: {}
[80.469031] (-) TimerEvent: {}
[80.571030] (-) TimerEvent: {}
[80.673011] (-) TimerEvent: {}
[80.775030] (-) TimerEvent: {}
[80.882024] (-) TimerEvent: {}
[80.990288] (-) TimerEvent: {}
[81.093755] (-) TimerEvent: {}
[81.201080] (-) TimerEvent: {}
[81.303765] (-) TimerEvent: {}
[81.407683] (-) TimerEvent: {}
[81.512261] (-) TimerEvent: {}
[81.617490] (-) TimerEvent: {}
[81.718870] (-) TimerEvent: {}
[81.820002] (-) TimerEvent: {}
[81.921148] (-) TimerEvent: {}
[82.024452] (-) TimerEvent: {}
[82.127386] (-) TimerEvent: {}
[82.230822] (-) TimerEvent: {}
[82.333521] (-) TimerEvent: {}
[82.435786] (-) TimerEvent: {}
[82.539561] (-) TimerEvent: {}
[82.574773] (cartographer_ros) StdoutLine: {'line': b'[ 82%] Built target cartographer_pbstream_to_ros_map\n'}
[82.639781] (-) TimerEvent: {}
[82.740390] (-) TimerEvent: {}
[82.815844] (cartographer_ros) StdoutLine: {'line': b'[ 85%] Built target cartographer_pbstream_map_publisher\n'}
[82.840521] (-) TimerEvent: {}
[82.858908] (cartographer_ros) StdoutLine: {'line': b'[ 88%] Built target cartographer_assets_writer\n'}
[82.940677] (-) TimerEvent: {}
[83.041198] (-) TimerEvent: {}
[83.107571] (cartographer_ros) StdoutLine: {'line': b'[ 94%] Built target cartographer_offline_node\n'}
[83.108099] (cartographer_ros) StdoutLine: {'line': b'[ 94%] Built target cartographer_rosbag_validate\n'}
[83.141351] (-) TimerEvent: {}
[83.241753] (-) TimerEvent: {}
[83.342095] (-) TimerEvent: {}
[83.375290] (cartographer_ros) StdoutLine: {'line': b'[ 97%] Built target cartographer_occupancy_grid_node\n'}
[83.442246] (-) TimerEvent: {}
[83.542581] (-) TimerEvent: {}
[83.642930] (-) TimerEvent: {}
[83.743246] (-) TimerEvent: {}
[83.843633] (-) TimerEvent: {}
[83.944043] (-) TimerEvent: {}
[84.044421] (-) TimerEvent: {}
[84.144800] (-) TimerEvent: {}
[84.245180] (-) TimerEvent: {}
[84.345927] (-) TimerEvent: {}
[84.446285] (-) TimerEvent: {}
[84.546642] (-) TimerEvent: {}
[84.647000] (-) TimerEvent: {}
[84.747332] (-) TimerEvent: {}
[84.847669] (-) TimerEvent: {}
[84.948036] (-) TimerEvent: {}
[85.048375] (-) TimerEvent: {}
[85.148735] (-) TimerEvent: {}
[85.249073] (-) TimerEvent: {}
[85.349413] (-) TimerEvent: {}
[85.449766] (-) TimerEvent: {}
[85.550118] (-) TimerEvent: {}
[85.650463] (-) TimerEvent: {}
[85.750767] (-) TimerEvent: {}
[85.851109] (-) TimerEvent: {}
[85.951453] (-) TimerEvent: {}
[86.051793] (-) TimerEvent: {}
[86.152129] (-) TimerEvent: {}
[86.252470] (-) TimerEvent: {}
[86.352812] (-) TimerEvent: {}
[86.453150] (-) TimerEvent: {}
[86.553488] (-) TimerEvent: {}
[86.653869] (-) TimerEvent: {}
[86.754211] (-) TimerEvent: {}
[86.854560] (-) TimerEvent: {}
[86.954928] (-) TimerEvent: {}
[87.055305] (-) TimerEvent: {}
[87.155701] (-) TimerEvent: {}
[87.256103] (-) TimerEvent: {}
[87.356505] (-) TimerEvent: {}
[87.456903] (-) TimerEvent: {}
[87.557287] (-) TimerEvent: {}
[87.657642] (-) TimerEvent: {}
[87.757971] (-) TimerEvent: {}
[87.858315] (-) TimerEvent: {}
[87.958683] (-) TimerEvent: {}
[88.059064] (-) TimerEvent: {}
[88.159414] (-) TimerEvent: {}
[88.259792] (-) TimerEvent: {}
[88.360171] (-) TimerEvent: {}
[88.460559] (-) TimerEvent: {}
[88.560949] (-) TimerEvent: {}
[88.661294] (-) TimerEvent: {}
[88.761627] (-) TimerEvent: {}
[88.861985] (-) TimerEvent: {}
[88.962332] (-) TimerEvent: {}
[89.062688] (-) TimerEvent: {}
[89.163053] (-) TimerEvent: {}
[89.263406] (-) TimerEvent: {}
[89.363773] (-) TimerEvent: {}
[89.464117] (-) TimerEvent: {}
[89.564463] (-) TimerEvent: {}
[89.664829] (-) TimerEvent: {}
[89.765165] (-) TimerEvent: {}
[89.865510] (-) TimerEvent: {}
[89.965852] (-) TimerEvent: {}
[90.066205] (-) TimerEvent: {}
[90.166555] (-) TimerEvent: {}
[90.266955] (-) TimerEvent: {}
[90.367300] (-) TimerEvent: {}
[90.467651] (-) TimerEvent: {}
[90.568007] (-) TimerEvent: {}
[90.668371] (-) TimerEvent: {}
[90.768711] (-) TimerEvent: {}
[90.869071] (-) TimerEvent: {}
[90.969419] (-) TimerEvent: {}
[91.069784] (-) TimerEvent: {}
[91.170140] (-) TimerEvent: {}
[91.270483] (-) TimerEvent: {}
[91.370824] (-) TimerEvent: {}
[91.471177] (-) TimerEvent: {}
[91.571519] (-) TimerEvent: {}
[91.671874] (-) TimerEvent: {}
[91.772214] (-) TimerEvent: {}
[91.872581] (-) TimerEvent: {}
[91.972955] (-) TimerEvent: {}
[92.073301] (-) TimerEvent: {}
[92.173665] (-) TimerEvent: {}
[92.274089] (-) TimerEvent: {}
[92.374490] (-) TimerEvent: {}
[92.474932] (-) TimerEvent: {}
[92.575337] (-) TimerEvent: {}
[92.675766] (-) TimerEvent: {}
[92.776167] (-) TimerEvent: {}
[92.876560] (-) TimerEvent: {}
[92.977003] (-) TimerEvent: {}
[93.077441] (-) TimerEvent: {}
[93.177892] (-) TimerEvent: {}
[93.278350] (-) TimerEvent: {}
[93.378781] (-) TimerEvent: {}
[93.479164] (-) TimerEvent: {}
[93.579519] (-) TimerEvent: {}
[93.679852] (-) TimerEvent: {}
[93.780189] (-) TimerEvent: {}
[93.880524] (-) TimerEvent: {}
[93.980862] (-) TimerEvent: {}
[94.081200] (-) TimerEvent: {}
[94.181536] (-) TimerEvent: {}
[94.281892] (-) TimerEvent: {}
[94.382219] (-) TimerEvent: {}
[94.482564] (-) TimerEvent: {}
[94.519852] (cartographer_ros) StdoutLine: {'line': b'[100%] \x1b[32m\x1b[1mLinking CXX executable cartographer_node\x1b[0m\n'}
[94.582784] (-) TimerEvent: {}
[94.683253] (-) TimerEvent: {}
[94.783622] (-) TimerEvent: {}
[94.884051] (-) TimerEvent: {}
[94.984491] (-) TimerEvent: {}
[95.084964] (-) TimerEvent: {}
[95.185404] (-) TimerEvent: {}
[95.285856] (-) TimerEvent: {}
[95.386304] (-) TimerEvent: {}
[95.486765] (-) TimerEvent: {}
[95.587180] (-) TimerEvent: {}
[95.687748] (-) TimerEvent: {}
[95.788189] (-) TimerEvent: {}
[95.888627] (-) TimerEvent: {}
[95.989097] (-) TimerEvent: {}
[96.089521] (-) TimerEvent: {}
[96.189965] (-) TimerEvent: {}
[96.290401] (-) TimerEvent: {}
[96.390839] (-) TimerEvent: {}
[96.491262] (-) TimerEvent: {}
[96.591679] (-) TimerEvent: {}
[96.692138] (-) TimerEvent: {}
[96.792576] (-) TimerEvent: {}
[96.893040] (-) TimerEvent: {}
[96.993470] (-) TimerEvent: {}
[97.093856] (-) TimerEvent: {}
[97.194293] (-) TimerEvent: {}
[97.294759] (-) TimerEvent: {}
[97.395194] (-) TimerEvent: {}
[97.495615] (-) TimerEvent: {}
[97.596051] (-) TimerEvent: {}
[97.696439] (-) TimerEvent: {}
[97.796843] (-) TimerEvent: {}
[97.897276] (-) TimerEvent: {}
[97.944838] (cartographer_ros) StdoutLine: {'line': b'[100%] Built target cartographer_node\n'}
[97.964568] (cartographer_ros) CommandEnded: {'returncode': 0}
[97.965505] (cartographer_ros) JobProgress: {'identifier': 'cartographer_ros', 'progress': 'install'}
[97.966389] (cartographer_ros) Command: {'cmd': ['/usr/bin/cmake', '--install', '/root/distr_slam_ws/build/cartographer_ros'], 'cwd': '/root/distr_slam_ws/build/cartographer_ros', 'env': OrderedDict({'HOSTNAME': 'user-dynabook-G83-DN', 'SHLVL': '1', 'LIBGL_ALWAYS_SOFTWARE': '1', 'LD_LIBRARY_PATH': '/root/distr_slam_ws/install/cartographer_ros_msgs/lib:/root/distr_slam_ws/install/cartographer_rviz/lib:/root/distr_slam_ws/install/cartographer_ros/lib:/opt/ros/jazzy/opt/rviz_ogre_vendor/lib:/opt/ros/jazzy/lib/x86_64-linux-gnu:/opt/ros/jazzy/opt/gz_math_vendor/lib:/opt/ros/jazzy/opt/gz_utils_vendor/lib:/opt/ros/jazzy/opt/gz_cmake_vendor/lib:/opt/ros/jazzy/lib', 'HOME': '/root', 'ROS_PYTHON_VERSION': '3', 'COLCON_PREFIX_PATH': '/root/distr_slam_ws/install', 'ROS_DISTRO': 'jazzy', '_': '/usr/bin/colcon', 'ROS_VERSION': '2', 'PKG_CONFIG_PATH': '/root/distr_slam_ws/install/cartographer/lib/x86_64-linux-gnu/pkgconfig:/root/distr_slam_ws/install/cartographer/lib/pkgconfig', 'TERM': 'xterm', 'ROS_LOCALHOST_ONLY': '1', 'QT_X11_NO_MITSHM': '1', 'PATH': '/root/distr_slam_ws/install/cartographer/bin:/opt/ros/jazzy/bin:/usr/local/sbin:/usr/local/bin:/usr/sbin:/usr/bin:/sbin:/bin', 'DISPLAY': ':0', 'LANG': 'en_US.UTF-8', 'XAUTHORITY': '/root/.Xauthority', 'LS_COLORS': 'rs=0:di=01;34:ln=01;36:mh=00:pi=40;33:so=01;35:do=01;35:bd=40;33;01:cd=40;33;01:or=40;31;01:mi=00:su=37;41:sg=30;43:ca=00:tw=30;42:ow=34;42:st=37;44:ex=01;32:*.tar=01;31:*.tgz=01;31:*.arc=01;31:*.arj=01;31:*.taz=01;31:*.lha=01;31:*.lz4=01;31:*.lzh=01;31:*.lzma=01;31:*.tlz=01;31:*.txz=01;31:*.tzo=01;31:*.t7z=01;31:*.zip=01;31:*.z=01;31:*.dz=01;31:*.gz=01;31:*.lrz=01;31:*.lz=01;31:*.lzo=01;31:*.xz=01;31:*.zst=01;31:*.tzst=01;31:*.bz2=01;31:*.bz=01;31:*.tbz=01;31:*.tbz2=01;31:*.tz=01;31:*.deb=01;31:*.rpm=01;31:*.jar=01;31:*.war=01;31:*.ear=01;31:*.sar=01;31:*.rar=01;31:*.alz=01;31:*.ace=01;31:*.zoo=01;31:*.cpio=01;31:*.7z=01;31:*.rz=01;31:*.cab=01;31:*.wim=01;31:*.swm=01;31:*.dwm=01;31:*.esd=01;31:*.avif=01;35:*.jpg=01;35:*.jpeg=01;35:*.mjpg=01;35:*.mjpeg=01;35:*.gif=01;35:*.bmp=01;35:*.pbm=01;35:*.pgm=01;35:*.ppm=01;35:*.tga=01;35:*.xbm=01;35:*.xpm=01;35:*.tif=01;35:*.tiff=01;35:*.png=01;35:*.svg=01;35:*.svgz=01;35:*.mng=01;35:*.pcx=01;35:*.mov=01;35:*.mpg=01;35:*.mpeg=01;35:*.m2v=01;35:*.mkv=01;35:*.webm=01;35:*.webp=01;35:*.ogm=01;35:*.mp4=01;35:*.m4v=01;35:*.mp4v=01;35:*.vob=01;35:*.qt=01;35:*.nuv=01;35:*.wmv=01;35:*.asf=01;35:*.rm=01;35:*.rmvb=01;35:*.flc=01;35:*.avi=01;35:*.fli=01;35:*.flv=01;35:*.gl=01;35:*.dl=01;35:*.xcf=01;35:*.xwd=01;35:*.yuv=01;35:*.cgm=01;35:*.emf=01;35:*.ogv=01;35:*.ogx=01;35:*.aac=00;36:*.au=00;36:*.flac=00;36:*.m4a=00;36:*.mid=00;36:*.midi=00;36:*.mka=00;36:*.mp3=00;36:*.mpc=00;36:*.ogg=00;36:*.ra=00;36:*.wav=00;36:*.oga=00;36:*.opus=00;36:*.spx=00;36:*.xspf=00;36:*~=00;90:*#=00;90:*.bak=00;90:*.crdownload=00;90:*.dpkg-dist=00;90:*.dpkg-new=00;90:*.dpkg-old=00;90:*.dpkg-tmp=00;90:*.old=00;90:*.orig=00;90:*.part=00;90:*.rej=00;90:*.rpmnew=00;90:*.rpmorig=00;90:*.rpmsave=00;90:*.swp=00;90:*.tmp=00;90:*.ucf-dist=00;90:*.ucf-new=00;90:*.ucf-old=00;90:', 'AMENT_PREFIX_PATH': '/root/distr_slam_ws/install/cartographer_rviz:/root/distr_slam_ws/install/cartographer_ros:/root/distr_slam_ws/install/cartographer_ros_msgs:/opt/ros/jazzy', 'DEBIAN_FRONTEND': 'noninteractive', 'ROS_AUTOMATIC_DISCOVERY_RANGE': 'SUBNET', 'PWD': '/root/distr_slam_ws/build/cartographer_ros', 'TURTLEBOT3_MODEL': 'burger', 'LC_ALL': 'en_US.UTF-8', 'PYTHONPATH': '/root/distr_slam_ws/install/cartographer_ros_msgs/lib/python3.12/site-packages:/opt/ros/jazzy/lib/python3.12/site-packages', 'COLCON': '1', 'CMAKE_PREFIX_PATH': '/root/distr_slam_ws/install/cartographer_ros_msgs:/root/distr_slam_ws/install/cartographer:/root/distr_slam_ws/install/cartographer_rviz:/root/distr_slam_ws/install/cartographer_ros:/opt/ros/jazzy/opt/gz_math_vendor:/opt/ros/jazzy/opt/gz_utils_vendor:/opt/ros/jazzy/opt/gz_cmake_vendor:/opt/ros/jazzy'}), 'shell': False}
[97.980446] (cartographer_ros) StdoutLine: {'line': b'-- Install configuration: ""\n'}
[97.981107] (cartographer_ros) StdoutLine: {'line': b'-- Installing: /root/distr_slam_ws/install/cartographer_ros/lib/libcartographer_ros.so\n'}
[97.997420] (-) TimerEvent: {}
[98.034676] (cartographer_ros) StdoutLine: {'line': b'-- Set non-toolchain portion of runtime path of "/root/distr_slam_ws/install/cartographer_ros/lib/libcartographer_ros.so" to ""\n'}
[98.035082] (cartographer_ros) StdoutLine: {'line': b'-- Installing: /root/distr_slam_ws/install/cartographer_ros/lib/cartographer_ros/cartographer_node\n'}
[98.037391] (cartographer_ros) StdoutLine: {'line': b'-- Set non-toolchain portion of runtime path of "/root/distr_slam_ws/install/cartographer_ros/lib/cartographer_ros/cartographer_node" to ""\n'}
[98.037835] (cartographer_ros) StdoutLine: {'line': b'-- Installing: /root/distr_slam_ws/install/cartographer_ros/lib/cartographer_ros/cartographer_occupancy_grid_node\n'}
[98.045283] (cartographer_ros) StdoutLine: {'line': b'-- Set non-toolchain portion of runtime path of "/root/distr_slam_ws/install/cartographer_ros/lib/cartographer_ros/cartographer_occupancy_grid_node" to ""\n'}
[98.046613] (cartographer_ros) StdoutLine: {'line': b'-- Installing: /root/distr_slam_ws/install/cartographer_ros/lib/cartographer_ros/cartographer_offline_node\n'}
[98.047979] (cartographer_ros) StdoutLine: {'line': b'-- Set non-toolchain portion of runtime path of "/root/distr_slam_ws/install/cartographer_ros/lib/cartographer_ros/cartographer_offline_node" to ""\n'}
[98.048909] (cartographer_ros) StdoutLine: {'line': b'-- Installing: /root/distr_slam_ws/install/cartographer_ros/lib/cartographer_ros/cartographer_assets_writer\n'}
[98.050902] (cartographer_ros) StdoutLine: {'line': b'-- Set non-toolchain portion of runtime path of "/root/distr_slam_ws/install/cartographer_ros/lib/cartographer_ros/cartographer_assets_writer" to ""\n'}
[98.051729] (cartographer_ros) StdoutLine: {'line': b'-- Installing: /root/distr_slam_ws/install/cartographer_ros/lib/cartographer_ros/cartographer_pbstream_map_publisher\n'}
[98.053975] (cartographer_ros) StdoutLine: {'line': b'-- Set non-toolchain portion of runtime path of "/root/distr_slam_ws/install/cartographer_ros/lib/cartographer_ros/cartographer_pbstream_map_publisher" to ""\n'}
[98.054789] (cartographer_ros) StdoutLine: {'line': b'-- Installing: /root/distr_slam_ws/install/cartographer_ros/lib/cartographer_ros/cartographer_pbstream_to_ros_map\n'}
[98.055847] (cartographer_ros) StdoutLine: {'line': b'-- Set non-toolchain portion of runtime path of "/root/distr_slam_ws/install/cartographer_ros/lib/cartographer_ros/cartographer_pbstream_to_ros_map" to ""\n'}
[98.056594] (cartographer_ros) StdoutLine: {'line': b'-- Installing: /root/distr_slam_ws/install/cartographer_ros/lib/cartographer_ros/cartographer_rosbag_validate\n'}
[98.058547] (cartographer_ros) StdoutLine: {'line': b'-- Set non-toolchain portion of runtime path of "/root/distr_slam_ws/install/cartographer_ros/lib/cartographer_ros/cartographer_rosbag_validate" to ""\n'}
[98.058891] (cartographer_ros) StdoutLine: {'line': b'-- Up-to-date: /root/distr_slam_ws/install/cartographer_ros/include/cartographer_ros\n'}
[98.059235] (cartographer_ros) StdoutLine: {'line': b'-- Up-to-date: /root/distr_slam_ws/install/cartographer_ros/include/cartographer_ros/cartographer_ros\n'}
[98.059620] (cartographer_ros) StdoutLine: {'line': b'-- Up-to-date: /root/distr_slam_ws/install/cartographer_ros/include/cartographer_ros/cartographer_ros/time_conversion.h\n'}
[98.059905] (cartographer_ros) StdoutLine: {'line': b'-- Up-to-date: /root/distr_slam_ws/install/cartographer_ros/include/cartographer_ros/cartographer_ros/metrics\n'}
[98.060218] (cartographer_ros) StdoutLine: {'line': b'-- Up-to-date: /root/distr_slam_ws/install/cartographer_ros/include/cartographer_ros/cartographer_ros/metrics/family_factory.h\n'}
[98.060574] (cartographer_ros) StdoutLine: {'line': b'-- Up-to-date: /root/distr_slam_ws/install/cartographer_ros/include/cartographer_ros/cartographer_ros/metrics/internal\n'}
[98.060823] (cartographer_ros) StdoutLine: {'line': b'-- Up-to-date: /root/distr_slam_ws/install/cartographer_ros/include/cartographer_ros/cartographer_ros/metrics/internal/counter.h\n'}
[98.060967] (cartographer_ros) StdoutLine: {'line': b'-- Up-to-date: /root/distr_slam_ws/install/cartographer_ros/include/cartographer_ros/cartographer_ros/metrics/internal/family.h\n'}
[98.061148] (cartographer_ros) StdoutLine: {'line': b'-- Up-to-date: /root/distr_slam_ws/install/cartographer_ros/include/cartographer_ros/cartographer_ros/metrics/internal/gauge.h\n'}
[98.061345] (cartographer_ros) StdoutLine: {'line': b'-- Up-to-date: /root/distr_slam_ws/install/cartographer_ros/include/cartographer_ros/cartographer_ros/metrics/internal/histogram.h\n'}
[98.061515] (cartographer_ros) StdoutLine: {'line': b'-- Up-to-date: /root/distr_slam_ws/install/cartographer_ros/include/cartographer_ros/cartographer_ros/ros_log_sink.h\n'}
[98.061703] (cartographer_ros) StdoutLine: {'line': b'-- Up-to-date: /root/distr_slam_ws/install/cartographer_ros/include/cartographer_ros/cartographer_ros/urdf_reader.h\n'}
[98.061861] (cartographer_ros) StdoutLine: {'line': b'-- Up-to-date: /root/distr_slam_ws/install/cartographer_ros/include/cartographer_ros/cartographer_ros/ros_map_writing_points_processor.h\n'}
[98.062022] (cartographer_ros) StdoutLine: {'line': b'-- Up-to-date: /root/distr_slam_ws/install/cartographer_ros/include/cartographer_ros/cartographer_ros/msg_conversion.h\n'}
[98.062146] (cartographer_ros) StdoutLine: {'line': b'-- Up-to-date: /root/distr_slam_ws/install/cartographer_ros/include/cartographer_ros/cartographer_ros/assets_writer.h\n'}
[98.062265] (cartographer_ros) StdoutLine: {'line': b'-- Installing: /root/distr_slam_ws/install/cartographer_ros/include/cartographer_ros/cartographer_ros/node.h\n'}
[98.062478] (cartographer_ros) StdoutLine: {'line': b'-- Up-to-date: /root/distr_slam_ws/install/cartographer_ros/include/cartographer_ros/cartographer_ros/offline_node.h\n'}
[98.062655] (cartographer_ros) StdoutLine: {'line': b'-- Up-to-date: /root/distr_slam_ws/install/cartographer_ros/include/cartographer_ros/cartographer_ros/submap.h\n'}
[98.062956] (cartographer_ros) StdoutLine: {'line': b'-- Up-to-date: /root/distr_slam_ws/install/cartographer_ros/include/cartographer_ros/cartographer_ros/sensor_bridge.h\n'}
[98.063150] (cartographer_ros) StdoutLine: {'line': b'-- Up-to-date: /root/distr_slam_ws/install/cartographer_ros/include/cartographer_ros/cartographer_ros/node_options.h\n'}
[98.063342] (cartographer_ros) StdoutLine: {'line': b'-- Up-to-date: /root/distr_slam_ws/install/cartographer_ros/include/cartographer_ros/cartographer_ros/playable_bag.h\n'}
[98.063511] (cartographer_ros) StdoutLine: {'line': b'-- Up-to-date: /root/distr_slam_ws/install/cartographer_ros/include/cartographer_ros/cartographer_ros/trajectory_options.h\n'}
[98.063683] (cartographer_ros) StdoutLine: {'line': b'-- Up-to-date: /root/distr_slam_ws/install/cartographer_ros/include/cartographer_ros/cartographer_ros/ros_map.h\n'}
[98.063884] (cartographer_ros) StdoutLine: {'line': b'-- Up-to-date: /root/distr_slam_ws/install/cartographer_ros/include/cartographer_ros/cartographer_ros/node_constants.h\n'}
[98.064037] (cartographer_ros) StdoutLine: {'line': b'-- Up-to-date: /root/distr_slam_ws/install/cartographer_ros/include/cartographer_ros/cartographer_ros/map_builder_bridge.h\n'}
[98.064208] (cartographer_ros) StdoutLine: {'line': b'-- Up-to-date: /root/distr_slam_ws/install/cartographer_ros/include/cartographer_ros/cartographer_ros/tf_bridge.h\n'}
[98.064379] (cartographer_ros) StdoutLine: {'line': b'-- Up-to-date: /root/distr_slam_ws/install/cartographer_ros/share/cartographer_ros//configuration_files\n'}
[98.064534] (cartographer_ros) StdoutLine: {'line': b'-- Up-to-date: /root/distr_slam_ws/install/cartographer_ros/share/cartographer_ros//configuration_files/visualize_pbstream.lua\n'}
[98.064685] (cartographer_ros) StdoutLine: {'line': b'-- Up-to-date: /root/distr_slam_ws/install/cartographer_ros/share/cartographer_ros//configuration_files/taurob_tracker.lua\n'}
[98.064902] (cartographer_ros) StdoutLine: {'line': b'-- Up-to-date: /root/distr_slam_ws/install/cartographer_ros/share/cartographer_ros//configuration_files/backpack_2d_localization.lua\n'}
[98.065069] (cartographer_ros) StdoutLine: {'line': b'-- Up-to-date: /root/distr_slam_ws/install/cartographer_ros/share/cartographer_ros//configuration_files/assets_writer_backpack_2d.lua\n'}
[98.065237] (cartographer_ros) StdoutLine: {'line': b'-- Up-to-date: /root/distr_slam_ws/install/cartographer_ros/share/cartographer_ros//configuration_files/mir-100-mapping.lua\n'}
[98.065425] (cartographer_ros) StdoutLine: {'line': b'-- Up-to-date: /root/distr_slam_ws/install/cartographer_ros/share/cartographer_ros//configuration_files/assets_writer_ros_map.lua\n'}
[98.065599] (cartographer_ros) StdoutLine: {'line': b'-- Up-to-date: /root/distr_slam_ws/install/cartographer_ros/share/cartographer_ros//configuration_files/demo_3d.rviz\n'}
[98.065790] (cartographer_ros) StdoutLine: {'line': b'-- Up-to-date: /root/distr_slam_ws/install/cartographer_ros/share/cartographer_ros//configuration_files/demo_2d.rviz\n'}
[98.065964] (cartographer_ros) StdoutLine: {'line': b'-- Up-to-date: /root/distr_slam_ws/install/cartographer_ros/share/cartographer_ros//configuration_files/backpack_3d.lua\n'}
[98.066132] (cartographer_ros) StdoutLine: {'line': b'-- Up-to-date: /root/distr_slam_ws/install/cartographer_ros/share/cartographer_ros//configuration_files/backpack_3d_localization.lua\n'}
[98.066259] (cartographer_ros) StdoutLine: {'line': b'-- Up-to-date: /root/distr_slam_ws/install/cartographer_ros/share/cartographer_ros//configuration_files/my_robot.lua\n'}
[98.066428] (cartographer_ros) StdoutLine: {'line': b'-- Up-to-date: /root/distr_slam_ws/install/cartographer_ros/share/cartographer_ros//configuration_files/assets_writer_backpack_3d.lua\n'}
[98.066548] (cartographer_ros) StdoutLine: {'line': b'-- Up-to-date: /root/distr_slam_ws/install/cartographer_ros/share/cartographer_ros//configuration_files/revo_lds.lua\n'}
[98.066671] (cartographer_ros) StdoutLine: {'line': b'-- Up-to-date: /root/distr_slam_ws/install/cartographer_ros/share/cartographer_ros//configuration_files/pr2.lua\n'}
[98.066850] (cartographer_ros) StdoutLine: {'line': b'-- Up-to-date: /root/distr_slam_ws/install/cartographer_ros/share/cartographer_ros//configuration_files/backpack_2d_server.lua\n'}
[98.067038] (cartographer_ros) StdoutLine: {'line': b'-- Up-to-date: /root/distr_slam_ws/install/cartographer_ros/share/cartographer_ros//configuration_files/assets_writer_backpack_2d_ci.lua\n'}
[98.067151] (cartographer_ros) StdoutLine: {'line': b'-- Up-to-date: /root/distr_slam_ws/install/cartographer_ros/share/cartographer_ros//configuration_files/transform.lua\n'}
[98.067383] (cartographer_ros) StdoutLine: {'line': b'-- Up-to-date: /root/distr_slam_ws/install/cartographer_ros/share/cartographer_ros//configuration_files/backpack_2d.lua\n'}
[98.067601] (cartographer_ros) StdoutLine: {'line': b'-- Up-to-date: /root/distr_slam_ws/install/cartographer_ros/share/cartographer_ros//configuration_files/backpack_2d_localization_evaluation.lua\n'}
[98.067823] (cartographer_ros) StdoutLine: {'line': b'-- Up-to-date: /root/distr_slam_ws/install/cartographer_ros/share/cartographer_ros//urdf\n'}
[98.068032] (cartographer_ros) StdoutLine: {'line': b'-- Up-to-date: /root/distr_slam_ws/install/cartographer_ros/share/cartographer_ros//urdf/mir-100.urdf\n'}
[98.068279] (cartographer_ros) StdoutLine: {'line': b'-- Up-to-date: /root/distr_slam_ws/install/cartographer_ros/share/cartographer_ros//urdf/my_robot.urdf\n'}
[98.068395] (cartographer_ros) StdoutLine: {'line': b'-- Up-to-date: /root/distr_slam_ws/install/cartographer_ros/share/cartographer_ros//urdf/backpack_2d.urdf\n'}
[98.068506] (cartographer_ros) StdoutLine: {'line': b'-- Up-to-date: /root/distr_slam_ws/install/cartographer_ros/share/cartographer_ros//urdf/backpack_3d.urdf\n'}
[98.068614] (cartographer_ros) StdoutLine: {'line': b'-- Up-to-date: /root/distr_slam_ws/install/cartographer_ros/share/cartographer_ros//launch\n'}
[98.068740] (cartographer_ros) StdoutLine: {'line': b'-- Up-to-date: /root/distr_slam_ws/install/cartographer_ros/share/cartographer_ros//launch/offline_mir_100_rviz.launch.py\n'}
[98.068897] (cartographer_ros) StdoutLine: {'line': b'-- Up-to-date: /root/distr_slam_ws/install/cartographer_ros/share/cartographer_ros//launch/assets_writer_backpack_3d.launch.py\n'}
[98.069126] (cartographer_ros) StdoutLine: {'line': b'-- Up-to-date: /root/distr_slam_ws/install/cartographer_ros/share/cartographer_ros//launch/taurob_tracker.launch.py\n'}
[98.069235] (cartographer_ros) StdoutLine: {'line': b'-- Up-to-date: /root/distr_slam_ws/install/cartographer_ros/share/cartographer_ros//launch/demo_revo_lds.launch.py\n'}
[98.069344] (cartographer_ros) StdoutLine: {'line': b'-- Up-to-date: /root/distr_slam_ws/install/cartographer_ros/share/cartographer_ros//launch/offline_node.launch.py\n'}
[98.069451] (cartographer_ros) StdoutLine: {'line': b'-- Up-to-date: /root/distr_slam_ws/install/cartographer_ros/share/cartographer_ros//launch/assets_writer_ros_map.launch.py\n'}
[98.069559] (cartographer_ros) StdoutLine: {'line': b'-- Up-to-date: /root/distr_slam_ws/install/cartographer_ros/share/cartographer_ros//launch/visualize_pbstream.launch.py\n'}
[98.069687] (cartographer_ros) StdoutLine: {'line': b'-- Up-to-date: /root/distr_slam_ws/install/cartographer_ros/share/cartographer_ros//launch/demo_pr2.launch\n'}
[98.069872] (cartographer_ros) StdoutLine: {'line': b'-- Up-to-date: /root/distr_slam_ws/install/cartographer_ros/share/cartographer_ros//launch/demo_taurob_tracker.launch.py\n'}
[98.070136] (cartographer_ros) StdoutLine: {'line': b'-- Up-to-date: /root/distr_slam_ws/install/cartographer_ros/share/cartographer_ros//launch/assets_writer_backpack_2d.launch.py\n'}
[98.070327] (cartographer_ros) StdoutLine: {'line': b'-- Up-to-date: /root/distr_slam_ws/install/cartographer_ros/share/cartographer_ros//launch/demo_backpack_3d.launch.py\n'}
[98.070546] (cartographer_ros) StdoutLine: {'line': b'-- Up-to-date: /root/distr_slam_ws/install/cartographer_ros/share/cartographer_ros//launch/demo_backpack_2d_localization.launch.py\n'}
[98.070744] (cartographer_ros) StdoutLine: {'line': b'-- Up-to-date: /root/distr_slam_ws/install/cartographer_ros/share/cartographer_ros//launch/grpc_demo_backpack_2d_localization.launch\n'}
[98.070882] (cartographer_ros) StdoutLine: {'line': b'-- Up-to-date: /root/distr_slam_ws/install/cartographer_ros/share/cartographer_ros//launch/backpack_3d.launch.py\n'}
[98.071003] (cartographer_ros) StdoutLine: {'line': b'-- Up-to-date: /root/distr_slam_ws/install/cartographer_ros/share/cartographer_ros//launch/my_robot.launch.py\n'}
[98.071121] (cartographer_ros) StdoutLine: {'line': b'-- Up-to-date: /root/distr_slam_ws/install/cartographer_ros/share/cartographer_ros//launch/my_robot_handover.launch.py\n'}
[98.071239] (cartographer_ros) StdoutLine: {'line': b'-- Up-to-date: /root/distr_slam_ws/install/cartographer_ros/share/cartographer_ros//launch/offline_backpack_3d.launch.py\n'}
[98.071356] (cartographer_ros) StdoutLine: {'line': b'-- Up-to-date: /root/distr_slam_ws/install/cartographer_ros/share/cartographer_ros//launch/demo_backpack_3d_localization.launch.py\n'}
[98.071489] (cartographer_ros) StdoutLine: {'line': b'-- Up-to-date: /root/distr_slam_ws/install/cartographer_ros/share/cartographer_ros//launch/backpack_2d.launch.py\n'}
[98.071602] (cartographer_ros) StdoutLine: {'line': b'-- Up-to-date: /root/distr_slam_ws/install/cartographer_ros/share/cartographer_ros//launch/grpc_demo_backpack_2d.launch\n'}
[98.071734] (cartographer_ros) StdoutLine: {'line': b'-- Up-to-date: /root/distr_slam_ws/install/cartographer_ros/share/cartographer_ros//launch/offline_backpack_2d.launch.py\n'}
[98.071856] (cartographer_ros) StdoutLine: {'line': b'-- Up-to-date: /root/distr_slam_ws/install/cartographer_ros/share/cartographer_ros//launch/demo_backpack_2d.launch.py\n'}
[98.071966] (cartographer_ros) StdoutLine: {'line': b'-- Up-to-date: /root/distr_slam_ws/install/cartographer_ros/share/cartographer_ros/environment/library_path.sh\n'}
[98.072073] (cartographer_ros) StdoutLine: {'line': b'-- Up-to-date: /root/distr_slam_ws/install/cartographer_ros/share/cartographer_ros/environment/library_path.dsv\n'}
[98.072196] (cartographer_ros) StdoutLine: {'line': b'-- Up-to-date: /root/distr_slam_ws/install/cartographer_ros/share/ament_index/resource_index/package_run_dependencies/cartographer_ros\n'}
[98.072304] (cartographer_ros) StdoutLine: {'line': b'-- Up-to-date: /root/distr_slam_ws/install/cartographer_ros/share/ament_index/resource_index/parent_prefix_path/cartographer_ros\n'}
[98.072411] (cartographer_ros) StdoutLine: {'line': b'-- Up-to-date: /root/distr_slam_ws/install/cartographer_ros/share/cartographer_ros/environment/ament_prefix_path.sh\n'}
[98.072517] (cartographer_ros) StdoutLine: {'line': b'-- Up-to-date: /root/distr_slam_ws/install/cartographer_ros/share/cartographer_ros/environment/ament_prefix_path.dsv\n'}
[98.072700] (cartographer_ros) StdoutLine: {'line': b'-- Up-to-date: /root/distr_slam_ws/install/cartographer_ros/share/cartographer_ros/environment/path.sh\n'}
[98.072953] (cartographer_ros) StdoutLine: {'line': b'-- Up-to-date: /root/distr_slam_ws/install/cartographer_ros/share/cartographer_ros/environment/path.dsv\n'}
[98.073291] (cartographer_ros) StdoutLine: {'line': b'-- Up-to-date: /root/distr_slam_ws/install/cartographer_ros/share/cartographer_ros/local_setup.bash\n'}
[98.073422] (cartographer_ros) StdoutLine: {'line': b'-- Up-to-date: /root/distr_slam_ws/install/cartographer_ros/share/cartographer_ros/local_setup.sh\n'}
[98.073609] (cartographer_ros) StdoutLine: {'line': b'-- Up-to-date: /root/distr_slam_ws/install/cartographer_ros/share/cartographer_ros/local_setup.zsh\n'}
[98.073757] (cartographer_ros) StdoutLine: {'line': b'-- Up-to-date: /root/distr_slam_ws/install/cartographer_ros/share/cartographer_ros/local_setup.dsv\n'}
[98.074120] (cartographer_ros) StdoutLine: {'line': b'-- Installing: /root/distr_slam_ws/install/cartographer_ros/share/cartographer_ros/package.dsv\n'}
[98.074238] (cartographer_ros) StdoutLine: {'line': b'-- Up-to-date: /root/distr_slam_ws/install/cartographer_ros/share/ament_index/resource_index/packages/cartographer_ros\n'}
[98.074352] (cartographer_ros) StdoutLine: {'line': b'-- Up-to-date: /root/distr_slam_ws/install/cartographer_ros/share/cartographer_ros/cmake/cartographer_rosExport.cmake\n'}
[98.075530] (cartographer_ros) StdoutLine: {'line': b'-- Up-to-date: /root/distr_slam_ws/install/cartographer_ros/share/cartographer_ros/cmake/cartographer_rosExport-noconfig.cmake\n'}
[98.075834] (cartographer_ros) StdoutLine: {'line': b'-- Up-to-date: /root/distr_slam_ws/install/cartographer_ros/share/cartographer_ros/cmake/ament_cmake_export_targets-extras.cmake\n'}
[98.076095] (cartographer_ros) StdoutLine: {'line': b'-- Up-to-date: /root/distr_slam_ws/install/cartographer_ros/share/cartographer_ros/cmake/ament_cmake_export_include_directories-extras.cmake\n'}
[98.076246] (cartographer_ros) StdoutLine: {'line': b'-- Up-to-date: /root/distr_slam_ws/install/cartographer_ros/share/cartographer_ros/cmake/ament_cmake_export_libraries-extras.cmake\n'}
[98.076377] (cartographer_ros) StdoutLine: {'line': b'-- Up-to-date: /root/distr_slam_ws/install/cartographer_ros/share/cartographer_ros/cmake/ament_cmake_export_dependencies-extras.cmake\n'}
[98.076544] (cartographer_ros) StdoutLine: {'line': b'-- Up-to-date: /root/distr_slam_ws/install/cartographer_ros/share/cartographer_ros/cmake/cartographer_rosConfig.cmake\n'}
[98.076725] (cartographer_ros) StdoutLine: {'line': b'-- Up-to-date: /root/distr_slam_ws/install/cartographer_ros/share/cartographer_ros/cmake/cartographer_rosConfig-version.cmake\n'}
[98.076961] (cartographer_ros) StdoutLine: {'line': b'-- Up-to-date: /root/distr_slam_ws/install/cartographer_ros/share/cartographer_ros/package.xml\n'}
[98.077137] (cartographer_ros) CommandEnded: {'returncode': 0}
[98.097539] (-) TimerEvent: {}
[98.099478] (cartographer_ros) JobEnded: {'identifier': 'cartographer_ros', 'rc': 0}
[98.100976] (cartographer_rviz) JobStarted: {'identifier': 'cartographer_rviz'}
[98.120505] (cartographer_rviz) JobProgress: {'identifier': 'cartographer_rviz', 'progress': 'cmake'}
[98.122630] (cartographer_rviz) JobProgress: {'identifier': 'cartographer_rviz', 'progress': 'build'}
[98.123574] (cartographer_rviz) Command: {'cmd': ['/usr/bin/cmake', '--build', '/root/distr_slam_ws/build/cartographer_rviz', '--', '-j8', '-l8'], 'cwd': '/root/distr_slam_ws/build/cartographer_rviz', 'env': OrderedDict({'HOSTNAME': 'user-dynabook-G83-DN', 'SHLVL': '1', 'LIBGL_ALWAYS_SOFTWARE': '1', 'LD_LIBRARY_PATH': '/root/distr_slam_ws/install/cartographer_ros/lib:/root/distr_slam_ws/install/cartographer_ros_msgs/lib:/root/distr_slam_ws/install/cartographer_rviz/lib:/opt/ros/jazzy/opt/rviz_ogre_vendor/lib:/opt/ros/jazzy/lib/x86_64-linux-gnu:/opt/ros/jazzy/opt/gz_math_vendor/lib:/opt/ros/jazzy/opt/gz_utils_vendor/lib:/opt/ros/jazzy/opt/gz_cmake_vendor/lib:/opt/ros/jazzy/lib', 'HOME': '/root', 'ROS_PYTHON_VERSION': '3', 'COLCON_PREFIX_PATH': '/root/distr_slam_ws/install', 'ROS_DISTRO': 'jazzy', '_': '/usr/bin/colcon', 'ROS_VERSION': '2', 'PKG_CONFIG_PATH': '/root/distr_slam_ws/install/cartographer/lib/x86_64-linux-gnu/pkgconfig:/root/distr_slam_ws/install/cartographer/lib/pkgconfig', 'TERM': 'xterm', 'ROS_LOCALHOST_ONLY': '1', 'QT_X11_NO_MITSHM': '1', 'PATH': '/root/distr_slam_ws/install/cartographer/bin:/opt/ros/jazzy/bin:/usr/local/sbin:/usr/local/bin:/usr/sbin:/usr/bin:/sbin:/bin', 'DISPLAY': ':0', 'LANG': 'en_US.UTF-8', 'XAUTHORITY': '/root/.Xauthority', 'LS_COLORS': 'rs=0:di=01;34:ln=01;36:mh=00:pi=40;33:so=01;35:do=01;35:bd=40;33;01:cd=40;33;01:or=40;31;01:mi=00:su=37;41:sg=30;43:ca=00:tw=30;42:ow=34;42:st=37;44:ex=01;32:*.tar=01;31:*.tgz=01;31:*.arc=01;31:*.arj=01;31:*.taz=01;31:*.lha=01;31:*.lz4=01;31:*.lzh=01;31:*.lzma=01;31:*.tlz=01;31:*.txz=01;31:*.tzo=01;31:*.t7z=01;31:*.zip=01;31:*.z=01;31:*.dz=01;31:*.gz=01;31:*.lrz=01;31:*.lz=01;31:*.lzo=01;31:*.xz=01;31:*.zst=01;31:*.tzst=01;31:*.bz2=01;31:*.bz=01;31:*.tbz=01;31:*.tbz2=01;31:*.tz=01;31:*.deb=01;31:*.rpm=01;31:*.jar=01;31:*.war=01;31:*.ear=01;31:*.sar=01;31:*.rar=01;31:*.alz=01;31:*.ace=01;31:*.zoo=01;31:*.cpio=01;31:*.7z=01;31:*.rz=01;31:*.cab=01;31:*.wim=01;31:*.swm=01;31:*.dwm=01;31:*.esd=01;31:*.avif=01;35:*.jpg=01;35:*.jpeg=01;35:*.mjpg=01;35:*.mjpeg=01;35:*.gif=01;35:*.bmp=01;35:*.pbm=01;35:*.pgm=01;35:*.ppm=01;35:*.tga=01;35:*.xbm=01;35:*.xpm=01;35:*.tif=01;35:*.tiff=01;35:*.png=01;35:*.svg=01;35:*.svgz=01;35:*.mng=01;35:*.pcx=01;35:*.mov=01;35:*.mpg=01;35:*.mpeg=01;35:*.m2v=01;35:*.mkv=01;35:*.webm=01;35:*.webp=01;35:*.ogm=01;35:*.mp4=01;35:*.m4v=01;35:*.mp4v=01;35:*.vob=01;35:*.qt=01;35:*.nuv=01;35:*.wmv=01;35:*.asf=01;35:*.rm=01;35:*.rmvb=01;35:*.flc=01;35:*.avi=01;35:*.fli=01;35:*.flv=01;35:*.gl=01;35:*.dl=01;35:*.xcf=01;35:*.xwd=01;35:*.yuv=01;35:*.cgm=01;35:*.emf=01;35:*.ogv=01;35:*.ogx=01;35:*.aac=00;36:*.au=00;36:*.flac=00;36:*.m4a=00;36:*.mid=00;36:*.midi=00;36:*.mka=00;36:*.mp3=00;36:*.mpc=00;36:*.ogg=00;36:*.ra=00;36:*.wav=00;36:*.oga=00;36:*.opus=00;36:*.spx=00;36:*.xspf=00;36:*~=00;90:*#=00;90:*.bak=00;90:*.crdownload=00;90:*.dpkg-dist=00;90:*.dpkg-new=00;90:*.dpkg-old=00;90:*.dpkg-tmp=00;90:*.old=00;90:*.orig=00;90:*.part=00;90:*.rej=00;90:*.rpmnew=00;90:*.rpmorig=00;90:*.rpmsave=00;90:*.swp=00;90:*.tmp=00;90:*.ucf-dist=00;90:*.ucf-new=00;90:*.ucf-old=00;90:', 'AMENT_PREFIX_PATH': '/root/distr_slam_ws/install/cartographer_rviz:/root/distr_slam_ws/install/cartographer_ros:/root/distr_slam_ws/install/cartographer_ros_msgs:/opt/ros/jazzy', 'DEBIAN_FRONTEND': 'noninteractive', 'ROS_AUTOMATIC_DISCOVERY_RANGE': 'SUBNET', 'PWD': '/root/distr_slam_ws/build/cartographer_rviz', 'TURTLEBOT3_MODEL': 'burger', 'LC_ALL': 'en_US.UTF-8', 'PYTHONPATH': '/root/distr_slam_ws/install/cartographer_ros_msgs/lib/python3.12/site-packages:/opt/ros/jazzy/lib/python3.12/site-packages', 'COLCON': '1', 'CMAKE_PREFIX_PATH': '/root/distr_slam_ws/install/cartographer_ros:/root/distr_slam_ws/install/cartographer_ros_msgs:/root/distr_slam_ws/install/cartographer:/root/distr_slam_ws/install/cartographer_rviz:/opt/ros/jazzy/opt/gz_math_vendor:/opt/ros/jazzy/opt/gz_utils_vendor:/opt/ros/jazzy/opt/gz_cmake_vendor:/opt/ros/jazzy'}), 'shell': False}
[98.197699] (-) TimerEvent: {}
[98.294180] (cartographer_rviz) StdoutLine: {'line': b'[  0%] Built target cartographer_rviz_autogen_timestamp_deps\n'}
[98.297832] (-) TimerEvent: {}
[98.307748] (cartographer_rviz) StdoutLine: {'line': b'[  0%] Built target cartographer_rviz_detect_changes\n'}
[98.398030] (-) TimerEvent: {}
[98.498523] (-) TimerEvent: {}
[98.511898] (cartographer_rviz) StdoutLine: {'line': b'[ 14%] Built target cartographer_rviz_autogen\n'}
[98.598670] (-) TimerEvent: {}
[98.698986] (-) TimerEvent: {}
[98.748073] (cartographer_rviz) StdoutLine: {'line': b'[ 28%] \x1b[32m\x1b[1mLinking CXX shared library libcartographer_rviz.so\x1b[0m\n'}
[98.799133] (-) TimerEvent: {}
[98.899485] (-) TimerEvent: {}
[98.999846] (-) TimerEvent: {}
[99.100254] (-) TimerEvent: {}
[99.200707] (-) TimerEvent: {}
[99.301122] (-) TimerEvent: {}
[99.401569] (-) TimerEvent: {}
[99.502042] (-) TimerEvent: {}
[99.602482] (-) TimerEvent: {}
[99.702943] (-) TimerEvent: {}
[99.803378] (-) TimerEvent: {}
[99.903824] (-) TimerEvent: {}
[100.004274] (-) TimerEvent: {}
[100.104753] (-) TimerEvent: {}
[100.205203] (-) TimerEvent: {}
[100.305645] (-) TimerEvent: {}
[100.406099] (-) TimerEvent: {}
[100.506528] (-) TimerEvent: {}
[100.606937] (-) TimerEvent: {}
[100.707401] (-) TimerEvent: {}
[100.807853] (-) TimerEvent: {}
[100.908301] (-) TimerEvent: {}
[101.008772] (-) TimerEvent: {}
[101.109203] (-) TimerEvent: {}
[101.209627] (-) TimerEvent: {}
[101.310013] (-) TimerEvent: {}
[101.410511] (-) TimerEvent: {}
[101.510976] (-) TimerEvent: {}
[101.611421] (-) TimerEvent: {}
[101.711872] (-) TimerEvent: {}
[101.812322] (-) TimerEvent: {}
[101.912802] (-) TimerEvent: {}
[102.013262] (-) TimerEvent: {}
[102.113710] (-) TimerEvent: {}
[102.214126] (-) TimerEvent: {}
[102.314596] (-) TimerEvent: {}
[102.415095] (-) TimerEvent: {}
[102.515496] (-) TimerEvent: {}
[102.615940] (-) TimerEvent: {}
[102.716348] (-) TimerEvent: {}
[102.816766] (-) TimerEvent: {}
[102.828443] (cartographer_rviz) StdoutLine: {'line': b'[100%] Built target cartographer_rviz\n'}
[102.847019] (cartographer_rviz) CommandEnded: {'returncode': 0}
[102.848531] (cartographer_rviz) JobProgress: {'identifier': 'cartographer_rviz', 'progress': 'install'}
[102.849516] (cartographer_rviz) Command: {'cmd': ['/usr/bin/cmake', '--install', '/root/distr_slam_ws/build/cartographer_rviz'], 'cwd': '/root/distr_slam_ws/build/cartographer_rviz', 'env': OrderedDict({'HOSTNAME': 'user-dynabook-G83-DN', 'SHLVL': '1', 'LIBGL_ALWAYS_SOFTWARE': '1', 'LD_LIBRARY_PATH': '/root/distr_slam_ws/install/cartographer_ros/lib:/root/distr_slam_ws/install/cartographer_ros_msgs/lib:/root/distr_slam_ws/install/cartographer_rviz/lib:/opt/ros/jazzy/opt/rviz_ogre_vendor/lib:/opt/ros/jazzy/lib/x86_64-linux-gnu:/opt/ros/jazzy/opt/gz_math_vendor/lib:/opt/ros/jazzy/opt/gz_utils_vendor/lib:/opt/ros/jazzy/opt/gz_cmake_vendor/lib:/opt/ros/jazzy/lib', 'HOME': '/root', 'ROS_PYTHON_VERSION': '3', 'COLCON_PREFIX_PATH': '/root/distr_slam_ws/install', 'ROS_DISTRO': 'jazzy', '_': '/usr/bin/colcon', 'ROS_VERSION': '2', 'PKG_CONFIG_PATH': '/root/distr_slam_ws/install/cartographer/lib/x86_64-linux-gnu/pkgconfig:/root/distr_slam_ws/install/cartographer/lib/pkgconfig', 'TERM': 'xterm', 'ROS_LOCALHOST_ONLY': '1', 'QT_X11_NO_MITSHM': '1', 'PATH': '/root/distr_slam_ws/install/cartographer/bin:/opt/ros/jazzy/bin:/usr/local/sbin:/usr/local/bin:/usr/sbin:/usr/bin:/sbin:/bin', 'DISPLAY': ':0', 'LANG': 'en_US.UTF-8', 'XAUTHORITY': '/root/.Xauthority', 'LS_COLORS': 'rs=0:di=01;34:ln=01;36:mh=00:pi=40;33:so=01;35:do=01;35:bd=40;33;01:cd=40;33;01:or=40;31;01:mi=00:su=37;41:sg=30;43:ca=00:tw=30;42:ow=34;42:st=37;44:ex=01;32:*.tar=01;31:*.tgz=01;31:*.arc=01;31:*.arj=01;31:*.taz=01;31:*.lha=01;31:*.lz4=01;31:*.lzh=01;31:*.lzma=01;31:*.tlz=01;31:*.txz=01;31:*.tzo=01;31:*.t7z=01;31:*.zip=01;31:*.z=01;31:*.dz=01;31:*.gz=01;31:*.lrz=01;31:*.lz=01;31:*.lzo=01;31:*.xz=01;31:*.zst=01;31:*.tzst=01;31:*.bz2=01;31:*.bz=01;31:*.tbz=01;31:*.tbz2=01;31:*.tz=01;31:*.deb=01;31:*.rpm=01;31:*.jar=01;31:*.war=01;31:*.ear=01;31:*.sar=01;31:*.rar=01;31:*.alz=01;31:*.ace=01;31:*.zoo=01;31:*.cpio=01;31:*.7z=01;31:*.rz=01;31:*.cab=01;31:*.wim=01;31:*.swm=01;31:*.dwm=01;31:*.esd=01;31:*.avif=01;35:*.jpg=01;35:*.jpeg=01;35:*.mjpg=01;35:*.mjpeg=01;35:*.gif=01;35:*.bmp=01;35:*.pbm=01;35:*.pgm=01;35:*.ppm=01;35:*.tga=01;35:*.xbm=01;35:*.xpm=01;35:*.tif=01;35:*.tiff=01;35:*.png=01;35:*.svg=01;35:*.svgz=01;35:*.mng=01;35:*.pcx=01;35:*.mov=01;35:*.mpg=01;35:*.mpeg=01;35:*.m2v=01;35:*.mkv=01;35:*.webm=01;35:*.webp=01;35:*.ogm=01;35:*.mp4=01;35:*.m4v=01;35:*.mp4v=01;35:*.vob=01;35:*.qt=01;35:*.nuv=01;35:*.wmv=01;35:*.asf=01;35:*.rm=01;35:*.rmvb=01;35:*.flc=01;35:*.avi=01;35:*.fli=01;35:*.flv=01;35:*.gl=01;35:*.dl=01;35:*.xcf=01;35:*.xwd=01;35:*.yuv=01;35:*.cgm=01;35:*.emf=01;35:*.ogv=01;35:*.ogx=01;35:*.aac=00;36:*.au=00;36:*.flac=00;36:*.m4a=00;36:*.mid=00;36:*.midi=00;36:*.mka=00;36:*.mp3=00;36:*.mpc=00;36:*.ogg=00;36:*.ra=00;36:*.wav=00;36:*.oga=00;36:*.opus=00;36:*.spx=00;36:*.xspf=00;36:*~=00;90:*#=00;90:*.bak=00;90:*.crdownload=00;90:*.dpkg-dist=00;90:*.dpkg-new=00;90:*.dpkg-old=00;90:*.dpkg-tmp=00;90:*.old=00;90:*.orig=00;90:*.part=00;90:*.rej=00;90:*.rpmnew=00;90:*.rpmorig=00;90:*.rpmsave=00;90:*.swp=00;90:*.tmp=00;90:*.ucf-dist=00;90:*.ucf-new=00;90:*.ucf-old=00;90:', 'AMENT_PREFIX_PATH': '/root/distr_slam_ws/install/cartographer_rviz:/root/distr_slam_ws/install/cartographer_ros:/root/distr_slam_ws/install/cartographer_ros_msgs:/opt/ros/jazzy', 'DEBIAN_FRONTEND': 'noninteractive', 'ROS_AUTOMATIC_DISCOVERY_RANGE': 'SUBNET', 'PWD': '/root/distr_slam_ws/build/cartographer_rviz', 'TURTLEBOT3_MODEL': 'burger', 'LC_ALL': 'en_US.UTF-8', 'PYTHONPATH': '/root/distr_slam_ws/install/cartographer_ros_msgs/lib/python3.12/site-packages:/opt/ros/jazzy/lib/python3.12/site-packages', 'COLCON': '1', 'CMAKE_PREFIX_PATH': '/root/distr_slam_ws/install/cartographer_ros:/root/distr_slam_ws/install/cartographer_ros_msgs:/root/distr_slam_ws/install/cartographer:/root/distr_slam_ws/install/cartographer_rviz:/opt/ros/jazzy/opt/gz_math_vendor:/opt/ros/jazzy/opt/gz_utils_vendor:/opt/ros/jazzy/opt/gz_cmake_vendor:/opt/ros/jazzy'}), 'shell': False}
[102.862488] (cartographer_rviz) StdoutLine: {'line': b'-- Install configuration: "Release"\n'}
[102.862833] (cartographer_rviz) StdoutLine: {'line': b'-- Up-to-date: /root/distr_slam_ws/install/cartographer_rviz/share/cartographer_rviz/rviz_plugin_description.xml\n'}
[102.863973] (cartographer_rviz) StdoutLine: {'line': b'-- Installing: /root/distr_slam_ws/install/cartographer_rviz/lib/libcartographer_rviz.so\n'}
[102.866618] (cartographer_rviz) StdoutLine: {'line': b'-- Set non-toolchain portion of runtime path of "/root/distr_slam_ws/install/cartographer_rviz/lib/libcartographer_rviz.so" to ""\n'}
[102.866953] (cartographer_rviz) StdoutLine: {'line': b'-- Up-to-date: /root/distr_slam_ws/install/cartographer_rviz/include/cartographer_rviz\n'}
[102.867245] (cartographer_rviz) StdoutLine: {'line': b'-- Up-to-date: /root/distr_slam_ws/install/cartographer_rviz/include/cartographer_rviz/cartographer_rviz\n'}
[102.867548] (cartographer_rviz) StdoutLine: {'line': b'-- Up-to-date: /root/distr_slam_ws/install/cartographer_rviz/include/cartographer_rviz/cartographer_rviz/drawable_submap.h\n'}
[102.867882] (cartographer_rviz) StdoutLine: {'line': b'-- Up-to-date: /root/distr_slam_ws/install/cartographer_rviz/include/cartographer_rviz/cartographer_rviz/ogre_slice.h\n'}
[102.868141] (cartographer_rviz) StdoutLine: {'line': b'-- Up-to-date: /root/distr_slam_ws/install/cartographer_rviz/include/cartographer_rviz/cartographer_rviz/submaps_display.h\n'}
[102.868348] (cartographer_rviz) StdoutLine: {'line': b'-- Up-to-date: /root/distr_slam_ws/install/cartographer_rviz/share/cartographer_rviz/environment/library_path.sh\n'}
[102.868580] (cartographer_rviz) StdoutLine: {'line': b'-- Up-to-date: /root/distr_slam_ws/install/cartographer_rviz/share/cartographer_rviz/environment/library_path.dsv\n'}
[102.868985] (cartographer_rviz) StdoutLine: {'line': b'-- Up-to-date: /root/distr_slam_ws/install/cartographer_rviz/share/ament_index/resource_index/package_run_dependencies/cartographer_rviz\n'}
[102.869353] (cartographer_rviz) StdoutLine: {'line': b'-- Up-to-date: /root/distr_slam_ws/install/cartographer_rviz/share/ament_index/resource_index/parent_prefix_path/cartographer_rviz\n'}
[102.869588] (cartographer_rviz) StdoutLine: {'line': b'-- Up-to-date: /root/distr_slam_ws/install/cartographer_rviz/share/cartographer_rviz/environment/ament_prefix_path.sh\n'}
[102.869870] (cartographer_rviz) StdoutLine: {'line': b'-- Up-to-date: /root/distr_slam_ws/install/cartographer_rviz/share/cartographer_rviz/environment/ament_prefix_path.dsv\n'}
[102.870136] (cartographer_rviz) StdoutLine: {'line': b'-- Up-to-date: /root/distr_slam_ws/install/cartographer_rviz/share/cartographer_rviz/environment/path.sh\n'}
[102.870358] (cartographer_rviz) StdoutLine: {'line': b'-- Up-to-date: /root/distr_slam_ws/install/cartographer_rviz/share/cartographer_rviz/environment/path.dsv\n'}
[102.870589] (cartographer_rviz) StdoutLine: {'line': b'-- Up-to-date: /root/distr_slam_ws/install/cartographer_rviz/share/cartographer_rviz/local_setup.bash\n'}
[102.870834] (cartographer_rviz) StdoutLine: {'line': b'-- Up-to-date: /root/distr_slam_ws/install/cartographer_rviz/share/cartographer_rviz/local_setup.sh\n'}
[102.871063] (cartographer_rviz) StdoutLine: {'line': b'-- Up-to-date: /root/distr_slam_ws/install/cartographer_rviz/share/cartographer_rviz/local_setup.zsh\n'}
[102.871322] (cartographer_rviz) StdoutLine: {'line': b'-- Up-to-date: /root/distr_slam_ws/install/cartographer_rviz/share/cartographer_rviz/local_setup.dsv\n'}
[102.871553] (cartographer_rviz) StdoutLine: {'line': b'-- Installing: /root/distr_slam_ws/install/cartographer_rviz/share/cartographer_rviz/package.dsv\n'}
[102.871905] (cartographer_rviz) StdoutLine: {'line': b'-- Up-to-date: /root/distr_slam_ws/install/cartographer_rviz/share/ament_index/resource_index/packages/cartographer_rviz\n'}
[102.872156] (cartographer_rviz) StdoutLine: {'line': b'-- Up-to-date: /root/distr_slam_ws/install/cartographer_rviz/share/ament_index/resource_index/rviz_common__pluginlib__plugin/cartographer_rviz\n'}
[102.872378] (cartographer_rviz) StdoutLine: {'line': b'-- Up-to-date: /root/distr_slam_ws/install/cartographer_rviz/share/cartographer_rviz/ogre_media/materials/glsl120\n'}
[102.872607] (cartographer_rviz) StdoutLine: {'line': b'-- Up-to-date: /root/distr_slam_ws/install/cartographer_rviz/share/cartographer_rviz/ogre_media/materials/glsl120/submap.frag\n'}
[102.872882] (cartographer_rviz) StdoutLine: {'line': b'-- Up-to-date: /root/distr_slam_ws/install/cartographer_rviz/share/cartographer_rviz/ogre_media/materials/glsl120/submap.vert\n'}
[102.873106] (cartographer_rviz) StdoutLine: {'line': b'-- Up-to-date: /root/distr_slam_ws/install/cartographer_rviz/share/cartographer_rviz/ogre_media/materials/glsl120/glsl120.program\n'}
[102.873335] (cartographer_rviz) StdoutLine: {'line': b'-- Up-to-date: /root/distr_slam_ws/install/cartographer_rviz/share/cartographer_rviz/ogre_media/materials/scripts\n'}
[102.873563] (cartographer_rviz) StdoutLine: {'line': b'-- Up-to-date: /root/distr_slam_ws/install/cartographer_rviz/share/cartographer_rviz/ogre_media/materials/scripts/submap.material\n'}
[102.873965] (cartographer_rviz) StdoutLine: {'line': b'-- Up-to-date: /root/distr_slam_ws/install/cartographer_rviz/share/ament_index/resource_index/rviz_ogre_media_exports/cartographer_rviz\n'}
[102.874174] (cartographer_rviz) StdoutLine: {'line': b'-- Up-to-date: /root/distr_slam_ws/install/cartographer_rviz/share/cartographer_rviz/cmake/cartographer_rvizExport.cmake\n'}
[102.874366] (cartographer_rviz) StdoutLine: {'line': b'-- Up-to-date: /root/distr_slam_ws/install/cartographer_rviz/share/cartographer_rviz/cmake/cartographer_rvizExport-release.cmake\n'}
[102.874557] (cartographer_rviz) StdoutLine: {'line': b'-- Up-to-date: /root/distr_slam_ws/install/cartographer_rviz/share/cartographer_rviz/cmake/ament_cmake_export_include_directories-extras.cmake\n'}
[102.874779] (cartographer_rviz) StdoutLine: {'line': b'-- Up-to-date: /root/distr_slam_ws/install/cartographer_rviz/share/cartographer_rviz/cmake/ament_cmake_export_libraries-extras.cmake\n'}
[102.874983] (cartographer_rviz) StdoutLine: {'line': b'-- Up-to-date: /root/distr_slam_ws/install/cartographer_rviz/share/cartographer_rviz/cmake/ament_cmake_export_targets-extras.cmake\n'}
[102.875174] (cartographer_rviz) StdoutLine: {'line': b'-- Up-to-date: /root/distr_slam_ws/install/cartographer_rviz/share/cartographer_rviz/cmake/ament_cmake_export_dependencies-extras.cmake\n'}
[102.875365] (cartographer_rviz) StdoutLine: {'line': b'-- Up-to-date: /root/distr_slam_ws/install/cartographer_rviz/share/cartographer_rviz/cmake/cartographer_rvizConfig.cmake\n'}
[102.875555] (cartographer_rviz) StdoutLine: {'line': b'-- Up-to-date: /root/distr_slam_ws/install/cartographer_rviz/share/cartographer_rviz/cmake/cartographer_rvizConfig-version.cmake\n'}
[102.875773] (cartographer_rviz) StdoutLine: {'line': b'-- Up-to-date: /root/distr_slam_ws/install/cartographer_rviz/share/cartographer_rviz/package.xml\n'}
[102.876869] (cartographer_rviz) CommandEnded: {'returncode': 0}
[102.904606] (cartographer_rviz) JobEnded: {'identifier': 'cartographer_rviz', 'rc': 0}
[102.905978] (-) EventReactorShutdown: {}
