[0.000000] (-) TimerEvent: {}
[0.000106] (cartographer) JobQueued: {'identifier': 'cartographer', 'dependencies': OrderedDict()}
[0.000174] (cartographer_ros_msgs) JobQueued: {'identifier': 'cartographer_ros_msgs', 'dependencies': OrderedDict()}
[0.000185] (cartographer_ros) JobQueued: {'identifier': 'cartographer_ros', 'dependencies': OrderedDict({'cartographer': '/root/distr_slam_ws/install/cartographer', 'cartographer_ros_msgs': '/root/distr_slam_ws/install/cartographer_ros_msgs'})}
[0.000195] (cartographer_rviz) JobQueued: {'identifier': 'cartographer_rviz', 'dependencies': OrderedDict({'cartographer': '/root/distr_slam_ws/install/cartographer', 'cartographer_ros_msgs': '/root/distr_slam_ws/install/cartographer_ros_msgs', 'cartographer_ros': '/root/distr_slam_ws/install/cartographer_ros'})}
[0.000410] (cartographer) JobStarted: {'identifier': 'cartographer'}
[0.003585] (cartographer_ros_msgs) JobStarted: {'identifier': 'cartographer_ros_msgs'}
[0.005568] (cartographer) JobProgress: {'identifier': 'cartographer', 'progress': 'cmake'}
[0.005840] (cartographer) JobProgress: {'identifier': 'cartographer', 'progress': 'build'}
[0.006103] (cartographer) Command: {'cmd': ['/usr/bin/cmake', '--build', '/root/distr_slam_ws/build/cartographer', '--', '-j24', '-l24'], 'cwd': '/root/distr_slam_ws/build/cartographer', 'env': OrderedDict({'HOSTNAME': 'doraemon', 'SHLVL': '1', 'LIBGL_ALWAYS_SOFTWARE': '1', 'LD_LIBRARY_PATH': '/opt/ros/jazzy/opt/rviz_ogre_vendor/lib:/opt/ros/jazzy/lib/x86_64-linux-gnu:/opt/ros/jazzy/opt/gz_math_vendor/lib:/opt/ros/jazzy/opt/gz_utils_vendor/lib:/opt/ros/jazzy/opt/gz_cmake_vendor/lib:/opt/ros/jazzy/lib', 'HOME': '/root', 'OLDPWD': '/root/distr_slam_ws/build', 'ROS_PYTHON_VERSION': '3', 'ROS_DISTRO': 'jazzy', '_': '/usr/bin/colcon', 'ROS_VERSION': '2', 'TERM': 'xterm', 'ROS_LOCALHOST_ONLY': '1', 'QT_X11_NO_MITSHM': '1', 'PATH': '/opt/ros/jazzy/bin:/usr/local/sbin:/usr/local/bin:/usr/sbin:/usr/bin:/sbin:/bin', 'DISPLAY': 'localhost:10.0', 'LANG': 'en_US.UTF-8', 'LS_COLORS': 'rs=0:di=01;34:ln=01;36:mh=00:pi=40;33:so=01;35:do=01;35:bd=40;33;01:cd=40;33;01:or=40;31;01:mi=00:su=37;41:sg=30;43:ca=00:tw=30;42:ow=34;42:st=37;44:ex=01;32:*.tar=01;31:*.tgz=01;31:*.arc=01;31:*.arj=01;31:*.taz=01;31:*.lha=01;31:*.lz4=01;31:*.lzh=01;31:*.lzma=01;31:*.tlz=01;31:*.txz=01;31:*.tzo=01;31:*.t7z=01;31:*.zip=01;31:*.z=01;31:*.dz=01;31:*.gz=01;31:*.lrz=01;31:*.lz=01;31:*.lzo=01;31:*.xz=01;31:*.zst=01;31:*.tzst=01;31:*.bz2=01;31:*.bz=01;31:*.tbz=01;31:*.tbz2=01;31:*.tz=01;31:*.deb=01;31:*.rpm=01;31:*.jar=01;31:*.war=01;31:*.ear=01;31:*.sar=01;31:*.rar=01;31:*.alz=01;31:*.ace=01;31:*.zoo=01;31:*.cpio=01;31:*.7z=01;31:*.rz=01;31:*.cab=01;31:*.wim=01;31:*.swm=01;31:*.dwm=01;31:*.esd=01;31:*.avif=01;35:*.jpg=01;35:*.jpeg=01;35:*.mjpg=01;35:*.mjpeg=01;35:*.gif=01;35:*.bmp=01;35:*.pbm=01;35:*.pgm=01;35:*.ppm=01;35:*.tga=01;35:*.xbm=01;35:*.xpm=01;35:*.tif=01;35:*.tiff=01;35:*.png=01;35:*.svg=01;35:*.svgz=01;35:*.mng=01;35:*.pcx=01;35:*.mov=01;35:*.mpg=01;35:*.mpeg=01;35:*.m2v=01;35:*.mkv=01;35:*.webm=01;35:*.webp=01;35:*.ogm=01;35:*.mp4=01;35:*.m4v=01;35:*.mp4v=01;35:*.vob=01;35:*.qt=01;35:*.nuv=01;35:*.wmv=01;35:*.asf=01;35:*.rm=01;35:*.rmvb=01;35:*.flc=01;35:*.avi=01;35:*.fli=01;35:*.flv=01;35:*.gl=01;35:*.dl=01;35:*.xcf=01;35:*.xwd=01;35:*.yuv=01;35:*.cgm=01;35:*.emf=01;35:*.ogv=01;35:*.ogx=01;35:*.aac=00;36:*.au=00;36:*.flac=00;36:*.m4a=00;36:*.mid=00;36:*.midi=00;36:*.mka=00;36:*.mp3=00;36:*.mpc=00;36:*.ogg=00;36:*.ra=00;36:*.wav=00;36:*.oga=00;36:*.opus=00;36:*.spx=00;36:*.xspf=00;36:*~=00;90:*#=00;90:*.bak=00;90:*.crdownload=00;90:*.dpkg-dist=00;90:*.dpkg-new=00;90:*.dpkg-old=00;90:*.dpkg-tmp=00;90:*.old=00;90:*.orig=00;90:*.part=00;90:*.rej=00;90:*.rpmnew=00;90:*.rpmorig=00;90:*.rpmsave=00;90:*.swp=00;90:*.tmp=00;90:*.ucf-dist=00;90:*.ucf-new=00;90:*.ucf-old=00;90:', 'AMENT_PREFIX_PATH': '/opt/ros/jazzy', 'DEBIAN_FRONTEND': 'noninteractive', 'ROS_AUTOMATIC_DISCOVERY_RANGE': 'SUBNET', 'PWD': '/root/distr_slam_ws/build/cartographer', 'TURTLEBOT3_MODEL': 'burger', 'LC_ALL': 'en_US.UTF-8', 'PYTHONPATH': '/opt/ros/jazzy/lib/python3.12/site-packages', 'COLCON': '1', 'CMAKE_PREFIX_PATH': '/opt/ros/jazzy/opt/gz_math_vendor:/opt/ros/jazzy/opt/gz_utils_vendor:/opt/ros/jazzy/opt/gz_cmake_vendor:/opt/ros/jazzy'}), 'shell': False}
[0.007867] (cartographer_ros_msgs) JobProgress: {'identifier': 'cartographer_ros_msgs', 'progress': 'cmake'}
[0.008091] (cartographer_ros_msgs) JobProgress: {'identifier': 'cartographer_ros_msgs', 'progress': 'build'}
[0.008253] (cartographer_ros_msgs) Command: {'cmd': ['/usr/bin/cmake', '--build', '/root/distr_slam_ws/build/cartographer_ros_msgs', '--', '-j24', '-l24'], 'cwd': '/root/distr_slam_ws/build/cartographer_ros_msgs', 'env': OrderedDict({'HOSTNAME': 'doraemon', 'SHLVL': '1', 'LIBGL_ALWAYS_SOFTWARE': '1', 'LD_LIBRARY_PATH': '/opt/ros/jazzy/opt/rviz_ogre_vendor/lib:/opt/ros/jazzy/lib/x86_64-linux-gnu:/opt/ros/jazzy/opt/gz_math_vendor/lib:/opt/ros/jazzy/opt/gz_utils_vendor/lib:/opt/ros/jazzy/opt/gz_cmake_vendor/lib:/opt/ros/jazzy/lib', 'HOME': '/root', 'OLDPWD': '/root/distr_slam_ws/build', 'ROS_PYTHON_VERSION': '3', 'ROS_DISTRO': 'jazzy', '_': '/usr/bin/colcon', 'ROS_VERSION': '2', 'TERM': 'xterm', 'ROS_LOCALHOST_ONLY': '1', 'QT_X11_NO_MITSHM': '1', 'PATH': '/opt/ros/jazzy/bin:/usr/local/sbin:/usr/local/bin:/usr/sbin:/usr/bin:/sbin:/bin', 'DISPLAY': 'localhost:10.0', 'LANG': 'en_US.UTF-8', 'LS_COLORS': 'rs=0:di=01;34:ln=01;36:mh=00:pi=40;33:so=01;35:do=01;35:bd=40;33;01:cd=40;33;01:or=40;31;01:mi=00:su=37;41:sg=30;43:ca=00:tw=30;42:ow=34;42:st=37;44:ex=01;32:*.tar=01;31:*.tgz=01;31:*.arc=01;31:*.arj=01;31:*.taz=01;31:*.lha=01;31:*.lz4=01;31:*.lzh=01;31:*.lzma=01;31:*.tlz=01;31:*.txz=01;31:*.tzo=01;31:*.t7z=01;31:*.zip=01;31:*.z=01;31:*.dz=01;31:*.gz=01;31:*.lrz=01;31:*.lz=01;31:*.lzo=01;31:*.xz=01;31:*.zst=01;31:*.tzst=01;31:*.bz2=01;31:*.bz=01;31:*.tbz=01;31:*.tbz2=01;31:*.tz=01;31:*.deb=01;31:*.rpm=01;31:*.jar=01;31:*.war=01;31:*.ear=01;31:*.sar=01;31:*.rar=01;31:*.alz=01;31:*.ace=01;31:*.zoo=01;31:*.cpio=01;31:*.7z=01;31:*.rz=01;31:*.cab=01;31:*.wim=01;31:*.swm=01;31:*.dwm=01;31:*.esd=01;31:*.avif=01;35:*.jpg=01;35:*.jpeg=01;35:*.mjpg=01;35:*.mjpeg=01;35:*.gif=01;35:*.bmp=01;35:*.pbm=01;35:*.pgm=01;35:*.ppm=01;35:*.tga=01;35:*.xbm=01;35:*.xpm=01;35:*.tif=01;35:*.tiff=01;35:*.png=01;35:*.svg=01;35:*.svgz=01;35:*.mng=01;35:*.pcx=01;35:*.mov=01;35:*.mpg=01;35:*.mpeg=01;35:*.m2v=01;35:*.mkv=01;35:*.webm=01;35:*.webp=01;35:*.ogm=01;35:*.mp4=01;35:*.m4v=01;35:*.mp4v=01;35:*.vob=01;35:*.qt=01;35:*.nuv=01;35:*.wmv=01;35:*.asf=01;35:*.rm=01;35:*.rmvb=01;35:*.flc=01;35:*.avi=01;35:*.fli=01;35:*.flv=01;35:*.gl=01;35:*.dl=01;35:*.xcf=01;35:*.xwd=01;35:*.yuv=01;35:*.cgm=01;35:*.emf=01;35:*.ogv=01;35:*.ogx=01;35:*.aac=00;36:*.au=00;36:*.flac=00;36:*.m4a=00;36:*.mid=00;36:*.midi=00;36:*.mka=00;36:*.mp3=00;36:*.mpc=00;36:*.ogg=00;36:*.ra=00;36:*.wav=00;36:*.oga=00;36:*.opus=00;36:*.spx=00;36:*.xspf=00;36:*~=00;90:*#=00;90:*.bak=00;90:*.crdownload=00;90:*.dpkg-dist=00;90:*.dpkg-new=00;90:*.dpkg-old=00;90:*.dpkg-tmp=00;90:*.old=00;90:*.orig=00;90:*.part=00;90:*.rej=00;90:*.rpmnew=00;90:*.rpmorig=00;90:*.rpmsave=00;90:*.swp=00;90:*.tmp=00;90:*.ucf-dist=00;90:*.ucf-new=00;90:*.ucf-old=00;90:', 'AMENT_PREFIX_PATH': '/opt/ros/jazzy', 'DEBIAN_FRONTEND': 'noninteractive', 'ROS_AUTOMATIC_DISCOVERY_RANGE': 'SUBNET', 'PWD': '/root/distr_slam_ws/build/cartographer_ros_msgs', 'TURTLEBOT3_MODEL': 'burger', 'LC_ALL': 'en_US.UTF-8', 'PYTHONPATH': '/opt/ros/jazzy/lib/python3.12/site-packages', 'COLCON': '1', 'CMAKE_PREFIX_PATH': '/opt/ros/jazzy/opt/gz_math_vendor:/opt/ros/jazzy/opt/gz_utils_vendor:/opt/ros/jazzy/opt/gz_cmake_vendor:/opt/ros/jazzy'}), 'shell': False}
[0.042681] (cartographer) StdoutLine: {'line': b'[  0%] \x1b[34m\x1b[1mBuilding documentation.\x1b[0m\n'}
[0.046876] (cartographer_ros_msgs) StdoutLine: {'line': b'[  0%] Built target cartographer_ros_msgs__rs\n'}
[0.047277] (cartographer) StdoutLine: {'line': b'[  0%] Built target cartographer_detect_changes\n'}
[0.049112] (cartographer_ros_msgs) StdoutLine: {'line': b'[  1%] Built target cartographer_ros_msgs__rosidl_generator_type_description\n'}
[0.049537] (cartographer) StdoutLine: {'line': b'[  1%] Built target gtest\n'}
[0.051022] (cartographer_ros_msgs) StdoutLine: {'line': b'[  1%] Built target ament_cmake_python_copy_cartographer_ros_msgs\n'}
[0.063014] (cartographer) StdoutLine: {'line': b'[  2%] Built target gmock\n'}
[0.064668] (cartographer_ros_msgs) StdoutLine: {'line': b'[  1%] Built target cartographer_ros_msgs__cpp\n'}
[0.072615] (cartographer_ros_msgs) StdoutLine: {'line': b'[ 29%] Built target cartographer_ros_msgs__rosidl_generator_c\n'}
[0.079900] (cartographer) StdoutLine: {'line': b'[  2%] Built target gmock_main\n'}
[0.091322] (cartographer_ros_msgs) StdoutLine: {'line': b'[ 39%] Built target cartographer_ros_msgs__rosidl_typesupport_introspection_cpp\n'}
[0.094298] (cartographer_ros_msgs) StdoutLine: {'line': b'[ 66%] Built target cartographer_ros_msgs__rosidl_typesupport_fastrtps_c\n'}
[0.094473] (cartographer_ros_msgs) StdoutLine: {'line': b'[ 68%] Built target cartographer_ros_msgs__rosidl_typesupport_cpp\n'}
[0.094523] (cartographer_ros_msgs) StdoutLine: {'line': b'[ 68%] Built target cartographer_ros_msgs__rosidl_typesupport_c\n'}
[0.094719] (cartographer_ros_msgs) StdoutLine: {'line': b'[ 79%] Built target cartographer_ros_msgs__rosidl_typesupport_introspection_c\n'}
[0.094848] (cartographer_ros_msgs) StdoutLine: {'line': b'[ 88%] Built target cartographer_ros_msgs__rosidl_typesupport_fastrtps_cpp\n'}
[0.099791] (-) TimerEvent: {}
[0.105084] (cartographer_ros_msgs) StdoutLine: {'line': b'[ 88%] Built target cartographer_ros_msgs\n'}
[0.119434] (cartographer_ros_msgs) StdoutLine: {'line': b'[ 88%] Built target cartographer_ros_msgs__py\n'}
[0.140475] (cartographer_ros_msgs) StdoutLine: {'line': b'[ 97%] Built target cartographer_ros_msgs__rosidl_generator_py\n'}
[0.153778] (cartographer_ros_msgs) StdoutLine: {'line': b'running egg_info\n'}
[0.156625] (cartographer_ros_msgs) StdoutLine: {'line': b'[ 98%] Built target cartographer_ros_msgs_s__rosidl_typesupport_fastrtps_c\n'}
[0.156987] (cartographer_ros_msgs) StdoutLine: {'line': b'[ 99%] Built target cartographer_ros_msgs_s__rosidl_typesupport_c\n'}
[0.157243] (cartographer_ros_msgs) StdoutLine: {'line': b'[100%] Built target cartographer_ros_msgs_s__rosidl_typesupport_introspection_c\n'}
[0.158425] (cartographer) StdoutLine: {'line': b'\x1b[01mRunning Sphinx v7.2.6\x1b[39;49;00m\n'}
[0.161662] (cartographer_ros_msgs) StdoutLine: {'line': b'writing cartographer_ros_msgs.egg-info/PKG-INFO\n'}
[0.161823] (cartographer_ros_msgs) StdoutLine: {'line': b'writing dependency_links to cartographer_ros_msgs.egg-info/dependency_links.txt\n'}
[0.161913] (cartographer_ros_msgs) StdoutLine: {'line': b'writing top-level names to cartographer_ros_msgs.egg-info/top_level.txt\n'}
[0.182912] (cartographer) StdoutLine: {'line': b'[ 55%] Built target cartographer\n'}
[0.183522] (cartographer_ros_msgs) StdoutLine: {'line': b"reading manifest file 'cartographer_ros_msgs.egg-info/SOURCES.txt'\n"}
[0.183995] (cartographer_ros_msgs) StdoutLine: {'line': b"writing manifest file 'cartographer_ros_msgs.egg-info/SOURCES.txt'\n"}
[0.199903] (-) TimerEvent: {}
[0.201603] (cartographer_ros_msgs) StdoutLine: {'line': b'[100%] Built target ament_cmake_python_build_cartographer_ros_msgs_egg\n'}
[0.201836] (cartographer) StdoutLine: {'line': b'[ 56%] Built target cartographer_compute_relations_metrics\n'}
[0.201946] (cartographer) StdoutLine: {'line': b'[ 56%] Built target cartographer_test_library\n'}
[0.202043] (cartographer) StdoutLine: {'line': b'[ 56%] Built target cartographer_print_configuration\n'}
[0.202120] (cartographer) StdoutLine: {'line': b'[ 57%] Built target cartographer_pbstream\n'}
[0.207319] (cartographer) StdoutLine: {'line': b'[ 58%] Built target cartographer_autogenerate_ground_truth\n'}
[0.216460] (cartographer_ros_msgs) CommandEnded: {'returncode': 0}
[0.217730] (cartographer_ros_msgs) JobProgress: {'identifier': 'cartographer_ros_msgs', 'progress': 'install'}
[0.227068] (cartographer) StdoutLine: {'line': b'[ 60%] Built target cartographer.io.fake_file_writer_test\n'}
[0.228643] (cartographer) StdoutLine: {'line': b'[ 60%] Built target cartographer.common.thread_pool_test\n'}
[0.230654] (cartographer) StdoutLine: {'line': b'[ 60%] Built target cartographer.common.lua_parameter_dictionary_test\n'}
[0.230952] (cartographer) StdoutLine: {'line': b'[ 60%] Built target cartographer.common.internal.rate_timer_test\n'}
[0.231008] (cartographer) StdoutLine: {'line': b'[ 60%] Built target cartographer.common.task_test\n'}
[0.231061] (cartographer) StdoutLine: {'line': b'[ 60%] Built target cartographer.common.internal.blocking_queue_test\n'}
[0.231110] (cartographer) StdoutLine: {'line': b'[ 61%] Built target cartographer.common.math_test\n'}
[0.231154] (cartographer) StdoutLine: {'line': b'[ 62%] Built target cartographer.common.fixed_ratio_sampler_test\n'}
[0.231205] (cartographer_ros_msgs) Command: {'cmd': ['/usr/bin/cmake', '--install', '/root/distr_slam_ws/build/cartographer_ros_msgs'], 'cwd': '/root/distr_slam_ws/build/cartographer_ros_msgs', 'env': OrderedDict({'HOSTNAME': 'doraemon', 'SHLVL': '1', 'LIBGL_ALWAYS_SOFTWARE': '1', 'LD_LIBRARY_PATH': '/opt/ros/jazzy/opt/rviz_ogre_vendor/lib:/opt/ros/jazzy/lib/x86_64-linux-gnu:/opt/ros/jazzy/opt/gz_math_vendor/lib:/opt/ros/jazzy/opt/gz_utils_vendor/lib:/opt/ros/jazzy/opt/gz_cmake_vendor/lib:/opt/ros/jazzy/lib', 'HOME': '/root', 'OLDPWD': '/root/distr_slam_ws/build', 'ROS_PYTHON_VERSION': '3', 'ROS_DISTRO': 'jazzy', '_': '/usr/bin/colcon', 'ROS_VERSION': '2', 'TERM': 'xterm', 'ROS_LOCALHOST_ONLY': '1', 'QT_X11_NO_MITSHM': '1', 'PATH': '/opt/ros/jazzy/bin:/usr/local/sbin:/usr/local/bin:/usr/sbin:/usr/bin:/sbin:/bin', 'DISPLAY': 'localhost:10.0', 'LANG': 'en_US.UTF-8', 'LS_COLORS': 'rs=0:di=01;34:ln=01;36:mh=00:pi=40;33:so=01;35:do=01;35:bd=40;33;01:cd=40;33;01:or=40;31;01:mi=00:su=37;41:sg=30;43:ca=00:tw=30;42:ow=34;42:st=37;44:ex=01;32:*.tar=01;31:*.tgz=01;31:*.arc=01;31:*.arj=01;31:*.taz=01;31:*.lha=01;31:*.lz4=01;31:*.lzh=01;31:*.lzma=01;31:*.tlz=01;31:*.txz=01;31:*.tzo=01;31:*.t7z=01;31:*.zip=01;31:*.z=01;31:*.dz=01;31:*.gz=01;31:*.lrz=01;31:*.lz=01;31:*.lzo=01;31:*.xz=01;31:*.zst=01;31:*.tzst=01;31:*.bz2=01;31:*.bz=01;31:*.tbz=01;31:*.tbz2=01;31:*.tz=01;31:*.deb=01;31:*.rpm=01;31:*.jar=01;31:*.war=01;31:*.ear=01;31:*.sar=01;31:*.rar=01;31:*.alz=01;31:*.ace=01;31:*.zoo=01;31:*.cpio=01;31:*.7z=01;31:*.rz=01;31:*.cab=01;31:*.wim=01;31:*.swm=01;31:*.dwm=01;31:*.esd=01;31:*.avif=01;35:*.jpg=01;35:*.jpeg=01;35:*.mjpg=01;35:*.mjpeg=01;35:*.gif=01;35:*.bmp=01;35:*.pbm=01;35:*.pgm=01;35:*.ppm=01;35:*.tga=01;35:*.xbm=01;35:*.xpm=01;35:*.tif=01;35:*.tiff=01;35:*.png=01;35:*.svg=01;35:*.svgz=01;35:*.mng=01;35:*.pcx=01;35:*.mov=01;35:*.mpg=01;35:*.mpeg=01;35:*.m2v=01;35:*.mkv=01;35:*.webm=01;35:*.webp=01;35:*.ogm=01;35:*.mp4=01;35:*.m4v=01;35:*.mp4v=01;35:*.vob=01;35:*.qt=01;35:*.nuv=01;35:*.wmv=01;35:*.asf=01;35:*.rm=01;35:*.rmvb=01;35:*.flc=01;35:*.avi=01;35:*.fli=01;35:*.flv=01;35:*.gl=01;35:*.dl=01;35:*.xcf=01;35:*.xwd=01;35:*.yuv=01;35:*.cgm=01;35:*.emf=01;35:*.ogv=01;35:*.ogx=01;35:*.aac=00;36:*.au=00;36:*.flac=00;36:*.m4a=00;36:*.mid=00;36:*.midi=00;36:*.mka=00;36:*.mp3=00;36:*.mpc=00;36:*.ogg=00;36:*.ra=00;36:*.wav=00;36:*.oga=00;36:*.opus=00;36:*.spx=00;36:*.xspf=00;36:*~=00;90:*#=00;90:*.bak=00;90:*.crdownload=00;90:*.dpkg-dist=00;90:*.dpkg-new=00;90:*.dpkg-old=00;90:*.dpkg-tmp=00;90:*.old=00;90:*.orig=00;90:*.part=00;90:*.rej=00;90:*.rpmnew=00;90:*.rpmorig=00;90:*.rpmsave=00;90:*.swp=00;90:*.tmp=00;90:*.ucf-dist=00;90:*.ucf-new=00;90:*.ucf-old=00;90:', 'AMENT_PREFIX_PATH': '/opt/ros/jazzy', 'DEBIAN_FRONTEND': 'noninteractive', 'ROS_AUTOMATIC_DISCOVERY_RANGE': 'SUBNET', 'PWD': '/root/distr_slam_ws/build/cartographer_ros_msgs', 'TURTLEBOT3_MODEL': 'burger', 'LC_ALL': 'en_US.UTF-8', 'PYTHONPATH': '/opt/ros/jazzy/lib/python3.12/site-packages', 'COLCON': '1', 'CMAKE_PREFIX_PATH': '/opt/ros/jazzy/opt/gz_math_vendor:/opt/ros/jazzy/opt/gz_utils_vendor:/opt/ros/jazzy/opt/gz_cmake_vendor:/opt/ros/jazzy'}), 'shell': False}
[0.231559] (cartographer) StdoutLine: {'line': b'[ 64%] Built target cartographer.io.internal.in_memory_proto_stream_test\n'}
[0.231618] (cartographer) StdoutLine: {'line': b'[ 64%] Built target cartographer.io.proto_stream_deserializer_test\n'}
[0.231674] (cartographer) StdoutLine: {'line': b'[ 64%] Built target cartographer.io.points_processor_pipeline_builder_test\n'}
[0.231750] (cartographer) StdoutLine: {'line': b'[ 64%] Built target cartographer.io.probability_grid_points_processor_test\n'}
[0.231802] (cartographer) StdoutLine: {'line': b'[ 65%] Built target cartographer.io.proto_stream_test\n'}
[0.231849] (cartographer) StdoutLine: {'line': b'[ 64%] Built target cartographer.common.configuration_files_test\n'}
[0.231883] (cartographer) StdoutLine: {'line': b'[ 64%] Built target cartographer.io.serialization_format_migration_test\n'}
[0.232876] (cartographer) StdoutLine: {'line': b'[ 68%] Built target cartographer.mapping.3d.submap_3d_test\n'}
[0.233439] (cartographer) StdoutLine: {'line': b'[ 68%] Built target cartographer.mapping.2d.probability_grid_test\n'}
[0.233552] (cartographer) StdoutLine: {'line': b'[ 68%] Built target cartographer.mapping.3d.hybrid_grid_test\n'}
[0.233610] (cartographer) StdoutLine: {'line': b'[ 68%] Built target cartographer.mapping.2d.range_data_inserter_2d_test\n'}
[0.234190] (cartographer) StdoutLine: {'line': b'[ 68%] Built target cartographer.mapping.2d.map_limits_test\n'}
[0.234318] (cartographer) StdoutLine: {'line': b'[ 69%] Built target cartographer.mapping.2d.xy_index_test\n'}
[0.235804] (cartographer) StdoutLine: {'line': b'[ 69%] Built target cartographer.mapping.3d.range_data_inserter_3d_test\n'}
[0.238736] (cartographer) StdoutLine: {'line': b'[ 69%] Built target cartographer.mapping.2d.submap_2d_test\n'}
[0.239011] (cartographer_ros_msgs) StdoutLine: {'line': b'-- Install configuration: ""\n'}
[0.239115] (cartographer_ros_msgs) StdoutLine: {'line': b'-- Up-to-date: /root/distr_slam_ws/install/cartographer_ros_msgs/share/ament_index/resource_index/rosidl_interfaces/cartographer_ros_msgs\n'}
[0.239184] (cartographer_ros_msgs) StdoutLine: {'line': b'-- Up-to-date: /root/distr_slam_ws/install/cartographer_ros_msgs/share/cartographer_ros_msgs/msg/BagfileProgress.json\n'}
[0.239255] (cartographer_ros_msgs) StdoutLine: {'line': b'-- Up-to-date: /root/distr_slam_ws/install/cartographer_ros_msgs/share/cartographer_ros_msgs/msg/HistogramBucket.json\n'}
[0.239323] (cartographer_ros_msgs) StdoutLine: {'line': b'-- Up-to-date: /root/distr_slam_ws/install/cartographer_ros_msgs/share/cartographer_ros_msgs/msg/LandmarkEntry.json\n'}
[0.239386] (cartographer_ros_msgs) StdoutLine: {'line': b'-- Up-to-date: /root/distr_slam_ws/install/cartographer_ros_msgs/share/cartographer_ros_msgs/msg/LandmarkList.json\n'}
[0.239452] (cartographer_ros_msgs) StdoutLine: {'line': b'-- Up-to-date: /root/distr_slam_ws/install/cartographer_ros_msgs/share/cartographer_ros_msgs/msg/MetricFamily.json\n'}
[0.239514] (cartographer_ros_msgs) StdoutLine: {'line': b'-- Up-to-date: /root/distr_slam_ws/install/cartographer_ros_msgs/share/cartographer_ros_msgs/msg/MetricLabel.json\n'}
[0.239577] (cartographer_ros_msgs) StdoutLine: {'line': b'-- Up-to-date: /root/distr_slam_ws/install/cartographer_ros_msgs/share/cartographer_ros_msgs/msg/Metric.json\n'}
[0.239646] (cartographer_ros_msgs) StdoutLine: {'line': b'-- Up-to-date: /root/distr_slam_ws/install/cartographer_ros_msgs/share/cartographer_ros_msgs/msg/StatusCode.json\n'}
[0.239720] (cartographer_ros_msgs) StdoutLine: {'line': b'-- Up-to-date: /root/distr_slam_ws/install/cartographer_ros_msgs/share/cartographer_ros_msgs/msg/StatusResponse.json\n'}
[0.239791] (cartographer_ros_msgs) StdoutLine: {'line': b'-- Up-to-date: /root/distr_slam_ws/install/cartographer_ros_msgs/share/cartographer_ros_msgs/msg/SubmapEntry.json\n'}
[0.239853] (cartographer_ros_msgs) StdoutLine: {'line': b'-- Up-to-date: /root/distr_slam_ws/install/cartographer_ros_msgs/share/cartographer_ros_msgs/msg/SubmapList.json\n'}
[0.239914] (cartographer_ros_msgs) StdoutLine: {'line': b'-- Up-to-date: /root/distr_slam_ws/install/cartographer_ros_msgs/share/cartographer_ros_msgs/msg/SubmapTexture.json\n'}
[0.239979] (cartographer_ros_msgs) StdoutLine: {'line': b'-- Up-to-date: /root/distr_slam_ws/install/cartographer_ros_msgs/share/cartographer_ros_msgs/msg/TrajectoryStates.json\n'}
[0.240075] (cartographer_ros_msgs) StdoutLine: {'line': b'-- Up-to-date: /root/distr_slam_ws/install/cartographer_ros_msgs/share/cartographer_ros_msgs/srv/FinishTrajectory.json\n'}
[0.240148] (cartographer_ros_msgs) StdoutLine: {'line': b'-- Up-to-date: /root/distr_slam_ws/install/cartographer_ros_msgs/share/cartographer_ros_msgs/srv/GetTrajectoryStates.json\n'}
[0.240216] (cartographer_ros_msgs) StdoutLine: {'line': b'-- Up-to-date: /root/distr_slam_ws/install/cartographer_ros_msgs/share/cartographer_ros_msgs/srv/ReadMetrics.json\n'}
[0.240562] (cartographer_ros_msgs) StdoutLine: {'line': b'-- Up-to-date: /root/distr_slam_ws/install/cartographer_ros_msgs/share/cartographer_ros_msgs/srv/StartTrajectory.json\n'}
[0.240776] (cartographer_ros_msgs) StdoutLine: {'line': b'-- Up-to-date: /root/distr_slam_ws/install/cartographer_ros_msgs/share/cartographer_ros_msgs/srv/TrajectoryQuery.json\n'}
[0.240850] (cartographer_ros_msgs) StdoutLine: {'line': b'-- Up-to-date: /root/distr_slam_ws/install/cartographer_ros_msgs/share/cartographer_ros_msgs/srv/SubmapQuery.json\n'}
[0.240902] (cartographer_ros_msgs) StdoutLine: {'line': b'-- Up-to-date: /root/distr_slam_ws/install/cartographer_ros_msgs/share/cartographer_ros_msgs/srv/WriteState.json\n'}
[0.240949] (cartographer_ros_msgs) StdoutLine: {'line': b'-- Up-to-date: /root/distr_slam_ws/install/cartographer_ros_msgs/share/cartographer_ros_msgs/srv/GetSlamState.json\n'}
[0.241015] (cartographer_ros_msgs) StdoutLine: {'line': b'-- Up-to-date: /root/distr_slam_ws/install/cartographer_ros_msgs/share/cartographer_ros_msgs/srv/SetSlamState.json\n'}
[0.241057] (cartographer_ros_msgs) StdoutLine: {'line': b'-- Up-to-date: /root/distr_slam_ws/install/cartographer_ros_msgs/include/cartographer_ros_msgs/cartographer_ros_msgs\n'}
[0.241105] (cartographer_ros_msgs) StdoutLine: {'line': b'-- Up-to-date: /root/distr_slam_ws/install/cartographer_ros_msgs/include/cartographer_ros_msgs/cartographer_ros_msgs/srv\n'}
[0.241149] (cartographer_ros_msgs) StdoutLine: {'line': b'-- Up-to-date: /root/distr_slam_ws/install/cartographer_ros_msgs/include/cartographer_ros_msgs/cartographer_ros_msgs/srv/get_trajectory_states.h\n'}
[0.241203] (cartographer_ros_msgs) StdoutLine: {'line': b'-- Up-to-date: /root/distr_slam_ws/install/cartographer_ros_msgs/include/cartographer_ros_msgs/cartographer_ros_msgs/srv/set_slam_state.h\n'}
[0.241246] (cartographer_ros_msgs) StdoutLine: {'line': b'-- Up-to-date: /root/distr_slam_ws/install/cartographer_ros_msgs/include/cartographer_ros_msgs/cartographer_ros_msgs/srv/trajectory_query.h\n'}
[0.241290] (cartographer_ros_msgs) StdoutLine: {'line': b'-- Up-to-date: /root/distr_slam_ws/install/cartographer_ros_msgs/include/cartographer_ros_msgs/cartographer_ros_msgs/srv/get_slam_state.h\n'}
[0.241337] (cartographer_ros_msgs) StdoutLine: {'line': b'-- Up-to-date: /root/distr_slam_ws/install/cartographer_ros_msgs/include/cartographer_ros_msgs/cartographer_ros_msgs/srv/finish_trajectory.h\n'}
[0.241391] (cartographer_ros_msgs) StdoutLine: {'line': b'-- Up-to-date: /root/distr_slam_ws/install/cartographer_ros_msgs/include/cartographer_ros_msgs/cartographer_ros_msgs/srv/submap_query.h\n'}
[0.241438] (cartographer_ros_msgs) StdoutLine: {'line': b'-- Up-to-date: /root/distr_slam_ws/install/cartographer_ros_msgs/include/cartographer_ros_msgs/cartographer_ros_msgs/srv/read_metrics.h\n'}
[0.241483] (cartographer_ros_msgs) StdoutLine: {'line': b'-- Up-to-date: /root/distr_slam_ws/install/cartographer_ros_msgs/include/cartographer_ros_msgs/cartographer_ros_msgs/srv/start_trajectory.h\n'}
[0.241531] (cartographer_ros_msgs) StdoutLine: {'line': b'-- Up-to-date: /root/distr_slam_ws/install/cartographer_ros_msgs/include/cartographer_ros_msgs/cartographer_ros_msgs/srv/detail\n'}
[0.241576] (cartographer_ros_msgs) StdoutLine: {'line': b'-- Installing: /root/distr_slam_ws/install/cartographer_ros_msgs/include/cartographer_ros_msgs/cartographer_ros_msgs/srv/detail/get_trajectory_states__type_support.c\n'}
[0.241636] (cartographer_ros_msgs) StdoutLine: {'line': b'-- Up-to-date: /root/distr_slam_ws/install/cartographer_ros_msgs/include/cartographer_ros_msgs/cartographer_ros_msgs/srv/detail/start_trajectory__functions.h\n'}
[0.241724] (cartographer_ros_msgs) StdoutLine: {'line': b'-- Up-to-date: /root/distr_slam_ws/install/cartographer_ros_msgs/include/cartographer_ros_msgs/cartographer_ros_msgs/srv/detail/read_metrics__struct.h\n'}
[0.241914] (cartographer_ros_msgs) StdoutLine: {'line': b'-- Installing: /root/distr_slam_ws/install/cartographer_ros_msgs/include/cartographer_ros_msgs/cartographer_ros_msgs/srv/detail/trajectory_query__type_support.c\n'}
[0.241966] (cartographer_ros_msgs) StdoutLine: {'line': b'-- Installing: /root/distr_slam_ws/install/cartographer_ros_msgs/include/cartographer_ros_msgs/cartographer_ros_msgs/srv/detail/read_metrics__type_support.c\n'}
[0.242062] (cartographer_ros_msgs) StdoutLine: {'line': b'-- Up-to-date: /root/distr_slam_ws/install/cartographer_ros_msgs/include/cartographer_ros_msgs/cartographer_ros_msgs/srv/detail/finish_trajectory__struct.h\n'}
[0.242175] (cartographer_ros_msgs) StdoutLine: {'line': b'-- Up-to-date: /root/distr_slam_ws/install/cartographer_ros_msgs/include/cartographer_ros_msgs/cartographer_ros_msgs/srv/detail/write_state__functions.h\n'}
[0.242240] (cartographer_ros_msgs) StdoutLine: {'line': b'-- Up-to-date: /root/distr_slam_ws/install/cartographer_ros_msgs/include/cartographer_ros_msgs/cartographer_ros_msgs/srv/detail/read_metrics__functions.h\n'}
[0.242310] (cartographer_ros_msgs) StdoutLine: {'line': b'-- Up-to-date: /root/distr_slam_ws/install/cartographer_ros_msgs/include/cartographer_ros_msgs/cartographer_ros_msgs/srv/detail/read_metrics__functions.c\n'}
[0.242489] (cartographer_ros_msgs) StdoutLine: {'line': b'-- Up-to-date: /root/distr_slam_ws/install/cartographer_ros_msgs/include/cartographer_ros_msgs/cartographer_ros_msgs/srv/detail/start_trajectory__functions.c\n'}
[0.242586] (cartographer_ros_msgs) StdoutLine: {'line': b'-- Up-to-date: /root/distr_slam_ws/install/cartographer_ros_msgs/include/cartographer_ros_msgs/cartographer_ros_msgs/srv/detail/read_metrics__description.c\n'}
[0.242654] (cartographer_ros_msgs) StdoutLine: {'line': b'-- Up-to-date: /root/distr_slam_ws/install/cartographer_ros_msgs/include/cartographer_ros_msgs/cartographer_ros_msgs/srv/detail/get_slam_state__description.c\n'}
[0.242936] (cartographer_ros_msgs) StdoutLine: {'line': b'-- Up-to-date: /root/distr_slam_ws/install/cartographer_ros_msgs/include/cartographer_ros_msgs/cartographer_ros_msgs/srv/detail/read_metrics__type_support.h\n'}
[0.243026] (cartographer_ros_msgs) StdoutLine: {'line': b'-- Up-to-date: /root/distr_slam_ws/install/cartographer_ros_msgs/include/cartographer_ros_msgs/cartographer_ros_msgs/srv/detail/trajectory_query__struct.h\n'}
[0.243099] (cartographer_ros_msgs) StdoutLine: {'line': b'-- Up-to-date: /root/distr_slam_ws/install/cartographer_ros_msgs/include/cartographer_ros_msgs/cartographer_ros_msgs/srv/detail/trajectory_query__type_support.h\n'}
[0.243177] (cartographer_ros_msgs) StdoutLine: {'line': b'-- Up-to-date: /root/distr_slam_ws/install/cartographer_ros_msgs/include/cartographer_ros_msgs/cartographer_ros_msgs/srv/detail/set_slam_state__struct.h\n'}
[0.243261] (cartographer_ros_msgs) StdoutLine: {'line': b'-- Up-to-date: /root/distr_slam_ws/install/cartographer_ros_msgs/include/cartographer_ros_msgs/cartographer_ros_msgs/srv/detail/finish_trajectory__functions.h\n'}
[0.243328] (cartographer_ros_msgs) StdoutLine: {'line': b'-- Installing: /root/distr_slam_ws/install/cartographer_ros_msgs/include/cartographer_ros_msgs/cartographer_ros_msgs/srv/detail/submap_query__type_support.c\n'}
[0.243395] (cartographer_ros_msgs) StdoutLine: {'line': b'-- Up-to-date: /root/distr_slam_ws/install/cartographer_ros_msgs/include/cartographer_ros_msgs/cartographer_ros_msgs/srv/detail/get_slam_state__functions.c\n'}
[0.243466] (cartographer_ros_msgs) StdoutLine: {'line': b'-- Up-to-date: /root/distr_slam_ws/install/cartographer_ros_msgs/include/cartographer_ros_msgs/cartographer_ros_msgs/srv/detail/trajectory_query__functions.c\n'}
[0.243537] (cartographer_ros_msgs) StdoutLine: {'line': b'-- Up-to-date: /root/distr_slam_ws/install/cartographer_ros_msgs/include/cartographer_ros_msgs/cartographer_ros_msgs/srv/detail/write_state__description.c\n'}
[0.243612] (cartographer_ros_msgs) StdoutLine: {'line': b'-- Up-to-date: /root/distr_slam_ws/install/cartographer_ros_msgs/include/cartographer_ros_msgs/cartographer_ros_msgs/srv/detail/get_trajectory_states__description.c\n'}
[0.243674] (cartographer_ros_msgs) StdoutLine: {'line': b'-- Up-to-date: /root/distr_slam_ws/install/cartographer_ros_msgs/include/cartographer_ros_msgs/cartographer_ros_msgs/srv/detail/submap_query__functions.h\n'}
[0.243780] (cartographer_ros_msgs) StdoutLine: {'line': b'-- Up-to-date: /root/distr_slam_ws/install/cartographer_ros_msgs/include/cartographer_ros_msgs/cartographer_ros_msgs/srv/detail/write_state__functions.c\n'}
[0.243869] (cartographer_ros_msgs) StdoutLine: {'line': b'-- Up-to-date: /root/distr_slam_ws/install/cartographer_ros_msgs/include/cartographer_ros_msgs/cartographer_ros_msgs/srv/detail/finish_trajectory__functions.c\n'}
[0.243946] (cartographer_ros_msgs) StdoutLine: {'line': b'-- Up-to-date: /root/distr_slam_ws/install/cartographer_ros_msgs/include/cartographer_ros_msgs/cartographer_ros_msgs/srv/detail/get_trajectory_states__type_support.h\n'}
[0.244018] (cartographer_ros_msgs) StdoutLine: {'line': b'-- Up-to-date: /root/distr_slam_ws/install/cartographer_ros_msgs/include/cartographer_ros_msgs/cartographer_ros_msgs/srv/detail/submap_query__functions.c\n'}
[0.244096] (cartographer_ros_msgs) StdoutLine: {'line': b'-- Up-to-date: /root/distr_slam_ws/install/cartographer_ros_msgs/include/cartographer_ros_msgs/cartographer_ros_msgs/srv/detail/get_trajectory_states__struct.h\n'}
[0.244168] (cartographer_ros_msgs) StdoutLine: {'line': b'-- Up-to-date: /root/distr_slam_ws/install/cartographer_ros_msgs/include/cartographer_ros_msgs/cartographer_ros_msgs/srv/detail/get_slam_state__struct.h\n'}
[0.244253] (cartographer_ros_msgs) StdoutLine: {'line': b'-- Installing: /root/distr_slam_ws/install/cartographer_ros_msgs/include/cartographer_ros_msgs/cartographer_ros_msgs/srv/detail/write_state__type_support.c\n'}
[0.244316] (cartographer_ros_msgs) StdoutLine: {'line': b'-- Up-to-date: /root/distr_slam_ws/install/cartographer_ros_msgs/include/cartographer_ros_msgs/cartographer_ros_msgs/srv/detail/set_slam_state__functions.c\n'}
[0.244545] (cartographer_ros_msgs) StdoutLine: {'line': b'-- Up-to-date: /root/distr_slam_ws/install/cartographer_ros_msgs/include/cartographer_ros_msgs/cartographer_ros_msgs/srv/detail/write_state__struct.h\n'}
[0.244680] (cartographer_ros_msgs) StdoutLine: {'line': b'-- Up-to-date: /root/distr_slam_ws/install/cartographer_ros_msgs/include/cartographer_ros_msgs/cartographer_ros_msgs/srv/detail/set_slam_state__functions.h\n'}
[0.244812] (cartographer_ros_msgs) StdoutLine: {'line': b'-- Up-to-date: /root/distr_slam_ws/install/cartographer_ros_msgs/include/cartographer_ros_msgs/cartographer_ros_msgs/srv/detail/get_trajectory_states__functions.h\n'}
[0.244860] (cartographer_ros_msgs) StdoutLine: {'line': b'-- Installing: /root/distr_slam_ws/install/cartographer_ros_msgs/include/cartographer_ros_msgs/cartographer_ros_msgs/srv/detail/set_slam_state__type_support.c\n'}
[0.244889] (cartographer_ros_msgs) StdoutLine: {'line': b'-- Up-to-date: /root/distr_slam_ws/install/cartographer_ros_msgs/include/cartographer_ros_msgs/cartographer_ros_msgs/srv/detail/start_trajectory__type_support.h\n'}
[0.244924] (cartographer_ros_msgs) StdoutLine: {'line': b'-- Up-to-date: /root/distr_slam_ws/install/cartographer_ros_msgs/include/cartographer_ros_msgs/cartographer_ros_msgs/srv/detail/trajectory_query__functions.h\n'}
[0.244980] (cartographer_ros_msgs) StdoutLine: {'line': b'-- Up-to-date: /root/distr_slam_ws/install/cartographer_ros_msgs/include/cartographer_ros_msgs/cartographer_ros_msgs/srv/detail/write_state__type_support.h\n'}
[0.245037] (cartographer_ros_msgs) StdoutLine: {'line': b'-- Up-to-date: /root/distr_slam_ws/install/cartographer_ros_msgs/include/cartographer_ros_msgs/cartographer_ros_msgs/srv/detail/set_slam_state__type_support.h\n'}
[0.245121] (cartographer_ros_msgs) StdoutLine: {'line': b'-- Up-to-date: /root/distr_slam_ws/install/cartographer_ros_msgs/include/cartographer_ros_msgs/cartographer_ros_msgs/srv/detail/submap_query__type_support.h\n'}
[0.245167] (cartographer_ros_msgs) StdoutLine: {'line': b'-- Installing: /root/distr_slam_ws/install/cartographer_ros_msgs/include/cartographer_ros_msgs/cartographer_ros_msgs/srv/detail/start_trajectory__type_support.c\n'}
[0.245211] (cartographer_ros_msgs) StdoutLine: {'line': b'-- Up-to-date: /root/distr_slam_ws/install/cartographer_ros_msgs/include/cartographer_ros_msgs/cartographer_ros_msgs/srv/detail/trajectory_query__description.c\n'}
[0.245254] (cartographer_ros_msgs) StdoutLine: {'line': b'-- Up-to-date: /root/distr_slam_ws/install/cartographer_ros_msgs/include/cartographer_ros_msgs/cartographer_ros_msgs/srv/detail/submap_query__struct.h\n'}
[0.245302] (cartographer_ros_msgs) StdoutLine: {'line': b'-- Up-to-date: /root/distr_slam_ws/install/cartographer_ros_msgs/include/cartographer_ros_msgs/cartographer_ros_msgs/srv/detail/submap_query__description.c\n'}
[0.245356] (cartographer_ros_msgs) StdoutLine: {'line': b'-- Up-to-date: /root/distr_slam_ws/install/cartographer_ros_msgs/include/cartographer_ros_msgs/cartographer_ros_msgs/srv/detail/start_trajectory__description.c\n'}
[0.245405] (cartographer_ros_msgs) StdoutLine: {'line': b'-- Installing: /root/distr_slam_ws/install/cartographer_ros_msgs/include/cartographer_ros_msgs/cartographer_ros_msgs/srv/detail/finish_trajectory__type_support.c\n'}
[0.245448] (cartographer_ros_msgs) StdoutLine: {'line': b'-- Up-to-date: /root/distr_slam_ws/install/cartographer_ros_msgs/include/cartographer_ros_msgs/cartographer_ros_msgs/srv/detail/start_trajectory__struct.h\n'}
[0.245501] (cartographer_ros_msgs) StdoutLine: {'line': b'-- Up-to-date: /root/distr_slam_ws/install/cartographer_ros_msgs/include/cartographer_ros_msgs/cartographer_ros_msgs/srv/detail/get_trajectory_states__functions.c\n'}
[0.245553] (cartographer_ros_msgs) StdoutLine: {'line': b'-- Up-to-date: /root/distr_slam_ws/install/cartographer_ros_msgs/include/cartographer_ros_msgs/cartographer_ros_msgs/srv/detail/get_slam_state__type_support.h\n'}
[0.245600] (cartographer_ros_msgs) StdoutLine: {'line': b'-- Up-to-date: /root/distr_slam_ws/install/cartographer_ros_msgs/include/cartographer_ros_msgs/cartographer_ros_msgs/srv/detail/set_slam_state__description.c\n'}
[0.245649] (cartographer_ros_msgs) StdoutLine: {'line': b'-- Up-to-date: /root/distr_slam_ws/install/cartographer_ros_msgs/include/cartographer_ros_msgs/cartographer_ros_msgs/srv/detail/get_slam_state__functions.h\n'}
[0.246024] (cartographer_ros_msgs) StdoutLine: {'line': b'-- Up-to-date: /root/distr_slam_ws/install/cartographer_ros_msgs/include/cartographer_ros_msgs/cartographer_ros_msgs/srv/detail/finish_trajectory__type_support.h\n'}
[0.246086] (cartographer_ros_msgs) StdoutLine: {'line': b'-- Installing: /root/distr_slam_ws/install/cartographer_ros_msgs/include/cartographer_ros_msgs/cartographer_ros_msgs/srv/detail/get_slam_state__type_support.c\n'}
[0.246144] (cartographer_ros_msgs) StdoutLine: {'line': b'-- Up-to-date: /root/distr_slam_ws/install/cartographer_ros_msgs/include/cartographer_ros_msgs/cartographer_ros_msgs/srv/detail/finish_trajectory__description.c\n'}
[0.246192] (cartographer_ros_msgs) StdoutLine: {'line': b'-- Up-to-date: /root/distr_slam_ws/install/cartographer_ros_msgs/include/cartographer_ros_msgs/cartographer_ros_msgs/srv/write_state.h\n'}
[0.246247] (cartographer_ros_msgs) StdoutLine: {'line': b'-- Up-to-date: /root/distr_slam_ws/install/cartographer_ros_msgs/include/cartographer_ros_msgs/cartographer_ros_msgs/msg\n'}
[0.246293] (cartographer_ros_msgs) StdoutLine: {'line': b'-- Up-to-date: /root/distr_slam_ws/install/cartographer_ros_msgs/include/cartographer_ros_msgs/cartographer_ros_msgs/msg/rosidl_generator_c__visibility_control.h\n'}
[0.246343] (cartographer_ros_msgs) StdoutLine: {'line': b'-- Up-to-date: /root/distr_slam_ws/install/cartographer_ros_msgs/include/cartographer_ros_msgs/cartographer_ros_msgs/msg/metric.h\n'}
[0.246395] (cartographer_ros_msgs) StdoutLine: {'line': b'-- Up-to-date: /root/distr_slam_ws/install/cartographer_ros_msgs/include/cartographer_ros_msgs/cartographer_ros_msgs/msg/submap_list.h\n'}
[0.246443] (cartographer_ros_msgs) StdoutLine: {'line': b'-- Up-to-date: /root/distr_slam_ws/install/cartographer_ros_msgs/include/cartographer_ros_msgs/cartographer_ros_msgs/msg/bagfile_progress.h\n'}
[0.246489] (cartographer_ros_msgs) StdoutLine: {'line': b'-- Up-to-date: /root/distr_slam_ws/install/cartographer_ros_msgs/include/cartographer_ros_msgs/cartographer_ros_msgs/msg/submap_entry.h\n'}
[0.246534] (cartographer_ros_msgs) StdoutLine: {'line': b'-- Up-to-date: /root/distr_slam_ws/install/cartographer_ros_msgs/include/cartographer_ros_msgs/cartographer_ros_msgs/msg/landmark_entry.h\n'}
[0.246580] (cartographer_ros_msgs) StdoutLine: {'line': b'-- Up-to-date: /root/distr_slam_ws/install/cartographer_ros_msgs/include/cartographer_ros_msgs/cartographer_ros_msgs/msg/metric_label.h\n'}
[0.246626] (cartographer_ros_msgs) StdoutLine: {'line': b'-- Up-to-date: /root/distr_slam_ws/install/cartographer_ros_msgs/include/cartographer_ros_msgs/cartographer_ros_msgs/msg/submap_texture.h\n'}
[0.246668] (cartographer_ros_msgs) StdoutLine: {'line': b'-- Up-to-date: /root/distr_slam_ws/install/cartographer_ros_msgs/include/cartographer_ros_msgs/cartographer_ros_msgs/msg/trajectory_states.h\n'}
[0.246726] (cartographer_ros_msgs) StdoutLine: {'line': b'-- Up-to-date: /root/distr_slam_ws/install/cartographer_ros_msgs/include/cartographer_ros_msgs/cartographer_ros_msgs/msg/landmark_list.h\n'}
[0.246772] (cartographer_ros_msgs) StdoutLine: {'line': b'-- Up-to-date: /root/distr_slam_ws/install/cartographer_ros_msgs/include/cartographer_ros_msgs/cartographer_ros_msgs/msg/status_response.h\n'}
[0.246817] (cartographer_ros_msgs) StdoutLine: {'line': b'-- Up-to-date: /root/distr_slam_ws/install/cartographer_ros_msgs/include/cartographer_ros_msgs/cartographer_ros_msgs/msg/histogram_bucket.h\n'}
[0.246861] (cartographer_ros_msgs) StdoutLine: {'line': b'-- Up-to-date: /root/distr_slam_ws/install/cartographer_ros_msgs/include/cartographer_ros_msgs/cartographer_ros_msgs/msg/status_code.h\n'}
[0.246981] (cartographer_ros_msgs) StdoutLine: {'line': b'-- Up-to-date: /root/distr_slam_ws/install/cartographer_ros_msgs/include/cartographer_ros_msgs/cartographer_ros_msgs/msg/metric_family.h\n'}
[0.247068] (cartographer_ros_msgs) StdoutLine: {'line': b'-- Up-to-date: /root/distr_slam_ws/install/cartographer_ros_msgs/include/cartographer_ros_msgs/cartographer_ros_msgs/msg/detail\n'}
[0.247169] (cartographer_ros_msgs) StdoutLine: {'line': b'-- Up-to-date: /root/distr_slam_ws/install/cartographer_ros_msgs/include/cartographer_ros_msgs/cartographer_ros_msgs/msg/detail/bagfile_progress__struct.h\n'}
[0.247230] (cartographer_ros_msgs) StdoutLine: {'line': b'-- Installing: /root/distr_slam_ws/install/cartographer_ros_msgs/include/cartographer_ros_msgs/cartographer_ros_msgs/msg/detail/metric_family__type_support.c\n'}
[0.247278] (cartographer_ros_msgs) StdoutLine: {'line': b'-- Up-to-date: /root/distr_slam_ws/install/cartographer_ros_msgs/include/cartographer_ros_msgs/cartographer_ros_msgs/msg/detail/metric__functions.c\n'}
[0.247325] (cartographer_ros_msgs) StdoutLine: {'line': b'-- Up-to-date: /root/distr_slam_ws/install/cartographer_ros_msgs/include/cartographer_ros_msgs/cartographer_ros_msgs/msg/detail/status_response__type_support.h\n'}
[0.247380] (cartographer_ros_msgs) StdoutLine: {'line': b'-- Up-to-date: /root/distr_slam_ws/install/cartographer_ros_msgs/include/cartographer_ros_msgs/cartographer_ros_msgs/msg/detail/submap_texture__functions.c\n'}
[0.247429] (cartographer_ros_msgs) StdoutLine: {'line': b'-- Up-to-date: /root/distr_slam_ws/install/cartographer_ros_msgs/include/cartographer_ros_msgs/cartographer_ros_msgs/msg/detail/metric__struct.h\n'}
[0.247476] (cartographer_ros_msgs) StdoutLine: {'line': b'-- Installing: /root/distr_slam_ws/install/cartographer_ros_msgs/include/cartographer_ros_msgs/cartographer_ros_msgs/msg/detail/status_response__type_support.c\n'}
[0.247543] (cartographer_ros_msgs) StdoutLine: {'line': b'-- Up-to-date: /root/distr_slam_ws/install/cartographer_ros_msgs/include/cartographer_ros_msgs/cartographer_ros_msgs/msg/detail/submap_texture__struct.h\n'}
[0.247593] (cartographer_ros_msgs) StdoutLine: {'line': b'-- Up-to-date: /root/distr_slam_ws/install/cartographer_ros_msgs/include/cartographer_ros_msgs/cartographer_ros_msgs/msg/detail/status_response__struct.h\n'}
[0.247641] (cartographer_ros_msgs) StdoutLine: {'line': b'-- Installing: /root/distr_slam_ws/install/cartographer_ros_msgs/include/cartographer_ros_msgs/cartographer_ros_msgs/msg/detail/submap_texture__type_support.c\n'}
[0.247712] (cartographer_ros_msgs) StdoutLine: {'line': b'-- Up-to-date: /root/distr_slam_ws/install/cartographer_ros_msgs/include/cartographer_ros_msgs/cartographer_ros_msgs/msg/detail/landmark_entry__type_support.h\n'}
[0.247757] (cartographer_ros_msgs) StdoutLine: {'line': b'-- Up-to-date: /root/distr_slam_ws/install/cartographer_ros_msgs/include/cartographer_ros_msgs/cartographer_ros_msgs/msg/detail/histogram_bucket__type_support.h\n'}
[0.247809] (cartographer_ros_msgs) StdoutLine: {'line': b'-- Installing: /root/distr_slam_ws/install/cartographer_ros_msgs/include/cartographer_ros_msgs/cartographer_ros_msgs/msg/detail/landmark_list__type_support.c\n'}
[0.247914] (cartographer_ros_msgs) StdoutLine: {'line': b'-- Up-to-date: /root/distr_slam_ws/install/cartographer_ros_msgs/include/cartographer_ros_msgs/cartographer_ros_msgs/msg/detail/metric_label__description.c\n'}
[0.247988] (cartographer_ros_msgs) StdoutLine: {'line': b'-- Up-to-date: /root/distr_slam_ws/install/cartographer_ros_msgs/include/cartographer_ros_msgs/cartographer_ros_msgs/msg/detail/status_code__type_support.h\n'}
[0.248055] (cartographer_ros_msgs) StdoutLine: {'line': b'-- Up-to-date: /root/distr_slam_ws/install/cartographer_ros_msgs/include/cartographer_ros_msgs/cartographer_ros_msgs/msg/detail/landmark_list__functions.h\n'}
[0.248139] (cartographer_ros_msgs) StdoutLine: {'line': b'-- Up-to-date: /root/distr_slam_ws/install/cartographer_ros_msgs/include/cartographer_ros_msgs/cartographer_ros_msgs/msg/detail/landmark_entry__description.c\n'}
[0.248211] (cartographer_ros_msgs) StdoutLine: {'line': b'-- Up-to-date: /root/distr_slam_ws/install/cartographer_ros_msgs/include/cartographer_ros_msgs/cartographer_ros_msgs/msg/detail/status_response__functions.c\n'}
[0.248298] (cartographer_ros_msgs) StdoutLine: {'line': b'-- Up-to-date: /root/distr_slam_ws/install/cartographer_ros_msgs/include/cartographer_ros_msgs/cartographer_ros_msgs/msg/detail/metric_family__description.c\n'}
[0.248345] (cartographer_ros_msgs) StdoutLine: {'line': b'-- Up-to-date: /root/distr_slam_ws/install/cartographer_ros_msgs/include/cartographer_ros_msgs/cartographer_ros_msgs/msg/detail/metric__type_support.h\n'}
[0.248392] (cartographer_ros_msgs) StdoutLine: {'line': b'-- Up-to-date: /root/distr_slam_ws/install/cartographer_ros_msgs/include/cartographer_ros_msgs/cartographer_ros_msgs/msg/detail/metric_label__functions.h\n'}
[0.248437] (cartographer_ros_msgs) StdoutLine: {'line': b'-- Up-to-date: /root/distr_slam_ws/install/cartographer_ros_msgs/include/cartographer_ros_msgs/cartographer_ros_msgs/msg/detail/histogram_bucket__description.c\n'}
[0.248505] (cartographer_ros_msgs) StdoutLine: {'line': b'-- Installing: /root/distr_slam_ws/install/cartographer_ros_msgs/include/cartographer_ros_msgs/cartographer_ros_msgs/msg/detail/metric__type_support.c\n'}
[0.248550] (cartographer_ros_msgs) StdoutLine: {'line': b'-- Installing: /root/distr_slam_ws/install/cartographer_ros_msgs/include/cartographer_ros_msgs/cartographer_ros_msgs/msg/detail/bagfile_progress__type_support.c\n'}
[0.248608] (cartographer_ros_msgs) StdoutLine: {'line': b'-- Up-to-date: /root/distr_slam_ws/install/cartographer_ros_msgs/include/cartographer_ros_msgs/cartographer_ros_msgs/msg/detail/trajectory_states__type_support.h\n'}
[0.248705] (cartographer_ros_msgs) StdoutLine: {'line': b'-- Up-to-date: /root/distr_slam_ws/install/cartographer_ros_msgs/include/cartographer_ros_msgs/cartographer_ros_msgs/msg/detail/status_code__description.c\n'}
[0.248784] (cartographer_ros_msgs) StdoutLine: {'line': b'-- Up-to-date: /root/distr_slam_ws/install/cartographer_ros_msgs/include/cartographer_ros_msgs/cartographer_ros_msgs/msg/detail/submap_list__functions.h\n'}
[0.248833] (cartographer_ros_msgs) StdoutLine: {'line': b'-- Up-to-date: /root/distr_slam_ws/install/cartographer_ros_msgs/include/cartographer_ros_msgs/cartographer_ros_msgs/msg/detail/metric_label__functions.c\n'}
[0.248927] (cartographer_ros_msgs) StdoutLine: {'line': b'-- Up-to-date: /root/distr_slam_ws/install/cartographer_ros_msgs/include/cartographer_ros_msgs/cartographer_ros_msgs/msg/detail/bagfile_progress__functions.c\n'}
[0.249026] (cartographer_ros_msgs) StdoutLine: {'line': b'-- Up-to-date: /root/distr_slam_ws/install/cartographer_ros_msgs/include/cartographer_ros_msgs/cartographer_ros_msgs/msg/detail/landmark_entry__functions.c\n'}
[0.249113] (cartographer_ros_msgs) StdoutLine: {'line': b'-- Up-to-date: /root/distr_slam_ws/install/cartographer_ros_msgs/include/cartographer_ros_msgs/cartographer_ros_msgs/msg/detail/status_response__functions.h\n'}
[0.249182] (cartographer_ros_msgs) StdoutLine: {'line': b'-- Up-to-date: /root/distr_slam_ws/install/cartographer_ros_msgs/include/cartographer_ros_msgs/cartographer_ros_msgs/msg/detail/landmark_list__struct.h\n'}
[0.249226] (cartographer_ros_msgs) StdoutLine: {'line': b'-- Up-to-date: /root/distr_slam_ws/install/cartographer_ros_msgs/include/cartographer_ros_msgs/cartographer_ros_msgs/msg/detail/landmark_entry__functions.h\n'}
[0.249273] (cartographer_ros_msgs) StdoutLine: {'line': b'-- Up-to-date: /root/distr_slam_ws/install/cartographer_ros_msgs/include/cartographer_ros_msgs/cartographer_ros_msgs/msg/detail/status_code__functions.h\n'}
[0.249337] (cartographer_ros_msgs) StdoutLine: {'line': b'-- Up-to-date: /root/distr_slam_ws/install/cartographer_ros_msgs/include/cartographer_ros_msgs/cartographer_ros_msgs/msg/detail/metric_family__functions.c\n'}
[0.249388] (cartographer_ros_msgs) StdoutLine: {'line': b'-- Up-to-date: /root/distr_slam_ws/install/cartographer_ros_msgs/include/cartographer_ros_msgs/cartographer_ros_msgs/msg/detail/status_code__functions.c\n'}
[0.249438] (cartographer_ros_msgs) StdoutLine: {'line': b'-- Up-to-date: /root/distr_slam_ws/install/cartographer_ros_msgs/include/cartographer_ros_msgs/cartographer_ros_msgs/msg/detail/submap_entry__functions.c\n'}
[0.249486] (cartographer_ros_msgs) StdoutLine: {'line': b'-- Up-to-date: /root/distr_slam_ws/install/cartographer_ros_msgs/include/cartographer_ros_msgs/cartographer_ros_msgs/msg/detail/status_code__struct.h\n'}
[0.249566] (cartographer_ros_msgs) StdoutLine: {'line': b'-- Up-to-date: /root/distr_slam_ws/install/cartographer_ros_msgs/include/cartographer_ros_msgs/cartographer_ros_msgs/msg/detail/trajectory_states__functions.h\n'}
[0.249611] (cartographer_ros_msgs) StdoutLine: {'line': b'-- Up-to-date: /root/distr_slam_ws/install/cartographer_ros_msgs/include/cartographer_ros_msgs/cartographer_ros_msgs/msg/detail/landmark_list__description.c\n'}
[0.249653] (cartographer_ros_msgs) StdoutLine: {'line': b'-- Up-to-date: /root/distr_slam_ws/install/cartographer_ros_msgs/include/cartographer_ros_msgs/cartographer_ros_msgs/msg/detail/bagfile_progress__functions.h\n'}
[0.249703] (cartographer_ros_msgs) StdoutLine: {'line': b'-- Installing: /root/distr_slam_ws/install/cartographer_ros_msgs/include/cartographer_ros_msgs/cartographer_ros_msgs/msg/detail/histogram_bucket__type_support.c\n'}
[0.249746] (cartographer_ros_msgs) StdoutLine: {'line': b'-- Installing: /root/distr_slam_ws/install/cartographer_ros_msgs/include/cartographer_ros_msgs/cartographer_ros_msgs/msg/detail/metric_label__type_support.c\n'}
[0.249791] (cartographer_ros_msgs) StdoutLine: {'line': b'-- Installing: /root/distr_slam_ws/install/cartographer_ros_msgs/include/cartographer_ros_msgs/cartographer_ros_msgs/msg/detail/submap_list__type_support.c\n'}
[0.249850] (cartographer_ros_msgs) StdoutLine: {'line': b'-- Installing: /root/distr_slam_ws/install/cartographer_ros_msgs/include/cartographer_ros_msgs/cartographer_ros_msgs/msg/detail/status_code__type_support.c\n'}
[0.249895] (cartographer_ros_msgs) StdoutLine: {'line': b'-- Up-to-date: /root/distr_slam_ws/install/cartographer_ros_msgs/include/cartographer_ros_msgs/cartographer_ros_msgs/msg/detail/submap_texture__type_support.h\n'}
[0.249939] (cartographer_ros_msgs) StdoutLine: {'line': b'-- Up-to-date: /root/distr_slam_ws/install/cartographer_ros_msgs/include/cartographer_ros_msgs/cartographer_ros_msgs/msg/detail/submap_list__struct.h\n'}
[0.249986] (cartographer_ros_msgs) StdoutLine: {'line': b'-- Up-to-date: /root/distr_slam_ws/install/cartographer_ros_msgs/include/cartographer_ros_msgs/cartographer_ros_msgs/msg/detail/metric_family__functions.h\n'}
[0.250030] (cartographer_ros_msgs) StdoutLine: {'line': b'-- Up-to-date: /root/distr_slam_ws/install/cartographer_ros_msgs/include/cartographer_ros_msgs/cartographer_ros_msgs/msg/detail/submap_list__description.c\n'}
[0.250075] (cartographer_ros_msgs) StdoutLine: {'line': b'-- Up-to-date: /root/distr_slam_ws/install/cartographer_ros_msgs/include/cartographer_ros_msgs/cartographer_ros_msgs/msg/detail/metric__description.c\n'}
[0.250118] (cartographer_ros_msgs) StdoutLine: {'line': b'-- Up-to-date: /root/distr_slam_ws/install/cartographer_ros_msgs/include/cartographer_ros_msgs/cartographer_ros_msgs/msg/detail/submap_list__type_support.h\n'}
[0.250163] (cartographer_ros_msgs) StdoutLine: {'line': b'-- Up-to-date: /root/distr_slam_ws/install/cartographer_ros_msgs/include/cartographer_ros_msgs/cartographer_ros_msgs/msg/detail/submap_texture__description.c\n'}
[0.250258] (cartographer_ros_msgs) StdoutLine: {'line': b'-- Up-to-date: /root/distr_slam_ws/install/cartographer_ros_msgs/include/cartographer_ros_msgs/cartographer_ros_msgs/msg/detail/submap_list__functions.c\n'}
[0.250307] (cartographer_ros_msgs) StdoutLine: {'line': b'-- Up-to-date: /root/distr_slam_ws/install/cartographer_ros_msgs/include/cartographer_ros_msgs/cartographer_ros_msgs/msg/detail/bagfile_progress__description.c\n'}
[0.250351] (cartographer_ros_msgs) StdoutLine: {'line': b'-- Up-to-date: /root/distr_slam_ws/install/cartographer_ros_msgs/include/cartographer_ros_msgs/cartographer_ros_msgs/msg/detail/submap_entry__functions.h\n'}
[0.250395] (cartographer_ros_msgs) StdoutLine: {'line': b'-- Up-to-date: /root/distr_slam_ws/install/cartographer_ros_msgs/include/cartographer_ros_msgs/cartographer_ros_msgs/msg/detail/landmark_list__functions.c\n'}
[0.250437] (cartographer_ros_msgs) StdoutLine: {'line': b'-- Up-to-date: /root/distr_slam_ws/install/cartographer_ros_msgs/include/cartographer_ros_msgs/cartographer_ros_msgs/msg/detail/metric__functions.h\n'}
[0.250480] (cartographer_ros_msgs) StdoutLine: {'line': b'-- Up-to-date: /root/distr_slam_ws/install/cartographer_ros_msgs/include/cartographer_ros_msgs/cartographer_ros_msgs/msg/detail/bagfile_progress__type_support.h\n'}
[0.250524] (cartographer_ros_msgs) StdoutLine: {'line': b'-- Up-to-date: /root/distr_slam_ws/install/cartographer_ros_msgs/include/cartographer_ros_msgs/cartographer_ros_msgs/msg/detail/trajectory_states__functions.c\n'}
[0.250569] (cartographer_ros_msgs) StdoutLine: {'line': b'-- Up-to-date: /root/distr_slam_ws/install/cartographer_ros_msgs/include/cartographer_ros_msgs/cartographer_ros_msgs/msg/detail/trajectory_states__description.c\n'}
[0.250613] (cartographer_ros_msgs) StdoutLine: {'line': b'-- Installing: /root/distr_slam_ws/install/cartographer_ros_msgs/include/cartographer_ros_msgs/cartographer_ros_msgs/msg/detail/submap_entry__type_support.c\n'}
[0.250657] (cartographer_ros_msgs) StdoutLine: {'line': b'-- Installing: /root/distr_slam_ws/install/cartographer_ros_msgs/include/cartographer_ros_msgs/cartographer_ros_msgs/msg/detail/landmark_entry__type_support.c\n'}
[0.250710] (cartographer_ros_msgs) StdoutLine: {'line': b'-- Up-to-date: /root/distr_slam_ws/install/cartographer_ros_msgs/include/cartographer_ros_msgs/cartographer_ros_msgs/msg/detail/submap_texture__functions.h\n'}
[0.250761] (cartographer_ros_msgs) StdoutLine: {'line': b'-- Up-to-date: /root/distr_slam_ws/install/cartographer_ros_msgs/include/cartographer_ros_msgs/cartographer_ros_msgs/msg/detail/status_response__description.c\n'}
[0.250803] (cartographer_ros_msgs) StdoutLine: {'line': b'-- Up-to-date: /root/distr_slam_ws/install/cartographer_ros_msgs/include/cartographer_ros_msgs/cartographer_ros_msgs/msg/detail/trajectory_states__struct.h\n'}
[0.250846] (cartographer_ros_msgs) StdoutLine: {'line': b'-- Up-to-date: /root/distr_slam_ws/install/cartographer_ros_msgs/include/cartographer_ros_msgs/cartographer_ros_msgs/msg/detail/metric_family__struct.h\n'}
[0.250887] (cartographer_ros_msgs) StdoutLine: {'line': b'-- Installing: /root/distr_slam_ws/install/cartographer_ros_msgs/include/cartographer_ros_msgs/cartographer_ros_msgs/msg/detail/trajectory_states__type_support.c\n'}
[0.250931] (cartographer_ros_msgs) StdoutLine: {'line': b'-- Up-to-date: /root/distr_slam_ws/install/cartographer_ros_msgs/include/cartographer_ros_msgs/cartographer_ros_msgs/msg/detail/submap_entry__type_support.h\n'}
[0.250972] (cartographer_ros_msgs) StdoutLine: {'line': b'-- Up-to-date: /root/distr_slam_ws/install/cartographer_ros_msgs/include/cartographer_ros_msgs/cartographer_ros_msgs/msg/detail/metric_label__type_support.h\n'}
[0.251014] (cartographer_ros_msgs) StdoutLine: {'line': b'-- Up-to-date: /root/distr_slam_ws/install/cartographer_ros_msgs/include/cartographer_ros_msgs/cartographer_ros_msgs/msg/detail/submap_entry__struct.h\n'}
[0.251055] (cartographer_ros_msgs) StdoutLine: {'line': b'-- Up-to-date: /root/distr_slam_ws/install/cartographer_ros_msgs/include/cartographer_ros_msgs/cartographer_ros_msgs/msg/detail/histogram_bucket__functions.h\n'}
[0.251098] (cartographer_ros_msgs) StdoutLine: {'line': b'-- Up-to-date: /root/distr_slam_ws/install/cartographer_ros_msgs/include/cartographer_ros_msgs/cartographer_ros_msgs/msg/detail/metric_label__struct.h\n'}
[0.251141] (cartographer_ros_msgs) StdoutLine: {'line': b'-- Up-to-date: /root/distr_slam_ws/install/cartographer_ros_msgs/include/cartographer_ros_msgs/cartographer_ros_msgs/msg/detail/submap_entry__description.c\n'}
[0.251184] (cartographer_ros_msgs) StdoutLine: {'line': b'-- Up-to-date: /root/distr_slam_ws/install/cartographer_ros_msgs/include/cartographer_ros_msgs/cartographer_ros_msgs/msg/detail/landmark_list__type_support.h\n'}
[0.251225] (cartographer_ros_msgs) StdoutLine: {'line': b'-- Up-to-date: /root/distr_slam_ws/install/cartographer_ros_msgs/include/cartographer_ros_msgs/cartographer_ros_msgs/msg/detail/landmark_entry__struct.h\n'}
[0.251266] (cartographer_ros_msgs) StdoutLine: {'line': b'-- Up-to-date: /root/distr_slam_ws/install/cartographer_ros_msgs/include/cartographer_ros_msgs/cartographer_ros_msgs/msg/detail/metric_family__type_support.h\n'}
[0.251308] (cartographer_ros_msgs) StdoutLine: {'line': b'-- Up-to-date: /root/distr_slam_ws/install/cartographer_ros_msgs/include/cartographer_ros_msgs/cartographer_ros_msgs/msg/detail/histogram_bucket__struct.h\n'}
[0.251349] (cartographer_ros_msgs) StdoutLine: {'line': b'-- Up-to-date: /root/distr_slam_ws/install/cartographer_ros_msgs/include/cartographer_ros_msgs/cartographer_ros_msgs/msg/detail/histogram_bucket__functions.c\n'}
[0.251396] (cartographer_ros_msgs) StdoutLine: {'line': b'-- Up-to-date: /root/distr_slam_ws/install/cartographer_ros_msgs/share/cartographer_ros_msgs/environment/library_path.sh\n'}
[0.251438] (cartographer_ros_msgs) StdoutLine: {'line': b'-- Up-to-date: /root/distr_slam_ws/install/cartographer_ros_msgs/share/cartographer_ros_msgs/environment/library_path.dsv\n'}
[0.251479] (cartographer_ros_msgs) StdoutLine: {'line': b'-- Up-to-date: /root/distr_slam_ws/install/cartographer_ros_msgs/lib/libcartographer_ros_msgs__rosidl_generator_c.so\n'}
[0.251521] (cartographer_ros_msgs) StdoutLine: {'line': b'-- Up-to-date: /root/distr_slam_ws/install/cartographer_ros_msgs/include/cartographer_ros_msgs/cartographer_ros_msgs\n'}
[0.251562] (cartographer_ros_msgs) StdoutLine: {'line': b'-- Up-to-date: /root/distr_slam_ws/install/cartographer_ros_msgs/include/cartographer_ros_msgs/cartographer_ros_msgs/srv\n'}
[0.251611] (cartographer_ros_msgs) StdoutLine: {'line': b'-- Up-to-date: /root/distr_slam_ws/install/cartographer_ros_msgs/include/cartographer_ros_msgs/cartographer_ros_msgs/srv/detail\n'}
[0.251653] (cartographer_ros_msgs) StdoutLine: {'line': b'-- Up-to-date: /root/distr_slam_ws/install/cartographer_ros_msgs/include/cartographer_ros_msgs/cartographer_ros_msgs/srv/detail/trajectory_query__rosidl_typesupport_fastrtps_c.h\n'}
[0.251709] (cartographer_ros_msgs) StdoutLine: {'line': b'-- Up-to-date: /root/distr_slam_ws/install/cartographer_ros_msgs/include/cartographer_ros_msgs/cartographer_ros_msgs/srv/detail/finish_trajectory__rosidl_typesupport_fastrtps_c.h\n'}
[0.251787] (cartographer_ros_msgs) StdoutLine: {'line': b'-- Up-to-date: /root/distr_slam_ws/install/cartographer_ros_msgs/include/cartographer_ros_msgs/cartographer_ros_msgs/srv/detail/start_trajectory__rosidl_typesupport_fastrtps_c.h\n'}
[0.251832] (cartographer_ros_msgs) StdoutLine: {'line': b'-- Up-to-date: /root/distr_slam_ws/install/cartographer_ros_msgs/include/cartographer_ros_msgs/cartographer_ros_msgs/srv/detail/submap_query__rosidl_typesupport_fastrtps_c.h\n'}
[0.251878] (cartographer_ros_msgs) StdoutLine: {'line': b'-- Up-to-date: /root/distr_slam_ws/install/cartographer_ros_msgs/include/cartographer_ros_msgs/cartographer_ros_msgs/srv/detail/get_slam_state__rosidl_typesupport_fastrtps_c.h\n'}
[0.251919] (cartographer_ros_msgs) StdoutLine: {'line': b'-- Up-to-date: /root/distr_slam_ws/install/cartographer_ros_msgs/include/cartographer_ros_msgs/cartographer_ros_msgs/srv/detail/set_slam_state__rosidl_typesupport_fastrtps_c.h\n'}
[0.251959] (cartographer_ros_msgs) StdoutLine: {'line': b'-- Up-to-date: /root/distr_slam_ws/install/cartographer_ros_msgs/include/cartographer_ros_msgs/cartographer_ros_msgs/srv/detail/read_metrics__rosidl_typesupport_fastrtps_c.h\n'}
[0.252000] (cartographer_ros_msgs) StdoutLine: {'line': b'-- Up-to-date: /root/distr_slam_ws/install/cartographer_ros_msgs/include/cartographer_ros_msgs/cartographer_ros_msgs/srv/detail/get_trajectory_states__rosidl_typesupport_fastrtps_c.h\n'}
[0.252032] (cartographer_ros_msgs) StdoutLine: {'line': b'-- Up-to-date: /root/distr_slam_ws/install/cartographer_ros_msgs/include/cartographer_ros_msgs/cartographer_ros_msgs/srv/detail/write_state__rosidl_typesupport_fastrtps_c.h\n'}
[0.252079] (cartographer_ros_msgs) StdoutLine: {'line': b'-- Up-to-date: /root/distr_slam_ws/install/cartographer_ros_msgs/include/cartographer_ros_msgs/cartographer_ros_msgs/msg\n'}
[0.252125] (cartographer_ros_msgs) StdoutLine: {'line': b'-- Up-to-date: /root/distr_slam_ws/install/cartographer_ros_msgs/include/cartographer_ros_msgs/cartographer_ros_msgs/msg/rosidl_typesupport_fastrtps_c__visibility_control.h\n'}
[0.252169] (cartographer_ros_msgs) StdoutLine: {'line': b'-- Up-to-date: /root/distr_slam_ws/install/cartographer_ros_msgs/include/cartographer_ros_msgs/cartographer_ros_msgs/msg/detail\n'}
[0.252220] (cartographer_ros_msgs) StdoutLine: {'line': b'-- Up-to-date: /root/distr_slam_ws/install/cartographer_ros_msgs/include/cartographer_ros_msgs/cartographer_ros_msgs/msg/detail/landmark_entry__rosidl_typesupport_fastrtps_c.h\n'}
[0.252271] (cartographer_ros_msgs) StdoutLine: {'line': b'-- Up-to-date: /root/distr_slam_ws/install/cartographer_ros_msgs/include/cartographer_ros_msgs/cartographer_ros_msgs/msg/detail/submap_list__rosidl_typesupport_fastrtps_c.h\n'}
[0.252850] (cartographer_ros_msgs) StdoutLine: {'line': b'-- Up-to-date: /root/distr_slam_ws/install/cartographer_ros_msgs/include/cartographer_ros_msgs/cartographer_ros_msgs/msg/detail/status_code__rosidl_typesupport_fastrtps_c.h\n'}
[0.253043] (cartographer_ros_msgs) StdoutLine: {'line': b'-- Up-to-date: /root/distr_slam_ws/install/cartographer_ros_msgs/include/cartographer_ros_msgs/cartographer_ros_msgs/msg/detail/submap_texture__rosidl_typesupport_fastrtps_c.h\n'}
[0.253111] (cartographer_ros_msgs) StdoutLine: {'line': b'-- Up-to-date: /root/distr_slam_ws/install/cartographer_ros_msgs/include/cartographer_ros_msgs/cartographer_ros_msgs/msg/detail/bagfile_progress__rosidl_typesupport_fastrtps_c.h\n'}
[0.253171] (cartographer_ros_msgs) StdoutLine: {'line': b'-- Up-to-date: /root/distr_slam_ws/install/cartographer_ros_msgs/include/cartographer_ros_msgs/cartographer_ros_msgs/msg/detail/submap_entry__rosidl_typesupport_fastrtps_c.h\n'}
[0.253218] (cartographer_ros_msgs) StdoutLine: {'line': b'-- Up-to-date: /root/distr_slam_ws/install/cartographer_ros_msgs/include/cartographer_ros_msgs/cartographer_ros_msgs/msg/detail/trajectory_states__rosidl_typesupport_fastrtps_c.h\n'}
[0.253262] (cartographer_ros_msgs) StdoutLine: {'line': b'-- Up-to-date: /root/distr_slam_ws/install/cartographer_ros_msgs/include/cartographer_ros_msgs/cartographer_ros_msgs/msg/detail/metric__rosidl_typesupport_fastrtps_c.h\n'}
[0.253314] (cartographer_ros_msgs) StdoutLine: {'line': b'-- Up-to-date: /root/distr_slam_ws/install/cartographer_ros_msgs/include/cartographer_ros_msgs/cartographer_ros_msgs/msg/detail/metric_family__rosidl_typesupport_fastrtps_c.h\n'}
[0.253362] (cartographer_ros_msgs) StdoutLine: {'line': b'-- Up-to-date: /root/distr_slam_ws/install/cartographer_ros_msgs/include/cartographer_ros_msgs/cartographer_ros_msgs/msg/detail/metric_label__rosidl_typesupport_fastrtps_c.h\n'}
[0.253411] (cartographer_ros_msgs) StdoutLine: {'line': b'-- Up-to-date: /root/distr_slam_ws/install/cartographer_ros_msgs/include/cartographer_ros_msgs/cartographer_ros_msgs/msg/detail/status_response__rosidl_typesupport_fastrtps_c.h\n'}
[0.253458] (cartographer_ros_msgs) StdoutLine: {'line': b'-- Up-to-date: /root/distr_slam_ws/install/cartographer_ros_msgs/include/cartographer_ros_msgs/cartographer_ros_msgs/msg/detail/histogram_bucket__rosidl_typesupport_fastrtps_c.h\n'}
[0.253501] (cartographer_ros_msgs) StdoutLine: {'line': b'-- Up-to-date: /root/distr_slam_ws/install/cartographer_ros_msgs/include/cartographer_ros_msgs/cartographer_ros_msgs/msg/detail/landmark_list__rosidl_typesupport_fastrtps_c.h\n'}
[0.253544] (cartographer_ros_msgs) StdoutLine: {'line': b'-- Up-to-date: /root/distr_slam_ws/install/cartographer_ros_msgs/lib/libcartographer_ros_msgs__rosidl_typesupport_fastrtps_c.so\n'}
[0.253793] (cartographer_ros_msgs) StdoutLine: {'line': b'-- Up-to-date: /root/distr_slam_ws/install/cartographer_ros_msgs/include/cartographer_ros_msgs/cartographer_ros_msgs\n'}
[0.253961] (cartographer_ros_msgs) StdoutLine: {'line': b'-- Up-to-date: /root/distr_slam_ws/install/cartographer_ros_msgs/include/cartographer_ros_msgs/cartographer_ros_msgs/srv\n'}
[0.254036] (cartographer_ros_msgs) StdoutLine: {'line': b'-- Up-to-date: /root/distr_slam_ws/install/cartographer_ros_msgs/include/cartographer_ros_msgs/cartographer_ros_msgs/srv/detail\n'}
[0.254092] (cartographer_ros_msgs) StdoutLine: {'line': b'-- Installing: /root/distr_slam_ws/install/cartographer_ros_msgs/include/cartographer_ros_msgs/cartographer_ros_msgs/srv/detail/get_trajectory_states__type_support.c\n'}
[0.254177] (cartographer_ros_msgs) StdoutLine: {'line': b'-- Up-to-date: /root/distr_slam_ws/install/cartographer_ros_msgs/include/cartographer_ros_msgs/cartographer_ros_msgs/srv/detail/finish_trajectory__rosidl_typesupport_introspection_c.h\n'}
[0.254232] (cartographer_ros_msgs) StdoutLine: {'line': b'-- Installing: /root/distr_slam_ws/install/cartographer_ros_msgs/include/cartographer_ros_msgs/cartographer_ros_msgs/srv/detail/trajectory_query__type_support.c\n'}
[0.254282] (cartographer_ros_msgs) StdoutLine: {'line': b'-- Installing: /root/distr_slam_ws/install/cartographer_ros_msgs/include/cartographer_ros_msgs/cartographer_ros_msgs/srv/detail/read_metrics__type_support.c\n'}
[0.254330] (cartographer_ros_msgs) StdoutLine: {'line': b'-- Up-to-date: /root/distr_slam_ws/install/cartographer_ros_msgs/include/cartographer_ros_msgs/cartographer_ros_msgs/srv/detail/trajectory_query__rosidl_typesupport_introspection_c.h\n'}
[0.254415] (cartographer_ros_msgs) StdoutLine: {'line': b'-- Up-to-date: /root/distr_slam_ws/install/cartographer_ros_msgs/include/cartographer_ros_msgs/cartographer_ros_msgs/srv/detail/set_slam_state__rosidl_typesupport_introspection_c.h\n'}
[0.254473] (cartographer_ros_msgs) StdoutLine: {'line': b'-- Installing: /root/distr_slam_ws/install/cartographer_ros_msgs/include/cartographer_ros_msgs/cartographer_ros_msgs/srv/detail/submap_query__type_support.c\n'}
[0.254524] (cartographer_ros_msgs) StdoutLine: {'line': b'-- Up-to-date: /root/distr_slam_ws/install/cartographer_ros_msgs/include/cartographer_ros_msgs/cartographer_ros_msgs/srv/detail/get_trajectory_states__rosidl_typesupport_introspection_c.h\n'}
[0.255805] (cartographer_ros_msgs) StdoutLine: {'line': b'-- Up-to-date: /root/distr_slam_ws/install/cartographer_ros_msgs/include/cartographer_ros_msgs/cartographer_ros_msgs/srv/detail/write_state__rosidl_typesupport_introspection_c.h\n'}
[0.256033] (cartographer_ros_msgs) StdoutLine: {'line': b'-- Up-to-date: /root/distr_slam_ws/install/cartographer_ros_msgs/include/cartographer_ros_msgs/cartographer_ros_msgs/srv/detail/read_metrics__rosidl_typesupport_introspection_c.h\n'}
[0.256095] (cartographer_ros_msgs) StdoutLine: {'line': b'-- Installing: /root/distr_slam_ws/install/cartographer_ros_msgs/include/cartographer_ros_msgs/cartographer_ros_msgs/srv/detail/write_state__type_support.c\n'}
[0.256150] (cartographer_ros_msgs) StdoutLine: {'line': b'-- Up-to-date: /root/distr_slam_ws/install/cartographer_ros_msgs/include/cartographer_ros_msgs/cartographer_ros_msgs/srv/detail/submap_query__rosidl_typesupport_introspection_c.h\n'}
[0.256197] (cartographer_ros_msgs) StdoutLine: {'line': b'-- Installing: /root/distr_slam_ws/install/cartographer_ros_msgs/include/cartographer_ros_msgs/cartographer_ros_msgs/srv/detail/set_slam_state__type_support.c\n'}
[0.256239] (cartographer_ros_msgs) StdoutLine: {'line': b'-- Up-to-date: /root/distr_slam_ws/install/cartographer_ros_msgs/include/cartographer_ros_msgs/cartographer_ros_msgs/srv/detail/get_slam_state__rosidl_typesupport_introspection_c.h\n'}
[0.256281] (cartographer_ros_msgs) StdoutLine: {'line': b'-- Installing: /root/distr_slam_ws/install/cartographer_ros_msgs/include/cartographer_ros_msgs/cartographer_ros_msgs/srv/detail/start_trajectory__type_support.c\n'}
[0.256323] (cartographer_ros_msgs) StdoutLine: {'line': b'-- Up-to-date: /root/distr_slam_ws/install/cartographer_ros_msgs/include/cartographer_ros_msgs/cartographer_ros_msgs/srv/detail/start_trajectory__rosidl_typesupport_introspection_c.h\n'}
[0.256379] (cartographer_ros_msgs) StdoutLine: {'line': b'-- Installing: /root/distr_slam_ws/install/cartographer_ros_msgs/include/cartographer_ros_msgs/cartographer_ros_msgs/srv/detail/finish_trajectory__type_support.c\n'}
[0.256425] (cartographer_ros_msgs) StdoutLine: {'line': b'-- Installing: /root/distr_slam_ws/install/cartographer_ros_msgs/include/cartographer_ros_msgs/cartographer_ros_msgs/srv/detail/get_slam_state__type_support.c\n'}
[0.256467] (cartographer_ros_msgs) StdoutLine: {'line': b'-- Up-to-date: /root/distr_slam_ws/install/cartographer_ros_msgs/include/cartographer_ros_msgs/cartographer_ros_msgs/msg\n'}
[0.256509] (cartographer_ros_msgs) StdoutLine: {'line': b'-- Up-to-date: /root/distr_slam_ws/install/cartographer_ros_msgs/include/cartographer_ros_msgs/cartographer_ros_msgs/msg/rosidl_typesupport_introspection_c__visibility_control.h\n'}
[0.256556] (cartographer_ros_msgs) StdoutLine: {'line': b'-- Up-to-date: /root/distr_slam_ws/install/cartographer_ros_msgs/include/cartographer_ros_msgs/cartographer_ros_msgs/msg/detail\n'}
[0.256605] (cartographer_ros_msgs) StdoutLine: {'line': b'-- Installing: /root/distr_slam_ws/install/cartographer_ros_msgs/include/cartographer_ros_msgs/cartographer_ros_msgs/msg/detail/metric_family__type_support.c\n'}
[0.257586] (cartographer_ros_msgs) StdoutLine: {'line': b'-- Installing: /root/distr_slam_ws/install/cartographer_ros_msgs/include/cartographer_ros_msgs/cartographer_ros_msgs/msg/detail/status_response__type_support.c\n'}
[0.257878] (cartographer_ros_msgs) StdoutLine: {'line': b'-- Installing: /root/distr_slam_ws/install/cartographer_ros_msgs/include/cartographer_ros_msgs/cartographer_ros_msgs/msg/detail/submap_texture__type_support.c\n'}
[0.258001] (cartographer_ros_msgs) StdoutLine: {'line': b'-- Installing: /root/distr_slam_ws/install/cartographer_ros_msgs/include/cartographer_ros_msgs/cartographer_ros_msgs/msg/detail/landmark_list__type_support.c\n'}
[0.258146] (cartographer_ros_msgs) StdoutLine: {'line': b'-- Up-to-date: /root/distr_slam_ws/install/cartographer_ros_msgs/include/cartographer_ros_msgs/cartographer_ros_msgs/msg/detail/landmark_list__rosidl_typesupport_introspection_c.h\n'}
[0.258348] (cartographer_ros_msgs) StdoutLine: {'line': b'-- Installing: /root/distr_slam_ws/install/cartographer_ros_msgs/include/cartographer_ros_msgs/cartographer_ros_msgs/msg/detail/metric__type_support.c\n'}
[0.258494] (cartographer_ros_msgs) StdoutLine: {'line': b'-- Installing: /root/distr_slam_ws/install/cartographer_ros_msgs/include/cartographer_ros_msgs/cartographer_ros_msgs/msg/detail/bagfile_progress__type_support.c\n'}
[0.258632] (cartographer_ros_msgs) StdoutLine: {'line': b'-- Up-to-date: /root/distr_slam_ws/install/cartographer_ros_msgs/include/cartographer_ros_msgs/cartographer_ros_msgs/msg/detail/landmark_entry__rosidl_typesupport_introspection_c.h\n'}
[0.258831] (cartographer_ros_msgs) StdoutLine: {'line': b'-- Up-to-date: /root/distr_slam_ws/install/cartographer_ros_msgs/include/cartographer_ros_msgs/cartographer_ros_msgs/msg/detail/histogram_bucket__rosidl_typesupport_introspection_c.h\n'}
[0.258995] (cartographer_ros_msgs) StdoutLine: {'line': b'-- Up-to-date: /root/distr_slam_ws/install/cartographer_ros_msgs/include/cartographer_ros_msgs/cartographer_ros_msgs/msg/detail/metric_family__rosidl_typesupport_introspection_c.h\n'}
[0.259074] (cartographer_ros_msgs) StdoutLine: {'line': b'-- Up-to-date: /root/distr_slam_ws/install/cartographer_ros_msgs/include/cartographer_ros_msgs/cartographer_ros_msgs/msg/detail/submap_texture__rosidl_typesupport_introspection_c.h\n'}
[0.259128] (cartographer_ros_msgs) StdoutLine: {'line': b'-- Up-to-date: /root/distr_slam_ws/install/cartographer_ros_msgs/include/cartographer_ros_msgs/cartographer_ros_msgs/msg/detail/submap_entry__rosidl_typesupport_introspection_c.h\n'}
[0.259182] (cartographer_ros_msgs) StdoutLine: {'line': b'-- Installing: /root/distr_slam_ws/install/cartographer_ros_msgs/include/cartographer_ros_msgs/cartographer_ros_msgs/msg/detail/histogram_bucket__type_support.c\n'}
[0.259233] (cartographer_ros_msgs) StdoutLine: {'line': b'-- Up-to-date: /root/distr_slam_ws/install/cartographer_ros_msgs/include/cartographer_ros_msgs/cartographer_ros_msgs/msg/detail/trajectory_states__rosidl_typesupport_introspection_c.h\n'}
[0.259276] (cartographer_ros_msgs) StdoutLine: {'line': b'-- Installing: /root/distr_slam_ws/install/cartographer_ros_msgs/include/cartographer_ros_msgs/cartographer_ros_msgs/msg/detail/metric_label__type_support.c\n'}
[0.259319] (cartographer_ros_msgs) StdoutLine: {'line': b'-- Installing: /root/distr_slam_ws/install/cartographer_ros_msgs/include/cartographer_ros_msgs/cartographer_ros_msgs/msg/detail/submap_list__type_support.c\n'}
[0.259363] (cartographer_ros_msgs) StdoutLine: {'line': b'-- Installing: /root/distr_slam_ws/install/cartographer_ros_msgs/include/cartographer_ros_msgs/cartographer_ros_msgs/msg/detail/status_code__type_support.c\n'}
[0.259408] (cartographer_ros_msgs) StdoutLine: {'line': b'-- Up-to-date: /root/distr_slam_ws/install/cartographer_ros_msgs/include/cartographer_ros_msgs/cartographer_ros_msgs/msg/detail/metric__rosidl_typesupport_introspection_c.h\n'}
[0.259458] (cartographer) StdoutLine: {'line': b'[ 75%] Built target cartographer.mapping.id_test\n'}
[0.259580] (cartographer_ros_msgs) StdoutLine: {'line': b'-- Installing: /root/distr_slam_ws/install/cartographer_ros_msgs/include/cartographer_ros_msgs/cartographer_ros_msgs/msg/detail/submap_entry__type_support.c\n'}
[0.259634] (cartographer) StdoutLine: {'line': b'[ 74%] Built target cartographer.mapping.internal.3d.rotation_parameterization_test\n'}
[0.259691] (cartographer_ros_msgs) StdoutLine: {'line': b'-- Installing: /root/distr_slam_ws/install/cartographer_ros_msgs/include/cartographer_ros_msgs/cartographer_ros_msgs/msg/detail/landmark_entry__type_support.c\n'}
[0.259763] (cartographer) StdoutLine: {'line': b'[ 75%] Built target cartographer.mapping.imu_tracker_test\n'}
[0.259819] (cartographer) StdoutLine: {'line': b'[ 74%] Built target cartographer.mapping.internal.2d.scan_matching.interpolated_tsdf_2d_test\n'}
[0.259876] (cartographer) StdoutLine: {'line': b'[ 75%] Built target cartographer.mapping.internal.2d.scan_matching.correlative_scan_matcher_test\n'}
[0.259928] (cartographer) StdoutLine: {'line': b'[ 75%] Built target cartographer.mapping.internal.2d.pose_graph_2d_test\n'}
[0.259980] (cartographer) StdoutLine: {'line': b'[ 75%] Built target cartographer.mapping.internal.2d.overlapping_submaps_trimmer_2d_test\n'}
[0.260031] (cartographer_ros_msgs) StdoutLine: {'line': b'-- Installing: /root/distr_slam_ws/install/cartographer_ros_msgs/include/cartographer_ros_msgs/cartographer_ros_msgs/msg/detail/trajectory_states__type_support.c\n'}
[0.260084] (cartographer) StdoutLine: {'line': b'[ 75%] Built target cartographer.mapping.internal.2d.ray_to_pixel_mask_test\n'}
[0.260205] (cartographer) StdoutLine: {'line': b'[ 75%] Built target cartographer.mapping.internal.2d.scan_matching.occupied_space_cost_function_2d_test\n'}
[0.260259] (cartographer_ros_msgs) StdoutLine: {'line': b'-- Up-to-date: /root/distr_slam_ws/install/cartographer_ros_msgs/include/cartographer_ros_msgs/cartographer_ros_msgs/msg/detail/submap_list__rosidl_typesupport_introspection_c.h\n'}
[0.260312] (cartographer_ros_msgs) StdoutLine: {'line': b'-- Up-to-date: /root/distr_slam_ws/install/cartographer_ros_msgs/include/cartographer_ros_msgs/cartographer_ros_msgs/msg/detail/status_response__rosidl_typesupport_introspection_c.h\n'}
[0.260361] (cartographer_ros_msgs) StdoutLine: {'line': b'-- Up-to-date: /root/distr_slam_ws/install/cartographer_ros_msgs/include/cartographer_ros_msgs/cartographer_ros_msgs/msg/detail/bagfile_progress__rosidl_typesupport_introspection_c.h\n'}
[0.260411] (cartographer_ros_msgs) StdoutLine: {'line': b'-- Up-to-date: /root/distr_slam_ws/install/cartographer_ros_msgs/include/cartographer_ros_msgs/cartographer_ros_msgs/msg/detail/metric_label__rosidl_typesupport_introspection_c.h\n'}
[0.260555] (cartographer_ros_msgs) StdoutLine: {'line': b'-- Up-to-date: /root/distr_slam_ws/install/cartographer_ros_msgs/include/cartographer_ros_msgs/cartographer_ros_msgs/msg/detail/status_code__rosidl_typesupport_introspection_c.h\n'}
[0.260668] (cartographer_ros_msgs) StdoutLine: {'line': b'-- Up-to-date: /root/distr_slam_ws/install/cartographer_ros_msgs/lib/libcartographer_ros_msgs__rosidl_typesupport_introspection_c.so\n'}
[0.260775] (cartographer_ros_msgs) StdoutLine: {'line': b'-- Up-to-date: /root/distr_slam_ws/install/cartographer_ros_msgs/lib/libcartographer_ros_msgs__rosidl_typesupport_c.so\n'}
[0.260860] (cartographer) StdoutLine: {'line': b'[ 77%] Built target cartographer.mapping.internal.2d.tsdf_range_data_inserter_2d_test\n'}
[0.260974] (cartographer) StdoutLine: {'line': b'[ 75%] Built target cartographer.mapping.internal.2d.scan_matching.ceres_scan_matcher_2d_test\n'}
[0.261083] (cartographer_ros_msgs) StdoutLine: {'line': b'-- Up-to-date: /root/distr_slam_ws/install/cartographer_ros_msgs/include/cartographer_ros_msgs/cartographer_ros_msgs\n'}
[0.261232] (cartographer_ros_msgs) StdoutLine: {'line': b'-- Up-to-date: /root/distr_slam_ws/install/cartographer_ros_msgs/include/cartographer_ros_msgs/cartographer_ros_msgs/srv\n'}
[0.261353] (cartographer_ros_msgs) StdoutLine: {'line': b'-- Up-to-date: /root/distr_slam_ws/install/cartographer_ros_msgs/include/cartographer_ros_msgs/cartographer_ros_msgs/srv/write_state.hpp\n'}
[0.261428] (cartographer_ros_msgs) StdoutLine: {'line': b'-- Up-to-date: /root/distr_slam_ws/install/cartographer_ros_msgs/include/cartographer_ros_msgs/cartographer_ros_msgs/srv/start_trajectory.hpp\n'}
[0.261540] (cartographer_ros_msgs) StdoutLine: {'line': b'-- Up-to-date: /root/distr_slam_ws/install/cartographer_ros_msgs/include/cartographer_ros_msgs/cartographer_ros_msgs/srv/submap_query.hpp\n'}
[0.261709] (cartographer_ros_msgs) StdoutLine: {'line': b'-- Up-to-date: /root/distr_slam_ws/install/cartographer_ros_msgs/include/cartographer_ros_msgs/cartographer_ros_msgs/srv/get_slam_state.hpp\n'}
[0.262001] (cartographer_ros_msgs) StdoutLine: {'line': b'-- Up-to-date: /root/distr_slam_ws/install/cartographer_ros_msgs/include/cartographer_ros_msgs/cartographer_ros_msgs/srv/read_metrics.hpp\n'}
[0.262059] (cartographer_ros_msgs) StdoutLine: {'line': b'-- Up-to-date: /root/distr_slam_ws/install/cartographer_ros_msgs/include/cartographer_ros_msgs/cartographer_ros_msgs/srv/set_slam_state.hpp\n'}
[0.262099] (cartographer_ros_msgs) StdoutLine: {'line': b'-- Up-to-date: /root/distr_slam_ws/install/cartographer_ros_msgs/include/cartographer_ros_msgs/cartographer_ros_msgs/srv/get_trajectory_states.hpp\n'}
[0.262144] (cartographer_ros_msgs) StdoutLine: {'line': b'-- Up-to-date: /root/distr_slam_ws/install/cartographer_ros_msgs/include/cartographer_ros_msgs/cartographer_ros_msgs/srv/finish_trajectory.hpp\n'}
[0.262196] (cartographer_ros_msgs) StdoutLine: {'line': b'-- Up-to-date: /root/distr_slam_ws/install/cartographer_ros_msgs/include/cartographer_ros_msgs/cartographer_ros_msgs/srv/trajectory_query.hpp\n'}
[0.262239] (cartographer_ros_msgs) StdoutLine: {'line': b'-- Up-to-date: /root/distr_slam_ws/install/cartographer_ros_msgs/include/cartographer_ros_msgs/cartographer_ros_msgs/srv/detail\n'}
[0.262288] (cartographer_ros_msgs) StdoutLine: {'line': b'-- Up-to-date: /root/distr_slam_ws/install/cartographer_ros_msgs/include/cartographer_ros_msgs/cartographer_ros_msgs/srv/detail/start_trajectory__traits.hpp\n'}
[0.262337] (cartographer_ros_msgs) StdoutLine: {'line': b'-- Up-to-date: /root/distr_slam_ws/install/cartographer_ros_msgs/include/cartographer_ros_msgs/cartographer_ros_msgs/srv/detail/trajectory_query__traits.hpp\n'}
[0.262384] (cartographer_ros_msgs) StdoutLine: {'line': b'-- Up-to-date: /root/distr_slam_ws/install/cartographer_ros_msgs/include/cartographer_ros_msgs/cartographer_ros_msgs/srv/detail/get_slam_state__type_support.hpp\n'}
[0.262430] (cartographer_ros_msgs) StdoutLine: {'line': b'-- Up-to-date: /root/distr_slam_ws/install/cartographer_ros_msgs/include/cartographer_ros_msgs/cartographer_ros_msgs/srv/detail/set_slam_state__traits.hpp\n'}
[0.262555] (cartographer_ros_msgs) StdoutLine: {'line': b'-- Up-to-date: /root/distr_slam_ws/install/cartographer_ros_msgs/include/cartographer_ros_msgs/cartographer_ros_msgs/srv/detail/write_state__type_support.hpp\n'}
[0.262605] (cartographer_ros_msgs) StdoutLine: {'line': b'-- Up-to-date: /root/distr_slam_ws/install/cartographer_ros_msgs/include/cartographer_ros_msgs/cartographer_ros_msgs/srv/detail/trajectory_query__type_support.hpp\n'}
[0.262651] (cartographer_ros_msgs) StdoutLine: {'line': b'-- Up-to-date: /root/distr_slam_ws/install/cartographer_ros_msgs/include/cartographer_ros_msgs/cartographer_ros_msgs/srv/detail/finish_trajectory__builder.hpp\n'}
[0.262723] (cartographer_ros_msgs) StdoutLine: {'line': b'-- Up-to-date: /root/distr_slam_ws/install/cartographer_ros_msgs/include/cartographer_ros_msgs/cartographer_ros_msgs/srv/detail/get_trajectory_states__traits.hpp\n'}
[0.262772] (cartographer_ros_msgs) StdoutLine: {'line': b'-- Up-to-date: /root/distr_slam_ws/install/cartographer_ros_msgs/include/cartographer_ros_msgs/cartographer_ros_msgs/srv/detail/write_state__builder.hpp\n'}
[0.262812] (cartographer_ros_msgs) StdoutLine: {'line': b'-- Up-to-date: /root/distr_slam_ws/install/cartographer_ros_msgs/include/cartographer_ros_msgs/cartographer_ros_msgs/srv/detail/read_metrics__struct.hpp\n'}
[0.262855] (cartographer_ros_msgs) StdoutLine: {'line': b'-- Up-to-date: /root/distr_slam_ws/install/cartographer_ros_msgs/include/cartographer_ros_msgs/cartographer_ros_msgs/srv/detail/read_metrics__builder.hpp\n'}
[0.262901] (cartographer_ros_msgs) StdoutLine: {'line': b'-- Up-to-date: /root/distr_slam_ws/install/cartographer_ros_msgs/include/cartographer_ros_msgs/cartographer_ros_msgs/srv/detail/get_slam_state__builder.hpp\n'}
[0.262947] (cartographer_ros_msgs) StdoutLine: {'line': b'-- Up-to-date: /root/distr_slam_ws/install/cartographer_ros_msgs/include/cartographer_ros_msgs/cartographer_ros_msgs/srv/detail/get_trajectory_states__builder.hpp\n'}
[0.262993] (cartographer_ros_msgs) StdoutLine: {'line': b'-- Up-to-date: /root/distr_slam_ws/install/cartographer_ros_msgs/include/cartographer_ros_msgs/cartographer_ros_msgs/srv/detail/finish_trajectory__traits.hpp\n'}
[0.263036] (cartographer_ros_msgs) StdoutLine: {'line': b'-- Up-to-date: /root/distr_slam_ws/install/cartographer_ros_msgs/include/cartographer_ros_msgs/cartographer_ros_msgs/srv/detail/get_slam_state__struct.hpp\n'}
[0.263084] (cartographer) StdoutLine: {'line': b'[ 77%] Built target cartographer.mapping.internal.2d.scan_matching.real_time_correlative_scan_matcher_2d_test\n'}
[0.263140] (cartographer) StdoutLine: {'line': b'[ 75%] Built target cartographer.mapping.internal.2d.scan_matching.fast_correlative_scan_matcher_2d_test\n'}
[0.263187] (cartographer) StdoutLine: {'line': b'[ 75%] Built target cartographer.mapping.internal.2d.tsd_value_converter_test\n'}
[0.263234] (cartographer) StdoutLine: {'line': b'[ 77%] Built target cartographer.mapping.internal.2d.scan_matching.tsdf_match_cost_function_2d_test\n'}
[0.263280] (cartographer_ros_msgs) StdoutLine: {'line': b'-- Up-to-date: /root/distr_slam_ws/install/cartographer_ros_msgs/include/cartographer_ros_msgs/cartographer_ros_msgs/srv/detail/trajectory_query__builder.hpp\n'}
[0.263324] (cartographer_ros_msgs) StdoutLine: {'line': b'-- Up-to-date: /root/distr_slam_ws/install/cartographer_ros_msgs/include/cartographer_ros_msgs/cartographer_ros_msgs/srv/detail/start_trajectory__type_support.hpp\n'}
[0.263370] (cartographer_ros_msgs) StdoutLine: {'line': b'-- Up-to-date: /root/distr_slam_ws/install/cartographer_ros_msgs/include/cartographer_ros_msgs/cartographer_ros_msgs/srv/detail/trajectory_query__struct.hpp\n'}
[0.263415] (cartographer_ros_msgs) StdoutLine: {'line': b'-- Up-to-date: /root/distr_slam_ws/install/cartographer_ros_msgs/include/cartographer_ros_msgs/cartographer_ros_msgs/srv/detail/read_metrics__type_support.hpp\n'}
[0.263460] (cartographer_ros_msgs) StdoutLine: {'line': b'-- Up-to-date: /root/distr_slam_ws/install/cartographer_ros_msgs/include/cartographer_ros_msgs/cartographer_ros_msgs/srv/detail/start_trajectory__builder.hpp\n'}
[0.263505] (cartographer_ros_msgs) StdoutLine: {'line': b'-- Up-to-date: /root/distr_slam_ws/install/cartographer_ros_msgs/include/cartographer_ros_msgs/cartographer_ros_msgs/srv/detail/get_trajectory_states__struct.hpp\n'}
[0.263549] (cartographer_ros_msgs) StdoutLine: {'line': b'-- Up-to-date: /root/distr_slam_ws/install/cartographer_ros_msgs/include/cartographer_ros_msgs/cartographer_ros_msgs/srv/detail/get_slam_state__traits.hpp\n'}
[0.263592] (cartographer_ros_msgs) StdoutLine: {'line': b'-- Up-to-date: /root/distr_slam_ws/install/cartographer_ros_msgs/include/cartographer_ros_msgs/cartographer_ros_msgs/srv/detail/finish_trajectory__struct.hpp\n'}
[0.263636] (cartographer_ros_msgs) StdoutLine: {'line': b'-- Up-to-date: /root/distr_slam_ws/install/cartographer_ros_msgs/include/cartographer_ros_msgs/cartographer_ros_msgs/srv/detail/set_slam_state__builder.hpp\n'}
[0.263679] (cartographer_ros_msgs) StdoutLine: {'line': b'-- Up-to-date: /root/distr_slam_ws/install/cartographer_ros_msgs/include/cartographer_ros_msgs/cartographer_ros_msgs/srv/detail/set_slam_state__struct.hpp\n'}
[0.263742] (cartographer_ros_msgs) StdoutLine: {'line': b'-- Up-to-date: /root/distr_slam_ws/install/cartographer_ros_msgs/include/cartographer_ros_msgs/cartographer_ros_msgs/srv/detail/start_trajectory__struct.hpp\n'}
[0.263785] (cartographer_ros_msgs) StdoutLine: {'line': b'-- Up-to-date: /root/distr_slam_ws/install/cartographer_ros_msgs/include/cartographer_ros_msgs/cartographer_ros_msgs/srv/detail/get_trajectory_states__type_support.hpp\n'}
[0.263832] (cartographer_ros_msgs) StdoutLine: {'line': b'-- Up-to-date: /root/distr_slam_ws/install/cartographer_ros_msgs/include/cartographer_ros_msgs/cartographer_ros_msgs/srv/detail/submap_query__traits.hpp\n'}
[0.263880] (cartographer_ros_msgs) StdoutLine: {'line': b'-- Up-to-date: /root/distr_slam_ws/install/cartographer_ros_msgs/include/cartographer_ros_msgs/cartographer_ros_msgs/srv/detail/submap_query__type_support.hpp\n'}
[0.263928] (cartographer_ros_msgs) StdoutLine: {'line': b'-- Up-to-date: /root/distr_slam_ws/install/cartographer_ros_msgs/include/cartographer_ros_msgs/cartographer_ros_msgs/srv/detail/write_state__struct.hpp\n'}
[0.263974] (cartographer) StdoutLine: {'line': b'[ 77%] Built target cartographer.mapping.internal.2d.tsdf_2d_test\n'}
[0.264027] (cartographer_ros_msgs) StdoutLine: {'line': b'-- Up-to-date: /root/distr_slam_ws/install/cartographer_ros_msgs/include/cartographer_ros_msgs/cartographer_ros_msgs/srv/detail/submap_query__builder.hpp\n'}
[0.264090] (cartographer_ros_msgs) StdoutLine: {'line': b'-- Up-to-date: /root/distr_slam_ws/install/cartographer_ros_msgs/include/cartographer_ros_msgs/cartographer_ros_msgs/srv/detail/submap_query__struct.hpp\n'}
[0.264142] (cartographer) StdoutLine: {'line': b'[ 78%] Built target cartographer.mapping.internal.3d.pose_graph_3d_test\n'}
[0.264193] (cartographer_ros_msgs) StdoutLine: {'line': b'-- Up-to-date: /root/distr_slam_ws/install/cartographer_ros_msgs/include/cartographer_ros_msgs/cartographer_ros_msgs/srv/detail/write_state__traits.hpp\n'}
[0.264254] (cartographer_ros_msgs) StdoutLine: {'line': b'-- Up-to-date: /root/distr_slam_ws/install/cartographer_ros_msgs/include/cartographer_ros_msgs/cartographer_ros_msgs/srv/detail/set_slam_state__type_support.hpp\n'}
[0.264305] (cartographer_ros_msgs) StdoutLine: {'line': b'-- Up-to-date: /root/distr_slam_ws/install/cartographer_ros_msgs/include/cartographer_ros_msgs/cartographer_ros_msgs/srv/detail/finish_trajectory__type_support.hpp\n'}
[0.264353] (cartographer_ros_msgs) StdoutLine: {'line': b'-- Up-to-date: /root/distr_slam_ws/install/cartographer_ros_msgs/include/cartographer_ros_msgs/cartographer_ros_msgs/srv/detail/read_metrics__traits.hpp\n'}
[0.264415] (cartographer) StdoutLine: {'line': b'[ 79%] Built target cartographer.mapping.internal.2d.normal_estimation_2d_test\n'}
[0.264471] (cartographer_ros_msgs) StdoutLine: {'line': b'-- Up-to-date: /root/distr_slam_ws/install/cartographer_ros_msgs/include/cartographer_ros_msgs/cartographer_ros_msgs/msg\n'}
[0.264521] (cartographer_ros_msgs) StdoutLine: {'line': b'-- Up-to-date: /root/distr_slam_ws/install/cartographer_ros_msgs/include/cartographer_ros_msgs/cartographer_ros_msgs/msg/metric_family.hpp\n'}
[0.264576] (cartographer_ros_msgs) StdoutLine: {'line': b'-- Up-to-date: /root/distr_slam_ws/install/cartographer_ros_msgs/include/cartographer_ros_msgs/cartographer_ros_msgs/msg/bagfile_progress.hpp\n'}
[0.264630] (cartographer_ros_msgs) StdoutLine: {'line': b'-- Up-to-date: /root/distr_slam_ws/install/cartographer_ros_msgs/include/cartographer_ros_msgs/cartographer_ros_msgs/msg/rosidl_generator_cpp__visibility_control.hpp\n'}
[0.264698] (cartographer_ros_msgs) StdoutLine: {'line': b'-- Up-to-date: /root/distr_slam_ws/install/cartographer_ros_msgs/include/cartographer_ros_msgs/cartographer_ros_msgs/msg/landmark_entry.hpp\n'}
[0.264753] (cartographer_ros_msgs) StdoutLine: {'line': b'-- Up-to-date: /root/distr_slam_ws/install/cartographer_ros_msgs/include/cartographer_ros_msgs/cartographer_ros_msgs/msg/histogram_bucket.hpp\n'}
[0.264804] (cartographer_ros_msgs) StdoutLine: {'line': b'-- Up-to-date: /root/distr_slam_ws/install/cartographer_ros_msgs/include/cartographer_ros_msgs/cartographer_ros_msgs/msg/submap_entry.hpp\n'}
[0.264860] (cartographer_ros_msgs) StdoutLine: {'line': b'-- Up-to-date: /root/distr_slam_ws/install/cartographer_ros_msgs/include/cartographer_ros_msgs/cartographer_ros_msgs/msg/landmark_list.hpp\n'}
[0.264910] (cartographer_ros_msgs) StdoutLine: {'line': b'-- Up-to-date: /root/distr_slam_ws/install/cartographer_ros_msgs/include/cartographer_ros_msgs/cartographer_ros_msgs/msg/submap_list.hpp\n'}
[0.264965] (cartographer_ros_msgs) StdoutLine: {'line': b'-- Up-to-date: /root/distr_slam_ws/install/cartographer_ros_msgs/include/cartographer_ros_msgs/cartographer_ros_msgs/msg/status_code.hpp\n'}
[0.265021] (cartographer_ros_msgs) StdoutLine: {'line': b'-- Up-to-date: /root/distr_slam_ws/install/cartographer_ros_msgs/include/cartographer_ros_msgs/cartographer_ros_msgs/msg/trajectory_states.hpp\n'}
[0.265076] (cartographer_ros_msgs) StdoutLine: {'line': b'-- Up-to-date: /root/distr_slam_ws/install/cartographer_ros_msgs/include/cartographer_ros_msgs/cartographer_ros_msgs/msg/metric.hpp\n'}
[0.265137] (cartographer_ros_msgs) StdoutLine: {'line': b'-- Up-to-date: /root/distr_slam_ws/install/cartographer_ros_msgs/include/cartographer_ros_msgs/cartographer_ros_msgs/msg/status_response.hpp\n'}
[0.265198] (cartographer_ros_msgs) StdoutLine: {'line': b'-- Up-to-date: /root/distr_slam_ws/install/cartographer_ros_msgs/include/cartographer_ros_msgs/cartographer_ros_msgs/msg/submap_texture.hpp\n'}
[0.265254] (cartographer_ros_msgs) StdoutLine: {'line': b'-- Up-to-date: /root/distr_slam_ws/install/cartographer_ros_msgs/include/cartographer_ros_msgs/cartographer_ros_msgs/msg/metric_label.hpp\n'}
[0.265313] (cartographer_ros_msgs) StdoutLine: {'line': b'-- Up-to-date: /root/distr_slam_ws/install/cartographer_ros_msgs/include/cartographer_ros_msgs/cartographer_ros_msgs/msg/detail\n'}
[0.265372] (cartographer) StdoutLine: {'line': b'[ 79%] Built target cartographer.mapping.internal.3d.scan_matching.fast_correlative_scan_matcher_3d_test\n'}
[0.265449] (cartographer_ros_msgs) StdoutLine: {'line': b'-- Up-to-date: /root/distr_slam_ws/install/cartographer_ros_msgs/include/cartographer_ros_msgs/cartographer_ros_msgs/msg/detail/trajectory_states__traits.hpp\n'}
[0.265532] (cartographer_ros_msgs) StdoutLine: {'line': b'-- Up-to-date: /root/distr_slam_ws/install/cartographer_ros_msgs/include/cartographer_ros_msgs/cartographer_ros_msgs/msg/detail/submap_entry__traits.hpp\n'}
[0.265604] (cartographer_ros_msgs) StdoutLine: {'line': b'-- Up-to-date: /root/distr_slam_ws/install/cartographer_ros_msgs/include/cartographer_ros_msgs/cartographer_ros_msgs/msg/detail/bagfile_progress__traits.hpp\n'}
[0.265664] (cartographer_ros_msgs) StdoutLine: {'line': b'-- Up-to-date: /root/distr_slam_ws/install/cartographer_ros_msgs/include/cartographer_ros_msgs/cartographer_ros_msgs/msg/detail/submap_entry__struct.hpp\n'}
[0.271666] (cartographer_ros_msgs) StdoutLine: {'line': b'-- Up-to-date: /root/distr_slam_ws/install/cartographer_ros_msgs/include/cartographer_ros_msgs/cartographer_ros_msgs/msg/detail/submap_texture__struct.hpp\n'}
[0.271909] (cartographer_ros_msgs) StdoutLine: {'line': b'-- Up-to-date: /root/distr_slam_ws/install/cartographer_ros_msgs/include/cartographer_ros_msgs/cartographer_ros_msgs/msg/detail/metric_label__type_support.hpp\n'}
[0.271977] (cartographer_ros_msgs) StdoutLine: {'line': b'-- Up-to-date: /root/distr_slam_ws/install/cartographer_ros_msgs/include/cartographer_ros_msgs/cartographer_ros_msgs/msg/detail/submap_texture__type_support.hpp\n'}
[0.272025] (cartographer) StdoutLine: {'line': b'[ 79%] Built target cartographer.mapping.internal.3d.scan_matching.interpolated_grid_test\n'}
[0.272128] (cartographer_ros_msgs) StdoutLine: {'line': b'-- Up-to-date: /root/distr_slam_ws/install/cartographer_ros_msgs/include/cartographer_ros_msgs/cartographer_ros_msgs/msg/detail/metric_family__builder.hpp\n'}
[0.272186] (cartographer_ros_msgs) StdoutLine: {'line': b'-- Up-to-date: /root/distr_slam_ws/install/cartographer_ros_msgs/include/cartographer_ros_msgs/cartographer_ros_msgs/msg/detail/metric__traits.hpp\n'}
[0.272274] (cartographer_ros_msgs) StdoutLine: {'line': b'-- Up-to-date: /root/distr_slam_ws/install/cartographer_ros_msgs/include/cartographer_ros_msgs/cartographer_ros_msgs/msg/detail/metric_family__type_support.hpp\n'}
[0.272336] (cartographer_ros_msgs) StdoutLine: {'line': b'-- Up-to-date: /root/distr_slam_ws/install/cartographer_ros_msgs/include/cartographer_ros_msgs/cartographer_ros_msgs/msg/detail/histogram_bucket__builder.hpp\n'}
[0.272386] (cartographer_ros_msgs) StdoutLine: {'line': b'-- Up-to-date: /root/distr_slam_ws/install/cartographer_ros_msgs/include/cartographer_ros_msgs/cartographer_ros_msgs/msg/detail/landmark_list__struct.hpp\n'}
[0.272451] (cartographer_ros_msgs) StdoutLine: {'line': b'-- Up-to-date: /root/distr_slam_ws/install/cartographer_ros_msgs/include/cartographer_ros_msgs/cartographer_ros_msgs/msg/detail/submap_entry__builder.hpp\n'}
[0.272521] (cartographer_ros_msgs) StdoutLine: {'line': b'-- Up-to-date: /root/distr_slam_ws/install/cartographer_ros_msgs/include/cartographer_ros_msgs/cartographer_ros_msgs/msg/detail/submap_texture__builder.hpp\n'}
[0.272599] (cartographer_ros_msgs) StdoutLine: {'line': b'-- Up-to-date: /root/distr_slam_ws/install/cartographer_ros_msgs/include/cartographer_ros_msgs/cartographer_ros_msgs/msg/detail/status_response__struct.hpp\n'}
[0.272659] (cartographer_ros_msgs) StdoutLine: {'line': b'-- Up-to-date: /root/distr_slam_ws/install/cartographer_ros_msgs/include/cartographer_ros_msgs/cartographer_ros_msgs/msg/detail/landmark_entry__builder.hpp\n'}
[0.272728] (cartographer_ros_msgs) StdoutLine: {'line': b'-- Up-to-date: /root/distr_slam_ws/install/cartographer_ros_msgs/include/cartographer_ros_msgs/cartographer_ros_msgs/msg/detail/status_response__type_support.hpp\n'}
[0.272784] (cartographer_ros_msgs) StdoutLine: {'line': b'-- Up-to-date: /root/distr_slam_ws/install/cartographer_ros_msgs/include/cartographer_ros_msgs/cartographer_ros_msgs/msg/detail/status_code__traits.hpp\n'}
[0.272848] (cartographer_ros_msgs) StdoutLine: {'line': b'-- Up-to-date: /root/distr_slam_ws/install/cartographer_ros_msgs/include/cartographer_ros_msgs/cartographer_ros_msgs/msg/detail/metric__struct.hpp\n'}
[0.272908] (cartographer_ros_msgs) StdoutLine: {'line': b'-- Up-to-date: /root/distr_slam_ws/install/cartographer_ros_msgs/include/cartographer_ros_msgs/cartographer_ros_msgs/msg/detail/landmark_list__traits.hpp\n'}
[0.272973] (cartographer_ros_msgs) StdoutLine: {'line': b'-- Up-to-date: /root/distr_slam_ws/install/cartographer_ros_msgs/include/cartographer_ros_msgs/cartographer_ros_msgs/msg/detail/trajectory_states__type_support.hpp\n'}
[0.273030] (cartographer_ros_msgs) StdoutLine: {'line': b'-- Up-to-date: /root/distr_slam_ws/install/cartographer_ros_msgs/include/cartographer_ros_msgs/cartographer_ros_msgs/msg/detail/submap_list__type_support.hpp\n'}
[0.273095] (cartographer_ros_msgs) StdoutLine: {'line': b'-- Up-to-date: /root/distr_slam_ws/install/cartographer_ros_msgs/include/cartographer_ros_msgs/cartographer_ros_msgs/msg/detail/submap_list__traits.hpp\n'}
[0.273155] (cartographer_ros_msgs) StdoutLine: {'line': b'-- Up-to-date: /root/distr_slam_ws/install/cartographer_ros_msgs/include/cartographer_ros_msgs/cartographer_ros_msgs/msg/detail/metric__type_support.hpp\n'}
[0.273214] (cartographer_ros_msgs) StdoutLine: {'line': b'-- Up-to-date: /root/distr_slam_ws/install/cartographer_ros_msgs/include/cartographer_ros_msgs/cartographer_ros_msgs/msg/detail/submap_list__builder.hpp\n'}
[0.273284] (cartographer_ros_msgs) StdoutLine: {'line': b'-- Up-to-date: /root/distr_slam_ws/install/cartographer_ros_msgs/include/cartographer_ros_msgs/cartographer_ros_msgs/msg/detail/status_code__builder.hpp\n'}
[0.273356] (cartographer_ros_msgs) StdoutLine: {'line': b'-- Up-to-date: /root/distr_slam_ws/install/cartographer_ros_msgs/include/cartographer_ros_msgs/cartographer_ros_msgs/msg/detail/submap_entry__type_support.hpp\n'}
[0.273431] (cartographer_ros_msgs) StdoutLine: {'line': b'-- Up-to-date: /root/distr_slam_ws/install/cartographer_ros_msgs/include/cartographer_ros_msgs/cartographer_ros_msgs/msg/detail/bagfile_progress__struct.hpp\n'}
[0.273503] (cartographer_ros_msgs) StdoutLine: {'line': b'-- Up-to-date: /root/distr_slam_ws/install/cartographer_ros_msgs/include/cartographer_ros_msgs/cartographer_ros_msgs/msg/detail/metric_label__traits.hpp\n'}
[0.273568] (cartographer_ros_msgs) StdoutLine: {'line': b'-- Up-to-date: /root/distr_slam_ws/install/cartographer_ros_msgs/include/cartographer_ros_msgs/cartographer_ros_msgs/msg/detail/landmark_entry__struct.hpp\n'}
[0.273641] (cartographer_ros_msgs) StdoutLine: {'line': b'-- Up-to-date: /root/distr_slam_ws/install/cartographer_ros_msgs/include/cartographer_ros_msgs/cartographer_ros_msgs/msg/detail/metric_label__builder.hpp\n'}
[0.275086] (cartographer_ros_msgs) StdoutLine: {'line': b'-- Up-to-date: /root/distr_slam_ws/install/cartographer_ros_msgs/include/cartographer_ros_msgs/cartographer_ros_msgs/msg/detail/landmark_list__builder.hpp\n'}
[0.275151] (cartographer_ros_msgs) StdoutLine: {'line': b'-- Up-to-date: /root/distr_slam_ws/install/cartographer_ros_msgs/include/cartographer_ros_msgs/cartographer_ros_msgs/msg/detail/status_response__traits.hpp\n'}
[0.275183] (cartographer_ros_msgs) StdoutLine: {'line': b'-- Up-to-date: /root/distr_slam_ws/install/cartographer_ros_msgs/include/cartographer_ros_msgs/cartographer_ros_msgs/msg/detail/bagfile_progress__builder.hpp\n'}
[0.275211] (cartographer_ros_msgs) StdoutLine: {'line': b'-- Up-to-date: /root/distr_slam_ws/install/cartographer_ros_msgs/include/cartographer_ros_msgs/cartographer_ros_msgs/msg/detail/histogram_bucket__type_support.hpp\n'}
[0.275252] (cartographer_ros_msgs) StdoutLine: {'line': b'-- Up-to-date: /root/distr_slam_ws/install/cartographer_ros_msgs/include/cartographer_ros_msgs/cartographer_ros_msgs/msg/detail/bagfile_progress__type_support.hpp\n'}
[0.275279] (cartographer_ros_msgs) StdoutLine: {'line': b'-- Up-to-date: /root/distr_slam_ws/install/cartographer_ros_msgs/include/cartographer_ros_msgs/cartographer_ros_msgs/msg/detail/landmark_entry__type_support.hpp\n'}
[0.275306] (cartographer_ros_msgs) StdoutLine: {'line': b'-- Up-to-date: /root/distr_slam_ws/install/cartographer_ros_msgs/include/cartographer_ros_msgs/cartographer_ros_msgs/msg/detail/landmark_entry__traits.hpp\n'}
[0.275331] (cartographer_ros_msgs) StdoutLine: {'line': b'-- Up-to-date: /root/distr_slam_ws/install/cartographer_ros_msgs/include/cartographer_ros_msgs/cartographer_ros_msgs/msg/detail/metric_family__traits.hpp\n'}
[0.275357] (cartographer_ros_msgs) StdoutLine: {'line': b'-- Up-to-date: /root/distr_slam_ws/install/cartographer_ros_msgs/include/cartographer_ros_msgs/cartographer_ros_msgs/msg/detail/metric_family__struct.hpp\n'}
[0.275383] (cartographer_ros_msgs) StdoutLine: {'line': b'-- Up-to-date: /root/distr_slam_ws/install/cartographer_ros_msgs/include/cartographer_ros_msgs/cartographer_ros_msgs/msg/detail/histogram_bucket__struct.hpp\n'}
[0.275410] (cartographer_ros_msgs) StdoutLine: {'line': b'-- Up-to-date: /root/distr_slam_ws/install/cartographer_ros_msgs/include/cartographer_ros_msgs/cartographer_ros_msgs/msg/detail/status_response__builder.hpp\n'}
[0.275436] (cartographer_ros_msgs) StdoutLine: {'line': b'-- Up-to-date: /root/distr_slam_ws/install/cartographer_ros_msgs/include/cartographer_ros_msgs/cartographer_ros_msgs/msg/detail/trajectory_states__struct.hpp\n'}
[0.275464] (cartographer) StdoutLine: {'line': b'[ 79%] Built target cartographer.mapping.internal.3d.local_trajectory_builder_3d_test\n'}
[0.275522] (cartographer_ros_msgs) StdoutLine: {'line': b'-- Up-to-date: /root/distr_slam_ws/install/cartographer_ros_msgs/include/cartographer_ros_msgs/cartographer_ros_msgs/msg/detail/status_code__struct.hpp\n'}
[0.275551] (cartographer_ros_msgs) StdoutLine: {'line': b'-- Up-to-date: /root/distr_slam_ws/install/cartographer_ros_msgs/include/cartographer_ros_msgs/cartographer_ros_msgs/msg/detail/landmark_list__type_support.hpp\n'}
[0.275578] (cartographer_ros_msgs) StdoutLine: {'line': b'-- Up-to-date: /root/distr_slam_ws/install/cartographer_ros_msgs/include/cartographer_ros_msgs/cartographer_ros_msgs/msg/detail/histogram_bucket__traits.hpp\n'}
[0.275605] (cartographer_ros_msgs) StdoutLine: {'line': b'-- Up-to-date: /root/distr_slam_ws/install/cartographer_ros_msgs/include/cartographer_ros_msgs/cartographer_ros_msgs/msg/detail/submap_texture__traits.hpp\n'}
[0.275631] (cartographer_ros_msgs) StdoutLine: {'line': b'-- Up-to-date: /root/distr_slam_ws/install/cartographer_ros_msgs/include/cartographer_ros_msgs/cartographer_ros_msgs/msg/detail/trajectory_states__builder.hpp\n'}
[0.275658] (cartographer_ros_msgs) StdoutLine: {'line': b'-- Up-to-date: /root/distr_slam_ws/install/cartographer_ros_msgs/include/cartographer_ros_msgs/cartographer_ros_msgs/msg/detail/metric_label__struct.hpp\n'}
[0.275694] (cartographer_ros_msgs) StdoutLine: {'line': b'-- Up-to-date: /root/distr_slam_ws/install/cartographer_ros_msgs/include/cartographer_ros_msgs/cartographer_ros_msgs/msg/detail/submap_list__struct.hpp\n'}
[0.275720] (cartographer_ros_msgs) StdoutLine: {'line': b'-- Up-to-date: /root/distr_slam_ws/install/cartographer_ros_msgs/include/cartographer_ros_msgs/cartographer_ros_msgs/msg/detail/status_code__type_support.hpp\n'}
[0.275753] (cartographer_ros_msgs) StdoutLine: {'line': b'-- Up-to-date: /root/distr_slam_ws/install/cartographer_ros_msgs/include/cartographer_ros_msgs/cartographer_ros_msgs/msg/detail/metric__builder.hpp\n'}
[0.275806] (cartographer_ros_msgs) StdoutLine: {'line': b'-- Up-to-date: /root/distr_slam_ws/install/cartographer_ros_msgs/include/cartographer_ros_msgs/cartographer_ros_msgs\n'}
[0.275849] (cartographer_ros_msgs) StdoutLine: {'line': b'-- Up-to-date: /root/distr_slam_ws/install/cartographer_ros_msgs/include/cartographer_ros_msgs/cartographer_ros_msgs/srv\n'}
[0.275892] (cartographer_ros_msgs) StdoutLine: {'line': b'-- Up-to-date: /root/distr_slam_ws/install/cartographer_ros_msgs/include/cartographer_ros_msgs/cartographer_ros_msgs/srv/detail\n'}
[0.275924] (cartographer_ros_msgs) StdoutLine: {'line': b'-- Up-to-date: /root/distr_slam_ws/install/cartographer_ros_msgs/include/cartographer_ros_msgs/cartographer_ros_msgs/srv/detail/write_state__rosidl_typesupport_fastrtps_cpp.hpp\n'}
[0.275955] (cartographer_ros_msgs) StdoutLine: {'line': b'-- Up-to-date: /root/distr_slam_ws/install/cartographer_ros_msgs/include/cartographer_ros_msgs/cartographer_ros_msgs/srv/detail/dds_fastrtps\n'}
[0.275985] (cartographer_ros_msgs) StdoutLine: {'line': b'-- Up-to-date: /root/distr_slam_ws/install/cartographer_ros_msgs/include/cartographer_ros_msgs/cartographer_ros_msgs/srv/detail/get_slam_state__rosidl_typesupport_fastrtps_cpp.hpp\n'}
[0.276012] (cartographer_ros_msgs) StdoutLine: {'line': b'-- Up-to-date: /root/distr_slam_ws/install/cartographer_ros_msgs/include/cartographer_ros_msgs/cartographer_ros_msgs/srv/detail/trajectory_query__rosidl_typesupport_fastrtps_cpp.hpp\n'}
[0.276039] (cartographer_ros_msgs) StdoutLine: {'line': b'-- Up-to-date: /root/distr_slam_ws/install/cartographer_ros_msgs/include/cartographer_ros_msgs/cartographer_ros_msgs/srv/detail/get_trajectory_states__rosidl_typesupport_fastrtps_cpp.hpp\n'}
[0.276069] (cartographer_ros_msgs) StdoutLine: {'line': b'-- Up-to-date: /root/distr_slam_ws/install/cartographer_ros_msgs/include/cartographer_ros_msgs/cartographer_ros_msgs/srv/detail/set_slam_state__rosidl_typesupport_fastrtps_cpp.hpp\n'}
[0.276095] (cartographer_ros_msgs) StdoutLine: {'line': b'-- Up-to-date: /root/distr_slam_ws/install/cartographer_ros_msgs/include/cartographer_ros_msgs/cartographer_ros_msgs/srv/detail/read_metrics__rosidl_typesupport_fastrtps_cpp.hpp\n'}
[0.276140] (cartographer_ros_msgs) StdoutLine: {'line': b'-- Up-to-date: /root/distr_slam_ws/install/cartographer_ros_msgs/include/cartographer_ros_msgs/cartographer_ros_msgs/srv/detail/finish_trajectory__rosidl_typesupport_fastrtps_cpp.hpp\n'}
[0.276188] (cartographer_ros_msgs) StdoutLine: {'line': b'-- Up-to-date: /root/distr_slam_ws/install/cartographer_ros_msgs/include/cartographer_ros_msgs/cartographer_ros_msgs/srv/detail/start_trajectory__rosidl_typesupport_fastrtps_cpp.hpp\n'}
[0.276233] (cartographer_ros_msgs) StdoutLine: {'line': b'-- Up-to-date: /root/distr_slam_ws/install/cartographer_ros_msgs/include/cartographer_ros_msgs/cartographer_ros_msgs/srv/detail/submap_query__rosidl_typesupport_fastrtps_cpp.hpp\n'}
[0.276275] (cartographer_ros_msgs) StdoutLine: {'line': b'-- Up-to-date: /root/distr_slam_ws/install/cartographer_ros_msgs/include/cartographer_ros_msgs/cartographer_ros_msgs/msg\n'}
[0.276318] (cartographer_ros_msgs) StdoutLine: {'line': b'-- Up-to-date: /root/distr_slam_ws/install/cartographer_ros_msgs/include/cartographer_ros_msgs/cartographer_ros_msgs/msg/rosidl_typesupport_fastrtps_cpp__visibility_control.h\n'}
[0.276375] (cartographer_ros_msgs) StdoutLine: {'line': b'-- Up-to-date: /root/distr_slam_ws/install/cartographer_ros_msgs/include/cartographer_ros_msgs/cartographer_ros_msgs/msg/detail\n'}
[0.276424] (cartographer_ros_msgs) StdoutLine: {'line': b'-- Up-to-date: /root/distr_slam_ws/install/cartographer_ros_msgs/include/cartographer_ros_msgs/cartographer_ros_msgs/msg/detail/metric_label__rosidl_typesupport_fastrtps_cpp.hpp\n'}
[0.276470] (cartographer_ros_msgs) StdoutLine: {'line': b'-- Up-to-date: /root/distr_slam_ws/install/cartographer_ros_msgs/include/cartographer_ros_msgs/cartographer_ros_msgs/msg/detail/submap_texture__rosidl_typesupport_fastrtps_cpp.hpp\n'}
[0.276517] (cartographer_ros_msgs) StdoutLine: {'line': b'-- Up-to-date: /root/distr_slam_ws/install/cartographer_ros_msgs/include/cartographer_ros_msgs/cartographer_ros_msgs/msg/detail/dds_fastrtps\n'}
[0.276559] (cartographer_ros_msgs) StdoutLine: {'line': b'-- Up-to-date: /root/distr_slam_ws/install/cartographer_ros_msgs/include/cartographer_ros_msgs/cartographer_ros_msgs/msg/detail/status_code__rosidl_typesupport_fastrtps_cpp.hpp\n'}
[0.276606] (cartographer_ros_msgs) StdoutLine: {'line': b'-- Up-to-date: /root/distr_slam_ws/install/cartographer_ros_msgs/include/cartographer_ros_msgs/cartographer_ros_msgs/msg/detail/metric__rosidl_typesupport_fastrtps_cpp.hpp\n'}
[0.276652] (cartographer_ros_msgs) StdoutLine: {'line': b'-- Up-to-date: /root/distr_slam_ws/install/cartographer_ros_msgs/include/cartographer_ros_msgs/cartographer_ros_msgs/msg/detail/histogram_bucket__rosidl_typesupport_fastrtps_cpp.hpp\n'}
[0.276721] (cartographer_ros_msgs) StdoutLine: {'line': b'-- Up-to-date: /root/distr_slam_ws/install/cartographer_ros_msgs/include/cartographer_ros_msgs/cartographer_ros_msgs/msg/detail/status_response__rosidl_typesupport_fastrtps_cpp.hpp\n'}
[0.276780] (cartographer_ros_msgs) StdoutLine: {'line': b'-- Up-to-date: /root/distr_slam_ws/install/cartographer_ros_msgs/include/cartographer_ros_msgs/cartographer_ros_msgs/msg/detail/metric_family__rosidl_typesupport_fastrtps_cpp.hpp\n'}
[0.276838] (cartographer_ros_msgs) StdoutLine: {'line': b'-- Up-to-date: /root/distr_slam_ws/install/cartographer_ros_msgs/include/cartographer_ros_msgs/cartographer_ros_msgs/msg/detail/submap_entry__rosidl_typesupport_fastrtps_cpp.hpp\n'}
[0.276901] (cartographer_ros_msgs) StdoutLine: {'line': b'-- Up-to-date: /root/distr_slam_ws/install/cartographer_ros_msgs/include/cartographer_ros_msgs/cartographer_ros_msgs/msg/detail/submap_list__rosidl_typesupport_fastrtps_cpp.hpp\n'}
[0.276942] (cartographer_ros_msgs) StdoutLine: {'line': b'-- Up-to-date: /root/distr_slam_ws/install/cartographer_ros_msgs/include/cartographer_ros_msgs/cartographer_ros_msgs/msg/detail/trajectory_states__rosidl_typesupport_fastrtps_cpp.hpp\n'}
[0.276981] (cartographer_ros_msgs) StdoutLine: {'line': b'-- Up-to-date: /root/distr_slam_ws/install/cartographer_ros_msgs/include/cartographer_ros_msgs/cartographer_ros_msgs/msg/detail/bagfile_progress__rosidl_typesupport_fastrtps_cpp.hpp\n'}
[0.277038] (cartographer_ros_msgs) StdoutLine: {'line': b'-- Up-to-date: /root/distr_slam_ws/install/cartographer_ros_msgs/include/cartographer_ros_msgs/cartographer_ros_msgs/msg/detail/landmark_entry__rosidl_typesupport_fastrtps_cpp.hpp\n'}
[0.277101] (cartographer_ros_msgs) StdoutLine: {'line': b'-- Up-to-date: /root/distr_slam_ws/install/cartographer_ros_msgs/include/cartographer_ros_msgs/cartographer_ros_msgs/msg/detail/landmark_list__rosidl_typesupport_fastrtps_cpp.hpp\n'}
[0.277147] (cartographer_ros_msgs) StdoutLine: {'line': b'-- Up-to-date: /root/distr_slam_ws/install/cartographer_ros_msgs/lib/libcartographer_ros_msgs__rosidl_typesupport_fastrtps_cpp.so\n'}
[0.277209] (cartographer_ros_msgs) StdoutLine: {'line': b'-- Up-to-date: /root/distr_slam_ws/install/cartographer_ros_msgs/include/cartographer_ros_msgs/cartographer_ros_msgs\n'}
[0.277256] (cartographer_ros_msgs) StdoutLine: {'line': b'-- Up-to-date: /root/distr_slam_ws/install/cartographer_ros_msgs/include/cartographer_ros_msgs/cartographer_ros_msgs/srv\n'}
[0.277304] (cartographer_ros_msgs) StdoutLine: {'line': b'-- Up-to-date: /root/distr_slam_ws/install/cartographer_ros_msgs/include/cartographer_ros_msgs/cartographer_ros_msgs/srv/detail\n'}
[0.277350] (cartographer_ros_msgs) StdoutLine: {'line': b'-- Up-to-date: /root/distr_slam_ws/install/cartographer_ros_msgs/include/cartographer_ros_msgs/cartographer_ros_msgs/srv/detail/write_state__type_support.cpp\n'}
[0.277401] (cartographer_ros_msgs) StdoutLine: {'line': b'-- Up-to-date: /root/distr_slam_ws/install/cartographer_ros_msgs/include/cartographer_ros_msgs/cartographer_ros_msgs/srv/detail/get_slam_state__type_support.cpp\n'}
[0.277448] (cartographer_ros_msgs) StdoutLine: {'line': b'-- Up-to-date: /root/distr_slam_ws/install/cartographer_ros_msgs/include/cartographer_ros_msgs/cartographer_ros_msgs/srv/detail/trajectory_query__type_support.cpp\n'}
[0.277493] (cartographer_ros_msgs) StdoutLine: {'line': b'-- Up-to-date: /root/distr_slam_ws/install/cartographer_ros_msgs/include/cartographer_ros_msgs/cartographer_ros_msgs/srv/detail/write_state__rosidl_typesupport_introspection_cpp.hpp\n'}
[0.277538] (cartographer_ros_msgs) StdoutLine: {'line': b'-- Up-to-date: /root/distr_slam_ws/install/cartographer_ros_msgs/include/cartographer_ros_msgs/cartographer_ros_msgs/srv/detail/get_trajectory_states__rosidl_typesupport_introspection_cpp.hpp\n'}
[0.277581] (cartographer_ros_msgs) StdoutLine: {'line': b'-- Up-to-date: /root/distr_slam_ws/install/cartographer_ros_msgs/include/cartographer_ros_msgs/cartographer_ros_msgs/srv/detail/finish_trajectory__type_support.cpp\n'}
[0.277626] (cartographer_ros_msgs) StdoutLine: {'line': b'-- Up-to-date: /root/distr_slam_ws/install/cartographer_ros_msgs/include/cartographer_ros_msgs/cartographer_ros_msgs/srv/detail/finish_trajectory__rosidl_typesupport_introspection_cpp.hpp\n'}
[0.277676] (cartographer_ros_msgs) StdoutLine: {'line': b'-- Up-to-date: /root/distr_slam_ws/install/cartographer_ros_msgs/include/cartographer_ros_msgs/cartographer_ros_msgs/srv/detail/set_slam_state__rosidl_typesupport_introspection_cpp.hpp\n'}
[0.277733] (cartographer_ros_msgs) StdoutLine: {'line': b'-- Up-to-date: /root/distr_slam_ws/install/cartographer_ros_msgs/include/cartographer_ros_msgs/cartographer_ros_msgs/srv/detail/get_trajectory_states__type_support.cpp\n'}
[0.277781] (cartographer_ros_msgs) StdoutLine: {'line': b'-- Up-to-date: /root/distr_slam_ws/install/cartographer_ros_msgs/include/cartographer_ros_msgs/cartographer_ros_msgs/srv/detail/trajectory_query__rosidl_typesupport_introspection_cpp.hpp\n'}
[0.277826] (cartographer_ros_msgs) StdoutLine: {'line': b'-- Up-to-date: /root/distr_slam_ws/install/cartographer_ros_msgs/include/cartographer_ros_msgs/cartographer_ros_msgs/srv/detail/start_trajectory__rosidl_typesupport_introspection_cpp.hpp\n'}
[0.277866] (cartographer_ros_msgs) StdoutLine: {'line': b'-- Up-to-date: /root/distr_slam_ws/install/cartographer_ros_msgs/include/cartographer_ros_msgs/cartographer_ros_msgs/srv/detail/submap_query__type_support.cpp\n'}
[0.277909] (cartographer_ros_msgs) StdoutLine: {'line': b'-- Up-to-date: /root/distr_slam_ws/install/cartographer_ros_msgs/include/cartographer_ros_msgs/cartographer_ros_msgs/srv/detail/read_metrics__rosidl_typesupport_introspection_cpp.hpp\n'}
[0.277954] (cartographer_ros_msgs) StdoutLine: {'line': b'-- Up-to-date: /root/distr_slam_ws/install/cartographer_ros_msgs/include/cartographer_ros_msgs/cartographer_ros_msgs/srv/detail/submap_query__rosidl_typesupport_introspection_cpp.hpp\n'}
[0.277997] (cartographer_ros_msgs) StdoutLine: {'line': b'-- Up-to-date: /root/distr_slam_ws/install/cartographer_ros_msgs/include/cartographer_ros_msgs/cartographer_ros_msgs/srv/detail/read_metrics__type_support.cpp\n'}
[0.278039] (cartographer_ros_msgs) StdoutLine: {'line': b'-- Up-to-date: /root/distr_slam_ws/install/cartographer_ros_msgs/include/cartographer_ros_msgs/cartographer_ros_msgs/srv/detail/get_slam_state__rosidl_typesupport_introspection_cpp.hpp\n'}
[0.278080] (cartographer_ros_msgs) StdoutLine: {'line': b'-- Up-to-date: /root/distr_slam_ws/install/cartographer_ros_msgs/include/cartographer_ros_msgs/cartographer_ros_msgs/srv/detail/start_trajectory__type_support.cpp\n'}
[0.278128] (cartographer_ros_msgs) StdoutLine: {'line': b'-- Up-to-date: /root/distr_slam_ws/install/cartographer_ros_msgs/include/cartographer_ros_msgs/cartographer_ros_msgs/srv/detail/set_slam_state__type_support.cpp\n'}
[0.278171] (cartographer_ros_msgs) StdoutLine: {'line': b'-- Up-to-date: /root/distr_slam_ws/install/cartographer_ros_msgs/include/cartographer_ros_msgs/cartographer_ros_msgs/msg\n'}
[0.278214] (cartographer_ros_msgs) StdoutLine: {'line': b'-- Up-to-date: /root/distr_slam_ws/install/cartographer_ros_msgs/include/cartographer_ros_msgs/cartographer_ros_msgs/msg/detail\n'}
[0.278257] (cartographer_ros_msgs) StdoutLine: {'line': b'-- Up-to-date: /root/distr_slam_ws/install/cartographer_ros_msgs/include/cartographer_ros_msgs/cartographer_ros_msgs/msg/detail/metric_label__rosidl_typesupport_introspection_cpp.hpp\n'}
[0.278301] (cartographer_ros_msgs) StdoutLine: {'line': b'-- Up-to-date: /root/distr_slam_ws/install/cartographer_ros_msgs/include/cartographer_ros_msgs/cartographer_ros_msgs/msg/detail/trajectory_states__rosidl_typesupport_introspection_cpp.hpp\n'}
[0.278343] (cartographer_ros_msgs) StdoutLine: {'line': b'-- Up-to-date: /root/distr_slam_ws/install/cartographer_ros_msgs/include/cartographer_ros_msgs/cartographer_ros_msgs/msg/detail/landmark_entry__type_support.cpp\n'}
[0.278385] (cartographer_ros_msgs) StdoutLine: {'line': b'-- Up-to-date: /root/distr_slam_ws/install/cartographer_ros_msgs/include/cartographer_ros_msgs/cartographer_ros_msgs/msg/detail/metric_family__type_support.cpp\n'}
[0.278428] (cartographer_ros_msgs) StdoutLine: {'line': b'-- Up-to-date: /root/distr_slam_ws/install/cartographer_ros_msgs/include/cartographer_ros_msgs/cartographer_ros_msgs/msg/detail/histogram_bucket__rosidl_typesupport_introspection_cpp.hpp\n'}
[0.278473] (cartographer_ros_msgs) StdoutLine: {'line': b'-- Up-to-date: /root/distr_slam_ws/install/cartographer_ros_msgs/include/cartographer_ros_msgs/cartographer_ros_msgs/msg/detail/bagfile_progress__rosidl_typesupport_introspection_cpp.hpp\n'}
[0.278516] (cartographer_ros_msgs) StdoutLine: {'line': b'-- Up-to-date: /root/distr_slam_ws/install/cartographer_ros_msgs/include/cartographer_ros_msgs/cartographer_ros_msgs/msg/detail/status_code__type_support.cpp\n'}
[0.278559] (cartographer_ros_msgs) StdoutLine: {'line': b'-- Up-to-date: /root/distr_slam_ws/install/cartographer_ros_msgs/include/cartographer_ros_msgs/cartographer_ros_msgs/msg/detail/status_response__type_support.cpp\n'}
[0.278602] (cartographer_ros_msgs) StdoutLine: {'line': b'-- Up-to-date: /root/distr_slam_ws/install/cartographer_ros_msgs/include/cartographer_ros_msgs/cartographer_ros_msgs/msg/detail/submap_list__type_support.cpp\n'}
[0.278644] (cartographer_ros_msgs) StdoutLine: {'line': b'-- Up-to-date: /root/distr_slam_ws/install/cartographer_ros_msgs/include/cartographer_ros_msgs/cartographer_ros_msgs/msg/detail/metric__rosidl_typesupport_introspection_cpp.hpp\n'}
[0.278692] (cartographer_ros_msgs) StdoutLine: {'line': b'-- Up-to-date: /root/distr_slam_ws/install/cartographer_ros_msgs/include/cartographer_ros_msgs/cartographer_ros_msgs/msg/detail/submap_entry__rosidl_typesupport_introspection_cpp.hpp\n'}
[0.278748] (cartographer_ros_msgs) StdoutLine: {'line': b'-- Up-to-date: /root/distr_slam_ws/install/cartographer_ros_msgs/include/cartographer_ros_msgs/cartographer_ros_msgs/msg/detail/trajectory_states__type_support.cpp\n'}
[0.278797] (cartographer_ros_msgs) StdoutLine: {'line': b'-- Up-to-date: /root/distr_slam_ws/install/cartographer_ros_msgs/include/cartographer_ros_msgs/cartographer_ros_msgs/msg/detail/landmark_list__rosidl_typesupport_introspection_cpp.hpp\n'}
[0.278845] (cartographer_ros_msgs) StdoutLine: {'line': b'-- Up-to-date: /root/distr_slam_ws/install/cartographer_ros_msgs/include/cartographer_ros_msgs/cartographer_ros_msgs/msg/detail/histogram_bucket__type_support.cpp\n'}
[0.278895] (cartographer_ros_msgs) StdoutLine: {'line': b'-- Up-to-date: /root/distr_slam_ws/install/cartographer_ros_msgs/include/cartographer_ros_msgs/cartographer_ros_msgs/msg/detail/metric_label__type_support.cpp\n'}
[0.278945] (cartographer_ros_msgs) StdoutLine: {'line': b'-- Up-to-date: /root/distr_slam_ws/install/cartographer_ros_msgs/include/cartographer_ros_msgs/cartographer_ros_msgs/msg/detail/status_response__rosidl_typesupport_introspection_cpp.hpp\n'}
[0.278992] (cartographer_ros_msgs) StdoutLine: {'line': b'-- Up-to-date: /root/distr_slam_ws/install/cartographer_ros_msgs/include/cartographer_ros_msgs/cartographer_ros_msgs/msg/detail/submap_entry__type_support.cpp\n'}
[0.279036] (cartographer_ros_msgs) StdoutLine: {'line': b'-- Up-to-date: /root/distr_slam_ws/install/cartographer_ros_msgs/include/cartographer_ros_msgs/cartographer_ros_msgs/msg/detail/landmark_list__type_support.cpp\n'}
[0.279081] (cartographer_ros_msgs) StdoutLine: {'line': b'-- Up-to-date: /root/distr_slam_ws/install/cartographer_ros_msgs/include/cartographer_ros_msgs/cartographer_ros_msgs/msg/detail/landmark_entry__rosidl_typesupport_introspection_cpp.hpp\n'}
[0.279124] (cartographer_ros_msgs) StdoutLine: {'line': b'-- Up-to-date: /root/distr_slam_ws/install/cartographer_ros_msgs/include/cartographer_ros_msgs/cartographer_ros_msgs/msg/detail/metric_family__rosidl_typesupport_introspection_cpp.hpp\n'}
[0.279170] (cartographer_ros_msgs) StdoutLine: {'line': b'-- Up-to-date: /root/distr_slam_ws/install/cartographer_ros_msgs/include/cartographer_ros_msgs/cartographer_ros_msgs/msg/detail/submap_list__rosidl_typesupport_introspection_cpp.hpp\n'}
[0.279213] (cartographer_ros_msgs) StdoutLine: {'line': b'-- Up-to-date: /root/distr_slam_ws/install/cartographer_ros_msgs/include/cartographer_ros_msgs/cartographer_ros_msgs/msg/detail/submap_texture__type_support.cpp\n'}
[0.279258] (cartographer_ros_msgs) StdoutLine: {'line': b'-- Up-to-date: /root/distr_slam_ws/install/cartographer_ros_msgs/include/cartographer_ros_msgs/cartographer_ros_msgs/msg/detail/bagfile_progress__type_support.cpp\n'}
[0.279307] (cartographer_ros_msgs) StdoutLine: {'line': b'-- Up-to-date: /root/distr_slam_ws/install/cartographer_ros_msgs/include/cartographer_ros_msgs/cartographer_ros_msgs/msg/detail/submap_texture__rosidl_typesupport_introspection_cpp.hpp\n'}
[0.279351] (cartographer_ros_msgs) StdoutLine: {'line': b'-- Up-to-date: /root/distr_slam_ws/install/cartographer_ros_msgs/include/cartographer_ros_msgs/cartographer_ros_msgs/msg/detail/status_code__rosidl_typesupport_introspection_cpp.hpp\n'}
[0.279396] (cartographer_ros_msgs) StdoutLine: {'line': b'-- Up-to-date: /root/distr_slam_ws/install/cartographer_ros_msgs/include/cartographer_ros_msgs/cartographer_ros_msgs/msg/detail/metric__type_support.cpp\n'}
[0.279440] (cartographer) StdoutLine: {'line': b'[ 80%] Built target cartographer.mapping.internal.3d.scan_matching.ceres_scan_matcher_3d_test\n'}
[0.279500] (cartographer) StdoutLine: {'line': b'[ 81%] Built target cartographer.mapping.internal.3d.scan_matching.intensity_cost_function_3d_test\n'}
[0.279549] (cartographer_ros_msgs) StdoutLine: {'line': b'-- Up-to-date: /root/distr_slam_ws/install/cartographer_ros_msgs/lib/libcartographer_ros_msgs__rosidl_typesupport_introspection_cpp.so\n'}
[0.279594] (cartographer_ros_msgs) StdoutLine: {'line': b'-- Up-to-date: /root/distr_slam_ws/install/cartographer_ros_msgs/lib/libcartographer_ros_msgs__rosidl_typesupport_cpp.so\n'}
[0.279638] (cartographer_ros_msgs) StdoutLine: {'line': b'-- Up-to-date: /root/distr_slam_ws/install/cartographer_ros_msgs/share/cartographer_ros_msgs/environment/pythonpath.sh\n'}
[0.279796] (cartographer_ros_msgs) StdoutLine: {'line': b'-- Up-to-date: /root/distr_slam_ws/install/cartographer_ros_msgs/share/cartographer_ros_msgs/environment/pythonpath.dsv\n'}
[0.279855] (cartographer_ros_msgs) StdoutLine: {'line': b'-- Up-to-date: /root/distr_slam_ws/install/cartographer_ros_msgs/lib/python3.12/site-packages/cartographer_ros_msgs-2.0.9003-py3.12.egg-info\n'}
[0.279906] (cartographer_ros_msgs) StdoutLine: {'line': b'-- Installing: /root/distr_slam_ws/install/cartographer_ros_msgs/lib/python3.12/site-packages/cartographer_ros_msgs-2.0.9003-py3.12.egg-info/PKG-INFO\n'}
[0.279959] (cartographer_ros_msgs) StdoutLine: {'line': b'-- Installing: /root/distr_slam_ws/install/cartographer_ros_msgs/lib/python3.12/site-packages/cartographer_ros_msgs-2.0.9003-py3.12.egg-info/top_level.txt\n'}
[0.280003] (cartographer_ros_msgs) StdoutLine: {'line': b'-- Installing: /root/distr_slam_ws/install/cartographer_ros_msgs/lib/python3.12/site-packages/cartographer_ros_msgs-2.0.9003-py3.12.egg-info/dependency_links.txt\n'}
[0.280046] (cartographer_ros_msgs) StdoutLine: {'line': b'-- Installing: /root/distr_slam_ws/install/cartographer_ros_msgs/lib/python3.12/site-packages/cartographer_ros_msgs-2.0.9003-py3.12.egg-info/SOURCES.txt\n'}
[0.280094] (cartographer_ros_msgs) StdoutLine: {'line': b'-- Up-to-date: /root/distr_slam_ws/install/cartographer_ros_msgs/lib/python3.12/site-packages/cartographer_ros_msgs\n'}
[0.280138] (cartographer_ros_msgs) StdoutLine: {'line': b'-- Up-to-date: /root/distr_slam_ws/install/cartographer_ros_msgs/lib/python3.12/site-packages/cartographer_ros_msgs/srv\n'}
[0.280182] (cartographer_ros_msgs) StdoutLine: {'line': b'-- Up-to-date: /root/distr_slam_ws/install/cartographer_ros_msgs/lib/python3.12/site-packages/cartographer_ros_msgs/srv/_read_metrics.py\n'}
[0.280225] (cartographer_ros_msgs) StdoutLine: {'line': b'-- Up-to-date: /root/distr_slam_ws/install/cartographer_ros_msgs/lib/python3.12/site-packages/cartographer_ros_msgs/srv/_set_slam_state.py\n'}
[0.280269] (cartographer_ros_msgs) StdoutLine: {'line': b'-- Up-to-date: /root/distr_slam_ws/install/cartographer_ros_msgs/lib/python3.12/site-packages/cartographer_ros_msgs/srv/_read_metrics_s.c\n'}
[0.280312] (cartographer_ros_msgs) StdoutLine: {'line': b'-- Up-to-date: /root/distr_slam_ws/install/cartographer_ros_msgs/lib/python3.12/site-packages/cartographer_ros_msgs/srv/_trajectory_query.py\n'}
[0.280356] (cartographer_ros_msgs) StdoutLine: {'line': b'-- Up-to-date: /root/distr_slam_ws/install/cartographer_ros_msgs/lib/python3.12/site-packages/cartographer_ros_msgs/srv/_get_trajectory_states_s.c\n'}
[0.280398] (cartographer_ros_msgs) StdoutLine: {'line': b'-- Up-to-date: /root/distr_slam_ws/install/cartographer_ros_msgs/lib/python3.12/site-packages/cartographer_ros_msgs/srv/_start_trajectory_s.c\n'}
[0.280441] (cartographer_ros_msgs) StdoutLine: {'line': b'-- Up-to-date: /root/distr_slam_ws/install/cartographer_ros_msgs/lib/python3.12/site-packages/cartographer_ros_msgs/srv/_start_trajectory.py\n'}
[0.280482] (cartographer_ros_msgs) StdoutLine: {'line': b'-- Up-to-date: /root/distr_slam_ws/install/cartographer_ros_msgs/lib/python3.12/site-packages/cartographer_ros_msgs/srv/_finish_trajectory.py\n'}
[0.280525] (cartographer_ros_msgs) StdoutLine: {'line': b'-- Up-to-date: /root/distr_slam_ws/install/cartographer_ros_msgs/lib/python3.12/site-packages/cartographer_ros_msgs/srv/_get_trajectory_states.py\n'}
[0.280568] (cartographer_ros_msgs) StdoutLine: {'line': b'-- Up-to-date: /root/distr_slam_ws/install/cartographer_ros_msgs/lib/python3.12/site-packages/cartographer_ros_msgs/srv/_write_state_s.c\n'}
[0.280610] (cartographer_ros_msgs) StdoutLine: {'line': b'-- Up-to-date: /root/distr_slam_ws/install/cartographer_ros_msgs/lib/python3.12/site-packages/cartographer_ros_msgs/srv/_finish_trajectory_s.c\n'}
[0.280654] (cartographer_ros_msgs) StdoutLine: {'line': b'-- Up-to-date: /root/distr_slam_ws/install/cartographer_ros_msgs/lib/python3.12/site-packages/cartographer_ros_msgs/srv/_submap_query.py\n'}
[0.280706] (cartographer_ros_msgs) StdoutLine: {'line': b'-- Up-to-date: /root/distr_slam_ws/install/cartographer_ros_msgs/lib/python3.12/site-packages/cartographer_ros_msgs/srv/__init__.py\n'}
[0.280757] (cartographer_ros_msgs) StdoutLine: {'line': b'-- Up-to-date: /root/distr_slam_ws/install/cartographer_ros_msgs/lib/python3.12/site-packages/cartographer_ros_msgs/srv/_submap_query_s.c\n'}
[0.280800] (cartographer_ros_msgs) StdoutLine: {'line': b'-- Up-to-date: /root/distr_slam_ws/install/cartographer_ros_msgs/lib/python3.12/site-packages/cartographer_ros_msgs/srv/_trajectory_query_s.c\n'}
[0.280847] (cartographer_ros_msgs) StdoutLine: {'line': b'-- Up-to-date: /root/distr_slam_ws/install/cartographer_ros_msgs/lib/python3.12/site-packages/cartographer_ros_msgs/srv/_write_state.py\n'}
[0.280889] (cartographer_ros_msgs) StdoutLine: {'line': b'-- Up-to-date: /root/distr_slam_ws/install/cartographer_ros_msgs/lib/python3.12/site-packages/cartographer_ros_msgs/srv/_get_slam_state_s.c\n'}
[0.280932] (cartographer_ros_msgs) StdoutLine: {'line': b'-- Up-to-date: /root/distr_slam_ws/install/cartographer_ros_msgs/lib/python3.12/site-packages/cartographer_ros_msgs/srv/_set_slam_state_s.c\n'}
[0.280975] (cartographer_ros_msgs) StdoutLine: {'line': b'-- Up-to-date: /root/distr_slam_ws/install/cartographer_ros_msgs/lib/python3.12/site-packages/cartographer_ros_msgs/srv/_get_slam_state.py\n'}
[0.281017] (cartographer_ros_msgs) StdoutLine: {'line': b'-- Up-to-date: /root/distr_slam_ws/install/cartographer_ros_msgs/lib/python3.12/site-packages/cartographer_ros_msgs/cartographer_ros_msgs_s__rosidl_typesupport_fastrtps_c.so\n'}
[0.281060] (cartographer_ros_msgs) StdoutLine: {'line': b'-- Up-to-date: /root/distr_slam_ws/install/cartographer_ros_msgs/lib/python3.12/site-packages/cartographer_ros_msgs/_cartographer_ros_msgs_s.ep.rosidl_typesupport_c.c\n'}
[0.281105] (cartographer_ros_msgs) StdoutLine: {'line': b'-- Up-to-date: /root/distr_slam_ws/install/cartographer_ros_msgs/lib/python3.12/site-packages/cartographer_ros_msgs/cartographer_ros_msgs_s__rosidl_typesupport_introspection_c.so\n'}
[0.281146] (cartographer_ros_msgs) StdoutLine: {'line': b'-- Up-to-date: /root/distr_slam_ws/install/cartographer_ros_msgs/lib/python3.12/site-packages/cartographer_ros_msgs/cartographer_ros_msgs_s__rosidl_typesupport_c.so\n'}
[0.281187] (cartographer_ros_msgs) StdoutLine: {'line': b'-- Up-to-date: /root/distr_slam_ws/install/cartographer_ros_msgs/lib/python3.12/site-packages/cartographer_ros_msgs/_cartographer_ros_msgs_s.ep.rosidl_typesupport_fastrtps_c.c\n'}
[0.281229] (cartographer_ros_msgs) StdoutLine: {'line': b'-- Up-to-date: /root/distr_slam_ws/install/cartographer_ros_msgs/lib/python3.12/site-packages/cartographer_ros_msgs/msg\n'}
[0.281271] (cartographer_ros_msgs) StdoutLine: {'line': b'-- Up-to-date: /root/distr_slam_ws/install/cartographer_ros_msgs/lib/python3.12/site-packages/cartographer_ros_msgs/msg/_trajectory_states_s.c\n'}
[0.281312] (cartographer_ros_msgs) StdoutLine: {'line': b'-- Up-to-date: /root/distr_slam_ws/install/cartographer_ros_msgs/lib/python3.12/site-packages/cartographer_ros_msgs/msg/_histogram_bucket.py\n'}
[0.281355] (cartographer_ros_msgs) StdoutLine: {'line': b'-- Up-to-date: /root/distr_slam_ws/install/cartographer_ros_msgs/lib/python3.12/site-packages/cartographer_ros_msgs/msg/_histogram_bucket_s.c\n'}
[0.281397] (cartographer_ros_msgs) StdoutLine: {'line': b'-- Up-to-date: /root/distr_slam_ws/install/cartographer_ros_msgs/lib/python3.12/site-packages/cartographer_ros_msgs/msg/_submap_list_s.c\n'}
[0.281439] (cartographer_ros_msgs) StdoutLine: {'line': b'-- Up-to-date: /root/distr_slam_ws/install/cartographer_ros_msgs/lib/python3.12/site-packages/cartographer_ros_msgs/msg/_status_response.py\n'}
[0.281481] (cartographer_ros_msgs) StdoutLine: {'line': b'-- Up-to-date: /root/distr_slam_ws/install/cartographer_ros_msgs/lib/python3.12/site-packages/cartographer_ros_msgs/msg/_status_response_s.c\n'}
[0.281524] (cartographer_ros_msgs) StdoutLine: {'line': b'-- Up-to-date: /root/distr_slam_ws/install/cartographer_ros_msgs/lib/python3.12/site-packages/cartographer_ros_msgs/msg/_submap_entry_s.c\n'}
[0.281566] (cartographer_ros_msgs) StdoutLine: {'line': b'-- Up-to-date: /root/distr_slam_ws/install/cartographer_ros_msgs/lib/python3.12/site-packages/cartographer_ros_msgs/msg/_submap_texture_s.c\n'}
[0.281608] (cartographer_ros_msgs) StdoutLine: {'line': b'-- Up-to-date: /root/distr_slam_ws/install/cartographer_ros_msgs/lib/python3.12/site-packages/cartographer_ros_msgs/msg/_submap_list.py\n'}
[0.281652] (cartographer_ros_msgs) StdoutLine: {'line': b'-- Up-to-date: /root/distr_slam_ws/install/cartographer_ros_msgs/lib/python3.12/site-packages/cartographer_ros_msgs/msg/_landmark_entry.py\n'}
[0.281704] (cartographer_ros_msgs) StdoutLine: {'line': b'-- Up-to-date: /root/distr_slam_ws/install/cartographer_ros_msgs/lib/python3.12/site-packages/cartographer_ros_msgs/msg/_bagfile_progress_s.c\n'}
[0.281748] (cartographer_ros_msgs) StdoutLine: {'line': b'-- Up-to-date: /root/distr_slam_ws/install/cartographer_ros_msgs/lib/python3.12/site-packages/cartographer_ros_msgs/msg/_metric.py\n'}
[0.281790] (cartographer_ros_msgs) StdoutLine: {'line': b'-- Up-to-date: /root/distr_slam_ws/install/cartographer_ros_msgs/lib/python3.12/site-packages/cartographer_ros_msgs/msg/_trajectory_states.py\n'}
[0.281833] (cartographer_ros_msgs) StdoutLine: {'line': b'-- Up-to-date: /root/distr_slam_ws/install/cartographer_ros_msgs/lib/python3.12/site-packages/cartographer_ros_msgs/msg/_submap_entry.py\n'}
[0.281874] (cartographer_ros_msgs) StdoutLine: {'line': b'-- Up-to-date: /root/distr_slam_ws/install/cartographer_ros_msgs/lib/python3.12/site-packages/cartographer_ros_msgs/msg/_status_code_s.c\n'}
[0.281917] (cartographer_ros_msgs) StdoutLine: {'line': b'-- Up-to-date: /root/distr_slam_ws/install/cartographer_ros_msgs/lib/python3.12/site-packages/cartographer_ros_msgs/msg/_metric_label.py\n'}
[0.281955] (cartographer_ros_msgs) StdoutLine: {'line': b'-- Up-to-date: /root/distr_slam_ws/install/cartographer_ros_msgs/lib/python3.12/site-packages/cartographer_ros_msgs/msg/_metric_family_s.c\n'}
[0.281997] (cartographer_ros_msgs) StdoutLine: {'line': b'-- Up-to-date: /root/distr_slam_ws/install/cartographer_ros_msgs/lib/python3.12/site-packages/cartographer_ros_msgs/msg/_bagfile_progress.py\n'}
[0.282038] (cartographer_ros_msgs) StdoutLine: {'line': b'-- Up-to-date: /root/distr_slam_ws/install/cartographer_ros_msgs/lib/python3.12/site-packages/cartographer_ros_msgs/msg/_landmark_entry_s.c\n'}
[0.282079] (cartographer_ros_msgs) StdoutLine: {'line': b'-- Up-to-date: /root/distr_slam_ws/install/cartographer_ros_msgs/lib/python3.12/site-packages/cartographer_ros_msgs/msg/_metric_label_s.c\n'}
[0.282122] (cartographer_ros_msgs) StdoutLine: {'line': b'-- Up-to-date: /root/distr_slam_ws/install/cartographer_ros_msgs/lib/python3.12/site-packages/cartographer_ros_msgs/msg/_landmark_list_s.c\n'}
[0.282164] (cartographer_ros_msgs) StdoutLine: {'line': b'-- Up-to-date: /root/distr_slam_ws/install/cartographer_ros_msgs/lib/python3.12/site-packages/cartographer_ros_msgs/msg/_submap_texture.py\n'}
[0.282206] (cartographer_ros_msgs) StdoutLine: {'line': b'-- Up-to-date: /root/distr_slam_ws/install/cartographer_ros_msgs/lib/python3.12/site-packages/cartographer_ros_msgs/msg/__init__.py\n'}
[0.282247] (cartographer_ros_msgs) StdoutLine: {'line': b'-- Up-to-date: /root/distr_slam_ws/install/cartographer_ros_msgs/lib/python3.12/site-packages/cartographer_ros_msgs/msg/_status_code.py\n'}
[0.282288] (cartographer_ros_msgs) StdoutLine: {'line': b'-- Up-to-date: /root/distr_slam_ws/install/cartographer_ros_msgs/lib/python3.12/site-packages/cartographer_ros_msgs/msg/_metric_family.py\n'}
[0.282335] (cartographer_ros_msgs) StdoutLine: {'line': b'-- Up-to-date: /root/distr_slam_ws/install/cartographer_ros_msgs/lib/python3.12/site-packages/cartographer_ros_msgs/msg/_landmark_list.py\n'}
[0.282377] (cartographer_ros_msgs) StdoutLine: {'line': b'-- Up-to-date: /root/distr_slam_ws/install/cartographer_ros_msgs/lib/python3.12/site-packages/cartographer_ros_msgs/msg/_metric_s.c\n'}
[0.282418] (cartographer_ros_msgs) StdoutLine: {'line': b'-- Up-to-date: /root/distr_slam_ws/install/cartographer_ros_msgs/lib/python3.12/site-packages/cartographer_ros_msgs/_cartographer_ros_msgs_s.ep.rosidl_typesupport_introspection_c.c\n'}
[0.282460] (cartographer_ros_msgs) StdoutLine: {'line': b'-- Up-to-date: /root/distr_slam_ws/install/cartographer_ros_msgs/lib/python3.12/site-packages/cartographer_ros_msgs/__init__.py\n'}
[0.290885] (cartographer) StdoutLine: {'line': b'[ 86%] Built target cartographer.mapping.internal.optimization.cost_functions.landmark_cost_function_3d_test\n'}
[0.291340] (cartographer) StdoutLine: {'line': b'[ 86%] Built target cartographer.mapping.internal.3d.scan_matching.rotation_delta_cost_functor_3d_test\n'}
[0.291449] (cartographer) StdoutLine: {'line': b'[ 86%] Built target cartographer.mapping.internal.3d.scan_matching.real_time_correlative_scan_matcher_3d_test\n'}
[0.291522] (cartographer) StdoutLine: {'line': b'[ 86%] Built target cartographer.mapping.internal.motion_filter_test\n'}
[0.291666] (cartographer) StdoutLine: {'line': b'[ 86%] Built target cartographer.mapping.pose_extrapolator_test\n'}
[0.291759] (cartographer) StdoutLine: {'line': b'[ 86%] Built target cartographer.mapping.internal.optimization.cost_functions.landmark_cost_function_2d_test\n'}
[0.291831] (cartographer) StdoutLine: {'line': b'[ 86%] Built target cartographer.mapping.internal.3d.scan_matching.rotational_scan_matcher_test\n'}
[0.291898] (cartographer) StdoutLine: {'line': b'[ 90%] Built target cartographer.mapping.probability_values_test\n'}
[0.291962] (cartographer) StdoutLine: {'line': b'[ 90%] Built target cartographer.mapping.internal.3d.scan_matching.precomputation_grid_3d_test\n'}
[0.292076] (cartographer) StdoutLine: {'line': b'[ 90%] Built target cartographer.mapping.pose_graph_test\n'}
[0.292140] (cartographer) StdoutLine: {'line': b'[ 90%] Built target cartographer.mapping.value_conversion_tables_test\n'}
[0.292203] (cartographer) StdoutLine: {'line': b'[ 90%] Built target cartographer.mapping.internal.optimization.cost_functions.spa_cost_function_2d_test\n'}
[0.292266] (cartographer) StdoutLine: {'line': b'[ 90%] Built target cartographer.mapping.pose_graph_trimmer_test\n'}
[0.292327] (cartographer) StdoutLine: {'line': b'[ 90%] Built target cartographer.mapping.internal.constraints.constraint_builder_2d_test\n'}
[0.292388] (cartographer) StdoutLine: {'line': b'[ 90%] Built target cartographer.mapping.internal.constraints.constraint_builder_3d_test\n'}
[0.292453] (cartographer) StdoutLine: {'line': b'[ 90%] Built target cartographer.mapping.internal.range_data_collator_test\n'}
[0.292624] (cartographer) StdoutLine: {'line': b'[ 90%] Built target cartographer.mapping.internal.connected_components_test\n'}
[0.293613] (cartographer) StdoutLine: {'line': b'[ 90%] Built target cartographer.mapping.internal.trajectory_connectivity_state_test\n'}
[0.293730] (cartographer) StdoutLine: {'line': b'[ 90%] Built target cartographer.mapping.internal.optimization.optimization_problem_3d_test\n'}
[0.294055] (cartographer) StdoutLine: {'line': b'[ 92%] Built target cartographer.mapping.submaps_test\n'}
[0.294142] (cartographer) StdoutLine: {'line': b'[ 92%] Built target cartographer.mapping.trajectory_node_test\n'}
[0.294192] (cartographer) StdoutLine: {'line': b'[ 92%] Built target cartographer.mapping.map_builder_test\n'}
[0.294364] (cartographer) StdoutLine: {'line': b'[ 93%] Built target cartographer.sensor.compressed_point_cloud_test\n'}
[0.300025] (-) TimerEvent: {}
[0.304635] (cartographer_ros_msgs) StdoutLine: {'line': b"Listing '/root/distr_slam_ws/install/cartographer_ros_msgs/lib/python3.12/site-packages/cartographer_ros_msgs'...\n"}
[0.304842] (cartographer_ros_msgs) StdoutLine: {'line': b"Listing '/root/distr_slam_ws/install/cartographer_ros_msgs/lib/python3.12/site-packages/cartographer_ros_msgs/msg'...\n"}
[0.304878] (cartographer_ros_msgs) StdoutLine: {'line': b"Listing '/root/distr_slam_ws/install/cartographer_ros_msgs/lib/python3.12/site-packages/cartographer_ros_msgs/srv'...\n"}
[0.309094] (cartographer_ros_msgs) StdoutLine: {'line': b'-- Up-to-date: /root/distr_slam_ws/install/cartographer_ros_msgs/lib/python3.12/site-packages/cartographer_ros_msgs/cartographer_ros_msgs_s__rosidl_typesupport_fastrtps_c.so\n'}
[0.309387] (cartographer_ros_msgs) StdoutLine: {'line': b'-- Up-to-date: /root/distr_slam_ws/install/cartographer_ros_msgs/lib/python3.12/site-packages/cartographer_ros_msgs/cartographer_ros_msgs_s__rosidl_typesupport_introspection_c.so\n'}
[0.309726] (cartographer_ros_msgs) StdoutLine: {'line': b'-- Up-to-date: /root/distr_slam_ws/install/cartographer_ros_msgs/lib/python3.12/site-packages/cartographer_ros_msgs/cartographer_ros_msgs_s__rosidl_typesupport_c.so\n'}
[0.310123] (cartographer_ros_msgs) StdoutLine: {'line': b'-- Up-to-date: /root/distr_slam_ws/install/cartographer_ros_msgs/lib/libcartographer_ros_msgs__rosidl_generator_py.so\n'}
[0.310322] (cartographer_ros_msgs) StdoutLine: {'line': b'-- Up-to-date: /root/distr_slam_ws/install/cartographer_ros_msgs/share/ament_index/resource_index/rust_packages/cartographer_ros_msgs\n'}
[0.310482] (cartographer_ros_msgs) StdoutLine: {'line': b'-- Up-to-date: /root/distr_slam_ws/install/cartographer_ros_msgs/share/cartographer_ros_msgs/rust\n'}
[0.310549] (cartographer_ros_msgs) StdoutLine: {'line': b'-- Up-to-date: /root/distr_slam_ws/install/cartographer_ros_msgs/share/cartographer_ros_msgs/rust/build.rs\n'}
[0.310652] (cartographer_ros_msgs) StdoutLine: {'line': b'-- Up-to-date: /root/distr_slam_ws/install/cartographer_ros_msgs/share/cartographer_ros_msgs/rust/src\n'}
[0.310693] (cartographer_ros_msgs) StdoutLine: {'line': b'-- Up-to-date: /root/distr_slam_ws/install/cartographer_ros_msgs/share/cartographer_ros_msgs/rust/src/msg.rs\n'}
[0.311236] (cartographer_ros_msgs) StdoutLine: {'line': b'-- Up-to-date: /root/distr_slam_ws/install/cartographer_ros_msgs/share/cartographer_ros_msgs/rust/src/srv\n'}
[0.311346] (cartographer_ros_msgs) StdoutLine: {'line': b'-- Up-to-date: /root/distr_slam_ws/install/cartographer_ros_msgs/share/cartographer_ros_msgs/rust/src/srv/rmw.rs\n'}
[0.311436] (cartographer_ros_msgs) StdoutLine: {'line': b'-- Up-to-date: /root/distr_slam_ws/install/cartographer_ros_msgs/share/cartographer_ros_msgs/rust/src/msg\n'}
[0.311527] (cartographer_ros_msgs) StdoutLine: {'line': b'-- Up-to-date: /root/distr_slam_ws/install/cartographer_ros_msgs/share/cartographer_ros_msgs/rust/src/msg/rmw.rs\n'}
[0.311614] (cartographer_ros_msgs) StdoutLine: {'line': b'-- Up-to-date: /root/distr_slam_ws/install/cartographer_ros_msgs/share/cartographer_ros_msgs/rust/src/lib.rs\n'}
[0.311780] (cartographer_ros_msgs) StdoutLine: {'line': b'-- Up-to-date: /root/distr_slam_ws/install/cartographer_ros_msgs/share/cartographer_ros_msgs/rust/src/srv.rs\n'}
[0.311885] (cartographer_ros_msgs) StdoutLine: {'line': b'-- Up-to-date: /root/distr_slam_ws/install/cartographer_ros_msgs/share/cartographer_ros_msgs/rust/Cargo.toml\n'}
[0.311975] (cartographer_ros_msgs) StdoutLine: {'line': b'-- Up-to-date: /root/distr_slam_ws/install/cartographer_ros_msgs/share/cartographer_ros_msgs/msg/BagfileProgress.idl\n'}
[0.312077] (cartographer_ros_msgs) StdoutLine: {'line': b'-- Up-to-date: /root/distr_slam_ws/install/cartographer_ros_msgs/share/cartographer_ros_msgs/msg/HistogramBucket.idl\n'}
[0.312164] (cartographer_ros_msgs) StdoutLine: {'line': b'-- Up-to-date: /root/distr_slam_ws/install/cartographer_ros_msgs/share/cartographer_ros_msgs/msg/LandmarkEntry.idl\n'}
[0.312243] (cartographer_ros_msgs) StdoutLine: {'line': b'-- Up-to-date: /root/distr_slam_ws/install/cartographer_ros_msgs/share/cartographer_ros_msgs/msg/LandmarkList.idl\n'}
[0.312334] (cartographer_ros_msgs) StdoutLine: {'line': b'-- Up-to-date: /root/distr_slam_ws/install/cartographer_ros_msgs/share/cartographer_ros_msgs/msg/MetricFamily.idl\n'}
[0.312413] (cartographer_ros_msgs) StdoutLine: {'line': b'-- Up-to-date: /root/distr_slam_ws/install/cartographer_ros_msgs/share/cartographer_ros_msgs/msg/MetricLabel.idl\n'}
[0.312493] (cartographer_ros_msgs) StdoutLine: {'line': b'-- Up-to-date: /root/distr_slam_ws/install/cartographer_ros_msgs/share/cartographer_ros_msgs/msg/Metric.idl\n'}
[0.312584] (cartographer_ros_msgs) StdoutLine: {'line': b'-- Up-to-date: /root/distr_slam_ws/install/cartographer_ros_msgs/share/cartographer_ros_msgs/msg/StatusCode.idl\n'}
[0.312675] (cartographer_ros_msgs) StdoutLine: {'line': b'-- Up-to-date: /root/distr_slam_ws/install/cartographer_ros_msgs/share/cartographer_ros_msgs/msg/StatusResponse.idl\n'}
[0.312849] (cartographer_ros_msgs) StdoutLine: {'line': b'-- Up-to-date: /root/distr_slam_ws/install/cartographer_ros_msgs/share/cartographer_ros_msgs/msg/SubmapEntry.idl\n'}
[0.312991] (cartographer_ros_msgs) StdoutLine: {'line': b'-- Up-to-date: /root/distr_slam_ws/install/cartographer_ros_msgs/share/cartographer_ros_msgs/msg/SubmapList.idl\n'}
[0.313103] (cartographer_ros_msgs) StdoutLine: {'line': b'-- Up-to-date: /root/distr_slam_ws/install/cartographer_ros_msgs/share/cartographer_ros_msgs/msg/SubmapTexture.idl\n'}
[0.313199] (cartographer_ros_msgs) StdoutLine: {'line': b'-- Up-to-date: /root/distr_slam_ws/install/cartographer_ros_msgs/share/cartographer_ros_msgs/msg/TrajectoryStates.idl\n'}
[0.313323] (cartographer_ros_msgs) StdoutLine: {'line': b'-- Up-to-date: /root/distr_slam_ws/install/cartographer_ros_msgs/share/cartographer_ros_msgs/srv/FinishTrajectory.idl\n'}
[0.313423] (cartographer_ros_msgs) StdoutLine: {'line': b'-- Up-to-date: /root/distr_slam_ws/install/cartographer_ros_msgs/share/cartographer_ros_msgs/srv/GetTrajectoryStates.idl\n'}
[0.313526] (cartographer_ros_msgs) StdoutLine: {'line': b'-- Up-to-date: /root/distr_slam_ws/install/cartographer_ros_msgs/share/cartographer_ros_msgs/srv/ReadMetrics.idl\n'}
[0.313600] (cartographer_ros_msgs) StdoutLine: {'line': b'-- Up-to-date: /root/distr_slam_ws/install/cartographer_ros_msgs/share/cartographer_ros_msgs/srv/StartTrajectory.idl\n'}
[0.313701] (cartographer_ros_msgs) StdoutLine: {'line': b'-- Up-to-date: /root/distr_slam_ws/install/cartographer_ros_msgs/share/cartographer_ros_msgs/srv/TrajectoryQuery.idl\n'}
[0.313803] (cartographer_ros_msgs) StdoutLine: {'line': b'-- Up-to-date: /root/distr_slam_ws/install/cartographer_ros_msgs/share/cartographer_ros_msgs/srv/SubmapQuery.idl\n'}
[0.313873] (cartographer_ros_msgs) StdoutLine: {'line': b'-- Up-to-date: /root/distr_slam_ws/install/cartographer_ros_msgs/share/cartographer_ros_msgs/srv/WriteState.idl\n'}
[0.313996] (cartographer_ros_msgs) StdoutLine: {'line': b'-- Up-to-date: /root/distr_slam_ws/install/cartographer_ros_msgs/share/cartographer_ros_msgs/srv/GetSlamState.idl\n'}
[0.314083] (cartographer_ros_msgs) StdoutLine: {'line': b'-- Up-to-date: /root/distr_slam_ws/install/cartographer_ros_msgs/share/cartographer_ros_msgs/srv/SetSlamState.idl\n'}
[0.314150] (cartographer_ros_msgs) StdoutLine: {'line': b'-- Up-to-date: /root/distr_slam_ws/install/cartographer_ros_msgs/share/cartographer_ros_msgs/msg/BagfileProgress.msg\n'}
[0.314212] (cartographer_ros_msgs) StdoutLine: {'line': b'-- Up-to-date: /root/distr_slam_ws/install/cartographer_ros_msgs/share/cartographer_ros_msgs/msg/HistogramBucket.msg\n'}
[0.314274] (cartographer_ros_msgs) StdoutLine: {'line': b'-- Up-to-date: /root/distr_slam_ws/install/cartographer_ros_msgs/share/cartographer_ros_msgs/msg/LandmarkEntry.msg\n'}
[0.314335] (cartographer_ros_msgs) StdoutLine: {'line': b'-- Up-to-date: /root/distr_slam_ws/install/cartographer_ros_msgs/share/cartographer_ros_msgs/msg/LandmarkList.msg\n'}
[0.314398] (cartographer_ros_msgs) StdoutLine: {'line': b'-- Up-to-date: /root/distr_slam_ws/install/cartographer_ros_msgs/share/cartographer_ros_msgs/msg/MetricFamily.msg\n'}
[0.314491] (cartographer_ros_msgs) StdoutLine: {'line': b'-- Up-to-date: /root/distr_slam_ws/install/cartographer_ros_msgs/share/cartographer_ros_msgs/msg/MetricLabel.msg\n'}
[0.314554] (cartographer_ros_msgs) StdoutLine: {'line': b'-- Up-to-date: /root/distr_slam_ws/install/cartographer_ros_msgs/share/cartographer_ros_msgs/msg/Metric.msg\n'}
[0.314657] (cartographer_ros_msgs) StdoutLine: {'line': b'-- Up-to-date: /root/distr_slam_ws/install/cartographer_ros_msgs/share/cartographer_ros_msgs/msg/StatusCode.msg\n'}
[0.314754] (cartographer_ros_msgs) StdoutLine: {'line': b'-- Up-to-date: /root/distr_slam_ws/install/cartographer_ros_msgs/share/cartographer_ros_msgs/msg/StatusResponse.msg\n'}
[0.314822] (cartographer_ros_msgs) StdoutLine: {'line': b'-- Up-to-date: /root/distr_slam_ws/install/cartographer_ros_msgs/share/cartographer_ros_msgs/msg/SubmapEntry.msg\n'}
[0.314856] (cartographer_ros_msgs) StdoutLine: {'line': b'-- Up-to-date: /root/distr_slam_ws/install/cartographer_ros_msgs/share/cartographer_ros_msgs/msg/SubmapList.msg\n'}
[0.314888] (cartographer_ros_msgs) StdoutLine: {'line': b'-- Up-to-date: /root/distr_slam_ws/install/cartographer_ros_msgs/share/cartographer_ros_msgs/msg/SubmapTexture.msg\n'}
[0.314922] (cartographer_ros_msgs) StdoutLine: {'line': b'-- Up-to-date: /root/distr_slam_ws/install/cartographer_ros_msgs/share/cartographer_ros_msgs/msg/TrajectoryStates.msg\n'}
[0.314952] (cartographer_ros_msgs) StdoutLine: {'line': b'-- Up-to-date: /root/distr_slam_ws/install/cartographer_ros_msgs/share/cartographer_ros_msgs/srv/FinishTrajectory.srv\n'}
[0.314980] (cartographer_ros_msgs) StdoutLine: {'line': b'-- Up-to-date: /root/distr_slam_ws/install/cartographer_ros_msgs/share/cartographer_ros_msgs/srv/GetTrajectoryStates.srv\n'}
[0.315009] (cartographer_ros_msgs) StdoutLine: {'line': b'-- Up-to-date: /root/distr_slam_ws/install/cartographer_ros_msgs/share/cartographer_ros_msgs/srv/ReadMetrics.srv\n'}
[0.315037] (cartographer_ros_msgs) StdoutLine: {'line': b'-- Up-to-date: /root/distr_slam_ws/install/cartographer_ros_msgs/share/cartographer_ros_msgs/srv/StartTrajectory.srv\n'}
[0.315065] (cartographer_ros_msgs) StdoutLine: {'line': b'-- Up-to-date: /root/distr_slam_ws/install/cartographer_ros_msgs/share/cartographer_ros_msgs/srv/TrajectoryQuery.srv\n'}
[0.315093] (cartographer_ros_msgs) StdoutLine: {'line': b'-- Up-to-date: /root/distr_slam_ws/install/cartographer_ros_msgs/share/cartographer_ros_msgs/srv/SubmapQuery.srv\n'}
[0.315120] (cartographer_ros_msgs) StdoutLine: {'line': b'-- Up-to-date: /root/distr_slam_ws/install/cartographer_ros_msgs/share/cartographer_ros_msgs/srv/WriteState.srv\n'}
[0.315147] (cartographer_ros_msgs) StdoutLine: {'line': b'-- Up-to-date: /root/distr_slam_ws/install/cartographer_ros_msgs/share/cartographer_ros_msgs/srv/GetSlamState.srv\n'}
[0.315175] (cartographer_ros_msgs) StdoutLine: {'line': b'-- Up-to-date: /root/distr_slam_ws/install/cartographer_ros_msgs/share/cartographer_ros_msgs/srv/SetSlamState.srv\n'}
[0.315202] (cartographer_ros_msgs) StdoutLine: {'line': b'-- Up-to-date: /root/distr_slam_ws/install/cartographer_ros_msgs/share/ament_index/resource_index/package_run_dependencies/cartographer_ros_msgs\n'}
[0.315230] (cartographer_ros_msgs) StdoutLine: {'line': b'-- Up-to-date: /root/distr_slam_ws/install/cartographer_ros_msgs/share/ament_index/resource_index/parent_prefix_path/cartographer_ros_msgs\n'}
[0.315271] (cartographer_ros_msgs) StdoutLine: {'line': b'-- Up-to-date: /root/distr_slam_ws/install/cartographer_ros_msgs/share/cartographer_ros_msgs/environment/ament_prefix_path.sh\n'}
[0.315299] (cartographer_ros_msgs) StdoutLine: {'line': b'-- Up-to-date: /root/distr_slam_ws/install/cartographer_ros_msgs/share/cartographer_ros_msgs/environment/ament_prefix_path.dsv\n'}
[0.315326] (cartographer_ros_msgs) StdoutLine: {'line': b'-- Up-to-date: /root/distr_slam_ws/install/cartographer_ros_msgs/share/cartographer_ros_msgs/environment/path.sh\n'}
[0.315354] (cartographer_ros_msgs) StdoutLine: {'line': b'-- Up-to-date: /root/distr_slam_ws/install/cartographer_ros_msgs/share/cartographer_ros_msgs/environment/path.dsv\n'}
[0.315381] (cartographer_ros_msgs) StdoutLine: {'line': b'-- Up-to-date: /root/distr_slam_ws/install/cartographer_ros_msgs/share/cartographer_ros_msgs/local_setup.bash\n'}
[0.315409] (cartographer_ros_msgs) StdoutLine: {'line': b'-- Up-to-date: /root/distr_slam_ws/install/cartographer_ros_msgs/share/cartographer_ros_msgs/local_setup.sh\n'}
[0.315436] (cartographer_ros_msgs) StdoutLine: {'line': b'-- Up-to-date: /root/distr_slam_ws/install/cartographer_ros_msgs/share/cartographer_ros_msgs/local_setup.zsh\n'}
[0.315464] (cartographer_ros_msgs) StdoutLine: {'line': b'-- Up-to-date: /root/distr_slam_ws/install/cartographer_ros_msgs/share/cartographer_ros_msgs/local_setup.dsv\n'}
[0.315492] (cartographer_ros_msgs) StdoutLine: {'line': b'-- Installing: /root/distr_slam_ws/install/cartographer_ros_msgs/share/cartographer_ros_msgs/package.dsv\n'}
[0.315520] (cartographer) StdoutLine: {'line': b'[ 96%] Built target cartographer.sensor.internal.ordered_multi_queue_test\n'}
[0.315573] (cartographer) StdoutLine: {'line': b'[ 96%] Built target cartographer.sensor.internal.voxel_filter_test\n'}
[0.315604] (cartographer) StdoutLine: {'line': b'[ 96%] Built target cartographer.transform.transform_interpolation_buffer_test\n'}
[0.315632] (cartographer) StdoutLine: {'line': b'[ 96%] Built target cartographer.sensor.range_data_test\n'}
[0.315660] (cartographer) StdoutLine: {'line': b'[ 96%] Built target cartographer.sensor.internal.trajectory_collator_test\n'}
[0.315693] (cartographer) StdoutLine: {'line': b'[ 96%] Built target cartographer.sensor.map_by_time_test\n'}
[0.315721] (cartographer_ros_msgs) StdoutLine: {'line': b'-- Up-to-date: /root/distr_slam_ws/install/cartographer_ros_msgs/share/ament_index/resource_index/packages/cartographer_ros_msgs\n'}
[0.315751] (cartographer) StdoutLine: {'line': b'[ 96%] Built target cartographer.transform.timestamped_transform_test\n'}
[0.315780] (cartographer_ros_msgs) StdoutLine: {'line': b'-- Up-to-date: /root/distr_slam_ws/install/cartographer_ros_msgs/share/cartographer_ros_msgs/cmake/export_cartographer_ros_msgs__rosidl_generator_cExport.cmake\n'}
[0.315807] (cartographer_ros_msgs) StdoutLine: {'line': b'-- Up-to-date: /root/distr_slam_ws/install/cartographer_ros_msgs/share/cartographer_ros_msgs/cmake/export_cartographer_ros_msgs__rosidl_generator_cExport-noconfig.cmake\n'}
[0.315834] (cartographer_ros_msgs) StdoutLine: {'line': b'-- Up-to-date: /root/distr_slam_ws/install/cartographer_ros_msgs/share/cartographer_ros_msgs/cmake/export_cartographer_ros_msgs__rosidl_typesupport_fastrtps_cExport.cmake\n'}
[0.315861] (cartographer_ros_msgs) StdoutLine: {'line': b'-- Up-to-date: /root/distr_slam_ws/install/cartographer_ros_msgs/share/cartographer_ros_msgs/cmake/export_cartographer_ros_msgs__rosidl_typesupport_fastrtps_cExport-noconfig.cmake\n'}
[0.315888] (cartographer) StdoutLine: {'line': b'[ 97%] Built target cartographer.sensor.point_cloud_test\n'}
[0.315917] (cartographer_ros_msgs) StdoutLine: {'line': b'-- Up-to-date: /root/distr_slam_ws/install/cartographer_ros_msgs/share/cartographer_ros_msgs/cmake/cartographer_ros_msgs__rosidl_typesupport_introspection_cExport.cmake\n'}
[0.315945] (cartographer_ros_msgs) StdoutLine: {'line': b'-- Up-to-date: /root/distr_slam_ws/install/cartographer_ros_msgs/share/cartographer_ros_msgs/cmake/cartographer_ros_msgs__rosidl_typesupport_introspection_cExport-noconfig.cmake\n'}
[0.315972] (cartographer_ros_msgs) StdoutLine: {'line': b'-- Up-to-date: /root/distr_slam_ws/install/cartographer_ros_msgs/share/cartographer_ros_msgs/cmake/cartographer_ros_msgs__rosidl_typesupport_cExport.cmake\n'}
[0.315998] (cartographer_ros_msgs) StdoutLine: {'line': b'-- Up-to-date: /root/distr_slam_ws/install/cartographer_ros_msgs/share/cartographer_ros_msgs/cmake/cartographer_ros_msgs__rosidl_typesupport_cExport-noconfig.cmake\n'}
[0.316025] (cartographer_ros_msgs) StdoutLine: {'line': b'-- Up-to-date: /root/distr_slam_ws/install/cartographer_ros_msgs/share/cartographer_ros_msgs/cmake/export_cartographer_ros_msgs__rosidl_generator_cppExport.cmake\n'}
[0.316052] (cartographer) StdoutLine: {'line': b'[ 98%] Built target cartographer.transform.rigid_transform_test\n'}
[0.316080] (cartographer) StdoutLine: {'line': b'[ 98%] Built target cartographer.sensor.internal.collator_test\n'}
[0.316109] (cartographer_ros_msgs) StdoutLine: {'line': b'-- Up-to-date: /root/distr_slam_ws/install/cartographer_ros_msgs/share/cartographer_ros_msgs/cmake/export_cartographer_ros_msgs__rosidl_typesupport_fastrtps_cppExport.cmake\n'}
[0.316137] (cartographer_ros_msgs) StdoutLine: {'line': b'-- Up-to-date: /root/distr_slam_ws/install/cartographer_ros_msgs/share/cartographer_ros_msgs/cmake/export_cartographer_ros_msgs__rosidl_typesupport_fastrtps_cppExport-noconfig.cmake\n'}
[0.316165] (cartographer_ros_msgs) StdoutLine: {'line': b'-- Up-to-date: /root/distr_slam_ws/install/cartographer_ros_msgs/share/cartographer_ros_msgs/cmake/cartographer_ros_msgs__rosidl_typesupport_introspection_cppExport.cmake\n'}
[0.316193] (cartographer_ros_msgs) StdoutLine: {'line': b'-- Up-to-date: /root/distr_slam_ws/install/cartographer_ros_msgs/share/cartographer_ros_msgs/cmake/cartographer_ros_msgs__rosidl_typesupport_introspection_cppExport-noconfig.cmake\n'}
[0.316252] (cartographer_ros_msgs) StdoutLine: {'line': b'-- Up-to-date: /root/distr_slam_ws/install/cartographer_ros_msgs/share/cartographer_ros_msgs/cmake/cartographer_ros_msgs__rosidl_typesupport_cppExport.cmake\n'}
[0.316279] (cartographer_ros_msgs) StdoutLine: {'line': b'-- Up-to-date: /root/distr_slam_ws/install/cartographer_ros_msgs/share/cartographer_ros_msgs/cmake/cartographer_ros_msgs__rosidl_typesupport_cppExport-noconfig.cmake\n'}
[0.316307] (cartographer_ros_msgs) StdoutLine: {'line': b'-- Up-to-date: /root/distr_slam_ws/install/cartographer_ros_msgs/share/cartographer_ros_msgs/cmake/export_cartographer_ros_msgs__rosidl_generator_pyExport.cmake\n'}
[0.316333] (cartographer_ros_msgs) StdoutLine: {'line': b'-- Up-to-date: /root/distr_slam_ws/install/cartographer_ros_msgs/share/cartographer_ros_msgs/cmake/export_cartographer_ros_msgs__rosidl_generator_pyExport-noconfig.cmake\n'}
[0.316361] (cartographer_ros_msgs) StdoutLine: {'line': b'-- Up-to-date: /root/distr_slam_ws/install/cartographer_ros_msgs/share/cartographer_ros_msgs/cmake/rosidl_cmake-extras.cmake\n'}
[0.316400] (cartographer_ros_msgs) StdoutLine: {'line': b'-- Up-to-date: /root/distr_slam_ws/install/cartographer_ros_msgs/share/cartographer_ros_msgs/cmake/ament_cmake_export_dependencies-extras.cmake\n'}
[0.316429] (cartographer_ros_msgs) StdoutLine: {'line': b'-- Up-to-date: /root/distr_slam_ws/install/cartographer_ros_msgs/share/cartographer_ros_msgs/cmake/ament_cmake_export_include_directories-extras.cmake\n'}
[0.316457] (cartographer_ros_msgs) StdoutLine: {'line': b'-- Up-to-date: /root/distr_slam_ws/install/cartographer_ros_msgs/share/cartographer_ros_msgs/cmake/ament_cmake_export_libraries-extras.cmake\n'}
[0.316485] (cartographer_ros_msgs) StdoutLine: {'line': b'-- Up-to-date: /root/distr_slam_ws/install/cartographer_ros_msgs/share/cartographer_ros_msgs/cmake/ament_cmake_export_targets-extras.cmake\n'}
[0.316512] (cartographer_ros_msgs) StdoutLine: {'line': b'-- Up-to-date: /root/distr_slam_ws/install/cartographer_ros_msgs/share/cartographer_ros_msgs/cmake/rosidl_cmake_export_typesupport_targets-extras.cmake\n'}
[0.316539] (cartographer_ros_msgs) StdoutLine: {'line': b'-- Up-to-date: /root/distr_slam_ws/install/cartographer_ros_msgs/share/cartographer_ros_msgs/cmake/rosidl_cmake_export_typesupport_libraries-extras.cmake\n'}
[0.316566] (cartographer) StdoutLine: {'line': b'[ 98%] Built target cartographer.transform.transform_test\n'}
[0.316594] (cartographer_ros_msgs) StdoutLine: {'line': b'-- Up-to-date: /root/distr_slam_ws/install/cartographer_ros_msgs/share/cartographer_ros_msgs/cmake/cartographer_ros_msgsConfig.cmake\n'}
[0.316621] (cartographer_ros_msgs) StdoutLine: {'line': b'-- Up-to-date: /root/distr_slam_ws/install/cartographer_ros_msgs/share/cartographer_ros_msgs/cmake/cartographer_ros_msgsConfig-version.cmake\n'}
[0.316649] (cartographer_ros_msgs) StdoutLine: {'line': b'-- Up-to-date: /root/distr_slam_ws/install/cartographer_ros_msgs/share/cartographer_ros_msgs/package.xml\n'}
[0.316676] (cartographer) StdoutLine: {'line': b'[100%] Built target cartographer.sensor.landmark_data_test\n'}
[0.316998] (cartographer_ros_msgs) CommandEnded: {'returncode': 0}
[0.320941] (cartographer) StdoutLine: {'line': b'\x1b[01mloading pickled environment... \x1b[39;49;00mdone\n'}
[0.323338] (cartographer) StdoutLine: {'line': b'\x1b[01mbuilding [mo]: \x1b[39;49;00mtargets for 0 po files that are out of date\n'}
[0.323389] (cartographer) StdoutLine: {'line': b'\x1b[01mwriting output... \x1b[39;49;00m\n'}
[0.323582] (cartographer) StdoutLine: {'line': b'\x1b[01mbuilding [html]: \x1b[39;49;00mtargets for 0 source files that are out of date\n'}
[0.323998] (cartographer) StdoutLine: {'line': b'\x1b[01mupdating environment: \x1b[39;49;00m0 added, 0 changed, 0 removed\n'}
[0.324049] (cartographer) StdoutLine: {'line': b'\x1b[01mreading sources... \x1b[39;49;00m\n'}
[0.324078] (cartographer) StdoutLine: {'line': b'\x1b[01mlooking for now-outdated files... \x1b[39;49;00mnone found\n'}
[0.324117] (cartographer) StdoutLine: {'line': b'\x1b[01mno targets are out of date.\x1b[39;49;00m\n'}
[0.324145] (cartographer) StdoutLine: {'line': b'\x1b[01mbuild succeeded.\x1b[39;49;00m\n'}
[0.324179] (cartographer) StdoutLine: {'line': b'\n'}
[0.324208] (cartographer) StdoutLine: {'line': b'The HTML pages are in html.\n'}
[0.329896] (cartographer_ros_msgs) JobEnded: {'identifier': 'cartographer_ros_msgs', 'rc': 0}
[0.371078] (cartographer) StdoutLine: {'line': b'[100%] Built target build_doc\n'}
[0.377523] (cartographer) CommandEnded: {'returncode': 0}
[0.377972] (cartographer) JobProgress: {'identifier': 'cartographer', 'progress': 'install'}
[0.378093] (cartographer) Command: {'cmd': ['/usr/bin/cmake', '--install', '/root/distr_slam_ws/build/cartographer'], 'cwd': '/root/distr_slam_ws/build/cartographer', 'env': OrderedDict({'HOSTNAME': 'doraemon', 'SHLVL': '1', 'LIBGL_ALWAYS_SOFTWARE': '1', 'LD_LIBRARY_PATH': '/opt/ros/jazzy/opt/rviz_ogre_vendor/lib:/opt/ros/jazzy/lib/x86_64-linux-gnu:/opt/ros/jazzy/opt/gz_math_vendor/lib:/opt/ros/jazzy/opt/gz_utils_vendor/lib:/opt/ros/jazzy/opt/gz_cmake_vendor/lib:/opt/ros/jazzy/lib', 'HOME': '/root', 'OLDPWD': '/root/distr_slam_ws/build', 'ROS_PYTHON_VERSION': '3', 'ROS_DISTRO': 'jazzy', '_': '/usr/bin/colcon', 'ROS_VERSION': '2', 'TERM': 'xterm', 'ROS_LOCALHOST_ONLY': '1', 'QT_X11_NO_MITSHM': '1', 'PATH': '/opt/ros/jazzy/bin:/usr/local/sbin:/usr/local/bin:/usr/sbin:/usr/bin:/sbin:/bin', 'DISPLAY': 'localhost:10.0', 'LANG': 'en_US.UTF-8', 'LS_COLORS': 'rs=0:di=01;34:ln=01;36:mh=00:pi=40;33:so=01;35:do=01;35:bd=40;33;01:cd=40;33;01:or=40;31;01:mi=00:su=37;41:sg=30;43:ca=00:tw=30;42:ow=34;42:st=37;44:ex=01;32:*.tar=01;31:*.tgz=01;31:*.arc=01;31:*.arj=01;31:*.taz=01;31:*.lha=01;31:*.lz4=01;31:*.lzh=01;31:*.lzma=01;31:*.tlz=01;31:*.txz=01;31:*.tzo=01;31:*.t7z=01;31:*.zip=01;31:*.z=01;31:*.dz=01;31:*.gz=01;31:*.lrz=01;31:*.lz=01;31:*.lzo=01;31:*.xz=01;31:*.zst=01;31:*.tzst=01;31:*.bz2=01;31:*.bz=01;31:*.tbz=01;31:*.tbz2=01;31:*.tz=01;31:*.deb=01;31:*.rpm=01;31:*.jar=01;31:*.war=01;31:*.ear=01;31:*.sar=01;31:*.rar=01;31:*.alz=01;31:*.ace=01;31:*.zoo=01;31:*.cpio=01;31:*.7z=01;31:*.rz=01;31:*.cab=01;31:*.wim=01;31:*.swm=01;31:*.dwm=01;31:*.esd=01;31:*.avif=01;35:*.jpg=01;35:*.jpeg=01;35:*.mjpg=01;35:*.mjpeg=01;35:*.gif=01;35:*.bmp=01;35:*.pbm=01;35:*.pgm=01;35:*.ppm=01;35:*.tga=01;35:*.xbm=01;35:*.xpm=01;35:*.tif=01;35:*.tiff=01;35:*.png=01;35:*.svg=01;35:*.svgz=01;35:*.mng=01;35:*.pcx=01;35:*.mov=01;35:*.mpg=01;35:*.mpeg=01;35:*.m2v=01;35:*.mkv=01;35:*.webm=01;35:*.webp=01;35:*.ogm=01;35:*.mp4=01;35:*.m4v=01;35:*.mp4v=01;35:*.vob=01;35:*.qt=01;35:*.nuv=01;35:*.wmv=01;35:*.asf=01;35:*.rm=01;35:*.rmvb=01;35:*.flc=01;35:*.avi=01;35:*.fli=01;35:*.flv=01;35:*.gl=01;35:*.dl=01;35:*.xcf=01;35:*.xwd=01;35:*.yuv=01;35:*.cgm=01;35:*.emf=01;35:*.ogv=01;35:*.ogx=01;35:*.aac=00;36:*.au=00;36:*.flac=00;36:*.m4a=00;36:*.mid=00;36:*.midi=00;36:*.mka=00;36:*.mp3=00;36:*.mpc=00;36:*.ogg=00;36:*.ra=00;36:*.wav=00;36:*.oga=00;36:*.opus=00;36:*.spx=00;36:*.xspf=00;36:*~=00;90:*#=00;90:*.bak=00;90:*.crdownload=00;90:*.dpkg-dist=00;90:*.dpkg-new=00;90:*.dpkg-old=00;90:*.dpkg-tmp=00;90:*.old=00;90:*.orig=00;90:*.part=00;90:*.rej=00;90:*.rpmnew=00;90:*.rpmorig=00;90:*.rpmsave=00;90:*.swp=00;90:*.tmp=00;90:*.ucf-dist=00;90:*.ucf-new=00;90:*.ucf-old=00;90:', 'AMENT_PREFIX_PATH': '/opt/ros/jazzy', 'DEBIAN_FRONTEND': 'noninteractive', 'ROS_AUTOMATIC_DISCOVERY_RANGE': 'SUBNET', 'PWD': '/root/distr_slam_ws/build/cartographer', 'TURTLEBOT3_MODEL': 'burger', 'LC_ALL': 'en_US.UTF-8', 'PYTHONPATH': '/opt/ros/jazzy/lib/python3.12/site-packages', 'COLCON': '1', 'CMAKE_PREFIX_PATH': '/opt/ros/jazzy/opt/gz_math_vendor:/opt/ros/jazzy/opt/gz_utils_vendor:/opt/ros/jazzy/opt/gz_cmake_vendor:/opt/ros/jazzy'}), 'shell': False}
[0.384953] (cartographer) StdoutLine: {'line': b'-- Install configuration: "Release"\n'}
[0.385041] (cartographer) StdoutLine: {'line': b'-- Up-to-date: /root/distr_slam_ws/install/cartographer/share/cartographer/package.xml\n'}
[0.385104] (cartographer) StdoutLine: {'line': b'-- Up-to-date: /root/distr_slam_ws/install/cartographer/share/cartographer//configuration_files\n'}
[0.385168] (cartographer) StdoutLine: {'line': b'-- Up-to-date: /root/distr_slam_ws/install/cartographer/share/cartographer//configuration_files/pose_graph.lua\n'}
[0.385215] (cartographer) StdoutLine: {'line': b'-- Up-to-date: /root/distr_slam_ws/install/cartographer/share/cartographer//configuration_files/map_builder_server.lua\n'}
[0.385268] (cartographer) StdoutLine: {'line': b'-- Up-to-date: /root/distr_slam_ws/install/cartographer/share/cartographer//configuration_files/trajectory_builder.lua\n'}
[0.385306] (cartographer) StdoutLine: {'line': b'-- Up-to-date: /root/distr_slam_ws/install/cartographer/share/cartographer//configuration_files/trajectory_builder_2d.lua\n'}
[0.385356] (cartographer) StdoutLine: {'line': b'-- Up-to-date: /root/distr_slam_ws/install/cartographer/share/cartographer//configuration_files/map_builder.lua\n'}
[0.385399] (cartographer) StdoutLine: {'line': b'-- Up-to-date: /root/distr_slam_ws/install/cartographer/share/cartographer//configuration_files/trajectory_builder_3d.lua\n'}
[0.385439] (cartographer) StdoutLine: {'line': b'-- Up-to-date: /root/distr_slam_ws/install/cartographer/share/cartographer//cmake\n'}
[0.385489] (cartographer) StdoutLine: {'line': b'-- Up-to-date: /root/distr_slam_ws/install/cartographer/share/cartographer//cmake/functions.cmake\n'}
[0.385543] (cartographer) StdoutLine: {'line': b'-- Up-to-date: /root/distr_slam_ws/install/cartographer/share/cartographer//cmake/modules\n'}
[0.385580] (cartographer) StdoutLine: {'line': b'-- Up-to-date: /root/distr_slam_ws/install/cartographer/share/cartographer//cmake/modules/FindGMock.cmake\n'}
[0.385616] (cartographer) StdoutLine: {'line': b'-- Up-to-date: /root/distr_slam_ws/install/cartographer/share/cartographer//cmake/modules/FindSphinx.cmake\n'}
[0.385663] (cartographer) StdoutLine: {'line': b'-- Up-to-date: /root/distr_slam_ws/install/cartographer/share/cartographer//cmake/modules/FindLuaGoogle.cmake\n'}
[0.385718] (cartographer) StdoutLine: {'line': b'-- Up-to-date: /root/distr_slam_ws/install/cartographer/share/cartographer//cmake/modules/FindEigen3.cmake\n'}
[0.385843] (cartographer) StdoutLine: {'line': b'-- Up-to-date: /root/distr_slam_ws/install/cartographer/bin/cartographer_autogenerate_ground_truth\n'}
[0.386078] (cartographer) StdoutLine: {'line': b'-- Up-to-date: /root/distr_slam_ws/install/cartographer/bin/cartographer_compute_relations_metrics\n'}
[0.386316] (cartographer) StdoutLine: {'line': b'-- Up-to-date: /root/distr_slam_ws/install/cartographer/bin/cartographer_pbstream\n'}
[0.386540] (cartographer) StdoutLine: {'line': b'-- Up-to-date: /root/distr_slam_ws/install/cartographer/bin/cartographer_print_configuration\n'}
[0.386623] (cartographer) StdoutLine: {'line': b'-- Up-to-date: /root/distr_slam_ws/install/cartographer/lib/libcartographer.a\n'}
[0.386687] (cartographer) StdoutLine: {'line': b'-- Up-to-date: /root/distr_slam_ws/install/cartographer/include/cartographer/common/configuration_file_resolver.h\n'}
[0.386751] (cartographer) StdoutLine: {'line': b'-- Up-to-date: /root/distr_slam_ws/install/cartographer/include/cartographer/common/fixed_ratio_sampler.h\n'}
[0.386809] (cartographer) StdoutLine: {'line': b'-- Up-to-date: /root/distr_slam_ws/install/cartographer/include/cartographer/common/histogram.h\n'}
[0.386868] (cartographer) StdoutLine: {'line': b'-- Up-to-date: /root/distr_slam_ws/install/cartographer/include/cartographer/common/lua.h\n'}
[0.386926] (cartographer) StdoutLine: {'line': b'-- Up-to-date: /root/distr_slam_ws/install/cartographer/include/cartographer/common/lua_parameter_dictionary.h\n'}
[0.386983] (cartographer) StdoutLine: {'line': b'-- Up-to-date: /root/distr_slam_ws/install/cartographer/include/cartographer/common/math.h\n'}
[0.387040] (cartographer) StdoutLine: {'line': b'-- Up-to-date: /root/distr_slam_ws/install/cartographer/include/cartographer/common/port.h\n'}
[0.387097] (cartographer) StdoutLine: {'line': b'-- Up-to-date: /root/distr_slam_ws/install/cartographer/include/cartographer/common/task.h\n'}
[0.387154] (cartographer) StdoutLine: {'line': b'-- Up-to-date: /root/distr_slam_ws/install/cartographer/include/cartographer/common/thread_pool.h\n'}
[0.387211] (cartographer) StdoutLine: {'line': b'-- Up-to-date: /root/distr_slam_ws/install/cartographer/include/cartographer/common/time.h\n'}
[0.387271] (cartographer) StdoutLine: {'line': b'-- Up-to-date: /root/distr_slam_ws/install/cartographer/include/cartographer/ground_truth/autogenerate_ground_truth.h\n'}
[0.387329] (cartographer) StdoutLine: {'line': b'-- Up-to-date: /root/distr_slam_ws/install/cartographer/include/cartographer/ground_truth/relations_text_file.h\n'}
[0.387387] (cartographer) StdoutLine: {'line': b'-- Up-to-date: /root/distr_slam_ws/install/cartographer/include/cartographer/io/color.h\n'}
[0.387450] (cartographer) StdoutLine: {'line': b'-- Up-to-date: /root/distr_slam_ws/install/cartographer/include/cartographer/io/coloring_points_processor.h\n'}
[0.387511] (cartographer) StdoutLine: {'line': b'-- Up-to-date: /root/distr_slam_ws/install/cartographer/include/cartographer/io/counting_points_processor.h\n'}
[0.387572] (cartographer) StdoutLine: {'line': b'-- Up-to-date: /root/distr_slam_ws/install/cartographer/include/cartographer/io/draw_trajectories.h\n'}
[0.387639] (cartographer) StdoutLine: {'line': b'-- Up-to-date: /root/distr_slam_ws/install/cartographer/include/cartographer/io/file_writer.h\n'}
[0.387706] (cartographer) StdoutLine: {'line': b'-- Up-to-date: /root/distr_slam_ws/install/cartographer/include/cartographer/io/fixed_ratio_sampling_points_processor.h\n'}
[0.387770] (cartographer) StdoutLine: {'line': b'-- Up-to-date: /root/distr_slam_ws/install/cartographer/include/cartographer/io/frame_id_filtering_points_processor.h\n'}
[0.387832] (cartographer) StdoutLine: {'line': b'-- Up-to-date: /root/distr_slam_ws/install/cartographer/include/cartographer/io/hybrid_grid_points_processor.h\n'}
[0.387893] (cartographer) StdoutLine: {'line': b'-- Up-to-date: /root/distr_slam_ws/install/cartographer/include/cartographer/io/image.h\n'}
[0.387952] (cartographer) StdoutLine: {'line': b'-- Up-to-date: /root/distr_slam_ws/install/cartographer/include/cartographer/io/intensity_to_color_points_processor.h\n'}
[0.388012] (cartographer) StdoutLine: {'line': b'-- Up-to-date: /root/distr_slam_ws/install/cartographer/include/cartographer/io/min_max_range_filtering_points_processor.h\n'}
[0.388071] (cartographer) StdoutLine: {'line': b'-- Up-to-date: /root/distr_slam_ws/install/cartographer/include/cartographer/io/null_points_processor.h\n'}
[0.388130] (cartographer) StdoutLine: {'line': b'-- Up-to-date: /root/distr_slam_ws/install/cartographer/include/cartographer/io/outlier_removing_points_processor.h\n'}
[0.388190] (cartographer) StdoutLine: {'line': b'-- Up-to-date: /root/distr_slam_ws/install/cartographer/include/cartographer/io/pcd_writing_points_processor.h\n'}
[0.388248] (cartographer) StdoutLine: {'line': b'-- Up-to-date: /root/distr_slam_ws/install/cartographer/include/cartographer/io/ply_writing_points_processor.h\n'}
[0.388307] (cartographer) StdoutLine: {'line': b'-- Up-to-date: /root/distr_slam_ws/install/cartographer/include/cartographer/io/points_batch.h\n'}
[0.388372] (cartographer) StdoutLine: {'line': b'-- Up-to-date: /root/distr_slam_ws/install/cartographer/include/cartographer/io/points_processor.h\n'}
[0.388431] (cartographer) StdoutLine: {'line': b'-- Up-to-date: /root/distr_slam_ws/install/cartographer/include/cartographer/io/points_processor_pipeline_builder.h\n'}
[0.388488] (cartographer) StdoutLine: {'line': b'-- Up-to-date: /root/distr_slam_ws/install/cartographer/include/cartographer/io/probability_grid_points_processor.h\n'}
[0.388545] (cartographer) StdoutLine: {'line': b'-- Up-to-date: /root/distr_slam_ws/install/cartographer/include/cartographer/io/proto_stream.h\n'}
[0.388601] (cartographer) StdoutLine: {'line': b'-- Up-to-date: /root/distr_slam_ws/install/cartographer/include/cartographer/io/proto_stream_deserializer.h\n'}
[0.388660] (cartographer) StdoutLine: {'line': b'-- Up-to-date: /root/distr_slam_ws/install/cartographer/include/cartographer/io/proto_stream_interface.h\n'}
[0.388727] (cartographer) StdoutLine: {'line': b'-- Up-to-date: /root/distr_slam_ws/install/cartographer/include/cartographer/io/serialization_format_migration.h\n'}
[0.388785] (cartographer) StdoutLine: {'line': b'-- Up-to-date: /root/distr_slam_ws/install/cartographer/include/cartographer/io/submap_painter.h\n'}
[0.388848] (cartographer) StdoutLine: {'line': b'-- Up-to-date: /root/distr_slam_ws/install/cartographer/include/cartographer/io/vertical_range_filtering_points_processor.h\n'}
[0.388904] (cartographer) StdoutLine: {'line': b'-- Up-to-date: /root/distr_slam_ws/install/cartographer/include/cartographer/io/xray_points_processor.h\n'}
[0.388958] (cartographer) StdoutLine: {'line': b'-- Up-to-date: /root/distr_slam_ws/install/cartographer/include/cartographer/io/xyz_writing_points_processor.h\n'}
[0.389016] (cartographer) StdoutLine: {'line': b'-- Up-to-date: /root/distr_slam_ws/install/cartographer/include/cartographer/mapping/2d/grid_2d.h\n'}
[0.389074] (cartographer) StdoutLine: {'line': b'-- Up-to-date: /root/distr_slam_ws/install/cartographer/include/cartographer/mapping/2d/map_limits.h\n'}
[0.389130] (cartographer) StdoutLine: {'line': b'-- Up-to-date: /root/distr_slam_ws/install/cartographer/include/cartographer/mapping/2d/probability_grid.h\n'}
[0.389187] (cartographer) StdoutLine: {'line': b'-- Up-to-date: /root/distr_slam_ws/install/cartographer/include/cartographer/mapping/2d/probability_grid_range_data_inserter_2d.h\n'}
[0.389242] (cartographer) StdoutLine: {'line': b'-- Up-to-date: /root/distr_slam_ws/install/cartographer/include/cartographer/mapping/2d/submap_2d.h\n'}
[0.389298] (cartographer) StdoutLine: {'line': b'-- Up-to-date: /root/distr_slam_ws/install/cartographer/include/cartographer/mapping/2d/xy_index.h\n'}
[0.389354] (cartographer) StdoutLine: {'line': b'-- Up-to-date: /root/distr_slam_ws/install/cartographer/include/cartographer/mapping/3d/hybrid_grid.h\n'}
[0.389409] (cartographer) StdoutLine: {'line': b'-- Up-to-date: /root/distr_slam_ws/install/cartographer/include/cartographer/mapping/3d/range_data_inserter_3d.h\n'}
[0.389469] (cartographer) StdoutLine: {'line': b'-- Up-to-date: /root/distr_slam_ws/install/cartographer/include/cartographer/mapping/3d/submap_3d.h\n'}
[0.389519] (cartographer) StdoutLine: {'line': b'-- Up-to-date: /root/distr_slam_ws/install/cartographer/include/cartographer/mapping/detect_floors.h\n'}
[0.389572] (cartographer) StdoutLine: {'line': b'-- Up-to-date: /root/distr_slam_ws/install/cartographer/include/cartographer/mapping/grid_interface.h\n'}
[0.389626] (cartographer) StdoutLine: {'line': b'-- Up-to-date: /root/distr_slam_ws/install/cartographer/include/cartographer/mapping/id.h\n'}
[0.389679] (cartographer) StdoutLine: {'line': b'-- Up-to-date: /root/distr_slam_ws/install/cartographer/include/cartographer/mapping/imu_tracker.h\n'}
[0.389831] (cartographer) StdoutLine: {'line': b'-- Up-to-date: /root/distr_slam_ws/install/cartographer/include/cartographer/mapping/map_builder.h\n'}
[0.389876] (cartographer) StdoutLine: {'line': b'-- Up-to-date: /root/distr_slam_ws/install/cartographer/include/cartographer/mapping/map_builder_interface.h\n'}
[0.389961] (cartographer) StdoutLine: {'line': b'-- Up-to-date: /root/distr_slam_ws/install/cartographer/include/cartographer/mapping/pose_extrapolator.h\n'}
[0.389995] (cartographer) StdoutLine: {'line': b'-- Up-to-date: /root/distr_slam_ws/install/cartographer/include/cartographer/mapping/pose_extrapolator_interface.h\n'}
[0.390029] (cartographer) StdoutLine: {'line': b'-- Up-to-date: /root/distr_slam_ws/install/cartographer/include/cartographer/mapping/pose_graph.h\n'}
[0.390078] (cartographer) StdoutLine: {'line': b'-- Up-to-date: /root/distr_slam_ws/install/cartographer/include/cartographer/mapping/pose_graph_interface.h\n'}
[0.390113] (cartographer) StdoutLine: {'line': b'-- Up-to-date: /root/distr_slam_ws/install/cartographer/include/cartographer/mapping/pose_graph_trimmer.h\n'}
[0.390146] (cartographer) StdoutLine: {'line': b'-- Up-to-date: /root/distr_slam_ws/install/cartographer/include/cartographer/mapping/probability_values.h\n'}
[0.390191] (cartographer) StdoutLine: {'line': b'-- Up-to-date: /root/distr_slam_ws/install/cartographer/include/cartographer/mapping/range_data_inserter_interface.h\n'}
[0.390227] (cartographer) StdoutLine: {'line': b'-- Up-to-date: /root/distr_slam_ws/install/cartographer/include/cartographer/mapping/submaps.h\n'}
[0.390263] (cartographer) StdoutLine: {'line': b'-- Up-to-date: /root/distr_slam_ws/install/cartographer/include/cartographer/mapping/trajectory_builder_interface.h\n'}
[0.390323] (cartographer) StdoutLine: {'line': b'-- Up-to-date: /root/distr_slam_ws/install/cartographer/include/cartographer/mapping/trajectory_node.h\n'}
[0.390360] (cartographer) StdoutLine: {'line': b'-- Up-to-date: /root/distr_slam_ws/install/cartographer/include/cartographer/mapping/value_conversion_tables.h\n'}
[0.390397] (cartographer) StdoutLine: {'line': b'-- Up-to-date: /root/distr_slam_ws/install/cartographer/include/cartographer/metrics/counter.h\n'}
[0.390432] (cartographer) StdoutLine: {'line': b'-- Up-to-date: /root/distr_slam_ws/install/cartographer/include/cartographer/metrics/family_factory.h\n'}
[0.390468] (cartographer) StdoutLine: {'line': b'-- Up-to-date: /root/distr_slam_ws/install/cartographer/include/cartographer/metrics/gauge.h\n'}
[0.390502] (cartographer) StdoutLine: {'line': b'-- Up-to-date: /root/distr_slam_ws/install/cartographer/include/cartographer/metrics/histogram.h\n'}
[0.390559] (cartographer) StdoutLine: {'line': b'-- Up-to-date: /root/distr_slam_ws/install/cartographer/include/cartographer/metrics/register.h\n'}
[0.390597] (cartographer) StdoutLine: {'line': b'-- Up-to-date: /root/distr_slam_ws/install/cartographer/include/cartographer/sensor/collator_interface.h\n'}
[0.390631] (cartographer) StdoutLine: {'line': b'-- Up-to-date: /root/distr_slam_ws/install/cartographer/include/cartographer/sensor/compressed_point_cloud.h\n'}
[0.390666] (cartographer) StdoutLine: {'line': b'-- Up-to-date: /root/distr_slam_ws/install/cartographer/include/cartographer/sensor/data.h\n'}
[0.390708] (cartographer) StdoutLine: {'line': b'-- Up-to-date: /root/distr_slam_ws/install/cartographer/include/cartographer/sensor/fixed_frame_pose_data.h\n'}
[0.390743] (cartographer) StdoutLine: {'line': b'-- Up-to-date: /root/distr_slam_ws/install/cartographer/include/cartographer/sensor/imu_data.h\n'}
[0.390777] (cartographer) StdoutLine: {'line': b'-- Up-to-date: /root/distr_slam_ws/install/cartographer/include/cartographer/sensor/landmark_data.h\n'}
[0.390812] (cartographer) StdoutLine: {'line': b'-- Up-to-date: /root/distr_slam_ws/install/cartographer/include/cartographer/sensor/map_by_time.h\n'}
[0.390847] (cartographer) StdoutLine: {'line': b'-- Up-to-date: /root/distr_slam_ws/install/cartographer/include/cartographer/sensor/odometry_data.h\n'}
[0.390880] (cartographer) StdoutLine: {'line': b'-- Up-to-date: /root/distr_slam_ws/install/cartographer/include/cartographer/sensor/point_cloud.h\n'}
[0.390914] (cartographer) StdoutLine: {'line': b'-- Up-to-date: /root/distr_slam_ws/install/cartographer/include/cartographer/sensor/range_data.h\n'}
[0.390948] (cartographer) StdoutLine: {'line': b'-- Up-to-date: /root/distr_slam_ws/install/cartographer/include/cartographer/sensor/rangefinder_point.h\n'}
[0.390995] (cartographer) StdoutLine: {'line': b'-- Up-to-date: /root/distr_slam_ws/install/cartographer/include/cartographer/sensor/timed_point_cloud_data.h\n'}
[0.391063] (cartographer) StdoutLine: {'line': b'-- Up-to-date: /root/distr_slam_ws/install/cartographer/include/cartographer/transform/rigid_transform.h\n'}
[0.391101] (cartographer) StdoutLine: {'line': b'-- Up-to-date: /root/distr_slam_ws/install/cartographer/include/cartographer/transform/timestamped_transform.h\n'}
[0.391138] (cartographer) StdoutLine: {'line': b'-- Up-to-date: /root/distr_slam_ws/install/cartographer/include/cartographer/transform/transform.h\n'}
[0.391187] (cartographer) StdoutLine: {'line': b'-- Up-to-date: /root/distr_slam_ws/install/cartographer/include/cartographer/transform/transform_interpolation_buffer.h\n'}
[0.391230] (cartographer) StdoutLine: {'line': b'-- Up-to-date: /root/distr_slam_ws/install/cartographer/include/cartographer/io/fake_file_writer.h\n'}
[0.391264] (cartographer) StdoutLine: {'line': b'-- Up-to-date: /root/distr_slam_ws/install/cartographer/include/cartographer/transform/rigid_transform_test_helpers.h\n'}
[0.391298] (cartographer) StdoutLine: {'line': b'-- Up-to-date: /root/distr_slam_ws/install/cartographer/include/cartographer/common/proto/ceres_solver_options.pb.h\n'}
[0.391332] (cartographer) StdoutLine: {'line': b'-- Up-to-date: /root/distr_slam_ws/install/cartographer/include/cartographer/ground_truth/proto/relations.pb.h\n'}
[0.391366] (cartographer) StdoutLine: {'line': b'-- Up-to-date: /root/distr_slam_ws/install/cartographer/include/cartographer/mapping/proto/cell_limits_2d.pb.h\n'}
[0.391399] (cartographer) StdoutLine: {'line': b'-- Up-to-date: /root/distr_slam_ws/install/cartographer/include/cartographer/mapping/proto/connected_components.pb.h\n'}
[0.391432] (cartographer) StdoutLine: {'line': b'-- Up-to-date: /root/distr_slam_ws/install/cartographer/include/cartographer/mapping/proto/grid_2d.pb.h\n'}
[0.391465] (cartographer) StdoutLine: {'line': b'-- Up-to-date: /root/distr_slam_ws/install/cartographer/include/cartographer/mapping/proto/grid_2d_options.pb.h\n'}
[0.391499] (cartographer) StdoutLine: {'line': b'-- Up-to-date: /root/distr_slam_ws/install/cartographer/include/cartographer/mapping/proto/hybrid_grid.pb.h\n'}
[0.391535] (cartographer) StdoutLine: {'line': b'-- Up-to-date: /root/distr_slam_ws/install/cartographer/include/cartographer/mapping/proto/local_trajectory_builder_options_2d.pb.h\n'}
[0.391571] (cartographer) StdoutLine: {'line': b'-- Up-to-date: /root/distr_slam_ws/install/cartographer/include/cartographer/mapping/proto/local_trajectory_builder_options_3d.pb.h\n'}
[0.391606] (cartographer) StdoutLine: {'line': b'-- Up-to-date: /root/distr_slam_ws/install/cartographer/include/cartographer/mapping/proto/map_builder_options.pb.h\n'}
[0.391641] (cartographer) StdoutLine: {'line': b'-- Up-to-date: /root/distr_slam_ws/install/cartographer/include/cartographer/mapping/proto/map_limits.pb.h\n'}
[0.391676] (cartographer) StdoutLine: {'line': b'-- Up-to-date: /root/distr_slam_ws/install/cartographer/include/cartographer/mapping/proto/motion_filter_options.pb.h\n'}
[0.391820] (cartographer) StdoutLine: {'line': b'-- Up-to-date: /root/distr_slam_ws/install/cartographer/include/cartographer/mapping/proto/normal_estimation_options_2d.pb.h\n'}
[0.391879] (cartographer) StdoutLine: {'line': b'-- Up-to-date: /root/distr_slam_ws/install/cartographer/include/cartographer/mapping/proto/pose_extrapolator_options.pb.h\n'}
[0.391923] (cartographer) StdoutLine: {'line': b'-- Up-to-date: /root/distr_slam_ws/install/cartographer/include/cartographer/mapping/proto/pose_graph.pb.h\n'}
[0.391964] (cartographer) StdoutLine: {'line': b'-- Up-to-date: /root/distr_slam_ws/install/cartographer/include/cartographer/mapping/proto/pose_graph/constraint_builder_options.pb.h\n'}
[0.392002] (cartographer) StdoutLine: {'line': b'-- Up-to-date: /root/distr_slam_ws/install/cartographer/include/cartographer/mapping/proto/pose_graph/optimization_problem_options.pb.h\n'}
[0.392041] (cartographer) StdoutLine: {'line': b'-- Up-to-date: /root/distr_slam_ws/install/cartographer/include/cartographer/mapping/proto/pose_graph_options.pb.h\n'}
[0.392102] (cartographer) StdoutLine: {'line': b'-- Up-to-date: /root/distr_slam_ws/install/cartographer/include/cartographer/mapping/proto/probability_grid.pb.h\n'}
[0.392138] (cartographer) StdoutLine: {'line': b'-- Up-to-date: /root/distr_slam_ws/install/cartographer/include/cartographer/mapping/proto/probability_grid_range_data_inserter_options_2d.pb.h\n'}
[0.392174] (cartographer) StdoutLine: {'line': b'-- Up-to-date: /root/distr_slam_ws/install/cartographer/include/cartographer/mapping/proto/range_data_inserter_options.pb.h\n'}
[0.392210] (cartographer) StdoutLine: {'line': b'-- Up-to-date: /root/distr_slam_ws/install/cartographer/include/cartographer/mapping/proto/range_data_inserter_options_3d.pb.h\n'}
[0.392247] (cartographer) StdoutLine: {'line': b'-- Up-to-date: /root/distr_slam_ws/install/cartographer/include/cartographer/mapping/proto/scan_matching/ceres_scan_matcher_options_2d.pb.h\n'}
[0.392282] (cartographer) StdoutLine: {'line': b'-- Up-to-date: /root/distr_slam_ws/install/cartographer/include/cartographer/mapping/proto/scan_matching/ceres_scan_matcher_options_3d.pb.h\n'}
[0.392316] (cartographer) StdoutLine: {'line': b'-- Up-to-date: /root/distr_slam_ws/install/cartographer/include/cartographer/mapping/proto/scan_matching/fast_correlative_scan_matcher_options_2d.pb.h\n'}
[0.392353] (cartographer) StdoutLine: {'line': b'-- Up-to-date: /root/distr_slam_ws/install/cartographer/include/cartographer/mapping/proto/scan_matching/fast_correlative_scan_matcher_options_3d.pb.h\n'}
[0.392389] (cartographer) StdoutLine: {'line': b'-- Up-to-date: /root/distr_slam_ws/install/cartographer/include/cartographer/mapping/proto/scan_matching/real_time_correlative_scan_matcher_options.pb.h\n'}
[0.392425] (cartographer) StdoutLine: {'line': b'-- Up-to-date: /root/distr_slam_ws/install/cartographer/include/cartographer/mapping/proto/serialization.pb.h\n'}
[0.392463] (cartographer) StdoutLine: {'line': b'-- Up-to-date: /root/distr_slam_ws/install/cartographer/include/cartographer/mapping/proto/submap.pb.h\n'}
[0.392499] (cartographer) StdoutLine: {'line': b'-- Up-to-date: /root/distr_slam_ws/install/cartographer/include/cartographer/mapping/proto/submap_visualization.pb.h\n'}
[0.392534] (cartographer) StdoutLine: {'line': b'-- Up-to-date: /root/distr_slam_ws/install/cartographer/include/cartographer/mapping/proto/submaps_options_2d.pb.h\n'}
[0.392570] (cartographer) StdoutLine: {'line': b'-- Up-to-date: /root/distr_slam_ws/install/cartographer/include/cartographer/mapping/proto/submaps_options_3d.pb.h\n'}
[0.392607] (cartographer) StdoutLine: {'line': b'-- Up-to-date: /root/distr_slam_ws/install/cartographer/include/cartographer/mapping/proto/trajectory.pb.h\n'}
[0.392643] (cartographer) StdoutLine: {'line': b'-- Up-to-date: /root/distr_slam_ws/install/cartographer/include/cartographer/mapping/proto/trajectory_builder_options.pb.h\n'}
[0.392678] (cartographer) StdoutLine: {'line': b'-- Up-to-date: /root/distr_slam_ws/install/cartographer/include/cartographer/mapping/proto/trajectory_node_data.pb.h\n'}
[0.392721] (cartographer) StdoutLine: {'line': b'-- Up-to-date: /root/distr_slam_ws/install/cartographer/include/cartographer/mapping/proto/tsdf_2d.pb.h\n'}
[0.392761] (cartographer) StdoutLine: {'line': b'-- Up-to-date: /root/distr_slam_ws/install/cartographer/include/cartographer/mapping/proto/tsdf_range_data_inserter_options_2d.pb.h\n'}
[0.392801] (cartographer) StdoutLine: {'line': b'-- Up-to-date: /root/distr_slam_ws/install/cartographer/include/cartographer/sensor/proto/adaptive_voxel_filter_options.pb.h\n'}
[0.392841] (cartographer) StdoutLine: {'line': b'-- Up-to-date: /root/distr_slam_ws/install/cartographer/include/cartographer/sensor/proto/sensor.pb.h\n'}
[0.392880] (cartographer) StdoutLine: {'line': b'-- Up-to-date: /root/distr_slam_ws/install/cartographer/include/cartographer/transform/proto/timestamped_transform.pb.h\n'}
[0.392922] (cartographer) StdoutLine: {'line': b'-- Up-to-date: /root/distr_slam_ws/install/cartographer/include/cartographer/transform/proto/transform.pb.h\n'}
[0.392963] (cartographer) StdoutLine: {'line': b'-- Up-to-date: /root/distr_slam_ws/install/cartographer/share/cartographer/cmake/CartographerTargets.cmake\n'}
[0.393004] (cartographer) StdoutLine: {'line': b'-- Up-to-date: /root/distr_slam_ws/install/cartographer/share/cartographer/cmake/CartographerTargets-release.cmake\n'}
[0.393044] (cartographer) StdoutLine: {'line': b'-- Up-to-date: /root/distr_slam_ws/install/cartographer/share/cartographer/cartographer-config.cmake\n'}
[0.393324] (cartographer) CommandEnded: {'returncode': 0}
[0.400068] (-) TimerEvent: {}
[0.407616] (cartographer) JobEnded: {'identifier': 'cartographer', 'rc': 0}
[0.408150] (cartographer_ros) JobStarted: {'identifier': 'cartographer_ros'}
[0.416547] (cartographer_ros) JobProgress: {'identifier': 'cartographer_ros', 'progress': 'cmake'}
[0.417175] (cartographer_ros) JobProgress: {'identifier': 'cartographer_ros', 'progress': 'build'}
[0.417582] (cartographer_ros) Command: {'cmd': ['/usr/bin/cmake', '--build', '/root/distr_slam_ws/build/cartographer_ros', '--', '-j24', '-l24'], 'cwd': '/root/distr_slam_ws/build/cartographer_ros', 'env': OrderedDict({'HOSTNAME': 'doraemon', 'SHLVL': '1', 'LIBGL_ALWAYS_SOFTWARE': '1', 'LD_LIBRARY_PATH': '/root/distr_slam_ws/install/cartographer_ros_msgs/lib:/opt/ros/jazzy/opt/rviz_ogre_vendor/lib:/opt/ros/jazzy/lib/x86_64-linux-gnu:/opt/ros/jazzy/opt/gz_math_vendor/lib:/opt/ros/jazzy/opt/gz_utils_vendor/lib:/opt/ros/jazzy/opt/gz_cmake_vendor/lib:/opt/ros/jazzy/lib', 'HOME': '/root', 'OLDPWD': '/root/distr_slam_ws/build', 'ROS_PYTHON_VERSION': '3', 'ROS_DISTRO': 'jazzy', '_': '/usr/bin/colcon', 'ROS_VERSION': '2', 'PKG_CONFIG_PATH': '/root/distr_slam_ws/install/cartographer/lib/x86_64-linux-gnu/pkgconfig:/root/distr_slam_ws/install/cartographer/lib/pkgconfig', 'TERM': 'xterm', 'ROS_LOCALHOST_ONLY': '1', 'QT_X11_NO_MITSHM': '1', 'PATH': '/root/distr_slam_ws/install/cartographer/bin:/opt/ros/jazzy/bin:/usr/local/sbin:/usr/local/bin:/usr/sbin:/usr/bin:/sbin:/bin', 'DISPLAY': 'localhost:10.0', 'LANG': 'en_US.UTF-8', 'LS_COLORS': 'rs=0:di=01;34:ln=01;36:mh=00:pi=40;33:so=01;35:do=01;35:bd=40;33;01:cd=40;33;01:or=40;31;01:mi=00:su=37;41:sg=30;43:ca=00:tw=30;42:ow=34;42:st=37;44:ex=01;32:*.tar=01;31:*.tgz=01;31:*.arc=01;31:*.arj=01;31:*.taz=01;31:*.lha=01;31:*.lz4=01;31:*.lzh=01;31:*.lzma=01;31:*.tlz=01;31:*.txz=01;31:*.tzo=01;31:*.t7z=01;31:*.zip=01;31:*.z=01;31:*.dz=01;31:*.gz=01;31:*.lrz=01;31:*.lz=01;31:*.lzo=01;31:*.xz=01;31:*.zst=01;31:*.tzst=01;31:*.bz2=01;31:*.bz=01;31:*.tbz=01;31:*.tbz2=01;31:*.tz=01;31:*.deb=01;31:*.rpm=01;31:*.jar=01;31:*.war=01;31:*.ear=01;31:*.sar=01;31:*.rar=01;31:*.alz=01;31:*.ace=01;31:*.zoo=01;31:*.cpio=01;31:*.7z=01;31:*.rz=01;31:*.cab=01;31:*.wim=01;31:*.swm=01;31:*.dwm=01;31:*.esd=01;31:*.avif=01;35:*.jpg=01;35:*.jpeg=01;35:*.mjpg=01;35:*.mjpeg=01;35:*.gif=01;35:*.bmp=01;35:*.pbm=01;35:*.pgm=01;35:*.ppm=01;35:*.tga=01;35:*.xbm=01;35:*.xpm=01;35:*.tif=01;35:*.tiff=01;35:*.png=01;35:*.svg=01;35:*.svgz=01;35:*.mng=01;35:*.pcx=01;35:*.mov=01;35:*.mpg=01;35:*.mpeg=01;35:*.m2v=01;35:*.mkv=01;35:*.webm=01;35:*.webp=01;35:*.ogm=01;35:*.mp4=01;35:*.m4v=01;35:*.mp4v=01;35:*.vob=01;35:*.qt=01;35:*.nuv=01;35:*.wmv=01;35:*.asf=01;35:*.rm=01;35:*.rmvb=01;35:*.flc=01;35:*.avi=01;35:*.fli=01;35:*.flv=01;35:*.gl=01;35:*.dl=01;35:*.xcf=01;35:*.xwd=01;35:*.yuv=01;35:*.cgm=01;35:*.emf=01;35:*.ogv=01;35:*.ogx=01;35:*.aac=00;36:*.au=00;36:*.flac=00;36:*.m4a=00;36:*.mid=00;36:*.midi=00;36:*.mka=00;36:*.mp3=00;36:*.mpc=00;36:*.ogg=00;36:*.ra=00;36:*.wav=00;36:*.oga=00;36:*.opus=00;36:*.spx=00;36:*.xspf=00;36:*~=00;90:*#=00;90:*.bak=00;90:*.crdownload=00;90:*.dpkg-dist=00;90:*.dpkg-new=00;90:*.dpkg-old=00;90:*.dpkg-tmp=00;90:*.old=00;90:*.orig=00;90:*.part=00;90:*.rej=00;90:*.rpmnew=00;90:*.rpmorig=00;90:*.rpmsave=00;90:*.swp=00;90:*.tmp=00;90:*.ucf-dist=00;90:*.ucf-new=00;90:*.ucf-old=00;90:', 'AMENT_PREFIX_PATH': '/root/distr_slam_ws/install/cartographer_ros_msgs:/opt/ros/jazzy', 'DEBIAN_FRONTEND': 'noninteractive', 'ROS_AUTOMATIC_DISCOVERY_RANGE': 'SUBNET', 'PWD': '/root/distr_slam_ws/build/cartographer_ros', 'TURTLEBOT3_MODEL': 'burger', 'LC_ALL': 'en_US.UTF-8', 'PYTHONPATH': '/root/distr_slam_ws/install/cartographer_ros_msgs/lib/python3.12/site-packages:/opt/ros/jazzy/lib/python3.12/site-packages', 'COLCON': '1', 'CMAKE_PREFIX_PATH': '/root/distr_slam_ws/install/cartographer_ros_msgs:/root/distr_slam_ws/install/cartographer:/opt/ros/jazzy/opt/gz_math_vendor:/opt/ros/jazzy/opt/gz_utils_vendor:/opt/ros/jazzy/opt/gz_cmake_vendor:/opt/ros/jazzy'}), 'shell': False}
[0.500170] (-) TimerEvent: {}
[0.555008] (cartographer_ros) StdoutLine: {'line': b'[  2%] \x1b[32mBuilding CXX object CMakeFiles/cartographer_ros.dir/src/node.cpp.o\x1b[0m\n'}
[0.600289] (-) TimerEvent: {}
[0.700514] (-) TimerEvent: {}
[0.800809] (-) TimerEvent: {}
[0.901087] (-) TimerEvent: {}
[1.001372] (-) TimerEvent: {}
[1.101681] (-) TimerEvent: {}
[1.202018] (-) TimerEvent: {}
[1.302304] (-) TimerEvent: {}
[1.402597] (-) TimerEvent: {}
[1.502872] (-) TimerEvent: {}
[1.603169] (-) TimerEvent: {}
[1.703466] (-) TimerEvent: {}
[1.803772] (-) TimerEvent: {}
[1.904058] (-) TimerEvent: {}
[2.004363] (-) TimerEvent: {}
[2.104654] (-) TimerEvent: {}
[2.204978] (-) TimerEvent: {}
[2.305273] (-) TimerEvent: {}
[2.405572] (-) TimerEvent: {}
[2.505898] (-) TimerEvent: {}
[2.606222] (-) TimerEvent: {}
[2.706519] (-) TimerEvent: {}
[2.806835] (-) TimerEvent: {}
[2.907131] (-) TimerEvent: {}
[3.007430] (-) TimerEvent: {}
[3.107742] (-) TimerEvent: {}
[3.208043] (-) TimerEvent: {}
[3.308355] (-) TimerEvent: {}
[3.408690] (-) TimerEvent: {}
[3.509025] (-) TimerEvent: {}
[3.609313] (-) TimerEvent: {}
[3.709645] (-) TimerEvent: {}
[3.809974] (-) TimerEvent: {}
[3.910293] (-) TimerEvent: {}
[4.010606] (-) TimerEvent: {}
[4.110933] (-) TimerEvent: {}
[4.211234] (-) TimerEvent: {}
[4.311578] (-) TimerEvent: {}
[4.411927] (-) TimerEvent: {}
[4.512263] (-) TimerEvent: {}
[4.612582] (-) TimerEvent: {}
[4.712901] (-) TimerEvent: {}
[4.813221] (-) TimerEvent: {}
[4.913552] (-) TimerEvent: {}
[5.013904] (-) TimerEvent: {}
[5.114228] (-) TimerEvent: {}
[5.214561] (-) TimerEvent: {}
[5.314907] (-) TimerEvent: {}
[5.415215] (-) TimerEvent: {}
[5.515521] (-) TimerEvent: {}
[5.615834] (-) TimerEvent: {}
[5.716124] (-) TimerEvent: {}
[5.816421] (-) TimerEvent: {}
[5.916771] (-) TimerEvent: {}
[6.017083] (-) TimerEvent: {}
[6.117402] (-) TimerEvent: {}
[6.217721] (-) TimerEvent: {}
[6.318080] (-) TimerEvent: {}
[6.418364] (-) TimerEvent: {}
[6.518652] (-) TimerEvent: {}
[6.618964] (-) TimerEvent: {}
[6.719252] (-) TimerEvent: {}
[6.819541] (-) TimerEvent: {}
[6.919850] (-) TimerEvent: {}
[7.020156] (-) TimerEvent: {}
[7.120441] (-) TimerEvent: {}
[7.220724] (-) TimerEvent: {}
[7.321037] (-) TimerEvent: {}
[7.421282] (-) TimerEvent: {}
[7.521582] (-) TimerEvent: {}
[7.621899] (-) TimerEvent: {}
[7.722209] (-) TimerEvent: {}
[7.822513] (-) TimerEvent: {}
[7.922831] (-) TimerEvent: {}
[8.023105] (-) TimerEvent: {}
[8.123407] (-) TimerEvent: {}
[8.223809] (-) TimerEvent: {}
[8.324112] (-) TimerEvent: {}
[8.424426] (-) TimerEvent: {}
[8.524748] (-) TimerEvent: {}
[8.625053] (-) TimerEvent: {}
[8.725349] (-) TimerEvent: {}
[8.825651] (-) TimerEvent: {}
[8.925979] (-) TimerEvent: {}
[9.026277] (-) TimerEvent: {}
[9.126606] (-) TimerEvent: {}
[9.226964] (-) TimerEvent: {}
[9.327253] (-) TimerEvent: {}
[9.427551] (-) TimerEvent: {}
[9.527829] (-) TimerEvent: {}
[9.628122] (-) TimerEvent: {}
[9.728424] (-) TimerEvent: {}
[9.828727] (-) TimerEvent: {}
[9.929012] (-) TimerEvent: {}
[10.029295] (-) TimerEvent: {}
[10.129578] (-) TimerEvent: {}
[10.229934] (-) TimerEvent: {}
[10.330317] (-) TimerEvent: {}
[10.430648] (-) TimerEvent: {}
[10.530986] (-) TimerEvent: {}
[10.631280] (-) TimerEvent: {}
[10.731592] (-) TimerEvent: {}
[10.831917] (-) TimerEvent: {}
[10.932258] (-) TimerEvent: {}
[11.032591] (-) TimerEvent: {}
[11.132923] (-) TimerEvent: {}
[11.233236] (-) TimerEvent: {}
[11.333578] (-) TimerEvent: {}
[11.434006] (-) TimerEvent: {}
[11.534377] (-) TimerEvent: {}
[11.634843] (-) TimerEvent: {}
[11.735179] (-) TimerEvent: {}
[11.835461] (-) TimerEvent: {}
[11.935751] (-) TimerEvent: {}
[12.036019] (-) TimerEvent: {}
[12.136293] (-) TimerEvent: {}
[12.236573] (-) TimerEvent: {}
[12.336857] (-) TimerEvent: {}
[12.437126] (-) TimerEvent: {}
[12.537395] (-) TimerEvent: {}
[12.637661] (-) TimerEvent: {}
[12.737956] (-) TimerEvent: {}
[12.838230] (-) TimerEvent: {}
[12.938503] (-) TimerEvent: {}
[13.038783] (-) TimerEvent: {}
[13.139055] (-) TimerEvent: {}
[13.239327] (-) TimerEvent: {}
[13.339586] (-) TimerEvent: {}
[13.439858] (-) TimerEvent: {}
[13.540122] (-) TimerEvent: {}
[13.640386] (-) TimerEvent: {}
[13.740645] (-) TimerEvent: {}
[13.840950] (-) TimerEvent: {}
[13.941208] (-) TimerEvent: {}
[14.041471] (-) TimerEvent: {}
[14.141739] (-) TimerEvent: {}
[14.242008] (-) TimerEvent: {}
[14.342281] (-) TimerEvent: {}
[14.442543] (-) TimerEvent: {}
[14.542759] (-) TimerEvent: {}
[14.643038] (-) TimerEvent: {}
[14.743299] (-) TimerEvent: {}
[14.843568] (-) TimerEvent: {}
[14.943840] (-) TimerEvent: {}
[15.044064] (-) TimerEvent: {}
[15.144333] (-) TimerEvent: {}
[15.244598] (-) TimerEvent: {}
[15.344894] (-) TimerEvent: {}
[15.445159] (-) TimerEvent: {}
[15.545416] (-) TimerEvent: {}
[15.645692] (-) TimerEvent: {}
[15.745965] (-) TimerEvent: {}
[15.846238] (-) TimerEvent: {}
[15.946507] (-) TimerEvent: {}
[16.046804] (-) TimerEvent: {}
[16.147080] (-) TimerEvent: {}
[16.247375] (-) TimerEvent: {}
[16.347689] (-) TimerEvent: {}
[16.447980] (-) TimerEvent: {}
[16.548251] (-) TimerEvent: {}
[16.648533] (-) TimerEvent: {}
[16.748810] (-) TimerEvent: {}
[16.849105] (-) TimerEvent: {}
[16.949365] (-) TimerEvent: {}
[17.049643] (-) TimerEvent: {}
[17.150023] (-) TimerEvent: {}
[17.250285] (-) TimerEvent: {}
[17.350571] (-) TimerEvent: {}
[17.450867] (-) TimerEvent: {}
[17.551153] (-) TimerEvent: {}
[17.651419] (-) TimerEvent: {}
[17.751690] (-) TimerEvent: {}
[17.852002] (-) TimerEvent: {}
[17.952297] (-) TimerEvent: {}
[18.052588] (-) TimerEvent: {}
[18.152966] (-) TimerEvent: {}
[18.253239] (-) TimerEvent: {}
[18.353527] (-) TimerEvent: {}
[18.453832] (-) TimerEvent: {}
[18.554143] (-) TimerEvent: {}
[18.654425] (-) TimerEvent: {}
[18.754742] (-) TimerEvent: {}
[18.855090] (-) TimerEvent: {}
[18.955408] (-) TimerEvent: {}
[19.055735] (-) TimerEvent: {}
[19.156022] (-) TimerEvent: {}
[19.256373] (-) TimerEvent: {}
[19.356725] (-) TimerEvent: {}
[19.457059] (-) TimerEvent: {}
[19.463306] (cartographer_ros) StdoutLine: {'line': b'[  5%] \x1b[32m\x1b[1mLinking CXX shared library libcartographer_ros.so\x1b[0m\n'}
[19.557211] (-) TimerEvent: {}
[19.657527] (-) TimerEvent: {}
[19.757847] (-) TimerEvent: {}
[19.858195] (-) TimerEvent: {}
[19.958570] (-) TimerEvent: {}
[20.058947] (-) TimerEvent: {}
[20.159320] (-) TimerEvent: {}
[20.259735] (-) TimerEvent: {}
[20.360039] (-) TimerEvent: {}
[20.460418] (-) TimerEvent: {}
[20.560837] (-) TimerEvent: {}
[20.661149] (-) TimerEvent: {}
[20.761467] (-) TimerEvent: {}
[20.861806] (-) TimerEvent: {}
[20.962071] (-) TimerEvent: {}
[21.062334] (-) TimerEvent: {}
[21.070418] (cartographer_ros) StdoutLine: {'line': b'[ 60%] Built target cartographer_ros\n'}
[21.082750] (cartographer_ros) StdoutLine: {'line': b'[ 65%] \x1b[32mBuilding CXX object CMakeFiles/cartographer_rosbag_validate.dir/src/rosbag_validate_main.cpp.o\x1b[0m\n'}
[21.082913] (cartographer_ros) StdoutLine: {'line': b'[ 65%] \x1b[32mBuilding CXX object CMakeFiles/cartographer_pbstream_map_publisher.dir/src/pbstream_map_publisher_main.cpp.o\x1b[0m\n'}
[21.083674] (cartographer_ros) StdoutLine: {'line': b'[ 68%] \x1b[32mBuilding CXX object CMakeFiles/cartographer_occupancy_grid_node.dir/src/occupancy_grid_node_main.cpp.o\x1b[0m\n'}
[21.084625] (cartographer_ros) StdoutLine: {'line': b'[ 71%] \x1b[32mBuilding CXX object CMakeFiles/cartographer_node.dir/src/node_main.cpp.o\x1b[0m\n'}
[21.084947] (cartographer_ros) StdoutLine: {'line': b'[ 74%] \x1b[32mBuilding CXX object CMakeFiles/cartographer_pbstream_to_ros_map.dir/src/pbstream_to_ros_map_main.cpp.o\x1b[0m\n'}
[21.086315] (cartographer_ros) StdoutLine: {'line': b'[ 77%] \x1b[32mBuilding CXX object CMakeFiles/cartographer_offline_node.dir/src/offline_node_main.cpp.o\x1b[0m\n'}
[21.087097] (cartographer_ros) StdoutLine: {'line': b'[ 80%] \x1b[32mBuilding CXX object CMakeFiles/cartographer_assets_writer.dir/src/assets_writer_main.cpp.o\x1b[0m\n'}
[21.162536] (-) TimerEvent: {}
[21.262941] (-) TimerEvent: {}
[21.363360] (-) TimerEvent: {}
[21.463834] (-) TimerEvent: {}
[21.564357] (-) TimerEvent: {}
[21.664914] (-) TimerEvent: {}
[21.765497] (-) TimerEvent: {}
[21.866100] (-) TimerEvent: {}
[21.966772] (-) TimerEvent: {}
[22.067271] (-) TimerEvent: {}
[22.167854] (-) TimerEvent: {}
[22.268325] (-) TimerEvent: {}
[22.368798] (-) TimerEvent: {}
[22.469278] (-) TimerEvent: {}
[22.569789] (-) TimerEvent: {}
[22.670229] (-) TimerEvent: {}
[22.770753] (-) TimerEvent: {}
[22.871306] (-) TimerEvent: {}
[22.971806] (-) TimerEvent: {}
[23.072263] (-) TimerEvent: {}
[23.172740] (-) TimerEvent: {}
[23.273215] (-) TimerEvent: {}
[23.373739] (-) TimerEvent: {}
[23.474207] (-) TimerEvent: {}
[23.574711] (-) TimerEvent: {}
[23.675143] (-) TimerEvent: {}
[23.775679] (-) TimerEvent: {}
[23.876229] (-) TimerEvent: {}
[23.976817] (-) TimerEvent: {}
[24.077386] (-) TimerEvent: {}
[24.177950] (-) TimerEvent: {}
[24.278522] (-) TimerEvent: {}
[24.379082] (-) TimerEvent: {}
[24.479563] (-) TimerEvent: {}
[24.580120] (-) TimerEvent: {}
[24.680619] (-) TimerEvent: {}
[24.781129] (-) TimerEvent: {}
[24.881634] (-) TimerEvent: {}
[24.982134] (-) TimerEvent: {}
[25.082625] (-) TimerEvent: {}
[25.183151] (-) TimerEvent: {}
[25.283624] (-) TimerEvent: {}
[25.384166] (-) TimerEvent: {}
[25.484717] (-) TimerEvent: {}
[25.506853] (cartographer_ros) StdoutLine: {'line': b'[ 82%] \x1b[32m\x1b[1mLinking CXX executable cartographer_offline_node\x1b[0m\n'}
[25.584955] (-) TimerEvent: {}
[25.685610] (-) TimerEvent: {}
[25.786300] (-) TimerEvent: {}
[25.817034] (cartographer_ros) StdoutLine: {'line': b'[ 85%] \x1b[32m\x1b[1mLinking CXX executable cartographer_pbstream_to_ros_map\x1b[0m\n'}
[25.886504] (-) TimerEvent: {}
[25.987090] (-) TimerEvent: {}
[26.087811] (-) TimerEvent: {}
[26.188532] (-) TimerEvent: {}
[26.289210] (-) TimerEvent: {}
[26.389863] (-) TimerEvent: {}
[26.490469] (-) TimerEvent: {}
[26.500617] (cartographer_ros) StdoutLine: {'line': b'[ 88%] \x1b[32m\x1b[1mLinking CXX executable cartographer_assets_writer\x1b[0m\n'}
[26.590764] (-) TimerEvent: {}
[26.691474] (-) TimerEvent: {}
[26.792256] (-) TimerEvent: {}
[26.892899] (-) TimerEvent: {}
[26.993720] (-) TimerEvent: {}
[27.094538] (-) TimerEvent: {}
[27.140792] (cartographer_ros) StdoutLine: {'line': b'[ 91%] \x1b[32m\x1b[1mLinking CXX executable cartographer_pbstream_map_publisher\x1b[0m\n'}
[27.194795] (-) TimerEvent: {}
[27.295620] (-) TimerEvent: {}
[27.396546] (-) TimerEvent: {}
[27.497523] (-) TimerEvent: {}
[27.598575] (-) TimerEvent: {}
[27.699572] (-) TimerEvent: {}
[27.800577] (-) TimerEvent: {}
[27.901599] (-) TimerEvent: {}
[28.002596] (-) TimerEvent: {}
[28.103469] (-) TimerEvent: {}
[28.204351] (-) TimerEvent: {}
[28.305441] (-) TimerEvent: {}
[28.406370] (-) TimerEvent: {}
[28.507138] (-) TimerEvent: {}
[28.608023] (-) TimerEvent: {}
[28.708926] (-) TimerEvent: {}
[28.809756] (-) TimerEvent: {}
[28.910656] (-) TimerEvent: {}
[29.011583] (-) TimerEvent: {}
[29.112561] (-) TimerEvent: {}
[29.213439] (-) TimerEvent: {}
[29.314250] (-) TimerEvent: {}
[29.316566] (cartographer_ros) StdoutLine: {'line': b'[ 91%] Built target cartographer_offline_node\n'}
[29.414548] (-) TimerEvent: {}
[29.515243] (-) TimerEvent: {}
[29.615971] (-) TimerEvent: {}
[29.633419] (cartographer_ros) StdoutLine: {'line': b'[ 94%] \x1b[32m\x1b[1mLinking CXX executable cartographer_node\x1b[0m\n'}
[29.704119] (cartographer_ros) StdoutLine: {'line': b'[ 94%] Built target cartographer_pbstream_to_ros_map\n'}
[29.716060] (-) TimerEvent: {}
[29.816544] (-) TimerEvent: {}
[29.917366] (-) TimerEvent: {}
[30.018147] (-) TimerEvent: {}
[30.118878] (-) TimerEvent: {}
[30.219726] (-) TimerEvent: {}
[30.320495] (-) TimerEvent: {}
[30.421219] (-) TimerEvent: {}
[30.458317] (cartographer_ros) StdoutLine: {'line': b'[ 94%] Built target cartographer_assets_writer\n'}
[30.521461] (-) TimerEvent: {}
[30.621973] (-) TimerEvent: {}
[30.722549] (-) TimerEvent: {}
[30.765978] (cartographer_ros) StdoutLine: {'line': b'[ 94%] Built target cartographer_pbstream_map_publisher\n'}
[30.822615] (-) TimerEvent: {}
[30.922943] (-) TimerEvent: {}
[31.023288] (-) TimerEvent: {}
[31.097908] (cartographer_ros) StdoutLine: {'line': b'[ 97%] \x1b[32m\x1b[1mLinking CXX executable cartographer_rosbag_validate\x1b[0m\n'}
[31.123503] (-) TimerEvent: {}
[31.224007] (-) TimerEvent: {}
[31.324571] (-) TimerEvent: {}
[31.425074] (-) TimerEvent: {}
[31.510937] (cartographer_ros) StdoutLine: {'line': b'[ 97%] Built target cartographer_node\n'}
[31.525246] (-) TimerEvent: {}
[31.625633] (-) TimerEvent: {}
[31.726040] (-) TimerEvent: {}
[31.826438] (-) TimerEvent: {}
[31.926818] (-) TimerEvent: {}
[32.027208] (-) TimerEvent: {}
[32.092465] (cartographer_ros) StdoutLine: {'line': b'[ 97%] Built target cartographer_rosbag_validate\n'}
[32.127274] (-) TimerEvent: {}
[32.227566] (-) TimerEvent: {}
[32.327941] (-) TimerEvent: {}
[32.428329] (-) TimerEvent: {}
[32.483219] (cartographer_ros) StdoutLine: {'line': b'[100%] \x1b[32m\x1b[1mLinking CXX executable cartographer_occupancy_grid_node\x1b[0m\n'}
[32.528507] (-) TimerEvent: {}
[32.628897] (-) TimerEvent: {}
[32.729281] (-) TimerEvent: {}
[32.829702] (-) TimerEvent: {}
[32.930207] (-) TimerEvent: {}
[33.030564] (-) TimerEvent: {}
[33.130913] (-) TimerEvent: {}
[33.231270] (-) TimerEvent: {}
[33.331617] (-) TimerEvent: {}
[33.406254] (cartographer_ros) StdoutLine: {'line': b'[100%] Built target cartographer_occupancy_grid_node\n'}
[33.415278] (cartographer_ros) CommandEnded: {'returncode': 0}
[33.415728] (cartographer_ros) JobProgress: {'identifier': 'cartographer_ros', 'progress': 'install'}
[33.415918] (cartographer_ros) Command: {'cmd': ['/usr/bin/cmake', '--install', '/root/distr_slam_ws/build/cartographer_ros'], 'cwd': '/root/distr_slam_ws/build/cartographer_ros', 'env': OrderedDict({'HOSTNAME': 'doraemon', 'SHLVL': '1', 'LIBGL_ALWAYS_SOFTWARE': '1', 'LD_LIBRARY_PATH': '/root/distr_slam_ws/install/cartographer_ros_msgs/lib:/opt/ros/jazzy/opt/rviz_ogre_vendor/lib:/opt/ros/jazzy/lib/x86_64-linux-gnu:/opt/ros/jazzy/opt/gz_math_vendor/lib:/opt/ros/jazzy/opt/gz_utils_vendor/lib:/opt/ros/jazzy/opt/gz_cmake_vendor/lib:/opt/ros/jazzy/lib', 'HOME': '/root', 'OLDPWD': '/root/distr_slam_ws/build', 'ROS_PYTHON_VERSION': '3', 'ROS_DISTRO': 'jazzy', '_': '/usr/bin/colcon', 'ROS_VERSION': '2', 'PKG_CONFIG_PATH': '/root/distr_slam_ws/install/cartographer/lib/x86_64-linux-gnu/pkgconfig:/root/distr_slam_ws/install/cartographer/lib/pkgconfig', 'TERM': 'xterm', 'ROS_LOCALHOST_ONLY': '1', 'QT_X11_NO_MITSHM': '1', 'PATH': '/root/distr_slam_ws/install/cartographer/bin:/opt/ros/jazzy/bin:/usr/local/sbin:/usr/local/bin:/usr/sbin:/usr/bin:/sbin:/bin', 'DISPLAY': 'localhost:10.0', 'LANG': 'en_US.UTF-8', 'LS_COLORS': 'rs=0:di=01;34:ln=01;36:mh=00:pi=40;33:so=01;35:do=01;35:bd=40;33;01:cd=40;33;01:or=40;31;01:mi=00:su=37;41:sg=30;43:ca=00:tw=30;42:ow=34;42:st=37;44:ex=01;32:*.tar=01;31:*.tgz=01;31:*.arc=01;31:*.arj=01;31:*.taz=01;31:*.lha=01;31:*.lz4=01;31:*.lzh=01;31:*.lzma=01;31:*.tlz=01;31:*.txz=01;31:*.tzo=01;31:*.t7z=01;31:*.zip=01;31:*.z=01;31:*.dz=01;31:*.gz=01;31:*.lrz=01;31:*.lz=01;31:*.lzo=01;31:*.xz=01;31:*.zst=01;31:*.tzst=01;31:*.bz2=01;31:*.bz=01;31:*.tbz=01;31:*.tbz2=01;31:*.tz=01;31:*.deb=01;31:*.rpm=01;31:*.jar=01;31:*.war=01;31:*.ear=01;31:*.sar=01;31:*.rar=01;31:*.alz=01;31:*.ace=01;31:*.zoo=01;31:*.cpio=01;31:*.7z=01;31:*.rz=01;31:*.cab=01;31:*.wim=01;31:*.swm=01;31:*.dwm=01;31:*.esd=01;31:*.avif=01;35:*.jpg=01;35:*.jpeg=01;35:*.mjpg=01;35:*.mjpeg=01;35:*.gif=01;35:*.bmp=01;35:*.pbm=01;35:*.pgm=01;35:*.ppm=01;35:*.tga=01;35:*.xbm=01;35:*.xpm=01;35:*.tif=01;35:*.tiff=01;35:*.png=01;35:*.svg=01;35:*.svgz=01;35:*.mng=01;35:*.pcx=01;35:*.mov=01;35:*.mpg=01;35:*.mpeg=01;35:*.m2v=01;35:*.mkv=01;35:*.webm=01;35:*.webp=01;35:*.ogm=01;35:*.mp4=01;35:*.m4v=01;35:*.mp4v=01;35:*.vob=01;35:*.qt=01;35:*.nuv=01;35:*.wmv=01;35:*.asf=01;35:*.rm=01;35:*.rmvb=01;35:*.flc=01;35:*.avi=01;35:*.fli=01;35:*.flv=01;35:*.gl=01;35:*.dl=01;35:*.xcf=01;35:*.xwd=01;35:*.yuv=01;35:*.cgm=01;35:*.emf=01;35:*.ogv=01;35:*.ogx=01;35:*.aac=00;36:*.au=00;36:*.flac=00;36:*.m4a=00;36:*.mid=00;36:*.midi=00;36:*.mka=00;36:*.mp3=00;36:*.mpc=00;36:*.ogg=00;36:*.ra=00;36:*.wav=00;36:*.oga=00;36:*.opus=00;36:*.spx=00;36:*.xspf=00;36:*~=00;90:*#=00;90:*.bak=00;90:*.crdownload=00;90:*.dpkg-dist=00;90:*.dpkg-new=00;90:*.dpkg-old=00;90:*.dpkg-tmp=00;90:*.old=00;90:*.orig=00;90:*.part=00;90:*.rej=00;90:*.rpmnew=00;90:*.rpmorig=00;90:*.rpmsave=00;90:*.swp=00;90:*.tmp=00;90:*.ucf-dist=00;90:*.ucf-new=00;90:*.ucf-old=00;90:', 'AMENT_PREFIX_PATH': '/root/distr_slam_ws/install/cartographer_ros_msgs:/opt/ros/jazzy', 'DEBIAN_FRONTEND': 'noninteractive', 'ROS_AUTOMATIC_DISCOVERY_RANGE': 'SUBNET', 'PWD': '/root/distr_slam_ws/build/cartographer_ros', 'TURTLEBOT3_MODEL': 'burger', 'LC_ALL': 'en_US.UTF-8', 'PYTHONPATH': '/root/distr_slam_ws/install/cartographer_ros_msgs/lib/python3.12/site-packages:/opt/ros/jazzy/lib/python3.12/site-packages', 'COLCON': '1', 'CMAKE_PREFIX_PATH': '/root/distr_slam_ws/install/cartographer_ros_msgs:/root/distr_slam_ws/install/cartographer:/opt/ros/jazzy/opt/gz_math_vendor:/opt/ros/jazzy/opt/gz_utils_vendor:/opt/ros/jazzy/opt/gz_cmake_vendor:/opt/ros/jazzy'}), 'shell': False}
[33.423909] (cartographer_ros) StdoutLine: {'line': b'-- Install configuration: ""\n'}
[33.424043] (cartographer_ros) StdoutLine: {'line': b'-- Installing: /root/distr_slam_ws/install/cartographer_ros/lib/libcartographer_ros.so\n'}
[33.431664] (-) TimerEvent: {}
[33.447608] (cartographer_ros) StdoutLine: {'line': b'-- Set non-toolchain portion of runtime path of "/root/distr_slam_ws/install/cartographer_ros/lib/libcartographer_ros.so" to ""\n'}
[33.447935] (cartographer_ros) StdoutLine: {'line': b'-- Installing: /root/distr_slam_ws/install/cartographer_ros/lib/cartographer_ros/cartographer_node\n'}
[33.448639] (cartographer_ros) StdoutLine: {'line': b'-- Set non-toolchain portion of runtime path of "/root/distr_slam_ws/install/cartographer_ros/lib/cartographer_ros/cartographer_node" to ""\n'}
[33.448793] (cartographer_ros) StdoutLine: {'line': b'-- Installing: /root/distr_slam_ws/install/cartographer_ros/lib/cartographer_ros/cartographer_occupancy_grid_node\n'}
[33.451814] (cartographer_ros) StdoutLine: {'line': b'-- Set non-toolchain portion of runtime path of "/root/distr_slam_ws/install/cartographer_ros/lib/cartographer_ros/cartographer_occupancy_grid_node" to ""\n'}
[33.451874] (cartographer_ros) StdoutLine: {'line': b'-- Installing: /root/distr_slam_ws/install/cartographer_ros/lib/cartographer_ros/cartographer_offline_node\n'}
[33.452204] (cartographer_ros) StdoutLine: {'line': b'-- Set non-toolchain portion of runtime path of "/root/distr_slam_ws/install/cartographer_ros/lib/cartographer_ros/cartographer_offline_node" to ""\n'}
[33.452272] (cartographer_ros) StdoutLine: {'line': b'-- Installing: /root/distr_slam_ws/install/cartographer_ros/lib/cartographer_ros/cartographer_assets_writer\n'}
[33.452881] (cartographer_ros) StdoutLine: {'line': b'-- Set non-toolchain portion of runtime path of "/root/distr_slam_ws/install/cartographer_ros/lib/cartographer_ros/cartographer_assets_writer" to ""\n'}
[33.452952] (cartographer_ros) StdoutLine: {'line': b'-- Installing: /root/distr_slam_ws/install/cartographer_ros/lib/cartographer_ros/cartographer_pbstream_map_publisher\n'}
[33.453645] (cartographer_ros) StdoutLine: {'line': b'-- Set non-toolchain portion of runtime path of "/root/distr_slam_ws/install/cartographer_ros/lib/cartographer_ros/cartographer_pbstream_map_publisher" to ""\n'}
[33.453716] (cartographer_ros) StdoutLine: {'line': b'-- Installing: /root/distr_slam_ws/install/cartographer_ros/lib/cartographer_ros/cartographer_pbstream_to_ros_map\n'}
[33.453916] (cartographer_ros) StdoutLine: {'line': b'-- Set non-toolchain portion of runtime path of "/root/distr_slam_ws/install/cartographer_ros/lib/cartographer_ros/cartographer_pbstream_to_ros_map" to ""\n'}
[33.453990] (cartographer_ros) StdoutLine: {'line': b'-- Installing: /root/distr_slam_ws/install/cartographer_ros/lib/cartographer_ros/cartographer_rosbag_validate\n'}
[33.454592] (cartographer_ros) StdoutLine: {'line': b'-- Set non-toolchain portion of runtime path of "/root/distr_slam_ws/install/cartographer_ros/lib/cartographer_ros/cartographer_rosbag_validate" to ""\n'}
[33.454631] (cartographer_ros) StdoutLine: {'line': b'-- Up-to-date: /root/distr_slam_ws/install/cartographer_ros/include/cartographer_ros\n'}
[33.454667] (cartographer_ros) StdoutLine: {'line': b'-- Up-to-date: /root/distr_slam_ws/install/cartographer_ros/include/cartographer_ros/cartographer_ros\n'}
[33.454711] (cartographer_ros) StdoutLine: {'line': b'-- Up-to-date: /root/distr_slam_ws/install/cartographer_ros/include/cartographer_ros/cartographer_ros/assets_writer.h\n'}
[33.454750] (cartographer_ros) StdoutLine: {'line': b'-- Up-to-date: /root/distr_slam_ws/install/cartographer_ros/include/cartographer_ros/cartographer_ros/time_conversion.h\n'}
[33.454777] (cartographer_ros) StdoutLine: {'line': b'-- Up-to-date: /root/distr_slam_ws/install/cartographer_ros/include/cartographer_ros/cartographer_ros/sensor_bridge.h\n'}
[33.454803] (cartographer_ros) StdoutLine: {'line': b'-- Up-to-date: /root/distr_slam_ws/install/cartographer_ros/include/cartographer_ros/cartographer_ros/metrics\n'}
[33.454830] (cartographer_ros) StdoutLine: {'line': b'-- Up-to-date: /root/distr_slam_ws/install/cartographer_ros/include/cartographer_ros/cartographer_ros/metrics/internal\n'}
[33.454865] (cartographer_ros) StdoutLine: {'line': b'-- Up-to-date: /root/distr_slam_ws/install/cartographer_ros/include/cartographer_ros/cartographer_ros/metrics/internal/family.h\n'}
[33.454909] (cartographer_ros) StdoutLine: {'line': b'-- Up-to-date: /root/distr_slam_ws/install/cartographer_ros/include/cartographer_ros/cartographer_ros/metrics/internal/counter.h\n'}
[33.454943] (cartographer_ros) StdoutLine: {'line': b'-- Up-to-date: /root/distr_slam_ws/install/cartographer_ros/include/cartographer_ros/cartographer_ros/metrics/internal/histogram.h\n'}
[33.454971] (cartographer_ros) StdoutLine: {'line': b'-- Up-to-date: /root/distr_slam_ws/install/cartographer_ros/include/cartographer_ros/cartographer_ros/metrics/internal/gauge.h\n'}
[33.455011] (cartographer_ros) StdoutLine: {'line': b'-- Up-to-date: /root/distr_slam_ws/install/cartographer_ros/include/cartographer_ros/cartographer_ros/metrics/family_factory.h\n'}
[33.455038] (cartographer_ros) StdoutLine: {'line': b'-- Up-to-date: /root/distr_slam_ws/install/cartographer_ros/include/cartographer_ros/cartographer_ros/node_options.h\n'}
[33.455064] (cartographer_ros) StdoutLine: {'line': b'-- Up-to-date: /root/distr_slam_ws/install/cartographer_ros/include/cartographer_ros/cartographer_ros/submap.h\n'}
[33.455089] (cartographer_ros) StdoutLine: {'line': b'-- Installing: /root/distr_slam_ws/install/cartographer_ros/include/cartographer_ros/cartographer_ros/node.h\n'}
[33.455115] (cartographer_ros) StdoutLine: {'line': b'-- Up-to-date: /root/distr_slam_ws/install/cartographer_ros/include/cartographer_ros/cartographer_ros/urdf_reader.h\n'}
[33.455141] (cartographer_ros) StdoutLine: {'line': b'-- Up-to-date: /root/distr_slam_ws/install/cartographer_ros/include/cartographer_ros/cartographer_ros/map_builder_bridge.h\n'}
[33.455166] (cartographer_ros) StdoutLine: {'line': b'-- Up-to-date: /root/distr_slam_ws/install/cartographer_ros/include/cartographer_ros/cartographer_ros/offline_node.h\n'}
[33.455192] (cartographer_ros) StdoutLine: {'line': b'-- Up-to-date: /root/distr_slam_ws/install/cartographer_ros/include/cartographer_ros/cartographer_ros/ros_map_writing_points_processor.h\n'}
[33.455219] (cartographer_ros) StdoutLine: {'line': b'-- Up-to-date: /root/distr_slam_ws/install/cartographer_ros/include/cartographer_ros/cartographer_ros/ros_map.h\n'}
[33.455246] (cartographer_ros) StdoutLine: {'line': b'-- Up-to-date: /root/distr_slam_ws/install/cartographer_ros/include/cartographer_ros/cartographer_ros/playable_bag.h\n'}
[33.455272] (cartographer_ros) StdoutLine: {'line': b'-- Up-to-date: /root/distr_slam_ws/install/cartographer_ros/include/cartographer_ros/cartographer_ros/trajectory_options.h\n'}
[33.455307] (cartographer_ros) StdoutLine: {'line': b'-- Up-to-date: /root/distr_slam_ws/install/cartographer_ros/include/cartographer_ros/cartographer_ros/ros_log_sink.h\n'}
[33.455363] (cartographer_ros) StdoutLine: {'line': b'-- Up-to-date: /root/distr_slam_ws/install/cartographer_ros/include/cartographer_ros/cartographer_ros/tf_bridge.h\n'}
[33.455393] (cartographer_ros) StdoutLine: {'line': b'-- Up-to-date: /root/distr_slam_ws/install/cartographer_ros/include/cartographer_ros/cartographer_ros/msg_conversion.h\n'}
[33.455419] (cartographer_ros) StdoutLine: {'line': b'-- Up-to-date: /root/distr_slam_ws/install/cartographer_ros/include/cartographer_ros/cartographer_ros/node_constants.h\n'}
[33.455465] (cartographer_ros) StdoutLine: {'line': b'-- Up-to-date: /root/distr_slam_ws/install/cartographer_ros/share/cartographer_ros//configuration_files\n'}
[33.455493] (cartographer_ros) StdoutLine: {'line': b'-- Up-to-date: /root/distr_slam_ws/install/cartographer_ros/share/cartographer_ros//configuration_files/mir-100-mapping.lua\n'}
[33.455520] (cartographer_ros) StdoutLine: {'line': b'-- Up-to-date: /root/distr_slam_ws/install/cartographer_ros/share/cartographer_ros//configuration_files/backpack_3d_localization.lua\n'}
[33.455547] (cartographer_ros) StdoutLine: {'line': b'-- Up-to-date: /root/distr_slam_ws/install/cartographer_ros/share/cartographer_ros//configuration_files/taurob_tracker.lua\n'}
[33.455572] (cartographer_ros) StdoutLine: {'line': b'-- Up-to-date: /root/distr_slam_ws/install/cartographer_ros/share/cartographer_ros//configuration_files/backpack_3d.lua\n'}
[33.455599] (cartographer_ros) StdoutLine: {'line': b'-- Up-to-date: /root/distr_slam_ws/install/cartographer_ros/share/cartographer_ros//configuration_files/backpack_2d_server.lua\n'}
[33.455625] (cartographer_ros) StdoutLine: {'line': b'-- Up-to-date: /root/distr_slam_ws/install/cartographer_ros/share/cartographer_ros//configuration_files/backpack_2d_localization_evaluation.lua\n'}
[33.455652] (cartographer_ros) StdoutLine: {'line': b'-- Up-to-date: /root/distr_slam_ws/install/cartographer_ros/share/cartographer_ros//configuration_files/visualize_pbstream.lua\n'}
[33.455679] (cartographer_ros) StdoutLine: {'line': b'-- Up-to-date: /root/distr_slam_ws/install/cartographer_ros/share/cartographer_ros//configuration_files/transform.lua\n'}
[33.455710] (cartographer_ros) StdoutLine: {'line': b'-- Up-to-date: /root/distr_slam_ws/install/cartographer_ros/share/cartographer_ros//configuration_files/assets_writer_backpack_2d.lua\n'}
[33.455771] (cartographer_ros) StdoutLine: {'line': b'-- Installing: /root/distr_slam_ws/install/cartographer_ros/share/cartographer_ros//configuration_files/my_robot.lua\n'}
[33.455797] (cartographer_ros) StdoutLine: {'line': b'-- Up-to-date: /root/distr_slam_ws/install/cartographer_ros/share/cartographer_ros//configuration_files/pr2.lua\n'}
[33.455826] (cartographer_ros) StdoutLine: {'line': b'-- Up-to-date: /root/distr_slam_ws/install/cartographer_ros/share/cartographer_ros//configuration_files/assets_writer_ros_map.lua\n'}
[33.455856] (cartographer_ros) StdoutLine: {'line': b'-- Up-to-date: /root/distr_slam_ws/install/cartographer_ros/share/cartographer_ros//configuration_files/demo_3d.rviz\n'}
[33.455882] (cartographer_ros) StdoutLine: {'line': b'-- Up-to-date: /root/distr_slam_ws/install/cartographer_ros/share/cartographer_ros//configuration_files/backpack_2d.lua\n'}
[33.455908] (cartographer_ros) StdoutLine: {'line': b'-- Up-to-date: /root/distr_slam_ws/install/cartographer_ros/share/cartographer_ros//configuration_files/revo_lds.lua\n'}
[33.455944] (cartographer_ros) StdoutLine: {'line': b'-- Up-to-date: /root/distr_slam_ws/install/cartographer_ros/share/cartographer_ros//configuration_files/assets_writer_backpack_3d.lua\n'}
[33.455971] (cartographer_ros) StdoutLine: {'line': b'-- Up-to-date: /root/distr_slam_ws/install/cartographer_ros/share/cartographer_ros//configuration_files/backpack_2d_localization.lua\n'}
[33.455998] (cartographer_ros) StdoutLine: {'line': b'-- Up-to-date: /root/distr_slam_ws/install/cartographer_ros/share/cartographer_ros//configuration_files/assets_writer_backpack_2d_ci.lua\n'}
[33.456025] (cartographer_ros) StdoutLine: {'line': b'-- Up-to-date: /root/distr_slam_ws/install/cartographer_ros/share/cartographer_ros//configuration_files/demo_2d.rviz\n'}
[33.456051] (cartographer_ros) StdoutLine: {'line': b'-- Up-to-date: /root/distr_slam_ws/install/cartographer_ros/share/cartographer_ros//urdf\n'}
[33.456077] (cartographer_ros) StdoutLine: {'line': b'-- Up-to-date: /root/distr_slam_ws/install/cartographer_ros/share/cartographer_ros//urdf/mir-100.urdf\n'}
[33.456105] (cartographer_ros) StdoutLine: {'line': b'-- Up-to-date: /root/distr_slam_ws/install/cartographer_ros/share/cartographer_ros//urdf/backpack_2d.urdf\n'}
[33.456142] (cartographer_ros) StdoutLine: {'line': b'-- Up-to-date: /root/distr_slam_ws/install/cartographer_ros/share/cartographer_ros//urdf/backpack_3d.urdf\n'}
[33.456168] (cartographer_ros) StdoutLine: {'line': b'-- Up-to-date: /root/distr_slam_ws/install/cartographer_ros/share/cartographer_ros//launch\n'}
[33.456197] (cartographer_ros) StdoutLine: {'line': b'-- Up-to-date: /root/distr_slam_ws/install/cartographer_ros/share/cartographer_ros//launch/demo_backpack_3d_localization.launch.py\n'}
[33.456225] (cartographer_ros) StdoutLine: {'line': b'-- Up-to-date: /root/distr_slam_ws/install/cartographer_ros/share/cartographer_ros//launch/demo_taurob_tracker.launch.py\n'}
[33.456260] (cartographer_ros) StdoutLine: {'line': b'-- Up-to-date: /root/distr_slam_ws/install/cartographer_ros/share/cartographer_ros//launch/grpc_demo_backpack_2d_localization.launch\n'}
[33.456288] (cartographer_ros) StdoutLine: {'line': b'-- Up-to-date: /root/distr_slam_ws/install/cartographer_ros/share/cartographer_ros//launch/offline_mir_100_rviz.launch.py\n'}
[33.456316] (cartographer_ros) StdoutLine: {'line': b'-- Up-to-date: /root/distr_slam_ws/install/cartographer_ros/share/cartographer_ros//launch/demo_backpack_3d.launch.py\n'}
[33.456344] (cartographer_ros) StdoutLine: {'line': b'-- Up-to-date: /root/distr_slam_ws/install/cartographer_ros/share/cartographer_ros//launch/demo_pr2.launch\n'}
[33.456370] (cartographer_ros) StdoutLine: {'line': b'-- Up-to-date: /root/distr_slam_ws/install/cartographer_ros/share/cartographer_ros//launch/demo_backpack_2d.launch.py\n'}
[33.456399] (cartographer_ros) StdoutLine: {'line': b'-- Up-to-date: /root/distr_slam_ws/install/cartographer_ros/share/cartographer_ros//launch/demo_backpack_2d_localization.launch.py\n'}
[33.456427] (cartographer_ros) StdoutLine: {'line': b'-- Up-to-date: /root/distr_slam_ws/install/cartographer_ros/share/cartographer_ros//launch/assets_writer_backpack_2d.launch.py\n'}
[33.456455] (cartographer_ros) StdoutLine: {'line': b'-- Up-to-date: /root/distr_slam_ws/install/cartographer_ros/share/cartographer_ros//launch/backpack_3d.launch.py\n'}
[33.456481] (cartographer_ros) StdoutLine: {'line': b'-- Up-to-date: /root/distr_slam_ws/install/cartographer_ros/share/cartographer_ros//launch/my_robot.launch.py\n'}
[33.456516] (cartographer_ros) StdoutLine: {'line': b'-- Up-to-date: /root/distr_slam_ws/install/cartographer_ros/share/cartographer_ros//launch/offline_backpack_3d.launch.py\n'}
[33.456543] (cartographer_ros) StdoutLine: {'line': b'-- Up-to-date: /root/distr_slam_ws/install/cartographer_ros/share/cartographer_ros//launch/assets_writer_backpack_3d.launch.py\n'}
[33.456570] (cartographer_ros) StdoutLine: {'line': b'-- Up-to-date: /root/distr_slam_ws/install/cartographer_ros/share/cartographer_ros//launch/offline_backpack_2d.launch.py\n'}
[33.456596] (cartographer_ros) StdoutLine: {'line': b'-- Up-to-date: /root/distr_slam_ws/install/cartographer_ros/share/cartographer_ros//launch/visualize_pbstream.launch.py\n'}
[33.456622] (cartographer_ros) StdoutLine: {'line': b'-- Up-to-date: /root/distr_slam_ws/install/cartographer_ros/share/cartographer_ros//launch/grpc_demo_backpack_2d.launch\n'}
[33.456648] (cartographer_ros) StdoutLine: {'line': b'-- Up-to-date: /root/distr_slam_ws/install/cartographer_ros/share/cartographer_ros//launch/demo_revo_lds.launch.py\n'}
[33.456673] (cartographer_ros) StdoutLine: {'line': b'-- Up-to-date: /root/distr_slam_ws/install/cartographer_ros/share/cartographer_ros//launch/taurob_tracker.launch.py\n'}
[33.456703] (cartographer_ros) StdoutLine: {'line': b'-- Up-to-date: /root/distr_slam_ws/install/cartographer_ros/share/cartographer_ros//launch/offline_node.launch.py\n'}
[33.456731] (cartographer_ros) StdoutLine: {'line': b'-- Up-to-date: /root/distr_slam_ws/install/cartographer_ros/share/cartographer_ros//launch/assets_writer_ros_map.launch.py\n'}
[33.456769] (cartographer_ros) StdoutLine: {'line': b'-- Up-to-date: /root/distr_slam_ws/install/cartographer_ros/share/cartographer_ros//launch/backpack_2d.launch.py\n'}
[33.456800] (cartographer_ros) StdoutLine: {'line': b'-- Up-to-date: /root/distr_slam_ws/install/cartographer_ros/share/cartographer_ros/environment/library_path.sh\n'}
[33.456828] (cartographer_ros) StdoutLine: {'line': b'-- Installing: /root/distr_slam_ws/install/cartographer_ros/share/cartographer_ros/environment/library_path.dsv\n'}
[33.456860] (cartographer_ros) StdoutLine: {'line': b'-- Installing: /root/distr_slam_ws/install/cartographer_ros/share/ament_index/resource_index/package_run_dependencies/cartographer_ros\n'}
[33.456886] (cartographer_ros) StdoutLine: {'line': b'-- Installing: /root/distr_slam_ws/install/cartographer_ros/share/ament_index/resource_index/parent_prefix_path/cartographer_ros\n'}
[33.456913] (cartographer_ros) StdoutLine: {'line': b'-- Up-to-date: /root/distr_slam_ws/install/cartographer_ros/share/cartographer_ros/environment/ament_prefix_path.sh\n'}
[33.456940] (cartographer_ros) StdoutLine: {'line': b'-- Installing: /root/distr_slam_ws/install/cartographer_ros/share/cartographer_ros/environment/ament_prefix_path.dsv\n'}
[33.456967] (cartographer_ros) StdoutLine: {'line': b'-- Up-to-date: /root/distr_slam_ws/install/cartographer_ros/share/cartographer_ros/environment/path.sh\n'}
[33.456994] (cartographer_ros) StdoutLine: {'line': b'-- Installing: /root/distr_slam_ws/install/cartographer_ros/share/cartographer_ros/environment/path.dsv\n'}
[33.457028] (cartographer_ros) StdoutLine: {'line': b'-- Installing: /root/distr_slam_ws/install/cartographer_ros/share/cartographer_ros/local_setup.bash\n'}
[33.457054] (cartographer_ros) StdoutLine: {'line': b'-- Installing: /root/distr_slam_ws/install/cartographer_ros/share/cartographer_ros/local_setup.sh\n'}
[33.457081] (cartographer_ros) StdoutLine: {'line': b'-- Installing: /root/distr_slam_ws/install/cartographer_ros/share/cartographer_ros/local_setup.zsh\n'}
[33.457108] (cartographer_ros) StdoutLine: {'line': b'-- Installing: /root/distr_slam_ws/install/cartographer_ros/share/cartographer_ros/local_setup.dsv\n'}
[33.457135] (cartographer_ros) StdoutLine: {'line': b'-- Installing: /root/distr_slam_ws/install/cartographer_ros/share/cartographer_ros/package.dsv\n'}
[33.457163] (cartographer_ros) StdoutLine: {'line': b'-- Installing: /root/distr_slam_ws/install/cartographer_ros/share/ament_index/resource_index/packages/cartographer_ros\n'}
[33.457191] (cartographer_ros) StdoutLine: {'line': b'-- Old export file "/root/distr_slam_ws/install/cartographer_ros/share/cartographer_ros/cmake/cartographer_rosExport.cmake" will be replaced.  Removing files [/root/distr_slam_ws/install/cartographer_ros/share/cartographer_ros/cmake/cartographer_rosExport-noconfig.cmake].\n'}
[33.457234] (cartographer_ros) StdoutLine: {'line': b'-- Installing: /root/distr_slam_ws/install/cartographer_ros/share/cartographer_ros/cmake/cartographer_rosExport.cmake\n'}
[33.457260] (cartographer_ros) StdoutLine: {'line': b'-- Installing: /root/distr_slam_ws/install/cartographer_ros/share/cartographer_ros/cmake/cartographer_rosExport-noconfig.cmake\n'}
[33.457286] (cartographer_ros) StdoutLine: {'line': b'-- Installing: /root/distr_slam_ws/install/cartographer_ros/share/cartographer_ros/cmake/ament_cmake_export_targets-extras.cmake\n'}
[33.457312] (cartographer_ros) StdoutLine: {'line': b'-- Installing: /root/distr_slam_ws/install/cartographer_ros/share/cartographer_ros/cmake/ament_cmake_export_include_directories-extras.cmake\n'}
[33.457337] (cartographer_ros) StdoutLine: {'line': b'-- Installing: /root/distr_slam_ws/install/cartographer_ros/share/cartographer_ros/cmake/ament_cmake_export_libraries-extras.cmake\n'}
[33.457361] (cartographer_ros) StdoutLine: {'line': b'-- Installing: /root/distr_slam_ws/install/cartographer_ros/share/cartographer_ros/cmake/ament_cmake_export_dependencies-extras.cmake\n'}
[33.457385] (cartographer_ros) StdoutLine: {'line': b'-- Installing: /root/distr_slam_ws/install/cartographer_ros/share/cartographer_ros/cmake/cartographer_rosConfig.cmake\n'}
[33.457409] (cartographer_ros) StdoutLine: {'line': b'-- Installing: /root/distr_slam_ws/install/cartographer_ros/share/cartographer_ros/cmake/cartographer_rosConfig-version.cmake\n'}
[33.457435] (cartographer_ros) StdoutLine: {'line': b'-- Installing: /root/distr_slam_ws/install/cartographer_ros/share/cartographer_ros/package.xml\n'}
[33.458313] (cartographer_ros) CommandEnded: {'returncode': 0}
[33.465187] (cartographer_ros) JobEnded: {'identifier': 'cartographer_ros', 'rc': 0}
[33.465644] (cartographer_rviz) JobStarted: {'identifier': 'cartographer_rviz'}
[33.472850] (cartographer_rviz) JobProgress: {'identifier': 'cartographer_rviz', 'progress': 'cmake'}
[33.473613] (cartographer_rviz) JobProgress: {'identifier': 'cartographer_rviz', 'progress': 'build'}
[33.473949] (cartographer_rviz) Command: {'cmd': ['/usr/bin/cmake', '--build', '/root/distr_slam_ws/build/cartographer_rviz', '--', '-j24', '-l24'], 'cwd': '/root/distr_slam_ws/build/cartographer_rviz', 'env': OrderedDict({'HOSTNAME': 'doraemon', 'SHLVL': '1', 'LIBGL_ALWAYS_SOFTWARE': '1', 'LD_LIBRARY_PATH': '/root/distr_slam_ws/install/cartographer_ros/lib:/root/distr_slam_ws/install/cartographer_ros_msgs/lib:/opt/ros/jazzy/opt/rviz_ogre_vendor/lib:/opt/ros/jazzy/lib/x86_64-linux-gnu:/opt/ros/jazzy/opt/gz_math_vendor/lib:/opt/ros/jazzy/opt/gz_utils_vendor/lib:/opt/ros/jazzy/opt/gz_cmake_vendor/lib:/opt/ros/jazzy/lib', 'HOME': '/root', 'OLDPWD': '/root/distr_slam_ws/build', 'ROS_PYTHON_VERSION': '3', 'ROS_DISTRO': 'jazzy', '_': '/usr/bin/colcon', 'ROS_VERSION': '2', 'PKG_CONFIG_PATH': '/root/distr_slam_ws/install/cartographer/lib/x86_64-linux-gnu/pkgconfig:/root/distr_slam_ws/install/cartographer/lib/pkgconfig', 'TERM': 'xterm', 'ROS_LOCALHOST_ONLY': '1', 'QT_X11_NO_MITSHM': '1', 'PATH': '/root/distr_slam_ws/install/cartographer/bin:/opt/ros/jazzy/bin:/usr/local/sbin:/usr/local/bin:/usr/sbin:/usr/bin:/sbin:/bin', 'DISPLAY': 'localhost:10.0', 'LANG': 'en_US.UTF-8', 'LS_COLORS': 'rs=0:di=01;34:ln=01;36:mh=00:pi=40;33:so=01;35:do=01;35:bd=40;33;01:cd=40;33;01:or=40;31;01:mi=00:su=37;41:sg=30;43:ca=00:tw=30;42:ow=34;42:st=37;44:ex=01;32:*.tar=01;31:*.tgz=01;31:*.arc=01;31:*.arj=01;31:*.taz=01;31:*.lha=01;31:*.lz4=01;31:*.lzh=01;31:*.lzma=01;31:*.tlz=01;31:*.txz=01;31:*.tzo=01;31:*.t7z=01;31:*.zip=01;31:*.z=01;31:*.dz=01;31:*.gz=01;31:*.lrz=01;31:*.lz=01;31:*.lzo=01;31:*.xz=01;31:*.zst=01;31:*.tzst=01;31:*.bz2=01;31:*.bz=01;31:*.tbz=01;31:*.tbz2=01;31:*.tz=01;31:*.deb=01;31:*.rpm=01;31:*.jar=01;31:*.war=01;31:*.ear=01;31:*.sar=01;31:*.rar=01;31:*.alz=01;31:*.ace=01;31:*.zoo=01;31:*.cpio=01;31:*.7z=01;31:*.rz=01;31:*.cab=01;31:*.wim=01;31:*.swm=01;31:*.dwm=01;31:*.esd=01;31:*.avif=01;35:*.jpg=01;35:*.jpeg=01;35:*.mjpg=01;35:*.mjpeg=01;35:*.gif=01;35:*.bmp=01;35:*.pbm=01;35:*.pgm=01;35:*.ppm=01;35:*.tga=01;35:*.xbm=01;35:*.xpm=01;35:*.tif=01;35:*.tiff=01;35:*.png=01;35:*.svg=01;35:*.svgz=01;35:*.mng=01;35:*.pcx=01;35:*.mov=01;35:*.mpg=01;35:*.mpeg=01;35:*.m2v=01;35:*.mkv=01;35:*.webm=01;35:*.webp=01;35:*.ogm=01;35:*.mp4=01;35:*.m4v=01;35:*.mp4v=01;35:*.vob=01;35:*.qt=01;35:*.nuv=01;35:*.wmv=01;35:*.asf=01;35:*.rm=01;35:*.rmvb=01;35:*.flc=01;35:*.avi=01;35:*.fli=01;35:*.flv=01;35:*.gl=01;35:*.dl=01;35:*.xcf=01;35:*.xwd=01;35:*.yuv=01;35:*.cgm=01;35:*.emf=01;35:*.ogv=01;35:*.ogx=01;35:*.aac=00;36:*.au=00;36:*.flac=00;36:*.m4a=00;36:*.mid=00;36:*.midi=00;36:*.mka=00;36:*.mp3=00;36:*.mpc=00;36:*.ogg=00;36:*.ra=00;36:*.wav=00;36:*.oga=00;36:*.opus=00;36:*.spx=00;36:*.xspf=00;36:*~=00;90:*#=00;90:*.bak=00;90:*.crdownload=00;90:*.dpkg-dist=00;90:*.dpkg-new=00;90:*.dpkg-old=00;90:*.dpkg-tmp=00;90:*.old=00;90:*.orig=00;90:*.part=00;90:*.rej=00;90:*.rpmnew=00;90:*.rpmorig=00;90:*.rpmsave=00;90:*.swp=00;90:*.tmp=00;90:*.ucf-dist=00;90:*.ucf-new=00;90:*.ucf-old=00;90:', 'AMENT_PREFIX_PATH': '/root/distr_slam_ws/install/cartographer_ros:/root/distr_slam_ws/install/cartographer_ros_msgs:/opt/ros/jazzy', 'DEBIAN_FRONTEND': 'noninteractive', 'ROS_AUTOMATIC_DISCOVERY_RANGE': 'SUBNET', 'PWD': '/root/distr_slam_ws/build/cartographer_rviz', 'TURTLEBOT3_MODEL': 'burger', 'LC_ALL': 'en_US.UTF-8', 'PYTHONPATH': '/root/distr_slam_ws/install/cartographer_ros_msgs/lib/python3.12/site-packages:/opt/ros/jazzy/lib/python3.12/site-packages', 'COLCON': '1', 'CMAKE_PREFIX_PATH': '/root/distr_slam_ws/install/cartographer_ros:/root/distr_slam_ws/install/cartographer_ros_msgs:/root/distr_slam_ws/install/cartographer:/opt/ros/jazzy/opt/gz_math_vendor:/opt/ros/jazzy/opt/gz_utils_vendor:/opt/ros/jazzy/opt/gz_cmake_vendor:/opt/ros/jazzy'}), 'shell': False}
[33.500870] (cartographer_rviz) StdoutLine: {'line': b'-- Found ament_cmake: 2.5.6 (/opt/ros/jazzy/share/ament_cmake/cmake)\n'}
[33.531836] (-) TimerEvent: {}
[33.632012] (-) TimerEvent: {}
[33.732255] (-) TimerEvent: {}
[33.775572] (cartographer_rviz) StdoutLine: {'line': b'-- Found AMD headers in: /usr/include/suitesparse\n'}
[33.775679] (cartographer_rviz) StdoutLine: {'line': b'-- Found AMD library: /usr/lib/x86_64-linux-gnu/libamd.so\n'}
[33.775727] (cartographer_rviz) StdoutLine: {'line': b'-- Found CAMD headers in: /usr/include/suitesparse\n'}
[33.775756] (cartographer_rviz) StdoutLine: {'line': b'-- Found CAMD library: /usr/lib/x86_64-linux-gnu/libcamd.so\n'}
[33.775784] (cartographer_rviz) StdoutLine: {'line': b'-- Found CCOLAMD headers in: /usr/include/suitesparse\n'}
[33.775811] (cartographer_rviz) StdoutLine: {'line': b'-- Found CCOLAMD library: /usr/lib/x86_64-linux-gnu/libccolamd.so\n'}
[33.775922] (cartographer_rviz) StdoutLine: {'line': b'-- Found CHOLMOD headers in: /usr/include/suitesparse\n'}
[33.775988] (cartographer_rviz) StdoutLine: {'line': b'-- Found CHOLMOD library: /usr/lib/x86_64-linux-gnu/libcholmod.so\n'}
[33.776019] (cartographer_rviz) StdoutLine: {'line': b'-- Found COLAMD headers in: /usr/include/suitesparse\n'}
[33.776047] (cartographer_rviz) StdoutLine: {'line': b'-- Found COLAMD library: /usr/lib/x86_64-linux-gnu/libcolamd.so\n'}
[33.776073] (cartographer_rviz) StdoutLine: {'line': b'-- Found SPQR headers in: /usr/include/suitesparse\n'}
[33.776099] (cartographer_rviz) StdoutLine: {'line': b'-- Found SPQR library: /usr/lib/x86_64-linux-gnu/libspqr.so\n'}
[33.776124] (cartographer_rviz) StdoutLine: {'line': b'-- Found Config headers in: /usr/include/suitesparse\n'}
[33.776150] (cartographer_rviz) StdoutLine: {'line': b'-- Found Config library: /usr/lib/x86_64-linux-gnu/libsuitesparseconfig.so\n'}
[33.776333] (cartographer_rviz) StdoutLine: {'line': b'-- Found Intel Thread Building Blocks (TBB) library (2021.11 / ) include location: . Assuming SuiteSparseQR was compiled with TBB.\n'}
[33.776397] (cartographer_rviz) StdoutLine: {'line': b'-- Adding librt to SuiteSparse_config libraries (required on Linux & Unix [not OSX] if SuiteSparse is compiled with timing).\n'}
[33.778388] (cartographer_rviz) StdoutLine: {'line': b'-- Could NOT find METIS (missing: METIS_INCLUDE_DIR METIS_LIBRARY) \n'}
[33.780016] (cartographer_rviz) StdoutLine: {'line': b'-- Found required Ceres dependency: Eigen version 3.4.0 in /usr/share/eigen3/cmake\n'}
[33.781680] (cartographer_rviz) StdoutLine: {'line': b'-- Found required Ceres dependency: glog\n'}
[33.781943] (cartographer_rviz) StdoutLine: {'line': b'-- Found required Ceres dependency: gflags\n'}
[33.782162] (cartographer_rviz) StdoutLine: {'line': b'-- Found Ceres version: 2.2.0 installed in: /usr with components: [EigenSparse, SparseLinearAlgebraLibrary, LAPACK, SuiteSparse, SchurSpecializations]\n'}
[33.788601] (cartographer_rviz) StdoutLine: {'line': b'-- Build type: Release\n'}
[33.789874] (cartographer_rviz) StdoutLine: {'line': b'-- Found cartographer_ros: 2.0.9003 (/root/distr_slam_ws/install/cartographer_ros/share/cartographer_ros/cmake)\n'}
[33.800430] (cartographer_rviz) StdoutLine: {'line': b'-- Found rosidl_generator_c: 4.6.7 (/opt/ros/jazzy/share/rosidl_generator_c/cmake)\n'}
[33.804984] (cartographer_rviz) StdoutLine: {'line': b'-- Found rosidl_generator_cpp: 4.6.7 (/opt/ros/jazzy/share/rosidl_generator_cpp/cmake)\n'}
[33.810849] (cartographer_rviz) StdoutLine: {'line': b'-- Using all available rosidl_typesupport_c: rosidl_typesupport_fastrtps_c;rosidl_typesupport_introspection_c\n'}
[33.817865] (cartographer_rviz) StdoutLine: {'line': b'-- Using all available rosidl_typesupport_cpp: rosidl_typesupport_fastrtps_cpp;rosidl_typesupport_introspection_cpp\n'}
[33.832360] (-) TimerEvent: {}
[33.897590] (cartographer_rviz) StdoutLine: {'line': b'-- Found rmw_implementation_cmake: 7.3.3 (/opt/ros/jazzy/share/rmw_implementation_cmake/cmake)\n'}
[33.898332] (cartographer_rviz) StdoutLine: {'line': b'-- Found rmw_fastrtps_cpp: 8.4.3 (/opt/ros/jazzy/share/rmw_fastrtps_cpp/cmake)\n'}
[33.932473] (-) TimerEvent: {}
[33.934625] (cartographer_rviz) StdoutLine: {'line': b"-- Using RMW implementation 'rmw_fastrtps_cpp' as default\n"}
[33.975489] (cartographer_rviz) StdoutLine: {'line': b"-- Setting yaml-cpp_DIR to: '/opt/ros/jazzy/share/yaml_cpp_vendor/cmake/../../../opt/yaml_cpp_vendor/share/cmake/yaml-cpp'\n"}
[34.032578] (-) TimerEvent: {}
[34.075606] (cartographer_rviz) StdoutLine: {'line': b'-- Found rviz_common: 14.1.20 (/opt/ros/jazzy/share/rviz_common/cmake)\n'}
[34.082541] (cartographer_rviz) StdoutLine: {'line': b"-- Setting OGRE_DIR to: '/opt/ros/jazzy/share/rviz_ogre_vendor/cmake/../../../opt/rviz_ogre_vendor/lib/OGRE/cmake'\n"}
[34.083318] (cartographer_rviz) StdoutLine: {'line': b'-- Found OGRE\n'}
[34.083383] (cartographer_rviz) StdoutLine: {'line': b'--   static     : OFF\n'}
[34.083415] (cartographer_rviz) StdoutLine: {'line': b'--   components : MeshLodGenerator;Overlay;Paging;Property;RTShaderSystem;Terrain;Volume\n'}
[34.083444] (cartographer_rviz) StdoutLine: {'line': b'--   plugins    : Plugin_BSPSceneManager;Plugin_OctreeSceneManager;Plugin_PCZSceneManager;Plugin_ParticleFX;RenderSystem_GL;RenderSystem_GL3Plus;Codec_STBI\n'}
[34.083502] (cartographer_rviz) StdoutLine: {'line': b'--   media      : /opt/ros/jazzy/opt/rviz_ogre_vendor/share/OGRE/Media\n'}
[34.083529] (cartographer_rviz) StdoutLine: {'line': b'-- OGRE_LIBRARIES: OgreMeshLodGenerator;OgreOverlay;OgrePaging;OgreProperty;OgreRTShaderSystem;OgreTerrain;OgreVolume;OgreMain\n'}
[34.083556] (cartographer_rviz) StdoutLine: {'line': b'-- OGRE_LIBRARY_DIRS: /opt/ros/jazzy/opt/rviz_ogre_vendor/lib\n'}
[34.083583] (cartographer_rviz) StdoutLine: {'line': b'-- OGRE_PLUGINS: Plugin_BSPSceneManager;Plugin_OctreeSceneManager;Plugin_PCZSceneManager;Plugin_ParticleFX;RenderSystem_GL;RenderSystem_GL3Plus;Codec_STBI\n'}
[34.083610] (cartographer_rviz) StdoutLine: {'line': b'-- OGRE_PLUGIN_DIR: /opt/ros/jazzy/opt/rviz_ogre_vendor/lib/OGRE\n'}
[34.083637] (cartographer_rviz) StdoutLine: {'line': b'-- rviz_ogre_vendor::OgreOverlay for IMPORTED_LOCATION_RELEASE: /opt/ros/jazzy/opt/rviz_ogre_vendor/lib/libOgreOverlay.so\n'}
[34.083663] (cartographer_rviz) StdoutLine: {'line': b'-- rviz_ogre_vendor::OgreOverlay for IMPORTED_LOCATION_DEBUG: /opt/ros/jazzy/opt/rviz_ogre_vendor/lib/libOgreOverlay.so\n'}
[34.083719] (cartographer_rviz) StdoutLine: {'line': b'-- rviz_ogre_vendor::OgreMain for IMPORTED_LOCATION_RELEASE: /opt/ros/jazzy/opt/rviz_ogre_vendor/lib/libOgreMain.so\n'}
[34.083752] (cartographer_rviz) StdoutLine: {'line': b'-- rviz_ogre_vendor::OgreMain for IMPORTED_LOCATION_DEBUG: /opt/ros/jazzy/opt/rviz_ogre_vendor/lib/libOgreMain.so\n'}
[34.084122] (cartographer_rviz) StdoutLine: {'line': b'-- Could not find freeimage library\n'}
[34.132717] (-) TimerEvent: {}
[34.182848] (cartographer_rviz) StdoutLine: {'line': b'-- Deploy OGRE media\n'}
[34.184235] (cartographer_rviz) StdoutLine: {'line': b'-- Configuring done (0.7s)\n'}
[34.212581] (cartographer_rviz) StdoutLine: {'line': b'-- Generating done (0.0s)\n'}
[34.216228] (cartographer_rviz) StdoutLine: {'line': b'-- Build files have been written to: /root/distr_slam_ws/build/cartographer_rviz\n'}
[34.232796] (-) TimerEvent: {}
[34.247529] (cartographer_rviz) StdoutLine: {'line': b'[  0%] Built target cartographer_rviz_autogen_timestamp_deps\n'}
[34.250574] (cartographer_rviz) StdoutLine: {'line': b'[  0%] Built target cartographer_rviz_detect_changes\n'}
[34.310760] (cartographer_rviz) StdoutLine: {'line': b'[ 14%] \x1b[34m\x1b[1mAutomatic MOC for target cartographer_rviz\x1b[0m\n'}
[34.332911] (-) TimerEvent: {}
[34.433356] (-) TimerEvent: {}
[34.533792] (-) TimerEvent: {}
[34.634042] (-) TimerEvent: {}
[34.734263] (-) TimerEvent: {}
[34.834584] (-) TimerEvent: {}
[34.934945] (-) TimerEvent: {}
[35.035435] (-) TimerEvent: {}
[35.136145] (-) TimerEvent: {}
[35.236866] (-) TimerEvent: {}
[35.337555] (-) TimerEvent: {}
[35.438231] (-) TimerEvent: {}
[35.538956] (-) TimerEvent: {}
[35.639639] (-) TimerEvent: {}
[35.740351] (-) TimerEvent: {}
[35.841059] (-) TimerEvent: {}
[35.941760] (-) TimerEvent: {}
[36.042315] (-) TimerEvent: {}
[36.142770] (-) TimerEvent: {}
[36.243100] (-) TimerEvent: {}
[36.300117] (cartographer_rviz) StdoutLine: {'line': b'[ 14%] Built target cartographer_rviz_autogen\n'}
[36.343215] (-) TimerEvent: {}
[36.356362] (cartographer_rviz) StdoutLine: {'line': b'[ 28%] \x1b[32mBuilding CXX object CMakeFiles/cartographer_rviz.dir/cartographer_rviz_autogen/mocs_compilation.cpp.o\x1b[0m\n'}
[36.357261] (cartographer_rviz) StdoutLine: {'line': b'[ 42%] \x1b[32mBuilding CXX object CMakeFiles/cartographer_rviz.dir/src/drawable_submap.cpp.o\x1b[0m\n'}
[36.357668] (cartographer_rviz) StdoutLine: {'line': b'[ 57%] \x1b[32mBuilding CXX object CMakeFiles/cartographer_rviz.dir/src/ogre_slice.cpp.o\x1b[0m\n'}
[36.359106] (cartographer_rviz) StdoutLine: {'line': b'[ 71%] \x1b[32mBuilding CXX object CMakeFiles/cartographer_rviz.dir/src/submaps_display.cpp.o\x1b[0m\n'}
[36.443320] (-) TimerEvent: {}
[36.543605] (-) TimerEvent: {}
[36.643924] (-) TimerEvent: {}
[36.744322] (-) TimerEvent: {}
[36.844771] (-) TimerEvent: {}
[36.945141] (-) TimerEvent: {}
[37.045531] (-) TimerEvent: {}
[37.145999] (-) TimerEvent: {}
[37.246319] (-) TimerEvent: {}
[37.346648] (-) TimerEvent: {}
[37.447009] (-) TimerEvent: {}
[37.547341] (-) TimerEvent: {}
[37.647669] (-) TimerEvent: {}
[37.748010] (-) TimerEvent: {}
[37.848334] (-) TimerEvent: {}
[37.948666] (-) TimerEvent: {}
[38.048999] (-) TimerEvent: {}
[38.149361] (-) TimerEvent: {}
[38.249721] (-) TimerEvent: {}
[38.350077] (-) TimerEvent: {}
[38.450435] (-) TimerEvent: {}
[38.550775] (-) TimerEvent: {}
[38.651162] (-) TimerEvent: {}
[38.751540] (-) TimerEvent: {}
[38.851927] (-) TimerEvent: {}
[38.952285] (-) TimerEvent: {}
[39.052631] (-) TimerEvent: {}
[39.152954] (-) TimerEvent: {}
[39.253277] (-) TimerEvent: {}
[39.353616] (-) TimerEvent: {}
[39.454014] (-) TimerEvent: {}
[39.554361] (-) TimerEvent: {}
[39.654707] (-) TimerEvent: {}
[39.755032] (-) TimerEvent: {}
[39.855350] (-) TimerEvent: {}
[39.955662] (-) TimerEvent: {}
[40.055993] (-) TimerEvent: {}
[40.156346] (-) TimerEvent: {}
[40.256704] (-) TimerEvent: {}
[40.357048] (-) TimerEvent: {}
[40.457398] (-) TimerEvent: {}
[40.557739] (-) TimerEvent: {}
[40.658058] (-) TimerEvent: {}
[40.758411] (-) TimerEvent: {}
[40.858794] (-) TimerEvent: {}
[40.959151] (-) TimerEvent: {}
[41.059491] (-) TimerEvent: {}
[41.159809] (-) TimerEvent: {}
[41.260156] (-) TimerEvent: {}
[41.360484] (-) TimerEvent: {}
[41.460803] (-) TimerEvent: {}
[41.561121] (-) TimerEvent: {}
[41.661442] (-) TimerEvent: {}
[41.761763] (-) TimerEvent: {}
[41.862084] (-) TimerEvent: {}
[41.962438] (-) TimerEvent: {}
[42.062808] (-) TimerEvent: {}
[42.163151] (-) TimerEvent: {}
[42.263481] (-) TimerEvent: {}
[42.363792] (-) TimerEvent: {}
[42.464110] (-) TimerEvent: {}
[42.564428] (-) TimerEvent: {}
[42.664762] (-) TimerEvent: {}
[42.765112] (-) TimerEvent: {}
[42.865461] (-) TimerEvent: {}
[42.965825] (-) TimerEvent: {}
[43.066140] (-) TimerEvent: {}
[43.166500] (-) TimerEvent: {}
[43.266844] (-) TimerEvent: {}
[43.367143] (-) TimerEvent: {}
[43.467448] (-) TimerEvent: {}
[43.567756] (-) TimerEvent: {}
[43.668056] (-) TimerEvent: {}
[43.768362] (-) TimerEvent: {}
[43.868674] (-) TimerEvent: {}
[43.968937] (-) TimerEvent: {}
[44.069234] (-) TimerEvent: {}
[44.169526] (-) TimerEvent: {}
[44.269815] (-) TimerEvent: {}
[44.370109] (-) TimerEvent: {}
[44.470411] (-) TimerEvent: {}
[44.570704] (-) TimerEvent: {}
[44.670984] (-) TimerEvent: {}
[44.771214] (-) TimerEvent: {}
[44.871513] (-) TimerEvent: {}
[44.971816] (-) TimerEvent: {}
[45.072097] (-) TimerEvent: {}
[45.172376] (-) TimerEvent: {}
[45.272653] (-) TimerEvent: {}
[45.372947] (-) TimerEvent: {}
[45.473219] (-) TimerEvent: {}
[45.573496] (-) TimerEvent: {}
[45.673775] (-) TimerEvent: {}
[45.774057] (-) TimerEvent: {}
[45.874340] (-) TimerEvent: {}
[45.974623] (-) TimerEvent: {}
[46.074910] (-) TimerEvent: {}
[46.175184] (-) TimerEvent: {}
[46.275463] (-) TimerEvent: {}
[46.375754] (-) TimerEvent: {}
[46.476056] (-) TimerEvent: {}
[46.576352] (-) TimerEvent: {}
[46.676636] (-) TimerEvent: {}
[46.776912] (-) TimerEvent: {}
[46.877176] (-) TimerEvent: {}
[46.977441] (-) TimerEvent: {}
[47.077734] (-) TimerEvent: {}
[47.177996] (-) TimerEvent: {}
[47.278272] (-) TimerEvent: {}
[47.378567] (-) TimerEvent: {}
[47.478858] (-) TimerEvent: {}
[47.579143] (-) TimerEvent: {}
[47.679473] (-) TimerEvent: {}
[47.680440] (cartographer_rviz) StdoutLine: {'line': b'[ 85%] \x1b[32m\x1b[1mLinking CXX shared library libcartographer_rviz.so\x1b[0m\n'}
[47.779639] (-) TimerEvent: {}
[47.880000] (-) TimerEvent: {}
[47.980273] (-) TimerEvent: {}
[48.080587] (-) TimerEvent: {}
[48.181024] (-) TimerEvent: {}
[48.281384] (-) TimerEvent: {}
[48.381807] (-) TimerEvent: {}
[48.482170] (-) TimerEvent: {}
[48.582601] (-) TimerEvent: {}
[48.682977] (-) TimerEvent: {}
[48.736890] (cartographer_rviz) StdoutLine: {'line': b'[100%] Built target cartographer_rviz\n'}
[48.746230] (cartographer_rviz) CommandEnded: {'returncode': 0}
[48.746729] (cartographer_rviz) JobProgress: {'identifier': 'cartographer_rviz', 'progress': 'install'}
[48.747325] (cartographer_rviz) Command: {'cmd': ['/usr/bin/cmake', '--install', '/root/distr_slam_ws/build/cartographer_rviz'], 'cwd': '/root/distr_slam_ws/build/cartographer_rviz', 'env': OrderedDict({'HOSTNAME': 'doraemon', 'SHLVL': '1', 'LIBGL_ALWAYS_SOFTWARE': '1', 'LD_LIBRARY_PATH': '/root/distr_slam_ws/install/cartographer_ros/lib:/root/distr_slam_ws/install/cartographer_ros_msgs/lib:/opt/ros/jazzy/opt/rviz_ogre_vendor/lib:/opt/ros/jazzy/lib/x86_64-linux-gnu:/opt/ros/jazzy/opt/gz_math_vendor/lib:/opt/ros/jazzy/opt/gz_utils_vendor/lib:/opt/ros/jazzy/opt/gz_cmake_vendor/lib:/opt/ros/jazzy/lib', 'HOME': '/root', 'OLDPWD': '/root/distr_slam_ws/build', 'ROS_PYTHON_VERSION': '3', 'ROS_DISTRO': 'jazzy', '_': '/usr/bin/colcon', 'ROS_VERSION': '2', 'PKG_CONFIG_PATH': '/root/distr_slam_ws/install/cartographer/lib/x86_64-linux-gnu/pkgconfig:/root/distr_slam_ws/install/cartographer/lib/pkgconfig', 'TERM': 'xterm', 'ROS_LOCALHOST_ONLY': '1', 'QT_X11_NO_MITSHM': '1', 'PATH': '/root/distr_slam_ws/install/cartographer/bin:/opt/ros/jazzy/bin:/usr/local/sbin:/usr/local/bin:/usr/sbin:/usr/bin:/sbin:/bin', 'DISPLAY': 'localhost:10.0', 'LANG': 'en_US.UTF-8', 'LS_COLORS': 'rs=0:di=01;34:ln=01;36:mh=00:pi=40;33:so=01;35:do=01;35:bd=40;33;01:cd=40;33;01:or=40;31;01:mi=00:su=37;41:sg=30;43:ca=00:tw=30;42:ow=34;42:st=37;44:ex=01;32:*.tar=01;31:*.tgz=01;31:*.arc=01;31:*.arj=01;31:*.taz=01;31:*.lha=01;31:*.lz4=01;31:*.lzh=01;31:*.lzma=01;31:*.tlz=01;31:*.txz=01;31:*.tzo=01;31:*.t7z=01;31:*.zip=01;31:*.z=01;31:*.dz=01;31:*.gz=01;31:*.lrz=01;31:*.lz=01;31:*.lzo=01;31:*.xz=01;31:*.zst=01;31:*.tzst=01;31:*.bz2=01;31:*.bz=01;31:*.tbz=01;31:*.tbz2=01;31:*.tz=01;31:*.deb=01;31:*.rpm=01;31:*.jar=01;31:*.war=01;31:*.ear=01;31:*.sar=01;31:*.rar=01;31:*.alz=01;31:*.ace=01;31:*.zoo=01;31:*.cpio=01;31:*.7z=01;31:*.rz=01;31:*.cab=01;31:*.wim=01;31:*.swm=01;31:*.dwm=01;31:*.esd=01;31:*.avif=01;35:*.jpg=01;35:*.jpeg=01;35:*.mjpg=01;35:*.mjpeg=01;35:*.gif=01;35:*.bmp=01;35:*.pbm=01;35:*.pgm=01;35:*.ppm=01;35:*.tga=01;35:*.xbm=01;35:*.xpm=01;35:*.tif=01;35:*.tiff=01;35:*.png=01;35:*.svg=01;35:*.svgz=01;35:*.mng=01;35:*.pcx=01;35:*.mov=01;35:*.mpg=01;35:*.mpeg=01;35:*.m2v=01;35:*.mkv=01;35:*.webm=01;35:*.webp=01;35:*.ogm=01;35:*.mp4=01;35:*.m4v=01;35:*.mp4v=01;35:*.vob=01;35:*.qt=01;35:*.nuv=01;35:*.wmv=01;35:*.asf=01;35:*.rm=01;35:*.rmvb=01;35:*.flc=01;35:*.avi=01;35:*.fli=01;35:*.flv=01;35:*.gl=01;35:*.dl=01;35:*.xcf=01;35:*.xwd=01;35:*.yuv=01;35:*.cgm=01;35:*.emf=01;35:*.ogv=01;35:*.ogx=01;35:*.aac=00;36:*.au=00;36:*.flac=00;36:*.m4a=00;36:*.mid=00;36:*.midi=00;36:*.mka=00;36:*.mp3=00;36:*.mpc=00;36:*.ogg=00;36:*.ra=00;36:*.wav=00;36:*.oga=00;36:*.opus=00;36:*.spx=00;36:*.xspf=00;36:*~=00;90:*#=00;90:*.bak=00;90:*.crdownload=00;90:*.dpkg-dist=00;90:*.dpkg-new=00;90:*.dpkg-old=00;90:*.dpkg-tmp=00;90:*.old=00;90:*.orig=00;90:*.part=00;90:*.rej=00;90:*.rpmnew=00;90:*.rpmorig=00;90:*.rpmsave=00;90:*.swp=00;90:*.tmp=00;90:*.ucf-dist=00;90:*.ucf-new=00;90:*.ucf-old=00;90:', 'AMENT_PREFIX_PATH': '/root/distr_slam_ws/install/cartographer_ros:/root/distr_slam_ws/install/cartographer_ros_msgs:/opt/ros/jazzy', 'DEBIAN_FRONTEND': 'noninteractive', 'ROS_AUTOMATIC_DISCOVERY_RANGE': 'SUBNET', 'PWD': '/root/distr_slam_ws/build/cartographer_rviz', 'TURTLEBOT3_MODEL': 'burger', 'LC_ALL': 'en_US.UTF-8', 'PYTHONPATH': '/root/distr_slam_ws/install/cartographer_ros_msgs/lib/python3.12/site-packages:/opt/ros/jazzy/lib/python3.12/site-packages', 'COLCON': '1', 'CMAKE_PREFIX_PATH': '/root/distr_slam_ws/install/cartographer_ros:/root/distr_slam_ws/install/cartographer_ros_msgs:/root/distr_slam_ws/install/cartographer:/opt/ros/jazzy/opt/gz_math_vendor:/opt/ros/jazzy/opt/gz_utils_vendor:/opt/ros/jazzy/opt/gz_cmake_vendor:/opt/ros/jazzy'}), 'shell': False}
[48.754766] (cartographer_rviz) StdoutLine: {'line': b'-- Install configuration: "Release"\n'}
[48.754821] (cartographer_rviz) StdoutLine: {'line': b'-- Up-to-date: /root/distr_slam_ws/install/cartographer_rviz/share/cartographer_rviz/rviz_plugin_description.xml\n'}
[48.754900] (cartographer_rviz) StdoutLine: {'line': b'-- Installing: /root/distr_slam_ws/install/cartographer_rviz/lib/libcartographer_rviz.so\n'}
[48.755905] (cartographer_rviz) StdoutLine: {'line': b'-- Set non-toolchain portion of runtime path of "/root/distr_slam_ws/install/cartographer_rviz/lib/libcartographer_rviz.so" to ""\n'}
[48.755960] (cartographer_rviz) StdoutLine: {'line': b'-- Up-to-date: /root/distr_slam_ws/install/cartographer_rviz/include/cartographer_rviz\n'}
[48.756015] (cartographer_rviz) StdoutLine: {'line': b'-- Up-to-date: /root/distr_slam_ws/install/cartographer_rviz/include/cartographer_rviz/cartographer_rviz\n'}
[48.756062] (cartographer_rviz) StdoutLine: {'line': b'-- Up-to-date: /root/distr_slam_ws/install/cartographer_rviz/include/cartographer_rviz/cartographer_rviz/drawable_submap.h\n'}
[48.756101] (cartographer_rviz) StdoutLine: {'line': b'-- Up-to-date: /root/distr_slam_ws/install/cartographer_rviz/include/cartographer_rviz/cartographer_rviz/ogre_slice.h\n'}
[48.756150] (cartographer_rviz) StdoutLine: {'line': b'-- Up-to-date: /root/distr_slam_ws/install/cartographer_rviz/include/cartographer_rviz/cartographer_rviz/submaps_display.h\n'}
[48.756207] (cartographer_rviz) StdoutLine: {'line': b'-- Up-to-date: /root/distr_slam_ws/install/cartographer_rviz/share/cartographer_rviz/environment/library_path.sh\n'}
[48.756246] (cartographer_rviz) StdoutLine: {'line': b'-- Up-to-date: /root/distr_slam_ws/install/cartographer_rviz/share/cartographer_rviz/environment/library_path.dsv\n'}
[48.756290] (cartographer_rviz) StdoutLine: {'line': b'-- Up-to-date: /root/distr_slam_ws/install/cartographer_rviz/share/ament_index/resource_index/package_run_dependencies/cartographer_rviz\n'}
[48.756328] (cartographer_rviz) StdoutLine: {'line': b'-- Up-to-date: /root/distr_slam_ws/install/cartographer_rviz/share/ament_index/resource_index/parent_prefix_path/cartographer_rviz\n'}
[48.756365] (cartographer_rviz) StdoutLine: {'line': b'-- Up-to-date: /root/distr_slam_ws/install/cartographer_rviz/share/cartographer_rviz/environment/ament_prefix_path.sh\n'}
[48.756411] (cartographer_rviz) StdoutLine: {'line': b'-- Up-to-date: /root/distr_slam_ws/install/cartographer_rviz/share/cartographer_rviz/environment/ament_prefix_path.dsv\n'}
[48.756470] (cartographer_rviz) StdoutLine: {'line': b'-- Up-to-date: /root/distr_slam_ws/install/cartographer_rviz/share/cartographer_rviz/environment/path.sh\n'}
[48.756505] (cartographer_rviz) StdoutLine: {'line': b'-- Up-to-date: /root/distr_slam_ws/install/cartographer_rviz/share/cartographer_rviz/environment/path.dsv\n'}
[48.756540] (cartographer_rviz) StdoutLine: {'line': b'-- Up-to-date: /root/distr_slam_ws/install/cartographer_rviz/share/cartographer_rviz/local_setup.bash\n'}
[48.756584] (cartographer_rviz) StdoutLine: {'line': b'-- Up-to-date: /root/distr_slam_ws/install/cartographer_rviz/share/cartographer_rviz/local_setup.sh\n'}
[48.756618] (cartographer_rviz) StdoutLine: {'line': b'-- Up-to-date: /root/distr_slam_ws/install/cartographer_rviz/share/cartographer_rviz/local_setup.zsh\n'}
[48.756653] (cartographer_rviz) StdoutLine: {'line': b'-- Up-to-date: /root/distr_slam_ws/install/cartographer_rviz/share/cartographer_rviz/local_setup.dsv\n'}
[48.756689] (cartographer_rviz) StdoutLine: {'line': b'-- Installing: /root/distr_slam_ws/install/cartographer_rviz/share/cartographer_rviz/package.dsv\n'}
[48.756723] (cartographer_rviz) StdoutLine: {'line': b'-- Up-to-date: /root/distr_slam_ws/install/cartographer_rviz/share/ament_index/resource_index/packages/cartographer_rviz\n'}
[48.756759] (cartographer_rviz) StdoutLine: {'line': b'-- Up-to-date: /root/distr_slam_ws/install/cartographer_rviz/share/ament_index/resource_index/rviz_common__pluginlib__plugin/cartographer_rviz\n'}
[48.756802] (cartographer_rviz) StdoutLine: {'line': b'-- Up-to-date: /root/distr_slam_ws/install/cartographer_rviz/share/cartographer_rviz/ogre_media/materials/glsl120\n'}
[48.756856] (cartographer_rviz) StdoutLine: {'line': b'-- Up-to-date: /root/distr_slam_ws/install/cartographer_rviz/share/cartographer_rviz/ogre_media/materials/glsl120/submap.frag\n'}
[48.756890] (cartographer_rviz) StdoutLine: {'line': b'-- Up-to-date: /root/distr_slam_ws/install/cartographer_rviz/share/cartographer_rviz/ogre_media/materials/glsl120/glsl120.program\n'}
[48.756923] (cartographer_rviz) StdoutLine: {'line': b'-- Up-to-date: /root/distr_slam_ws/install/cartographer_rviz/share/cartographer_rviz/ogre_media/materials/glsl120/submap.vert\n'}
[48.756956] (cartographer_rviz) StdoutLine: {'line': b'-- Up-to-date: /root/distr_slam_ws/install/cartographer_rviz/share/cartographer_rviz/ogre_media/materials/scripts\n'}
[48.756988] (cartographer_rviz) StdoutLine: {'line': b'-- Up-to-date: /root/distr_slam_ws/install/cartographer_rviz/share/cartographer_rviz/ogre_media/materials/scripts/submap.material\n'}
[48.757022] (cartographer_rviz) StdoutLine: {'line': b'-- Up-to-date: /root/distr_slam_ws/install/cartographer_rviz/share/ament_index/resource_index/rviz_ogre_media_exports/cartographer_rviz\n'}
[48.757073] (cartographer_rviz) StdoutLine: {'line': b'-- Up-to-date: /root/distr_slam_ws/install/cartographer_rviz/share/cartographer_rviz/cmake/cartographer_rvizExport.cmake\n'}
[48.757105] (cartographer_rviz) StdoutLine: {'line': b'-- Up-to-date: /root/distr_slam_ws/install/cartographer_rviz/share/cartographer_rviz/cmake/cartographer_rvizExport-release.cmake\n'}
[48.757139] (cartographer_rviz) StdoutLine: {'line': b'-- Up-to-date: /root/distr_slam_ws/install/cartographer_rviz/share/cartographer_rviz/cmake/ament_cmake_export_include_directories-extras.cmake\n'}
[48.757171] (cartographer_rviz) StdoutLine: {'line': b'-- Up-to-date: /root/distr_slam_ws/install/cartographer_rviz/share/cartographer_rviz/cmake/ament_cmake_export_libraries-extras.cmake\n'}
[48.757202] (cartographer_rviz) StdoutLine: {'line': b'-- Up-to-date: /root/distr_slam_ws/install/cartographer_rviz/share/cartographer_rviz/cmake/ament_cmake_export_targets-extras.cmake\n'}
[48.757232] (cartographer_rviz) StdoutLine: {'line': b'-- Up-to-date: /root/distr_slam_ws/install/cartographer_rviz/share/cartographer_rviz/cmake/ament_cmake_export_dependencies-extras.cmake\n'}
[48.757263] (cartographer_rviz) StdoutLine: {'line': b'-- Up-to-date: /root/distr_slam_ws/install/cartographer_rviz/share/cartographer_rviz/cmake/cartographer_rvizConfig.cmake\n'}
[48.757294] (cartographer_rviz) StdoutLine: {'line': b'-- Up-to-date: /root/distr_slam_ws/install/cartographer_rviz/share/cartographer_rviz/cmake/cartographer_rvizConfig-version.cmake\n'}
[48.757325] (cartographer_rviz) StdoutLine: {'line': b'-- Up-to-date: /root/distr_slam_ws/install/cartographer_rviz/share/cartographer_rviz/package.xml\n'}
[48.757800] (cartographer_rviz) CommandEnded: {'returncode': 0}
[48.766198] (cartographer_rviz) JobEnded: {'identifier': 'cartographer_rviz', 'rc': 0}
[48.766604] (-) EventReactorShutdown: {}
