[0.000000] (-) TimerEvent: {}
[0.000141] (cartographer) JobQueued: {'identifier': 'cartographer', 'dependencies': OrderedDict()}
[0.000183] (cartographer_ros_msgs) JobQueued: {'identifier': 'cartographer_ros_msgs', 'dependencies': OrderedDict()}
[0.000223] (cartographer_ros) JobQueued: {'identifier': 'cartographer_ros', 'dependencies': OrderedDict({'cartographer': '/root/distr_slam_ws/install/cartographer', 'cartographer_ros_msgs': '/root/distr_slam_ws/install/cartographer_ros_msgs'})}
[0.000262] (cartographer_rviz) JobQueued: {'identifier': 'cartographer_rviz', 'dependencies': OrderedDict({'cartographer': '/root/distr_slam_ws/install/cartographer', 'cartographer_ros_msgs': '/root/distr_slam_ws/install/cartographer_ros_msgs', 'cartographer_ros': '/root/distr_slam_ws/install/cartographer_ros'})}
[0.000298] (cartographer) JobStarted: {'identifier': 'cartographer'}
[0.010960] (cartographer_ros_msgs) JobStarted: {'identifier': 'cartographer_ros_msgs'}
[0.017761] (cartographer) JobProgress: {'identifier': 'cartographer', 'progress': 'cmake'}
[0.018478] (cartographer) Command: {'cmd': ['/usr/bin/cmake', '/root/distr_slam_ws/src/cartographer', '-DCMAKE_INSTALL_PREFIX=/root/distr_slam_ws/install/cartographer'], 'cwd': '/root/distr_slam_ws/build/cartographer', 'env': OrderedDict({'HOSTNAME': 'user-dynabook-G83-DN', 'SHLVL': '1', 'LIBGL_ALWAYS_SOFTWARE': '1', 'LD_LIBRARY_PATH': '/opt/ros/jazzy/opt/rviz_ogre_vendor/lib:/opt/ros/jazzy/lib/x86_64-linux-gnu:/opt/ros/jazzy/opt/gz_math_vendor/lib:/opt/ros/jazzy/opt/gz_utils_vendor/lib:/opt/ros/jazzy/opt/gz_cmake_vendor/lib:/opt/ros/jazzy/lib', 'HOME': '/root', 'OLDPWD': '/root', 'ROS_PYTHON_VERSION': '3', 'ROS_DISTRO': 'jazzy', '_': '/usr/bin/colcon', 'ROS_VERSION': '2', 'TERM': 'xterm', 'ROS_LOCALHOST_ONLY': '1', 'QT_X11_NO_MITSHM': '1', 'PATH': '/opt/ros/jazzy/bin:/usr/local/sbin:/usr/local/bin:/usr/sbin:/usr/bin:/sbin:/bin', 'DISPLAY': ':0', 'LANG': 'en_US.UTF-8', 'XAUTHORITY': '/root/.Xauthority', 'LS_COLORS': 'rs=0:di=01;34:ln=01;36:mh=00:pi=40;33:so=01;35:do=01;35:bd=40;33;01:cd=40;33;01:or=40;31;01:mi=00:su=37;41:sg=30;43:ca=00:tw=30;42:ow=34;42:st=37;44:ex=01;32:*.tar=01;31:*.tgz=01;31:*.arc=01;31:*.arj=01;31:*.taz=01;31:*.lha=01;31:*.lz4=01;31:*.lzh=01;31:*.lzma=01;31:*.tlz=01;31:*.txz=01;31:*.tzo=01;31:*.t7z=01;31:*.zip=01;31:*.z=01;31:*.dz=01;31:*.gz=01;31:*.lrz=01;31:*.lz=01;31:*.lzo=01;31:*.xz=01;31:*.zst=01;31:*.tzst=01;31:*.bz2=01;31:*.bz=01;31:*.tbz=01;31:*.tbz2=01;31:*.tz=01;31:*.deb=01;31:*.rpm=01;31:*.jar=01;31:*.war=01;31:*.ear=01;31:*.sar=01;31:*.rar=01;31:*.alz=01;31:*.ace=01;31:*.zoo=01;31:*.cpio=01;31:*.7z=01;31:*.rz=01;31:*.cab=01;31:*.wim=01;31:*.swm=01;31:*.dwm=01;31:*.esd=01;31:*.avif=01;35:*.jpg=01;35:*.jpeg=01;35:*.mjpg=01;35:*.mjpeg=01;35:*.gif=01;35:*.bmp=01;35:*.pbm=01;35:*.pgm=01;35:*.ppm=01;35:*.tga=01;35:*.xbm=01;35:*.xpm=01;35:*.tif=01;35:*.tiff=01;35:*.png=01;35:*.svg=01;35:*.svgz=01;35:*.mng=01;35:*.pcx=01;35:*.mov=01;35:*.mpg=01;35:*.mpeg=01;35:*.m2v=01;35:*.mkv=01;35:*.webm=01;35:*.webp=01;35:*.ogm=01;35:*.mp4=01;35:*.m4v=01;35:*.mp4v=01;35:*.vob=01;35:*.qt=01;35:*.nuv=01;35:*.wmv=01;35:*.asf=01;35:*.rm=01;35:*.rmvb=01;35:*.flc=01;35:*.avi=01;35:*.fli=01;35:*.flv=01;35:*.gl=01;35:*.dl=01;35:*.xcf=01;35:*.xwd=01;35:*.yuv=01;35:*.cgm=01;35:*.emf=01;35:*.ogv=01;35:*.ogx=01;35:*.aac=00;36:*.au=00;36:*.flac=00;36:*.m4a=00;36:*.mid=00;36:*.midi=00;36:*.mka=00;36:*.mp3=00;36:*.mpc=00;36:*.ogg=00;36:*.ra=00;36:*.wav=00;36:*.oga=00;36:*.opus=00;36:*.spx=00;36:*.xspf=00;36:*~=00;90:*#=00;90:*.bak=00;90:*.crdownload=00;90:*.dpkg-dist=00;90:*.dpkg-new=00;90:*.dpkg-old=00;90:*.dpkg-tmp=00;90:*.old=00;90:*.orig=00;90:*.part=00;90:*.rej=00;90:*.rpmnew=00;90:*.rpmorig=00;90:*.rpmsave=00;90:*.swp=00;90:*.tmp=00;90:*.ucf-dist=00;90:*.ucf-new=00;90:*.ucf-old=00;90:', 'AMENT_PREFIX_PATH': '/opt/ros/jazzy', 'DEBIAN_FRONTEND': 'noninteractive', 'ROS_AUTOMATIC_DISCOVERY_RANGE': 'SUBNET', 'PWD': '/root/distr_slam_ws/build/cartographer', 'TURTLEBOT3_MODEL': 'burger', 'LC_ALL': 'en_US.UTF-8', 'PYTHONPATH': '/opt/ros/jazzy/lib/python3.12/site-packages', 'COLCON': '1', 'CMAKE_PREFIX_PATH': '/opt/ros/jazzy/opt/gz_math_vendor:/opt/ros/jazzy/opt/gz_utils_vendor:/opt/ros/jazzy/opt/gz_cmake_vendor:/opt/ros/jazzy'}), 'shell': False}
[0.021881] (cartographer_ros_msgs) JobProgress: {'identifier': 'cartographer_ros_msgs', 'progress': 'cmake'}
[0.022636] (cartographer_ros_msgs) Command: {'cmd': ['/usr/bin/cmake', '/root/distr_slam_ws/src/cartographer_ros/cartographer_ros_msgs', '-DCMAKE_INSTALL_PREFIX=/root/distr_slam_ws/install/cartographer_ros_msgs'], 'cwd': '/root/distr_slam_ws/build/cartographer_ros_msgs', 'env': OrderedDict({'HOSTNAME': 'user-dynabook-G83-DN', 'SHLVL': '1', 'LIBGL_ALWAYS_SOFTWARE': '1', 'LD_LIBRARY_PATH': '/opt/ros/jazzy/opt/rviz_ogre_vendor/lib:/opt/ros/jazzy/lib/x86_64-linux-gnu:/opt/ros/jazzy/opt/gz_math_vendor/lib:/opt/ros/jazzy/opt/gz_utils_vendor/lib:/opt/ros/jazzy/opt/gz_cmake_vendor/lib:/opt/ros/jazzy/lib', 'HOME': '/root', 'OLDPWD': '/root', 'ROS_PYTHON_VERSION': '3', 'ROS_DISTRO': 'jazzy', '_': '/usr/bin/colcon', 'ROS_VERSION': '2', 'TERM': 'xterm', 'ROS_LOCALHOST_ONLY': '1', 'QT_X11_NO_MITSHM': '1', 'PATH': '/opt/ros/jazzy/bin:/usr/local/sbin:/usr/local/bin:/usr/sbin:/usr/bin:/sbin:/bin', 'DISPLAY': ':0', 'LANG': 'en_US.UTF-8', 'XAUTHORITY': '/root/.Xauthority', 'LS_COLORS': 'rs=0:di=01;34:ln=01;36:mh=00:pi=40;33:so=01;35:do=01;35:bd=40;33;01:cd=40;33;01:or=40;31;01:mi=00:su=37;41:sg=30;43:ca=00:tw=30;42:ow=34;42:st=37;44:ex=01;32:*.tar=01;31:*.tgz=01;31:*.arc=01;31:*.arj=01;31:*.taz=01;31:*.lha=01;31:*.lz4=01;31:*.lzh=01;31:*.lzma=01;31:*.tlz=01;31:*.txz=01;31:*.tzo=01;31:*.t7z=01;31:*.zip=01;31:*.z=01;31:*.dz=01;31:*.gz=01;31:*.lrz=01;31:*.lz=01;31:*.lzo=01;31:*.xz=01;31:*.zst=01;31:*.tzst=01;31:*.bz2=01;31:*.bz=01;31:*.tbz=01;31:*.tbz2=01;31:*.tz=01;31:*.deb=01;31:*.rpm=01;31:*.jar=01;31:*.war=01;31:*.ear=01;31:*.sar=01;31:*.rar=01;31:*.alz=01;31:*.ace=01;31:*.zoo=01;31:*.cpio=01;31:*.7z=01;31:*.rz=01;31:*.cab=01;31:*.wim=01;31:*.swm=01;31:*.dwm=01;31:*.esd=01;31:*.avif=01;35:*.jpg=01;35:*.jpeg=01;35:*.mjpg=01;35:*.mjpeg=01;35:*.gif=01;35:*.bmp=01;35:*.pbm=01;35:*.pgm=01;35:*.ppm=01;35:*.tga=01;35:*.xbm=01;35:*.xpm=01;35:*.tif=01;35:*.tiff=01;35:*.png=01;35:*.svg=01;35:*.svgz=01;35:*.mng=01;35:*.pcx=01;35:*.mov=01;35:*.mpg=01;35:*.mpeg=01;35:*.m2v=01;35:*.mkv=01;35:*.webm=01;35:*.webp=01;35:*.ogm=01;35:*.mp4=01;35:*.m4v=01;35:*.mp4v=01;35:*.vob=01;35:*.qt=01;35:*.nuv=01;35:*.wmv=01;35:*.asf=01;35:*.rm=01;35:*.rmvb=01;35:*.flc=01;35:*.avi=01;35:*.fli=01;35:*.flv=01;35:*.gl=01;35:*.dl=01;35:*.xcf=01;35:*.xwd=01;35:*.yuv=01;35:*.cgm=01;35:*.emf=01;35:*.ogv=01;35:*.ogx=01;35:*.aac=00;36:*.au=00;36:*.flac=00;36:*.m4a=00;36:*.mid=00;36:*.midi=00;36:*.mka=00;36:*.mp3=00;36:*.mpc=00;36:*.ogg=00;36:*.ra=00;36:*.wav=00;36:*.oga=00;36:*.opus=00;36:*.spx=00;36:*.xspf=00;36:*~=00;90:*#=00;90:*.bak=00;90:*.crdownload=00;90:*.dpkg-dist=00;90:*.dpkg-new=00;90:*.dpkg-old=00;90:*.dpkg-tmp=00;90:*.old=00;90:*.orig=00;90:*.part=00;90:*.rej=00;90:*.rpmnew=00;90:*.rpmorig=00;90:*.rpmsave=00;90:*.swp=00;90:*.tmp=00;90:*.ucf-dist=00;90:*.ucf-new=00;90:*.ucf-old=00;90:', 'AMENT_PREFIX_PATH': '/opt/ros/jazzy', 'DEBIAN_FRONTEND': 'noninteractive', 'ROS_AUTOMATIC_DISCOVERY_RANGE': 'SUBNET', 'PWD': '/root/distr_slam_ws/build/cartographer_ros_msgs', 'TURTLEBOT3_MODEL': 'burger', 'LC_ALL': 'en_US.UTF-8', 'PYTHONPATH': '/opt/ros/jazzy/lib/python3.12/site-packages', 'COLCON': '1', 'CMAKE_PREFIX_PATH': '/opt/ros/jazzy/opt/gz_math_vendor:/opt/ros/jazzy/opt/gz_utils_vendor:/opt/ros/jazzy/opt/gz_cmake_vendor:/opt/ros/jazzy'}), 'shell': False}
[0.099252] (-) TimerEvent: {}
[0.199638] (-) TimerEvent: {}
[0.222300] (cartographer_ros_msgs) StdoutLine: {'line': b'-- The C compiler identification is GNU 13.3.0\n'}
[0.222843] (cartographer) StdoutLine: {'line': b'-- The C compiler identification is GNU 13.3.0\n'}
[0.299817] (-) TimerEvent: {}
[0.353093] (cartographer) StdoutLine: {'line': b'-- The CXX compiler identification is GNU 13.3.0\n'}
[0.359521] (cartographer_ros_msgs) StdoutLine: {'line': b'-- The CXX compiler identification is GNU 13.3.0\n'}
[0.377887] (cartographer) StdoutLine: {'line': b'-- Detecting C compiler ABI info\n'}
[0.378983] (cartographer_ros_msgs) StdoutLine: {'line': b'-- Detecting C compiler ABI info\n'}
[0.399935] (-) TimerEvent: {}
[0.498263] (cartographer_ros_msgs) StdoutLine: {'line': b'-- Detecting C compiler ABI info - done\n'}
[0.498520] (cartographer) StdoutLine: {'line': b'-- Detecting C compiler ABI info - done\n'}
[0.500035] (-) TimerEvent: {}
[0.510800] (cartographer) StdoutLine: {'line': b'-- Check for working C compiler: /usr/bin/cc - skipped\n'}
[0.511193] (cartographer_ros_msgs) StdoutLine: {'line': b'-- Check for working C compiler: /usr/bin/cc - skipped\n'}
[0.513261] (cartographer_ros_msgs) StdoutLine: {'line': b'-- Detecting C compile features\n'}
[0.513401] (cartographer) StdoutLine: {'line': b'-- Detecting C compile features\n'}
[0.513936] (cartographer) StdoutLine: {'line': b'-- Detecting C compile features - done\n'}
[0.514133] (cartographer_ros_msgs) StdoutLine: {'line': b'-- Detecting C compile features - done\n'}
[0.528874] (cartographer) StdoutLine: {'line': b'-- Detecting CXX compiler ABI info\n'}
[0.529169] (cartographer_ros_msgs) StdoutLine: {'line': b'-- Detecting CXX compiler ABI info\n'}
[0.600163] (-) TimerEvent: {}
[0.655744] (cartographer) StdoutLine: {'line': b'-- Detecting CXX compiler ABI info - done\n'}
[0.656022] (cartographer_ros_msgs) StdoutLine: {'line': b'-- Detecting CXX compiler ABI info - done\n'}
[0.668611] (cartographer) StdoutLine: {'line': b'-- Check for working CXX compiler: /usr/bin/c++ - skipped\n'}
[0.668985] (cartographer) StdoutLine: {'line': b'-- Detecting CXX compile features\n'}
[0.669262] (cartographer_ros_msgs) StdoutLine: {'line': b'-- Check for working CXX compiler: /usr/bin/c++ - skipped\n'}
[0.669525] (cartographer_ros_msgs) StdoutLine: {'line': b'-- Detecting CXX compile features\n'}
[0.669746] (cartographer) StdoutLine: {'line': b'-- Detecting CXX compile features - done\n'}
[0.670148] (cartographer_ros_msgs) StdoutLine: {'line': b'-- Detecting CXX compile features - done\n'}
[0.675003] (cartographer) StdoutLine: {'line': b'-- Build type: Release\n'}
[0.681599] (cartographer_ros_msgs) StdoutLine: {'line': b'-- Found ament_cmake: 2.5.6 (/opt/ros/jazzy/share/ament_cmake/cmake)\n'}
[0.688500] (cartographer) StdoutLine: {'line': b'Files /root/distr_slam_ws/build/cartographer/AllFiles.cmake and - differ\n'}
[0.700264] (-) TimerEvent: {}
[0.800576] (-) TimerEvent: {}
[0.872568] (cartographer_ros_msgs) StdoutLine: {'line': b'-- Found Python3: /usr/bin/python3 (found version "3.12.3") found components: Interpreter \n'}
[0.900722] (-) TimerEvent: {}
[0.906687] (cartographer) StdoutLine: {'line': b'-- Found Python3: /usr/bin/python3 (found version "3.12.3") found components: Interpreter \n'}
[0.909780] (cartographer) StdoutLine: {'line': b'-- Performing Test CMAKE_HAVE_LIBC_PTHREAD\n'}
[1.000847] (-) TimerEvent: {}
[1.031992] (cartographer) StdoutLine: {'line': b'-- Performing Test CMAKE_HAVE_LIBC_PTHREAD - Success\n'}
[1.032603] (cartographer_ros_msgs) StdoutLine: {'line': b'-- Found rosidl_default_generators: 1.6.0 (/opt/ros/jazzy/share/rosidl_default_generators/cmake)\n'}
[1.033402] (cartographer) StdoutLine: {'line': b'-- Found Threads: TRUE  \n'}
[1.039967] (cartographer) StdoutLine: {'line': b'-- Found GMock: gmock_main  \n'}
[1.042244] (cartographer_ros_msgs) StdoutLine: {'line': b'-- Using all available rosidl_typesupport_c: rosidl_typesupport_fastrtps_c;rosidl_typesupport_introspection_c\n'}
[1.073694] (cartographer) StdoutLine: {'line': b'-- Found Boost: /usr/lib/x86_64-linux-gnu/cmake/Boost-1.83.0/BoostConfig.cmake (found version "1.83.0") found components: iostreams \n'}
[1.100965] (-) TimerEvent: {}
[1.126586] (cartographer_ros_msgs) StdoutLine: {'line': b'-- Using all available rosidl_typesupport_cpp: rosidl_typesupport_fastrtps_cpp;rosidl_typesupport_introspection_cpp\n'}
[1.201112] (-) TimerEvent: {}
[1.219812] (cartographer_ros_msgs) StdoutLine: {'line': b'-- Found rosidl_adapter: 4.6.7 (/opt/ros/jazzy/share/rosidl_adapter/cmake)\n'}
[1.226031] (cartographer_ros_msgs) StdoutLine: {'line': b'-- Found builtin_interfaces: 2.0.3 (/opt/ros/jazzy/share/builtin_interfaces/cmake)\n'}
[1.251149] (cartographer_ros_msgs) StdoutLine: {'line': b'-- Found geometry_msgs: 5.3.7 (/opt/ros/jazzy/share/geometry_msgs/cmake)\n'}
[1.301246] (-) TimerEvent: {}
[1.401506] (-) TimerEvent: {}
[1.501815] (-) TimerEvent: {}
[1.602150] (-) TimerEvent: {}
[1.702429] (-) TimerEvent: {}
[1.753563] (cartographer) StdoutLine: {'line': b'-- Found AMD headers in: /usr/include/suitesparse\n'}
[1.755401] (cartographer) StdoutLine: {'line': b'-- Found AMD library: /usr/lib/x86_64-linux-gnu/libamd.so\n'}
[1.756371] (cartographer) StdoutLine: {'line': b'-- Found CAMD headers in: /usr/include/suitesparse\n'}
[1.757760] (cartographer) StdoutLine: {'line': b'-- Found CAMD library: /usr/lib/x86_64-linux-gnu/libcamd.so\n'}
[1.758621] (cartographer) StdoutLine: {'line': b'-- Found CCOLAMD headers in: /usr/include/suitesparse\n'}
[1.759968] (cartographer) StdoutLine: {'line': b'-- Found CCOLAMD library: /usr/lib/x86_64-linux-gnu/libccolamd.so\n'}
[1.760840] (cartographer) StdoutLine: {'line': b'-- Found CHOLMOD headers in: /usr/include/suitesparse\n'}
[1.762195] (cartographer) StdoutLine: {'line': b'-- Found CHOLMOD library: /usr/lib/x86_64-linux-gnu/libcholmod.so\n'}
[1.763097] (cartographer) StdoutLine: {'line': b'-- Found COLAMD headers in: /usr/include/suitesparse\n'}
[1.764488] (cartographer) StdoutLine: {'line': b'-- Found COLAMD library: /usr/lib/x86_64-linux-gnu/libcolamd.so\n'}
[1.765373] (cartographer) StdoutLine: {'line': b'-- Found SPQR headers in: /usr/include/suitesparse\n'}
[1.766736] (cartographer) StdoutLine: {'line': b'-- Found SPQR library: /usr/lib/x86_64-linux-gnu/libspqr.so\n'}
[1.767589] (cartographer) StdoutLine: {'line': b'-- Found Config headers in: /usr/include/suitesparse\n'}
[1.768961] (cartographer) StdoutLine: {'line': b'-- Found Config library: /usr/lib/x86_64-linux-gnu/libsuitesparseconfig.so\n'}
[1.776396] (cartographer) StdoutLine: {'line': b'-- Found Intel Thread Building Blocks (TBB) library (2021.11 / ) include location: . Assuming SuiteSparseQR was compiled with TBB.\n'}
[1.776648] (cartographer) StdoutLine: {'line': b'-- Looking for shm_open in rt\n'}
[1.802561] (-) TimerEvent: {}
[1.879935] (cartographer) StdoutLine: {'line': b'-- Looking for shm_open in rt - found\n'}
[1.880152] (cartographer) StdoutLine: {'line': b'-- Adding librt to SuiteSparse_config libraries (required on Linux & Unix [not OSX] if SuiteSparse is compiled with timing).\n'}
[1.889393] (cartographer) StdoutLine: {'line': b'-- Could NOT find METIS (missing: METIS_INCLUDE_DIR METIS_LIBRARY) \n'}
[1.890863] (cartographer) StdoutLine: {'line': b'-- Found SuiteSparse: /usr/include/suitesparse (found suitable version "7.6.1", minimum required is "7.6.1") found components: AMD CAMD CCOLAMD CHOLMOD COLAMD SPQR Config \n'}
[1.902694] (-) TimerEvent: {}
[1.903617] (cartographer) StdoutLine: {'line': b'-- Found required Ceres dependency: Eigen version 3.4.0 in /usr/share/eigen3/cmake\n'}
[1.917917] (cartographer) StdoutLine: {'line': b'-- Found required Ceres dependency: glog\n'}
[1.918690] (cartographer) StdoutLine: {'line': b'-- Found required Ceres dependency: gflags\n'}
[1.919593] (cartographer) StdoutLine: {'line': b'-- Found Ceres version: 2.2.0 installed in: /usr with components: [EigenSparse, SparseLinearAlgebraLibrary, LAPACK, SuiteSparse, SchurSpecializations]\n'}
[1.934232] (cartographer) StdoutLine: {'line': b'-- Found Lua: /usr/lib/x86_64-linux-gnu/liblua5.2.so;/usr/lib/x86_64-linux-gnu/libm.so (found version "5.2.4") \n'}
[1.973567] (cartographer) StdoutLine: {'line': b'-- Found Protobuf: /usr/lib/x86_64-linux-gnu/libprotobuf.so (found suitable version "3.21.12", minimum required is "3.0.0") \n'}
[1.980951] (cartographer) StdoutLine: {'line': b'-- Found PkgConfig: /usr/bin/pkg-config (found version "1.8.1") \n'}
[1.981434] (cartographer) StdoutLine: {'line': b"-- Checking for one of the modules 'cairo>=1.12.16'\n"}
[2.002828] (-) TimerEvent: {}
[2.060403] (cartographer) StdoutLine: {'line': b'-- Found Sphinx: /usr/bin/sphinx-build  \n'}
[2.102949] (-) TimerEvent: {}
[2.163515] (cartographer) StdoutLine: {'line': b'-- Configuring done (2.1s)\n'}
[2.203070] (-) TimerEvent: {}
[2.303394] (-) TimerEvent: {}
[2.331545] (cartographer_ros_msgs) StdoutLine: {'line': b'-- Found ament_cmake_cppcheck: 0.17.5 (/opt/ros/jazzy/share/ament_cmake_cppcheck/cmake)\n'}
[2.335875] (cartographer_ros_msgs) StdoutLine: {'line': b'-- Found ament_cmake_cpplint: 0.17.5 (/opt/ros/jazzy/share/ament_cmake_cpplint/cmake)\n'}
[2.340066] (cartographer_ros_msgs) StdoutLine: {'line': b'-- Found ament_cmake_uncrustify: 0.17.5 (/opt/ros/jazzy/share/ament_cmake_uncrustify/cmake)\n'}
[2.344651] (cartographer_ros_msgs) StdoutLine: {'line': b'-- Found ament_cmake_ros: 0.12.0 (/opt/ros/jazzy/share/ament_cmake_ros/cmake)\n'}
[2.403507] (-) TimerEvent: {}
[2.503810] (-) TimerEvent: {}
[2.604136] (-) TimerEvent: {}
[2.653309] (cartographer) StdoutLine: {'line': b'-- Generating done (0.4s)\n'}
[2.704229] (-) TimerEvent: {}
[2.768628] (cartographer) StdoutLine: {'line': b'-- Build files have been written to: /root/distr_slam_ws/build/cartographer\n'}
[2.786182] (cartographer) CommandEnded: {'returncode': 0}
[2.786818] (cartographer) JobProgress: {'identifier': 'cartographer', 'progress': 'build'}
[2.787829] (cartographer) Command: {'cmd': ['/usr/bin/cmake', '--build', '/root/distr_slam_ws/build/cartographer', '--', '-j8', '-l8'], 'cwd': '/root/distr_slam_ws/build/cartographer', 'env': OrderedDict({'HOSTNAME': 'user-dynabook-G83-DN', 'SHLVL': '1', 'LIBGL_ALWAYS_SOFTWARE': '1', 'LD_LIBRARY_PATH': '/opt/ros/jazzy/opt/rviz_ogre_vendor/lib:/opt/ros/jazzy/lib/x86_64-linux-gnu:/opt/ros/jazzy/opt/gz_math_vendor/lib:/opt/ros/jazzy/opt/gz_utils_vendor/lib:/opt/ros/jazzy/opt/gz_cmake_vendor/lib:/opt/ros/jazzy/lib', 'HOME': '/root', 'OLDPWD': '/root', 'ROS_PYTHON_VERSION': '3', 'ROS_DISTRO': 'jazzy', '_': '/usr/bin/colcon', 'ROS_VERSION': '2', 'TERM': 'xterm', 'ROS_LOCALHOST_ONLY': '1', 'QT_X11_NO_MITSHM': '1', 'PATH': '/opt/ros/jazzy/bin:/usr/local/sbin:/usr/local/bin:/usr/sbin:/usr/bin:/sbin:/bin', 'DISPLAY': ':0', 'LANG': 'en_US.UTF-8', 'XAUTHORITY': '/root/.Xauthority', 'LS_COLORS': 'rs=0:di=01;34:ln=01;36:mh=00:pi=40;33:so=01;35:do=01;35:bd=40;33;01:cd=40;33;01:or=40;31;01:mi=00:su=37;41:sg=30;43:ca=00:tw=30;42:ow=34;42:st=37;44:ex=01;32:*.tar=01;31:*.tgz=01;31:*.arc=01;31:*.arj=01;31:*.taz=01;31:*.lha=01;31:*.lz4=01;31:*.lzh=01;31:*.lzma=01;31:*.tlz=01;31:*.txz=01;31:*.tzo=01;31:*.t7z=01;31:*.zip=01;31:*.z=01;31:*.dz=01;31:*.gz=01;31:*.lrz=01;31:*.lz=01;31:*.lzo=01;31:*.xz=01;31:*.zst=01;31:*.tzst=01;31:*.bz2=01;31:*.bz=01;31:*.tbz=01;31:*.tbz2=01;31:*.tz=01;31:*.deb=01;31:*.rpm=01;31:*.jar=01;31:*.war=01;31:*.ear=01;31:*.sar=01;31:*.rar=01;31:*.alz=01;31:*.ace=01;31:*.zoo=01;31:*.cpio=01;31:*.7z=01;31:*.rz=01;31:*.cab=01;31:*.wim=01;31:*.swm=01;31:*.dwm=01;31:*.esd=01;31:*.avif=01;35:*.jpg=01;35:*.jpeg=01;35:*.mjpg=01;35:*.mjpeg=01;35:*.gif=01;35:*.bmp=01;35:*.pbm=01;35:*.pgm=01;35:*.ppm=01;35:*.tga=01;35:*.xbm=01;35:*.xpm=01;35:*.tif=01;35:*.tiff=01;35:*.png=01;35:*.svg=01;35:*.svgz=01;35:*.mng=01;35:*.pcx=01;35:*.mov=01;35:*.mpg=01;35:*.mpeg=01;35:*.m2v=01;35:*.mkv=01;35:*.webm=01;35:*.webp=01;35:*.ogm=01;35:*.mp4=01;35:*.m4v=01;35:*.mp4v=01;35:*.vob=01;35:*.qt=01;35:*.nuv=01;35:*.wmv=01;35:*.asf=01;35:*.rm=01;35:*.rmvb=01;35:*.flc=01;35:*.avi=01;35:*.fli=01;35:*.flv=01;35:*.gl=01;35:*.dl=01;35:*.xcf=01;35:*.xwd=01;35:*.yuv=01;35:*.cgm=01;35:*.emf=01;35:*.ogv=01;35:*.ogx=01;35:*.aac=00;36:*.au=00;36:*.flac=00;36:*.m4a=00;36:*.mid=00;36:*.midi=00;36:*.mka=00;36:*.mp3=00;36:*.mpc=00;36:*.ogg=00;36:*.ra=00;36:*.wav=00;36:*.oga=00;36:*.opus=00;36:*.spx=00;36:*.xspf=00;36:*~=00;90:*#=00;90:*.bak=00;90:*.crdownload=00;90:*.dpkg-dist=00;90:*.dpkg-new=00;90:*.dpkg-old=00;90:*.dpkg-tmp=00;90:*.old=00;90:*.orig=00;90:*.part=00;90:*.rej=00;90:*.rpmnew=00;90:*.rpmorig=00;90:*.rpmsave=00;90:*.swp=00;90:*.tmp=00;90:*.ucf-dist=00;90:*.ucf-new=00;90:*.ucf-old=00;90:', 'AMENT_PREFIX_PATH': '/opt/ros/jazzy', 'DEBIAN_FRONTEND': 'noninteractive', 'ROS_AUTOMATIC_DISCOVERY_RANGE': 'SUBNET', 'PWD': '/root/distr_slam_ws/build/cartographer', 'TURTLEBOT3_MODEL': 'burger', 'LC_ALL': 'en_US.UTF-8', 'PYTHONPATH': '/opt/ros/jazzy/lib/python3.12/site-packages', 'COLCON': '1', 'CMAKE_PREFIX_PATH': '/opt/ros/jazzy/opt/gz_math_vendor:/opt/ros/jazzy/opt/gz_utils_vendor:/opt/ros/jazzy/opt/gz_cmake_vendor:/opt/ros/jazzy'}), 'shell': False}
[2.804348] (-) TimerEvent: {}
[2.867127] (cartographer) StdoutLine: {'line': b'[  0%] \x1b[34m\x1b[1mRunning C++ protocol buffer compiler on /root/distr_slam_ws/src/cartographer/cartographer/common/proto/ceres_solver_options.proto\x1b[0m\n'}
[2.867467] (cartographer) StdoutLine: {'line': b'[  0%] \x1b[34m\x1b[1mRunning C++ protocol buffer compiler on /root/distr_slam_ws/src/cartographer/cartographer/transform/proto/transform.proto\x1b[0m\n'}
[2.872176] (cartographer) StdoutLine: {'line': b'[  1%] \x1b[34m\x1b[1mRunning C++ protocol buffer compiler on /root/distr_slam_ws/src/cartographer/cartographer/mapping/proto/cell_limits_2d.proto\x1b[0m\n'}
[2.875649] (cartographer) StdoutLine: {'line': b'[  1%] \x1b[34m\x1b[1mRunning C++ protocol buffer compiler on /root/distr_slam_ws/src/cartographer/cartographer/ground_truth/proto/relations.proto\x1b[0m\n'}
[2.878306] (cartographer) StdoutLine: {'line': b'[  1%] \x1b[34m\x1b[1mRunning C++ protocol buffer compiler on /root/distr_slam_ws/src/cartographer/cartographer/mapping/proto/connected_components.proto\x1b[0m\n'}
[2.883108] (cartographer) StdoutLine: {'line': b'[  1%] \x1b[34m\x1b[1mBuilding documentation.\x1b[0m\n'}
[2.888186] (cartographer) StdoutLine: {'line': b'[  2%] \x1b[32mBuilding CXX object googletest/CMakeFiles/gtest.dir/src/gtest-all.cc.o\x1b[0m\n'}
[2.904204] (cartographer) StdoutLine: {'line': b'[  3%] \x1b[34m\x1b[1mRunning C++ protocol buffer compiler on /root/distr_slam_ws/src/cartographer/cartographer/mapping/proto/hybrid_grid.proto\x1b[0m\n'}
[2.904502] (-) TimerEvent: {}
[2.905885] (cartographer) StdoutLine: {'line': b'[  3%] Built target cartographer_detect_changes\n'}
[2.906252] (cartographer) StdoutLine: {'line': b'[  3%] \x1b[34m\x1b[1mRunning C++ protocol buffer compiler on /root/distr_slam_ws/src/cartographer/cartographer/mapping/proto/local_trajectory_builder_options_2d.proto\x1b[0m\n'}
[2.910993] (cartographer) StdoutLine: {'line': b'[  3%] \x1b[34m\x1b[1mRunning C++ protocol buffer compiler on /root/distr_slam_ws/src/cartographer/cartographer/mapping/proto/grid_2d.proto\x1b[0m\n'}
[2.911736] (cartographer) StdoutLine: {'line': b'[  3%] \x1b[34m\x1b[1mRunning C++ protocol buffer compiler on /root/distr_slam_ws/src/cartographer/cartographer/mapping/proto/grid_2d_options.proto\x1b[0m\n'}
[2.923406] (cartographer) StdoutLine: {'line': b'[  3%] \x1b[34m\x1b[1mRunning C++ protocol buffer compiler on /root/distr_slam_ws/src/cartographer/cartographer/mapping/proto/map_builder_options.proto\x1b[0m\n'}
[2.930900] (cartographer) StdoutLine: {'line': b'[  4%] \x1b[34m\x1b[1mRunning C++ protocol buffer compiler on /root/distr_slam_ws/src/cartographer/cartographer/mapping/proto/local_trajectory_builder_options_3d.proto\x1b[0m\n'}
[2.931224] (cartographer) StdoutLine: {'line': b'[  4%] \x1b[34m\x1b[1mRunning C++ protocol buffer compiler on /root/distr_slam_ws/src/cartographer/cartographer/mapping/proto/map_limits.proto\x1b[0m\n'}
[2.934014] (cartographer) StdoutLine: {'line': b'[  4%] \x1b[34m\x1b[1mRunning C++ protocol buffer compiler on /root/distr_slam_ws/src/cartographer/cartographer/mapping/proto/motion_filter_options.proto\x1b[0m\n'}
[2.938628] (cartographer) StdoutLine: {'line': b'[  4%] \x1b[34m\x1b[1mRunning C++ protocol buffer compiler on /root/distr_slam_ws/src/cartographer/cartographer/mapping/proto/normal_estimation_options_2d.proto\x1b[0m\n'}
[2.941683] (cartographer) StdoutLine: {'line': b'[  4%] \x1b[34m\x1b[1mRunning C++ protocol buffer compiler on /root/distr_slam_ws/src/cartographer/cartographer/mapping/proto/pose_extrapolator_options.proto\x1b[0m\n'}
[2.949503] (cartographer) StdoutLine: {'line': b'[  5%] \x1b[34m\x1b[1mRunning C++ protocol buffer compiler on /root/distr_slam_ws/src/cartographer/cartographer/mapping/proto/pose_graph.proto\x1b[0m\n'}
[2.959248] (cartographer) StdoutLine: {'line': b'[  5%] \x1b[34m\x1b[1mRunning C++ protocol buffer compiler on /root/distr_slam_ws/src/cartographer/cartographer/mapping/proto/pose_graph/constraint_builder_options.proto\x1b[0m\n'}
[2.959564] (cartographer) StdoutLine: {'line': b'[  5%] \x1b[34m\x1b[1mRunning C++ protocol buffer compiler on /root/distr_slam_ws/src/cartographer/cartographer/mapping/proto/pose_graph/optimization_problem_options.proto\x1b[0m\n'}
[2.961737] (cartographer) StdoutLine: {'line': b'[  5%] \x1b[34m\x1b[1mRunning C++ protocol buffer compiler on /root/distr_slam_ws/src/cartographer/cartographer/mapping/proto/pose_graph_options.proto\x1b[0m\n'}
[2.971742] (cartographer) StdoutLine: {'line': b'[  6%] \x1b[34m\x1b[1mRunning C++ protocol buffer compiler on /root/distr_slam_ws/src/cartographer/cartographer/mapping/proto/probability_grid.proto\x1b[0m\n'}
[2.985114] (cartographer) StdoutLine: {'line': b'[  6%] \x1b[34m\x1b[1mRunning C++ protocol buffer compiler on /root/distr_slam_ws/src/cartographer/cartographer/mapping/proto/probability_grid_range_data_inserter_options_2d.proto\x1b[0m\n'}
[2.988522] (cartographer) StdoutLine: {'line': b'[  6%] \x1b[34m\x1b[1mRunning C++ protocol buffer compiler on /root/distr_slam_ws/src/cartographer/cartographer/mapping/proto/range_data_inserter_options.proto\x1b[0m\n'}
[2.988834] (cartographer) StdoutLine: {'line': b'[  6%] \x1b[34m\x1b[1mRunning C++ protocol buffer compiler on /root/distr_slam_ws/src/cartographer/cartographer/mapping/proto/range_data_inserter_options_3d.proto\x1b[0m\n'}
[2.994106] (cartographer) StdoutLine: {'line': b'[  7%] \x1b[34m\x1b[1mRunning C++ protocol buffer compiler on /root/distr_slam_ws/src/cartographer/cartographer/mapping/proto/scan_matching/ceres_scan_matcher_options_2d.proto\x1b[0m\n'}
[2.995147] (cartographer) StdoutLine: {'line': b'[  7%] \x1b[34m\x1b[1mRunning C++ protocol buffer compiler on /root/distr_slam_ws/src/cartographer/cartographer/mapping/proto/scan_matching/fast_correlative_scan_matcher_options_2d.proto\x1b[0m\n'}
[3.004619] (-) TimerEvent: {}
[3.006361] (cartographer) StdoutLine: {'line': b'[  7%] \x1b[34m\x1b[1mRunning C++ protocol buffer compiler on /root/distr_slam_ws/src/cartographer/cartographer/mapping/proto/scan_matching/ceres_scan_matcher_options_3d.proto\x1b[0m\n'}
[3.009002] (cartographer) StdoutLine: {'line': b'[  7%] \x1b[34m\x1b[1mRunning C++ protocol buffer compiler on /root/distr_slam_ws/src/cartographer/cartographer/mapping/proto/scan_matching/fast_correlative_scan_matcher_options_3d.proto\x1b[0m\n'}
[3.013693] (cartographer) StdoutLine: {'line': b'[  7%] \x1b[34m\x1b[1mRunning C++ protocol buffer compiler on /root/distr_slam_ws/src/cartographer/cartographer/mapping/proto/serialization.proto\x1b[0m\n'}
[3.015215] (cartographer) StdoutLine: {'line': b'[  8%] \x1b[34m\x1b[1mRunning C++ protocol buffer compiler on /root/distr_slam_ws/src/cartographer/cartographer/mapping/proto/scan_matching/real_time_correlative_scan_matcher_options.proto\x1b[0m\n'}
[3.019820] (cartographer) StdoutLine: {'line': b'[  8%] \x1b[34m\x1b[1mRunning C++ protocol buffer compiler on /root/distr_slam_ws/src/cartographer/cartographer/mapping/proto/submap.proto\x1b[0m\n'}
[3.033180] (cartographer) StdoutLine: {'line': b'[  8%] \x1b[34m\x1b[1mRunning C++ protocol buffer compiler on /root/distr_slam_ws/src/cartographer/cartographer/mapping/proto/submap_visualization.proto\x1b[0m\n'}
[3.037130] (cartographer) StdoutLine: {'line': b'[  9%] \x1b[34m\x1b[1mRunning C++ protocol buffer compiler on /root/distr_slam_ws/src/cartographer/cartographer/mapping/proto/submaps_options_2d.proto\x1b[0m\n'}
[3.037497] (cartographer) StdoutLine: {'line': b'[  9%] \x1b[34m\x1b[1mRunning C++ protocol buffer compiler on /root/distr_slam_ws/src/cartographer/cartographer/mapping/proto/submaps_options_3d.proto\x1b[0m\n'}
[3.041165] (cartographer) StdoutLine: {'line': b'[  9%] \x1b[34m\x1b[1mRunning C++ protocol buffer compiler on /root/distr_slam_ws/src/cartographer/cartographer/mapping/proto/trajectory.proto\x1b[0m\n'}
[3.050139] (cartographer) StdoutLine: {'line': b'[  9%] \x1b[34m\x1b[1mRunning C++ protocol buffer compiler on /root/distr_slam_ws/src/cartographer/cartographer/mapping/proto/trajectory_builder_options.proto\x1b[0m\n'}
[3.061961] (cartographer) StdoutLine: {'line': b'[ 10%] \x1b[34m\x1b[1mRunning C++ protocol buffer compiler on /root/distr_slam_ws/src/cartographer/cartographer/mapping/proto/trajectory_node_data.proto\x1b[0m\n'}
[3.066111] (cartographer) StdoutLine: {'line': b'[ 10%] \x1b[34m\x1b[1mRunning C++ protocol buffer compiler on /root/distr_slam_ws/src/cartographer/cartographer/mapping/proto/tsdf_2d.proto\x1b[0m\n'}
[3.069923] (cartographer) StdoutLine: {'line': b'[ 11%] \x1b[34m\x1b[1mRunning C++ protocol buffer compiler on /root/distr_slam_ws/src/cartographer/cartographer/sensor/proto/adaptive_voxel_filter_options.proto\x1b[0m\n'}
[3.071909] (cartographer) StdoutLine: {'line': b'[ 11%] \x1b[34m\x1b[1mRunning C++ protocol buffer compiler on /root/distr_slam_ws/src/cartographer/cartographer/sensor/proto/sensor.proto\x1b[0m\n'}
[3.074473] (cartographer) StdoutLine: {'line': b'[ 11%] \x1b[34m\x1b[1mRunning C++ protocol buffer compiler on /root/distr_slam_ws/src/cartographer/cartographer/mapping/proto/tsdf_range_data_inserter_options_2d.proto\x1b[0m\n'}
[3.093168] (cartographer) StdoutLine: {'line': b'[ 11%] \x1b[34m\x1b[1mRunning C++ protocol buffer compiler on /root/distr_slam_ws/src/cartographer/cartographer/transform/proto/timestamped_transform.proto\x1b[0m\n'}
[3.105121] (-) TimerEvent: {}
[3.161193] (cartographer_ros_msgs) StdoutLine: {'line': b'-- Using all available rosidl_typesupport_c: rosidl_typesupport_fastrtps_c;rosidl_typesupport_introspection_c\n'}
[3.205237] (-) TimerEvent: {}
[3.243242] (cartographer) StdoutLine: {'line': b'[ 13%] \x1b[32mBuilding CXX object CMakeFiles/cartographer.dir/cartographer/common/fixed_ratio_sampler.cc.o\x1b[0m\n'}
[3.243566] (cartographer) StdoutLine: {'line': b'[ 13%] \x1b[32mBuilding CXX object CMakeFiles/cartographer.dir/cartographer/common/internal/testing/thread_pool_for_testing.cc.o\x1b[0m\n'}
[3.243741] (cartographer) StdoutLine: {'line': b'[ 13%] \x1b[32mBuilding CXX object CMakeFiles/cartographer.dir/cartographer/common/configuration_file_resolver.cc.o\x1b[0m\n'}
[3.243911] (cartographer) StdoutLine: {'line': b'[ 13%] \x1b[32mBuilding CXX object CMakeFiles/cartographer.dir/cartographer/common/histogram.cc.o\x1b[0m\n'}
[3.244141] (cartographer) StdoutLine: {'line': b'[ 13%] \x1b[32mBuilding CXX object CMakeFiles/cartographer.dir/cartographer/common/internal/ceres_solver_options.cc.o\x1b[0m\n'}
[3.248163] (cartographer) StdoutLine: {'line': b'[ 13%] \x1b[32mBuilding CXX object CMakeFiles/cartographer.dir/cartographer/common/lua_parameter_dictionary.cc.o\x1b[0m\n'}
[3.306124] (-) TimerEvent: {}
[3.406458] (-) TimerEvent: {}
[3.506749] (-) TimerEvent: {}
[3.607091] (-) TimerEvent: {}
[3.707454] (-) TimerEvent: {}
[3.807797] (-) TimerEvent: {}
[3.908165] (-) TimerEvent: {}
[4.008545] (-) TimerEvent: {}
[4.109090] (-) TimerEvent: {}
[4.209341] (-) TimerEvent: {}
[4.309707] (-) TimerEvent: {}
[4.410034] (-) TimerEvent: {}
[4.510365] (-) TimerEvent: {}
[4.577193] (cartographer_ros_msgs) StdoutLine: {'line': b'-- Using all available rosidl_typesupport_cpp: rosidl_typesupport_fastrtps_cpp;rosidl_typesupport_introspection_cpp\n'}
[4.610646] (-) TimerEvent: {}
[4.628690] (cartographer_ros_msgs) StdoutLine: {'line': b'-- Found python_cmake_module: 0.11.1 (/opt/ros/jazzy/share/python_cmake_module/cmake)\n'}
[4.710845] (-) TimerEvent: {}
[4.814118] (-) TimerEvent: {}
[4.902178] (cartographer_ros_msgs) StdoutLine: {'line': b'-- Found PythonExtra: /usr/bin/python3  \n'}
[4.914222] (-) TimerEvent: {}
[4.920032] (cartographer) StdoutLine: {'line': b'\x1b[01mRunning Sphinx v7.2.6\x1b[39;49;00m\n'}
[5.014324] (-) TimerEvent: {}
[5.114665] (-) TimerEvent: {}
[5.215003] (-) TimerEvent: {}
[5.315319] (-) TimerEvent: {}
[5.415630] (-) TimerEvent: {}
[5.481469] (cartographer) StdoutLine: {'line': b'\x1b[01mmaking output directory... \x1b[39;49;00mdone\n'}
[5.504644] (cartographer) StdoutLine: {'line': b'\x1b[01mbuilding [mo]: \x1b[39;49;00mtargets for 0 po files that are out of date\n'}
[5.508209] (cartographer) StdoutLine: {'line': b'\x1b[01mwriting output... \x1b[39;49;00m\n'}
[5.508498] (cartographer) StdoutLine: {'line': b'\x1b[01mbuilding [html]: \x1b[39;49;00mtargets for 6 source files that are out of date\n'}
[5.508699] (cartographer) StdoutLine: {'line': b'\x1b[01mupdating environment: \x1b[39;49;00m[new config] 6 added, 0 changed, 0 removed\n'}
[5.516108] (-) TimerEvent: {}
[5.616412] (-) TimerEvent: {}
[5.697107] (cartographer) StdoutLine: {'line': b'\x1b[2K\x1b[01mreading sources... \x1b[39;49;00m[ 17%] \x1b[35mconfiguration\x1b[39;49;00m\n'}
[5.716522] (-) TimerEvent: {}
[5.721533] (cartographer) StdoutLine: {'line': b'\x1b[2K\x1b[01mreading sources... \x1b[39;49;00m[ 33%] \x1b[35mcost_functions\x1b[39;49;00m\n'}
[5.753108] (cartographer) StdoutLine: {'line': b'\x1b[2K\x1b[01mreading sources... \x1b[39;49;00m[ 50%] \x1b[35mevaluation\x1b[39;49;00m\n'}
[5.796727] (cartographer) StdoutLine: {'line': b'\x1b[2K\x1b[01mreading sources... \x1b[39;49;00m[ 67%] \x1b[35mindex\x1b[39;49;00m\n'}
[5.809550] (cartographer) StdoutLine: {'line': b'\x1b[2K\x1b[01mreading sources... \x1b[39;49;00m[ 83%] \x1b[35mpbstream_migration\x1b[39;49;00m\n'}
[5.816652] (-) TimerEvent: {}
[5.830818] (cartographer) StdoutLine: {'line': b'\x1b[2K\x1b[01mreading sources... \x1b[39;49;00m[100%] \x1b[35mterminology\x1b[39;49;00m\n'}
[5.831194] (cartographer) StdoutLine: {'line': b'\n'}
[5.831599] (cartographer) StdoutLine: {'line': b'\x1b[01mlooking for now-outdated files... \x1b[39;49;00mnone found\n'}
[5.843634] (cartographer) StdoutLine: {'line': b'\x1b[01mpickling environment... \x1b[39;49;00mdone\n'}
[5.844088] (cartographer) StdoutLine: {'line': b'\x1b[01mchecking consistency... \x1b[39;49;00mdone\n'}
[5.847561] (cartographer) StdoutLine: {'line': b'\x1b[01mpreparing documents... \x1b[39;49;00mdone\n'}
[5.916765] (-) TimerEvent: {}
[5.922909] (cartographer) StdoutLine: {'line': b'\x1b[01mcopying assets... \x1b[39;49;00m\x1b[01mcopying static files... \x1b[39;49;00mdone\n'}
[5.923975] (cartographer) StdoutLine: {'line': b'\x1b[01mcopying extra files... \x1b[39;49;00mdone\n'}
[5.924570] (cartographer) StdoutLine: {'line': b'done\n'}
[6.016866] (-) TimerEvent: {}
[6.117248] (-) TimerEvent: {}
[6.149069] (cartographer_ros_msgs) StdoutLine: {'line': b'-- Found Python3: /usr/bin/python3 (found version "3.12.3") found components: Interpreter Development NumPy Development.Module Development.Embed \n'}
[6.217365] (-) TimerEvent: {}
[6.281215] (cartographer) StdoutLine: {'line': b'\x1b[2K\x1b[01mwriting output... \x1b[39;49;00m[ 17%] \x1b[32mconfiguration\x1b[39;49;00m\n'}
[6.317470] (-) TimerEvent: {}
[6.341201] (cartographer) StdoutLine: {'line': b'\x1b[2K\x1b[01mwriting output... \x1b[39;49;00m[ 33%] \x1b[32mcost_functions\x1b[39;49;00m\n'}
[6.354826] (cartographer_ros_msgs) StdoutLine: {'line': b'-- Found ament_cmake_flake8: 0.17.5 (/opt/ros/jazzy/share/ament_cmake_flake8/cmake)\n'}
[6.362862] (cartographer_ros_msgs) StdoutLine: {'line': b'-- Found ament_cmake_pep257: 0.17.5 (/opt/ros/jazzy/share/ament_cmake_pep257/cmake)\n'}
[6.413111] (cartographer) StdoutLine: {'line': b'\x1b[2K\x1b[01mwriting output... \x1b[39;49;00m[ 50%] \x1b[32mevaluation\x1b[39;49;00m\n'}
[6.417586] (-) TimerEvent: {}
[6.453005] (cartographer) StdoutLine: {'line': b'\x1b[2K\x1b[01mwriting output... \x1b[39;49;00m[ 67%] \x1b[32mindex\x1b[39;49;00m\n'}
[6.517713] (-) TimerEvent: {}
[6.558188] (cartographer) StdoutLine: {'line': b'\x1b[2K\x1b[01mwriting output... \x1b[39;49;00m[ 83%] \x1b[32mpbstream_migration\x1b[39;49;00m\n'}
[6.578099] (cartographer) StdoutLine: {'line': b'\x1b[2K\x1b[01mwriting output... \x1b[39;49;00m[100%] \x1b[32mterminology\x1b[39;49;00m\n'}
[6.578456] (cartographer) StdoutLine: {'line': b'\n'}
[6.605428] (cartographer_ros_msgs) StdoutLine: {'line': b'-- Found Python3: /usr/bin/python3 (found version "3.12.3") found components: Interpreter \n'}
[6.617828] (-) TimerEvent: {}
[6.638069] (cartographer) StdoutLine: {'line': b'\x1b[01mgenerating indices... \x1b[39;49;00mgenindex done\n'}
[6.658910] (cartographer) StdoutLine: {'line': b'\x1b[01mwriting additional pages... \x1b[39;49;00msearch done\n'}
[6.660843] (cartographer) StdoutLine: {'line': b'\x1b[2K\x1b[01mcopying images... \x1b[39;49;00m[ 50%] \x1b[33mautogenerate_groundtruth.png\x1b[39;49;00m\n'}
[6.661281] (cartographer_ros_msgs) StdoutLine: {'line': b'-- Configuring done (6.6s)\n'}
[6.662940] (cartographer) StdoutLine: {'line': b'\x1b[2K\x1b[01mcopying images... \x1b[39;49;00m[100%] \x1b[33mhigh_level_system_overview.png\x1b[39;49;00m\n'}
[6.663267] (cartographer) StdoutLine: {'line': b'\n'}
[6.666514] (cartographer) StdoutLine: {'line': b'\x1b[01mdumping search index in English (code: en)... \x1b[39;49;00mdone\n'}
[6.667991] (cartographer) StdoutLine: {'line': b'\x1b[01mdumping object inventory... \x1b[39;49;00mdone\n'}
[6.668680] (cartographer) StdoutLine: {'line': b'\x1b[01mbuild succeeded.\x1b[39;49;00m\n'}
[6.669209] (cartographer) StdoutLine: {'line': b'\n'}
[6.669803] (cartographer) StdoutLine: {'line': b'The HTML pages are in html.\n'}
[6.717955] (-) TimerEvent: {}
[6.819325] (-) TimerEvent: {}
[6.921139] (-) TimerEvent: {}
[6.932224] (cartographer) StdoutLine: {'line': b'[ 13%] Built target build_doc\n'}
[6.952231] (cartographer) StdoutLine: {'line': b'[ 13%] \x1b[32mBuilding CXX object CMakeFiles/cartographer.dir/cartographer/common/task.cc.o\x1b[0m\n'}
[7.022131] (-) TimerEvent: {}
[7.045037] (cartographer_ros_msgs) StdoutLine: {'line': b'-- Generating done (0.3s)\n'}
[7.122248] (-) TimerEvent: {}
[7.124443] (cartographer_ros_msgs) StdoutLine: {'line': b'-- Build files have been written to: /root/distr_slam_ws/build/cartographer_ros_msgs\n'}
[7.161750] (cartographer_ros_msgs) CommandEnded: {'returncode': 0}
[7.162334] (cartographer_ros_msgs) JobProgress: {'identifier': 'cartographer_ros_msgs', 'progress': 'build'}
[7.162397] (cartographer_ros_msgs) Command: {'cmd': ['/usr/bin/cmake', '--build', '/root/distr_slam_ws/build/cartographer_ros_msgs', '--', '-j8', '-l8'], 'cwd': '/root/distr_slam_ws/build/cartographer_ros_msgs', 'env': OrderedDict({'HOSTNAME': 'user-dynabook-G83-DN', 'SHLVL': '1', 'LIBGL_ALWAYS_SOFTWARE': '1', 'LD_LIBRARY_PATH': '/opt/ros/jazzy/opt/rviz_ogre_vendor/lib:/opt/ros/jazzy/lib/x86_64-linux-gnu:/opt/ros/jazzy/opt/gz_math_vendor/lib:/opt/ros/jazzy/opt/gz_utils_vendor/lib:/opt/ros/jazzy/opt/gz_cmake_vendor/lib:/opt/ros/jazzy/lib', 'HOME': '/root', 'OLDPWD': '/root', 'ROS_PYTHON_VERSION': '3', 'ROS_DISTRO': 'jazzy', '_': '/usr/bin/colcon', 'ROS_VERSION': '2', 'TERM': 'xterm', 'ROS_LOCALHOST_ONLY': '1', 'QT_X11_NO_MITSHM': '1', 'PATH': '/opt/ros/jazzy/bin:/usr/local/sbin:/usr/local/bin:/usr/sbin:/usr/bin:/sbin:/bin', 'DISPLAY': ':0', 'LANG': 'en_US.UTF-8', 'XAUTHORITY': '/root/.Xauthority', 'LS_COLORS': 'rs=0:di=01;34:ln=01;36:mh=00:pi=40;33:so=01;35:do=01;35:bd=40;33;01:cd=40;33;01:or=40;31;01:mi=00:su=37;41:sg=30;43:ca=00:tw=30;42:ow=34;42:st=37;44:ex=01;32:*.tar=01;31:*.tgz=01;31:*.arc=01;31:*.arj=01;31:*.taz=01;31:*.lha=01;31:*.lz4=01;31:*.lzh=01;31:*.lzma=01;31:*.tlz=01;31:*.txz=01;31:*.tzo=01;31:*.t7z=01;31:*.zip=01;31:*.z=01;31:*.dz=01;31:*.gz=01;31:*.lrz=01;31:*.lz=01;31:*.lzo=01;31:*.xz=01;31:*.zst=01;31:*.tzst=01;31:*.bz2=01;31:*.bz=01;31:*.tbz=01;31:*.tbz2=01;31:*.tz=01;31:*.deb=01;31:*.rpm=01;31:*.jar=01;31:*.war=01;31:*.ear=01;31:*.sar=01;31:*.rar=01;31:*.alz=01;31:*.ace=01;31:*.zoo=01;31:*.cpio=01;31:*.7z=01;31:*.rz=01;31:*.cab=01;31:*.wim=01;31:*.swm=01;31:*.dwm=01;31:*.esd=01;31:*.avif=01;35:*.jpg=01;35:*.jpeg=01;35:*.mjpg=01;35:*.mjpeg=01;35:*.gif=01;35:*.bmp=01;35:*.pbm=01;35:*.pgm=01;35:*.ppm=01;35:*.tga=01;35:*.xbm=01;35:*.xpm=01;35:*.tif=01;35:*.tiff=01;35:*.png=01;35:*.svg=01;35:*.svgz=01;35:*.mng=01;35:*.pcx=01;35:*.mov=01;35:*.mpg=01;35:*.mpeg=01;35:*.m2v=01;35:*.mkv=01;35:*.webm=01;35:*.webp=01;35:*.ogm=01;35:*.mp4=01;35:*.m4v=01;35:*.mp4v=01;35:*.vob=01;35:*.qt=01;35:*.nuv=01;35:*.wmv=01;35:*.asf=01;35:*.rm=01;35:*.rmvb=01;35:*.flc=01;35:*.avi=01;35:*.fli=01;35:*.flv=01;35:*.gl=01;35:*.dl=01;35:*.xcf=01;35:*.xwd=01;35:*.yuv=01;35:*.cgm=01;35:*.emf=01;35:*.ogv=01;35:*.ogx=01;35:*.aac=00;36:*.au=00;36:*.flac=00;36:*.m4a=00;36:*.mid=00;36:*.midi=00;36:*.mka=00;36:*.mp3=00;36:*.mpc=00;36:*.ogg=00;36:*.ra=00;36:*.wav=00;36:*.oga=00;36:*.opus=00;36:*.spx=00;36:*.xspf=00;36:*~=00;90:*#=00;90:*.bak=00;90:*.crdownload=00;90:*.dpkg-dist=00;90:*.dpkg-new=00;90:*.dpkg-old=00;90:*.dpkg-tmp=00;90:*.old=00;90:*.orig=00;90:*.part=00;90:*.rej=00;90:*.rpmnew=00;90:*.rpmorig=00;90:*.rpmsave=00;90:*.swp=00;90:*.tmp=00;90:*.ucf-dist=00;90:*.ucf-new=00;90:*.ucf-old=00;90:', 'AMENT_PREFIX_PATH': '/opt/ros/jazzy', 'DEBIAN_FRONTEND': 'noninteractive', 'ROS_AUTOMATIC_DISCOVERY_RANGE': 'SUBNET', 'PWD': '/root/distr_slam_ws/build/cartographer_ros_msgs', 'TURTLEBOT3_MODEL': 'burger', 'LC_ALL': 'en_US.UTF-8', 'PYTHONPATH': '/opt/ros/jazzy/lib/python3.12/site-packages', 'COLCON': '1', 'CMAKE_PREFIX_PATH': '/opt/ros/jazzy/opt/gz_math_vendor:/opt/ros/jazzy/opt/gz_utils_vendor:/opt/ros/jazzy/opt/gz_cmake_vendor:/opt/ros/jazzy'}), 'shell': False}
[7.223125] (-) TimerEvent: {}
[7.323488] (-) TimerEvent: {}
[7.423887] (-) TimerEvent: {}
[7.457380] (cartographer_ros_msgs) StdoutLine: {'line': b'[  1%] \x1b[34m\x1b[1mGenerating Rust code for ROS interfaces\x1b[0m\n'}
[7.457766] (cartographer_ros_msgs) StdoutLine: {'line': b'[  1%] \x1b[34m\x1b[1mGenerating type hashes for ROS interfaces\x1b[0m\n'}
[7.489191] (cartographer_ros_msgs) StdoutLine: {'line': b'[  1%] Built target ament_cmake_python_copy_cartographer_ros_msgs\n'}
[7.526117] (-) TimerEvent: {}
[7.626453] (-) TimerEvent: {}
[7.728117] (-) TimerEvent: {}
[7.832117] (-) TimerEvent: {}
[7.932445] (-) TimerEvent: {}
[8.032880] (-) TimerEvent: {}
[8.133313] (-) TimerEvent: {}
[8.233749] (-) TimerEvent: {}
[8.234297] (cartographer_ros_msgs) StdoutLine: {'line': b'running egg_info\n'}
[8.240193] (cartographer_ros_msgs) StdoutLine: {'line': b'creating cartographer_ros_msgs.egg-info\n'}
[8.300407] (cartographer_ros_msgs) StdoutLine: {'line': b'writing cartographer_ros_msgs.egg-info/PKG-INFO\n'}
[8.301464] (cartographer_ros_msgs) StdoutLine: {'line': b'writing dependency_links to cartographer_ros_msgs.egg-info/dependency_links.txt\n'}
[8.302391] (cartographer_ros_msgs) StdoutLine: {'line': b'writing top-level names to cartographer_ros_msgs.egg-info/top_level.txt\n'}
[8.303181] (cartographer_ros_msgs) StdoutLine: {'line': b"writing manifest file 'cartographer_ros_msgs.egg-info/SOURCES.txt'\n"}
[8.334115] (-) TimerEvent: {}
[8.440118] (-) TimerEvent: {}
[8.484648] (cartographer) StdoutLine: {'line': b'[ 13%] \x1b[32mBuilding CXX object CMakeFiles/cartographer.dir/cartographer/common/thread_pool.cc.o\x1b[0m\n'}
[8.543115] (-) TimerEvent: {}
[8.553640] (cartographer_ros_msgs) StdoutLine: {'line': b"reading manifest file 'cartographer_ros_msgs.egg-info/SOURCES.txt'\n"}
[8.554039] (cartographer_ros_msgs) StdoutLine: {'line': b"writing manifest file 'cartographer_ros_msgs.egg-info/SOURCES.txt'\n"}
[8.617642] (cartographer) StdoutLine: {'line': b'[ 14%] \x1b[32mBuilding CXX object CMakeFiles/cartographer.dir/cartographer/common/time.cc.o\x1b[0m\n'}
[8.632728] (cartographer_ros_msgs) StdoutLine: {'line': b'[  1%] Built target ament_cmake_python_build_cartographer_ros_msgs_egg\n'}
[8.643235] (-) TimerEvent: {}
[8.743656] (-) TimerEvent: {}
[8.844044] (-) TimerEvent: {}
[8.944398] (-) TimerEvent: {}
[9.044770] (-) TimerEvent: {}
[9.145201] (-) TimerEvent: {}
[9.158192] (cartographer) StdoutLine: {'line': b'[ 14%] \x1b[32mBuilding CXX object CMakeFiles/cartographer.dir/cartographer/ground_truth/autogenerate_ground_truth.cc.o\x1b[0m\n'}
[9.245307] (-) TimerEvent: {}
[9.346115] (-) TimerEvent: {}
[9.446454] (-) TimerEvent: {}
[9.552119] (-) TimerEvent: {}
[9.652455] (-) TimerEvent: {}
[9.752821] (-) TimerEvent: {}
[9.853352] (-) TimerEvent: {}
[9.953690] (-) TimerEvent: {}
[10.054028] (-) TimerEvent: {}
[10.142747] (cartographer) StdoutLine: {'line': b'[ 14%] \x1b[32mBuilding CXX object CMakeFiles/cartographer.dir/cartographer/ground_truth/relations_text_file.cc.o\x1b[0m\n'}
[10.154134] (-) TimerEvent: {}
[10.255071] (-) TimerEvent: {}
[10.355977] (-) TimerEvent: {}
[10.456859] (-) TimerEvent: {}
[10.557736] (-) TimerEvent: {}
[10.660620] (-) TimerEvent: {}
[10.761390] (-) TimerEvent: {}
[10.770179] (cartographer) StdoutLine: {'line': b'[ 14%] \x1b[32mBuilding CXX object CMakeFiles/cartographer.dir/cartographer/io/color.cc.o\x1b[0m\n'}
[10.861495] (-) TimerEvent: {}
[10.962333] (-) TimerEvent: {}
[11.064573] (-) TimerEvent: {}
[11.164998] (-) TimerEvent: {}
[11.266124] (-) TimerEvent: {}
[11.349211] (cartographer_ros_msgs) StdoutLine: {'line': b'[  1%] Built target cartographer_ros_msgs__rosidl_generator_type_description\n'}
[11.369139] (-) TimerEvent: {}
[11.405155] (cartographer_ros_msgs) StdoutLine: {'line': b'[  1%] Built target cartographer_ros_msgs__rs\n'}
[11.405744] (cartographer_ros_msgs) StdoutLine: {'line': b'[  2%] \x1b[34m\x1b[1mGenerating C code for ROS interfaces\x1b[0m\n'}
[11.434204] (cartographer_ros_msgs) StdoutLine: {'line': b'[  2%] \x1b[34m\x1b[1mGenerating C++ code for ROS interfaces\x1b[0m\n'}
[11.469243] (-) TimerEvent: {}
[11.569600] (-) TimerEvent: {}
[11.669977] (-) TimerEvent: {}
[11.770364] (-) TimerEvent: {}
[11.870714] (-) TimerEvent: {}
[11.971092] (-) TimerEvent: {}
[12.075124] (-) TimerEvent: {}
[12.083789] (cartographer) StdoutLine: {'line': b'[ 15%] \x1b[32mBuilding CXX object CMakeFiles/cartographer.dir/cartographer/io/coloring_points_processor.cc.o\x1b[0m\n'}
[12.178125] (-) TimerEvent: {}
[12.275159] (cartographer) StdoutLine: {'line': b'[ 15%] \x1b[32mBuilding CXX object CMakeFiles/cartographer.dir/cartographer/io/counting_points_processor.cc.o\x1b[0m\n'}
[12.278224] (-) TimerEvent: {}
[12.378671] (-) TimerEvent: {}
[12.478992] (-) TimerEvent: {}
[12.579418] (-) TimerEvent: {}
[12.604402] (cartographer) StdoutLine: {'line': b'[ 15%] \x1b[32mBuilding CXX object CMakeFiles/cartographer.dir/cartographer/io/draw_trajectories.cc.o\x1b[0m\n'}
[12.679534] (-) TimerEvent: {}
[12.779961] (-) TimerEvent: {}
[12.881142] (-) TimerEvent: {}
[12.974454] (cartographer) StdoutLine: {'line': b'[ 15%] \x1b[32mBuilding CXX object CMakeFiles/cartographer.dir/cartographer/io/file_writer.cc.o\x1b[0m\n'}
[12.981301] (-) TimerEvent: {}
[13.081700] (-) TimerEvent: {}
[13.182018] (-) TimerEvent: {}
[13.282422] (-) TimerEvent: {}
[13.382740] (-) TimerEvent: {}
[13.483257] (-) TimerEvent: {}
[13.584282] (-) TimerEvent: {}
[13.685117] (-) TimerEvent: {}
[13.785527] (-) TimerEvent: {}
[13.889117] (-) TimerEvent: {}
[13.991111] (-) TimerEvent: {}
[14.091428] (-) TimerEvent: {}
[14.191854] (-) TimerEvent: {}
[14.292291] (-) TimerEvent: {}
[14.392815] (-) TimerEvent: {}
[14.493264] (-) TimerEvent: {}
[14.593727] (-) TimerEvent: {}
[14.694181] (-) TimerEvent: {}
[14.794601] (-) TimerEvent: {}
[14.895423] (-) TimerEvent: {}
[15.001124] (-) TimerEvent: {}
[15.101469] (-) TimerEvent: {}
[15.201804] (-) TimerEvent: {}
[15.302277] (-) TimerEvent: {}
[15.402738] (-) TimerEvent: {}
[15.503176] (-) TimerEvent: {}
[15.603533] (-) TimerEvent: {}
[15.703883] (-) TimerEvent: {}
[15.804261] (-) TimerEvent: {}
[15.904762] (-) TimerEvent: {}
[16.008119] (-) TimerEvent: {}
[16.108625] (-) TimerEvent: {}
[16.209123] (-) TimerEvent: {}
[16.309618] (-) TimerEvent: {}
[16.409936] (-) TimerEvent: {}
[16.510428] (-) TimerEvent: {}
[16.610922] (-) TimerEvent: {}
[16.705304] (cartographer) StdoutLine: {'line': b'[ 16%] \x1b[32mBuilding CXX object CMakeFiles/cartographer.dir/cartographer/io/fixed_ratio_sampling_points_processor.cc.o\x1b[0m\n'}
[16.711031] (-) TimerEvent: {}
[16.811539] (-) TimerEvent: {}
[16.911861] (-) TimerEvent: {}
[17.012184] (-) TimerEvent: {}
[17.112543] (-) TimerEvent: {}
[17.206906] (cartographer) StdoutLine: {'line': b'[ 16%] \x1b[32mBuilding CXX object CMakeFiles/cartographer.dir/cartographer/io/frame_id_filtering_points_processor.cc.o\x1b[0m\n'}
[17.212652] (-) TimerEvent: {}
[17.313184] (-) TimerEvent: {}
[17.413726] (-) TimerEvent: {}
[17.515116] (-) TimerEvent: {}
[17.615645] (-) TimerEvent: {}
[17.716208] (-) TimerEvent: {}
[17.802007] (cartographer) StdoutLine: {'line': b'[ 16%] \x1b[32mBuilding CXX object CMakeFiles/cartographer.dir/cartographer/io/hybrid_grid_points_processor.cc.o\x1b[0m\n'}
[17.816321] (-) TimerEvent: {}
[17.916861] (-) TimerEvent: {}
[18.017410] (-) TimerEvent: {}
[18.118377] (-) TimerEvent: {}
[18.219121] (-) TimerEvent: {}
[18.319664] (-) TimerEvent: {}
[18.420030] (-) TimerEvent: {}
[18.521596] (-) TimerEvent: {}
[18.533139] (cartographer) StdoutLine: {'line': b'[ 16%] \x1b[32mBuilding CXX object CMakeFiles/cartographer.dir/cartographer/io/image.cc.o\x1b[0m\n'}
[18.621712] (-) TimerEvent: {}
[18.722096] (-) TimerEvent: {}
[18.824147] (-) TimerEvent: {}
[18.927129] (-) TimerEvent: {}
[19.030121] (-) TimerEvent: {}
[19.048539] (cartographer_ros_msgs) StdoutLine: {'line': b'[  2%] Built target cartographer_ros_msgs__cpp\n'}
[19.130228] (-) TimerEvent: {}
[19.230556] (-) TimerEvent: {}
[19.330903] (-) TimerEvent: {}
[19.431270] (-) TimerEvent: {}
[19.531686] (-) TimerEvent: {}
[19.632138] (-) TimerEvent: {}
[19.732603] (-) TimerEvent: {}
[19.833061] (-) TimerEvent: {}
[19.933494] (-) TimerEvent: {}
[20.036122] (-) TimerEvent: {}
[20.136507] (-) TimerEvent: {}
[20.237326] (-) TimerEvent: {}
[20.337718] (-) TimerEvent: {}
[20.438245] (-) TimerEvent: {}
[20.538757] (-) TimerEvent: {}
[20.643136] (-) TimerEvent: {}
[20.743537] (-) TimerEvent: {}
[20.843914] (-) TimerEvent: {}
[20.946145] (-) TimerEvent: {}
[21.046643] (-) TimerEvent: {}
[21.143833] (cartographer_ros_msgs) StdoutLine: {'line': b'[  2%] \x1b[32mBuilding C object CMakeFiles/cartographer_ros_msgs__rosidl_generator_c.dir/rosidl_generator_c/cartographer_ros_msgs/msg/detail/bagfile_progress__description.c.o\x1b[0m\n'}
[21.149135] (-) TimerEvent: {}
[21.152527] (cartographer_ros_msgs) StdoutLine: {'line': b'[  3%] \x1b[32mBuilding C object CMakeFiles/cartographer_ros_msgs__rosidl_generator_c.dir/rosidl_generator_c/cartographer_ros_msgs/msg/detail/histogram_bucket__description.c.o\x1b[0m\n'}
[21.158723] (cartographer_ros_msgs) StdoutLine: {'line': b'[  3%] \x1b[32mBuilding C object CMakeFiles/cartographer_ros_msgs__rosidl_generator_c.dir/rosidl_generator_c/cartographer_ros_msgs/msg/detail/bagfile_progress__type_support.c.o\x1b[0m\n'}
[21.159162] (cartographer_ros_msgs) StdoutLine: {'line': b'[  4%] \x1b[32mBuilding C object CMakeFiles/cartographer_ros_msgs__rosidl_generator_c.dir/rosidl_generator_c/cartographer_ros_msgs/msg/detail/histogram_bucket__functions.c.o\x1b[0m\n'}
[21.159496] (cartographer_ros_msgs) StdoutLine: {'line': b'[  4%] \x1b[32mBuilding C object CMakeFiles/cartographer_ros_msgs__rosidl_generator_c.dir/rosidl_generator_c/cartographer_ros_msgs/msg/detail/histogram_bucket__type_support.c.o\x1b[0m\n'}
[21.159758] (cartographer_ros_msgs) StdoutLine: {'line': b'[  3%] \x1b[32mBuilding C object CMakeFiles/cartographer_ros_msgs__rosidl_generator_c.dir/rosidl_generator_c/cartographer_ros_msgs/msg/detail/bagfile_progress__functions.c.o\x1b[0m\n'}
[21.169002] (cartographer_ros_msgs) StdoutLine: {'line': b'[  5%] \x1b[32mBuilding C object CMakeFiles/cartographer_ros_msgs__rosidl_generator_c.dir/rosidl_generator_c/cartographer_ros_msgs/msg/detail/landmark_entry__description.c.o\x1b[0m\n'}
[21.172286] (cartographer_ros_msgs) StdoutLine: {'line': b'[  5%] \x1b[32mBuilding C object CMakeFiles/cartographer_ros_msgs__rosidl_generator_c.dir/rosidl_generator_c/cartographer_ros_msgs/msg/detail/landmark_entry__functions.c.o\x1b[0m\n'}
[21.212641] (cartographer) StdoutLine: {'line': b'[ 17%] \x1b[32mBuilding CXX object CMakeFiles/cartographer.dir/cartographer/io/intensity_to_color_points_processor.cc.o\x1b[0m\n'}
[21.252133] (-) TimerEvent: {}
[21.352600] (-) TimerEvent: {}
[21.358530] (cartographer_ros_msgs) StdoutLine: {'line': b'[  5%] \x1b[32mBuilding C object CMakeFiles/cartographer_ros_msgs__rosidl_generator_c.dir/rosidl_generator_c/cartographer_ros_msgs/msg/detail/landmark_entry__type_support.c.o\x1b[0m\n'}
[21.365874] (cartographer_ros_msgs) StdoutLine: {'line': b'[  6%] \x1b[32mBuilding C object CMakeFiles/cartographer_ros_msgs__rosidl_generator_c.dir/rosidl_generator_c/cartographer_ros_msgs/msg/detail/landmark_list__description.c.o\x1b[0m\n'}
[21.383455] (cartographer_ros_msgs) StdoutLine: {'line': b'[  6%] \x1b[32mBuilding C object CMakeFiles/cartographer_ros_msgs__rosidl_generator_c.dir/rosidl_generator_c/cartographer_ros_msgs/msg/detail/landmark_list__functions.c.o\x1b[0m\n'}
[21.403023] (cartographer_ros_msgs) StdoutLine: {'line': b'[  7%] \x1b[32mBuilding C object CMakeFiles/cartographer_ros_msgs__rosidl_generator_c.dir/rosidl_generator_c/cartographer_ros_msgs/msg/detail/landmark_list__type_support.c.o\x1b[0m\n'}
[21.410619] (cartographer_ros_msgs) StdoutLine: {'line': b'[  7%] \x1b[32mBuilding C object CMakeFiles/cartographer_ros_msgs__rosidl_generator_c.dir/rosidl_generator_c/cartographer_ros_msgs/msg/detail/metric_family__description.c.o\x1b[0m\n'}
[21.434022] (cartographer_ros_msgs) StdoutLine: {'line': b'[  7%] \x1b[32mBuilding C object CMakeFiles/cartographer_ros_msgs__rosidl_generator_c.dir/rosidl_generator_c/cartographer_ros_msgs/msg/detail/metric_family__functions.c.o\x1b[0m\n'}
[21.438813] (cartographer_ros_msgs) StdoutLine: {'line': b'[  8%] \x1b[32mBuilding C object CMakeFiles/cartographer_ros_msgs__rosidl_generator_c.dir/rosidl_generator_c/cartographer_ros_msgs/msg/detail/metric_family__type_support.c.o\x1b[0m\n'}
[21.452182] (cartographer_ros_msgs) StdoutLine: {'line': b'[  8%] \x1b[32mBuilding C object CMakeFiles/cartographer_ros_msgs__rosidl_generator_c.dir/rosidl_generator_c/cartographer_ros_msgs/msg/detail/metric_label__description.c.o\x1b[0m\n'}
[21.457128] (-) TimerEvent: {}
[21.522903] (cartographer_ros_msgs) StdoutLine: {'line': b'[  9%] \x1b[32mBuilding C object CMakeFiles/cartographer_ros_msgs__rosidl_generator_c.dir/rosidl_generator_c/cartographer_ros_msgs/msg/detail/metric_label__functions.c.o\x1b[0m\n'}
[21.534222] (cartographer_ros_msgs) StdoutLine: {'line': b'[  9%] \x1b[32mBuilding C object CMakeFiles/cartographer_ros_msgs__rosidl_generator_c.dir/rosidl_generator_c/cartographer_ros_msgs/msg/detail/metric_label__type_support.c.o\x1b[0m\n'}
[21.557244] (-) TimerEvent: {}
[21.581132] (cartographer_ros_msgs) StdoutLine: {'line': b'[  9%] \x1b[32mBuilding C object CMakeFiles/cartographer_ros_msgs__rosidl_generator_c.dir/rosidl_generator_c/cartographer_ros_msgs/msg/detail/metric__description.c.o\x1b[0m\n'}
[21.612135] (cartographer_ros_msgs) StdoutLine: {'line': b'[ 10%] \x1b[32mBuilding C object CMakeFiles/cartographer_ros_msgs__rosidl_generator_c.dir/rosidl_generator_c/cartographer_ros_msgs/msg/detail/metric__functions.c.o\x1b[0m\n'}
[21.629850] (cartographer_ros_msgs) StdoutLine: {'line': b'[ 10%] \x1b[32mBuilding C object CMakeFiles/cartographer_ros_msgs__rosidl_generator_c.dir/rosidl_generator_c/cartographer_ros_msgs/msg/detail/metric__type_support.c.o\x1b[0m\n'}
[21.645186] (cartographer_ros_msgs) StdoutLine: {'line': b'[ 11%] \x1b[32mBuilding C object CMakeFiles/cartographer_ros_msgs__rosidl_generator_c.dir/rosidl_generator_c/cartographer_ros_msgs/msg/detail/status_code__description.c.o\x1b[0m\n'}
[21.657579] (-) TimerEvent: {}
[21.665877] (cartographer_ros_msgs) StdoutLine: {'line': b'[ 11%] \x1b[32mBuilding C object CMakeFiles/cartographer_ros_msgs__rosidl_generator_c.dir/rosidl_generator_c/cartographer_ros_msgs/msg/detail/status_code__functions.c.o\x1b[0m\n'}
[21.692138] (cartographer_ros_msgs) StdoutLine: {'line': b'[ 12%] \x1b[32mBuilding C object CMakeFiles/cartographer_ros_msgs__rosidl_generator_c.dir/rosidl_generator_c/cartographer_ros_msgs/msg/detail/status_code__type_support.c.o\x1b[0m\n'}
[21.693454] (cartographer_ros_msgs) StdoutLine: {'line': b'[ 12%] \x1b[32mBuilding C object CMakeFiles/cartographer_ros_msgs__rosidl_generator_c.dir/rosidl_generator_c/cartographer_ros_msgs/msg/detail/status_response__description.c.o\x1b[0m\n'}
[21.694178] (cartographer_ros_msgs) StdoutLine: {'line': b'[ 12%] \x1b[32mBuilding C object CMakeFiles/cartographer_ros_msgs__rosidl_generator_c.dir/rosidl_generator_c/cartographer_ros_msgs/msg/detail/status_response__functions.c.o\x1b[0m\n'}
[21.759129] (-) TimerEvent: {}
[21.772448] (cartographer_ros_msgs) StdoutLine: {'line': b'[ 13%] \x1b[32mBuilding C object CMakeFiles/cartographer_ros_msgs__rosidl_generator_c.dir/rosidl_generator_c/cartographer_ros_msgs/msg/detail/status_response__type_support.c.o\x1b[0m\n'}
[21.792464] (cartographer_ros_msgs) StdoutLine: {'line': b'[ 13%] \x1b[32mBuilding C object CMakeFiles/cartographer_ros_msgs__rosidl_generator_c.dir/rosidl_generator_c/cartographer_ros_msgs/msg/detail/submap_entry__description.c.o\x1b[0m\n'}
[21.818201] (cartographer) StdoutLine: {'line': b'[ 17%] \x1b[32mBuilding CXX object CMakeFiles/cartographer.dir/cartographer/io/internal/in_memory_proto_stream.cc.o\x1b[0m\n'}
[21.836234] (cartographer_ros_msgs) StdoutLine: {'line': b'[ 14%] \x1b[32mBuilding C object CMakeFiles/cartographer_ros_msgs__rosidl_generator_c.dir/rosidl_generator_c/cartographer_ros_msgs/msg/detail/submap_entry__functions.c.o\x1b[0m\n'}
[21.857091] (cartographer_ros_msgs) StdoutLine: {'line': b'[ 14%] \x1b[32mBuilding C object CMakeFiles/cartographer_ros_msgs__rosidl_generator_c.dir/rosidl_generator_c/cartographer_ros_msgs/msg/detail/submap_entry__type_support.c.o\x1b[0m\n'}
[21.859254] (-) TimerEvent: {}
[21.880173] (cartographer_ros_msgs) StdoutLine: {'line': b'[ 14%] \x1b[32mBuilding C object CMakeFiles/cartographer_ros_msgs__rosidl_generator_c.dir/rosidl_generator_c/cartographer_ros_msgs/msg/detail/submap_list__description.c.o\x1b[0m\n'}
[21.885902] (cartographer_ros_msgs) StdoutLine: {'line': b'[ 14%] \x1b[32mBuilding C object CMakeFiles/cartographer_ros_msgs__rosidl_generator_c.dir/rosidl_generator_c/cartographer_ros_msgs/msg/detail/submap_list__type_support.c.o\x1b[0m\n'}
[21.899145] (cartographer_ros_msgs) StdoutLine: {'line': b'[ 15%] \x1b[32mBuilding C object CMakeFiles/cartographer_ros_msgs__rosidl_generator_c.dir/rosidl_generator_c/cartographer_ros_msgs/msg/detail/submap_list__functions.c.o\x1b[0m\n'}
[21.923120] (cartographer_ros_msgs) StdoutLine: {'line': b'[ 16%] \x1b[32mBuilding C object CMakeFiles/cartographer_ros_msgs__rosidl_generator_c.dir/rosidl_generator_c/cartographer_ros_msgs/msg/detail/submap_texture__description.c.o\x1b[0m\n'}
[21.940141] (cartographer_ros_msgs) StdoutLine: {'line': b'[ 16%] \x1b[32mBuilding C object CMakeFiles/cartographer_ros_msgs__rosidl_generator_c.dir/rosidl_generator_c/cartographer_ros_msgs/msg/detail/submap_texture__functions.c.o\x1b[0m\n'}
[21.954158] (cartographer_ros_msgs) StdoutLine: {'line': b'[ 16%] \x1b[32mBuilding C object CMakeFiles/cartographer_ros_msgs__rosidl_generator_c.dir/rosidl_generator_c/cartographer_ros_msgs/msg/detail/submap_texture__type_support.c.o\x1b[0m\n'}
[21.959376] (-) TimerEvent: {}
[22.015192] (cartographer_ros_msgs) StdoutLine: {'line': b'[ 17%] \x1b[32mBuilding C object CMakeFiles/cartographer_ros_msgs__rosidl_generator_c.dir/rosidl_generator_c/cartographer_ros_msgs/msg/detail/trajectory_states__description.c.o\x1b[0m\n'}
[22.025011] (cartographer_ros_msgs) StdoutLine: {'line': b'[ 17%] \x1b[32mBuilding C object CMakeFiles/cartographer_ros_msgs__rosidl_generator_c.dir/rosidl_generator_c/cartographer_ros_msgs/msg/detail/trajectory_states__functions.c.o\x1b[0m\n'}
[22.034553] (cartographer_ros_msgs) StdoutLine: {'line': b'[ 18%] \x1b[32mBuilding C object CMakeFiles/cartographer_ros_msgs__rosidl_generator_c.dir/rosidl_generator_c/cartographer_ros_msgs/msg/detail/trajectory_states__type_support.c.o\x1b[0m\n'}
[22.059491] (-) TimerEvent: {}
[22.090394] (cartographer_ros_msgs) StdoutLine: {'line': b'[ 18%] \x1b[32mBuilding C object CMakeFiles/cartographer_ros_msgs__rosidl_generator_c.dir/rosidl_generator_c/cartographer_ros_msgs/srv/detail/finish_trajectory__description.c.o\x1b[0m\n'}
[22.120406] (cartographer_ros_msgs) StdoutLine: {'line': b'[ 18%] \x1b[32mBuilding C object CMakeFiles/cartographer_ros_msgs__rosidl_generator_c.dir/rosidl_generator_c/cartographer_ros_msgs/srv/detail/finish_trajectory__functions.c.o\x1b[0m\n'}
[22.137404] (cartographer_ros_msgs) StdoutLine: {'line': b'[ 19%] \x1b[32mBuilding C object CMakeFiles/cartographer_ros_msgs__rosidl_generator_c.dir/rosidl_generator_c/cartographer_ros_msgs/srv/detail/finish_trajectory__type_support.c.o\x1b[0m\n'}
[22.157396] (cartographer_ros_msgs) StdoutLine: {'line': b'[ 19%] \x1b[32mBuilding C object CMakeFiles/cartographer_ros_msgs__rosidl_generator_c.dir/rosidl_generator_c/cartographer_ros_msgs/srv/detail/get_trajectory_states__description.c.o\x1b[0m\n'}
[22.159611] (-) TimerEvent: {}
[22.163352] (cartographer_ros_msgs) StdoutLine: {'line': b'[ 20%] \x1b[32mBuilding C object CMakeFiles/cartographer_ros_msgs__rosidl_generator_c.dir/rosidl_generator_c/cartographer_ros_msgs/srv/detail/get_trajectory_states__functions.c.o\x1b[0m\n'}
[22.187201] (cartographer_ros_msgs) StdoutLine: {'line': b'[ 20%] \x1b[32mBuilding C object CMakeFiles/cartographer_ros_msgs__rosidl_generator_c.dir/rosidl_generator_c/cartographer_ros_msgs/srv/detail/get_trajectory_states__type_support.c.o\x1b[0m\n'}
[22.201206] (cartographer_ros_msgs) StdoutLine: {'line': b'[ 20%] \x1b[32mBuilding C object CMakeFiles/cartographer_ros_msgs__rosidl_generator_c.dir/rosidl_generator_c/cartographer_ros_msgs/srv/detail/read_metrics__functions.c.o\x1b[0m\n'}
[22.207578] (cartographer_ros_msgs) StdoutLine: {'line': b'[ 21%] \x1b[32mBuilding C object CMakeFiles/cartographer_ros_msgs__rosidl_generator_c.dir/rosidl_generator_c/cartographer_ros_msgs/srv/detail/read_metrics__description.c.o\x1b[0m\n'}
[22.259729] (-) TimerEvent: {}
[22.336863] (cartographer_ros_msgs) StdoutLine: {'line': b'[ 21%] \x1b[32mBuilding C object CMakeFiles/cartographer_ros_msgs__rosidl_generator_c.dir/rosidl_generator_c/cartographer_ros_msgs/srv/detail/read_metrics__type_support.c.o\x1b[0m\n'}
[22.354195] (cartographer_ros_msgs) StdoutLine: {'line': b'[ 21%] \x1b[32mBuilding C object CMakeFiles/cartographer_ros_msgs__rosidl_generator_c.dir/rosidl_generator_c/cartographer_ros_msgs/srv/detail/start_trajectory__functions.c.o\x1b[0m\n'}
[22.359007] (cartographer_ros_msgs) StdoutLine: {'line': b'[ 22%] \x1b[32mBuilding C object CMakeFiles/cartographer_ros_msgs__rosidl_generator_c.dir/rosidl_generator_c/cartographer_ros_msgs/srv/detail/start_trajectory__description.c.o\x1b[0m\n'}
[22.362127] (-) TimerEvent: {}
[22.436232] (cartographer_ros_msgs) StdoutLine: {'line': b'[ 23%] \x1b[32mBuilding C object CMakeFiles/cartographer_ros_msgs__rosidl_generator_c.dir/rosidl_generator_c/cartographer_ros_msgs/srv/detail/start_trajectory__type_support.c.o\x1b[0m\n'}
[22.462249] (-) TimerEvent: {}
[22.480194] (cartographer_ros_msgs) StdoutLine: {'line': b'[ 23%] \x1b[32mBuilding C object CMakeFiles/cartographer_ros_msgs__rosidl_generator_c.dir/rosidl_generator_c/cartographer_ros_msgs/srv/detail/trajectory_query__description.c.o\x1b[0m\n'}
[22.517206] (cartographer_ros_msgs) StdoutLine: {'line': b'[ 23%] \x1b[32mBuilding C object CMakeFiles/cartographer_ros_msgs__rosidl_generator_c.dir/rosidl_generator_c/cartographer_ros_msgs/srv/detail/trajectory_query__functions.c.o\x1b[0m\n'}
[22.523555] (cartographer_ros_msgs) StdoutLine: {'line': b'[ 24%] \x1b[32mBuilding C object CMakeFiles/cartographer_ros_msgs__rosidl_generator_c.dir/rosidl_generator_c/cartographer_ros_msgs/srv/detail/trajectory_query__type_support.c.o\x1b[0m\n'}
[22.550214] (cartographer_ros_msgs) StdoutLine: {'line': b'[ 24%] \x1b[32mBuilding C object CMakeFiles/cartographer_ros_msgs__rosidl_generator_c.dir/rosidl_generator_c/cartographer_ros_msgs/srv/detail/submap_query__description.c.o\x1b[0m\n'}
[22.562379] (-) TimerEvent: {}
[22.581621] (cartographer_ros_msgs) StdoutLine: {'line': b'[ 25%] \x1b[32mBuilding C object CMakeFiles/cartographer_ros_msgs__rosidl_generator_c.dir/rosidl_generator_c/cartographer_ros_msgs/srv/detail/submap_query__functions.c.o\x1b[0m\n'}
[22.628293] (cartographer_ros_msgs) StdoutLine: {'line': b'[ 25%] \x1b[32mBuilding C object CMakeFiles/cartographer_ros_msgs__rosidl_generator_c.dir/rosidl_generator_c/cartographer_ros_msgs/srv/detail/submap_query__type_support.c.o\x1b[0m\n'}
[22.662495] (-) TimerEvent: {}
[22.673598] (cartographer_ros_msgs) StdoutLine: {'line': b'[ 25%] \x1b[32mBuilding C object CMakeFiles/cartographer_ros_msgs__rosidl_generator_c.dir/rosidl_generator_c/cartographer_ros_msgs/srv/detail/write_state__description.c.o\x1b[0m\n'}
[22.713307] (cartographer_ros_msgs) StdoutLine: {'line': b'[ 26%] \x1b[32mBuilding C object CMakeFiles/cartographer_ros_msgs__rosidl_generator_c.dir/rosidl_generator_c/cartographer_ros_msgs/srv/detail/write_state__functions.c.o\x1b[0m\n'}
[22.717773] (cartographer_ros_msgs) StdoutLine: {'line': b'[ 26%] \x1b[32mBuilding C object CMakeFiles/cartographer_ros_msgs__rosidl_generator_c.dir/rosidl_generator_c/cartographer_ros_msgs/srv/detail/write_state__type_support.c.o\x1b[0m\n'}
[22.755948] (cartographer_ros_msgs) StdoutLine: {'line': b'[ 26%] \x1b[32mBuilding C object CMakeFiles/cartographer_ros_msgs__rosidl_generator_c.dir/rosidl_generator_c/cartographer_ros_msgs/srv/detail/get_slam_state__functions.c.o\x1b[0m\n'}
[22.762612] (-) TimerEvent: {}
[22.771983] (cartographer_ros_msgs) StdoutLine: {'line': b'[ 27%] \x1b[32mBuilding C object CMakeFiles/cartographer_ros_msgs__rosidl_generator_c.dir/rosidl_generator_c/cartographer_ros_msgs/srv/detail/get_slam_state__description.c.o\x1b[0m\n'}
[22.845695] (cartographer_ros_msgs) StdoutLine: {'line': b'[ 27%] \x1b[32mBuilding C object CMakeFiles/cartographer_ros_msgs__rosidl_generator_c.dir/rosidl_generator_c/cartographer_ros_msgs/srv/detail/get_slam_state__type_support.c.o\x1b[0m\n'}
[22.868133] (-) TimerEvent: {}
[22.887864] (cartographer_ros_msgs) StdoutLine: {'line': b'[ 28%] \x1b[32mBuilding C object CMakeFiles/cartographer_ros_msgs__rosidl_generator_c.dir/rosidl_generator_c/cartographer_ros_msgs/srv/detail/set_slam_state__description.c.o\x1b[0m\n'}
[22.912293] (cartographer_ros_msgs) StdoutLine: {'line': b'[ 29%] \x1b[32mBuilding C object CMakeFiles/cartographer_ros_msgs__rosidl_generator_c.dir/rosidl_generator_c/cartographer_ros_msgs/srv/detail/set_slam_state__type_support.c.o\x1b[0m\n'}
[22.917128] (cartographer_ros_msgs) StdoutLine: {'line': b'[ 29%] \x1b[32mBuilding C object CMakeFiles/cartographer_ros_msgs__rosidl_generator_c.dir/rosidl_generator_c/cartographer_ros_msgs/srv/detail/set_slam_state__functions.c.o\x1b[0m\n'}
[22.968261] (-) TimerEvent: {}
[23.070176] (-) TimerEvent: {}
[23.166390] (cartographer_ros_msgs) StdoutLine: {'line': b'[ 29%] \x1b[32m\x1b[1mLinking C shared library libcartographer_ros_msgs__rosidl_generator_c.so\x1b[0m\n'}
[23.170296] (-) TimerEvent: {}
[23.270787] (-) TimerEvent: {}
[23.372125] (-) TimerEvent: {}
[23.433217] (cartographer) StdoutLine: {'line': b'[ 17%] \x1b[32mBuilding CXX object CMakeFiles/cartographer.dir/cartographer/io/internal/mapping_state_serialization.cc.o\x1b[0m\n'}
[23.441124] (cartographer_ros_msgs) StdoutLine: {'line': b'[ 29%] Built target cartographer_ros_msgs__rosidl_generator_c\n'}
[23.473133] (-) TimerEvent: {}
[23.490186] (cartographer_ros_msgs) StdoutLine: {'line': b'[ 29%] \x1b[34m\x1b[1mGenerating C type support dispatch for ROS interfaces\x1b[0m\n'}
[23.493193] (cartographer_ros_msgs) StdoutLine: {'line': b'[ 30%] \x1b[34m\x1b[1mGenerating C++ introspection for ROS interfaces\x1b[0m\n'}
[23.493557] (cartographer_ros_msgs) StdoutLine: {'line': b'[ 30%] \x1b[34m\x1b[1mGenerating C introspection for ROS interfaces\x1b[0m\n'}
[23.496203] (cartographer_ros_msgs) StdoutLine: {'line': b'[ 31%] \x1b[34m\x1b[1mGenerating C type support for eProsima Fast-RTPS\x1b[0m\n'}
[23.496522] (cartographer_ros_msgs) StdoutLine: {'line': b'[ 30%] \x1b[34m\x1b[1mGenerating C++ type support for eProsima Fast-RTPS\x1b[0m\n'}
[23.497989] (cartographer_ros_msgs) StdoutLine: {'line': b'[ 31%] \x1b[34m\x1b[1mGenerating C++ type support dispatch for ROS interfaces\x1b[0m\n'}
[23.573233] (-) TimerEvent: {}
[23.675115] (-) TimerEvent: {}
[23.778115] (-) TimerEvent: {}
[23.880111] (-) TimerEvent: {}
[23.980519] (-) TimerEvent: {}
[24.082118] (-) TimerEvent: {}
[24.182640] (-) TimerEvent: {}
[24.283126] (-) TimerEvent: {}
[24.386116] (-) TimerEvent: {}
[24.486582] (-) TimerEvent: {}
[24.587080] (-) TimerEvent: {}
[24.687509] (-) TimerEvent: {}
[24.787910] (-) TimerEvent: {}
[24.888297] (-) TimerEvent: {}
[24.988627] (-) TimerEvent: {}
[25.089071] (-) TimerEvent: {}
[25.191129] (-) TimerEvent: {}
[25.294118] (-) TimerEvent: {}
[25.397112] (-) TimerEvent: {}
[25.497460] (-) TimerEvent: {}
[25.597819] (-) TimerEvent: {}
[25.698278] (-) TimerEvent: {}
[25.798752] (-) TimerEvent: {}
[25.899221] (-) TimerEvent: {}
[25.999695] (-) TimerEvent: {}
[26.100127] (-) TimerEvent: {}
[26.202113] (-) TimerEvent: {}
[26.302512] (-) TimerEvent: {}
[26.402848] (-) TimerEvent: {}
[26.503299] (-) TimerEvent: {}
[26.603642] (-) TimerEvent: {}
[26.703996] (-) TimerEvent: {}
[26.806119] (-) TimerEvent: {}
[26.906468] (-) TimerEvent: {}
[27.006813] (-) TimerEvent: {}
[27.109112] (-) TimerEvent: {}
[27.209436] (-) TimerEvent: {}
[27.309765] (-) TimerEvent: {}
[27.412117] (-) TimerEvent: {}
[27.512434] (-) TimerEvent: {}
[27.612782] (-) TimerEvent: {}
[27.713123] (-) TimerEvent: {}
[27.813573] (-) TimerEvent: {}
[27.914002] (-) TimerEvent: {}
[28.014423] (-) TimerEvent: {}
[28.114894] (-) TimerEvent: {}
[28.215237] (-) TimerEvent: {}
[28.319112] (-) TimerEvent: {}
[28.419427] (-) TimerEvent: {}
[28.519748] (-) TimerEvent: {}
[28.623110] (-) TimerEvent: {}
[28.723442] (-) TimerEvent: {}
[28.745109] (cartographer) StdoutLine: {'line': b'[ 17%] \x1b[32mBuilding CXX object CMakeFiles/cartographer.dir/cartographer/io/internal/pbstream_info.cc.o\x1b[0m\n'}
[28.823547] (-) TimerEvent: {}
[28.923879] (-) TimerEvent: {}
[29.024321] (-) TimerEvent: {}
[29.124634] (-) TimerEvent: {}
[29.224972] (-) TimerEvent: {}
[29.325308] (-) TimerEvent: {}
[29.425723] (-) TimerEvent: {}
[29.526122] (-) TimerEvent: {}
[29.626545] (-) TimerEvent: {}
[29.704197] (cartographer) StdoutLine: {'line': b'[ 18%] \x1b[32mBuilding CXX object CMakeFiles/cartographer.dir/cartographer/io/internal/pbstream_migrate.cc.o\x1b[0m\n'}
[29.726648] (-) TimerEvent: {}
[29.829113] (-) TimerEvent: {}
[29.929667] (-) TimerEvent: {}
[30.030291] (-) TimerEvent: {}
[30.130614] (-) TimerEvent: {}
[30.235531] (-) TimerEvent: {}
[30.336121] (-) TimerEvent: {}
[30.436725] (-) TimerEvent: {}
[30.480222] (cartographer_ros_msgs) StdoutLine: {'line': b'[ 32%] \x1b[32mBuilding C object CMakeFiles/cartographer_ros_msgs__rosidl_typesupport_introspection_c.dir/rosidl_typesupport_introspection_c/cartographer_ros_msgs/msg/detail/bagfile_progress__type_support.c.o\x1b[0m\n'}
[30.536840] (-) TimerEvent: {}
[30.555216] (cartographer_ros_msgs) StdoutLine: {'line': b'[ 32%] \x1b[32mBuilding C object CMakeFiles/cartographer_ros_msgs__rosidl_typesupport_introspection_c.dir/rosidl_typesupport_introspection_c/cartographer_ros_msgs/msg/detail/histogram_bucket__type_support.c.o\x1b[0m\n'}
[30.589022] (cartographer_ros_msgs) StdoutLine: {'line': b'[ 33%] \x1b[32mBuilding C object CMakeFiles/cartographer_ros_msgs__rosidl_typesupport_introspection_c.dir/rosidl_typesupport_introspection_c/cartographer_ros_msgs/msg/detail/landmark_entry__type_support.c.o\x1b[0m\n'}
[30.636952] (-) TimerEvent: {}
[30.658011] (cartographer_ros_msgs) StdoutLine: {'line': b'[ 34%] \x1b[32mBuilding CXX object CMakeFiles/cartographer_ros_msgs__rosidl_typesupport_c.dir/rosidl_typesupport_c/cartographer_ros_msgs/msg/bagfile_progress__type_support.cpp.o\x1b[0m\n'}
[30.658371] (cartographer_ros_msgs) StdoutLine: {'line': b'[ 34%] \x1b[32mBuilding CXX object CMakeFiles/cartographer_ros_msgs__rosidl_typesupport_c.dir/rosidl_typesupport_c/cartographer_ros_msgs/msg/histogram_bucket__type_support.cpp.o\x1b[0m\n'}
[30.709187] (cartographer_ros_msgs) StdoutLine: {'line': b'[ 34%] \x1b[32mBuilding C object CMakeFiles/cartographer_ros_msgs__rosidl_typesupport_introspection_c.dir/rosidl_typesupport_introspection_c/cartographer_ros_msgs/msg/detail/landmark_list__type_support.c.o\x1b[0m\n'}
[30.740121] (-) TimerEvent: {}
[30.804990] (cartographer_ros_msgs) StdoutLine: {'line': b'[ 35%] \x1b[32mBuilding C object CMakeFiles/cartographer_ros_msgs__rosidl_typesupport_introspection_c.dir/rosidl_typesupport_introspection_c/cartographer_ros_msgs/msg/detail/metric_family__type_support.c.o\x1b[0m\n'}
[30.824871] (cartographer_ros_msgs) StdoutLine: {'line': b'[ 36%] \x1b[32mBuilding CXX object CMakeFiles/cartographer_ros_msgs__rosidl_typesupport_c.dir/rosidl_typesupport_c/cartographer_ros_msgs/msg/landmark_entry__type_support.cpp.o\x1b[0m\n'}
[30.843160] (-) TimerEvent: {}
[30.890397] (cartographer_ros_msgs) StdoutLine: {'line': b'[ 36%] \x1b[32mBuilding CXX object CMakeFiles/cartographer_ros_msgs__rosidl_typesupport_c.dir/rosidl_typesupport_c/cartographer_ros_msgs/msg/landmark_list__type_support.cpp.o\x1b[0m\n'}
[30.943269] (-) TimerEvent: {}
[30.943958] (cartographer_ros_msgs) StdoutLine: {'line': b'[ 36%] \x1b[32mBuilding C object CMakeFiles/cartographer_ros_msgs__rosidl_typesupport_introspection_c.dir/rosidl_typesupport_introspection_c/cartographer_ros_msgs/msg/detail/metric_label__type_support.c.o\x1b[0m\n'}
[31.010360] (cartographer_ros_msgs) StdoutLine: {'line': b'[ 36%] \x1b[32mBuilding CXX object CMakeFiles/cartographer_ros_msgs__rosidl_typesupport_c.dir/rosidl_typesupport_c/cartographer_ros_msgs/msg/metric_family__type_support.cpp.o\x1b[0m\n'}
[31.014210] (cartographer_ros_msgs) StdoutLine: {'line': b'[ 37%] \x1b[32mBuilding CXX object CMakeFiles/cartographer_ros_msgs__rosidl_typesupport_c.dir/rosidl_typesupport_c/cartographer_ros_msgs/msg/metric_label__type_support.cpp.o\x1b[0m\n'}
[31.043375] (-) TimerEvent: {}
[31.128856] (cartographer_ros_msgs) StdoutLine: {'line': b'[ 37%] \x1b[32mBuilding CXX object CMakeFiles/cartographer_ros_msgs__rosidl_typesupport_c.dir/rosidl_typesupport_c/cartographer_ros_msgs/msg/metric__type_support.cpp.o\x1b[0m\n'}
[31.143483] (-) TimerEvent: {}
[31.147033] (cartographer_ros_msgs) StdoutLine: {'line': b'[ 37%] \x1b[32mBuilding C object CMakeFiles/cartographer_ros_msgs__rosidl_typesupport_introspection_c.dir/rosidl_typesupport_introspection_c/cartographer_ros_msgs/msg/detail/metric__type_support.c.o\x1b[0m\n'}
[31.218735] (cartographer_ros_msgs) StdoutLine: {'line': b'[ 38%] \x1b[32mBuilding CXX object CMakeFiles/cartographer_ros_msgs__rosidl_typesupport_c.dir/rosidl_typesupport_c/cartographer_ros_msgs/msg/status_code__type_support.cpp.o\x1b[0m\n'}
[31.219026] (cartographer_ros_msgs) StdoutLine: {'line': b'[ 38%] \x1b[32mBuilding CXX object CMakeFiles/cartographer_ros_msgs__rosidl_typesupport_c.dir/rosidl_typesupport_c/cartographer_ros_msgs/msg/status_response__type_support.cpp.o\x1b[0m\n'}
[31.243585] (-) TimerEvent: {}
[31.274205] (cartographer_ros_msgs) StdoutLine: {'line': b'[ 39%] \x1b[32mBuilding C object CMakeFiles/cartographer_ros_msgs__rosidl_typesupport_introspection_c.dir/rosidl_typesupport_introspection_c/cartographer_ros_msgs/msg/detail/status_code__type_support.c.o\x1b[0m\n'}
[31.346131] (-) TimerEvent: {}
[31.434882] (cartographer_ros_msgs) StdoutLine: {'line': b'[ 39%] \x1b[32mBuilding C object CMakeFiles/cartographer_ros_msgs__rosidl_typesupport_introspection_c.dir/rosidl_typesupport_introspection_c/cartographer_ros_msgs/msg/detail/status_response__type_support.c.o\x1b[0m\n'}
[31.446242] (-) TimerEvent: {}
[31.458188] (cartographer_ros_msgs) StdoutLine: {'line': b'[ 40%] \x1b[32mBuilding C object CMakeFiles/cartographer_ros_msgs__rosidl_typesupport_introspection_c.dir/rosidl_typesupport_introspection_c/cartographer_ros_msgs/msg/detail/submap_entry__type_support.c.o\x1b[0m\n'}
[31.473479] (cartographer_ros_msgs) StdoutLine: {'line': b'[ 40%] \x1b[32mBuilding C object CMakeFiles/cartographer_ros_msgs__rosidl_typesupport_introspection_c.dir/rosidl_typesupport_introspection_c/cartographer_ros_msgs/msg/detail/submap_list__type_support.c.o\x1b[0m\n'}
[31.484198] (cartographer_ros_msgs) StdoutLine: {'line': b'[ 40%] \x1b[32mBuilding CXX object CMakeFiles/cartographer_ros_msgs__rosidl_typesupport_c.dir/rosidl_typesupport_c/cartographer_ros_msgs/msg/submap_entry__type_support.cpp.o\x1b[0m\n'}
[31.546352] (-) TimerEvent: {}
[31.622117] (cartographer_ros_msgs) StdoutLine: {'line': b'[ 41%] \x1b[32mBuilding CXX object CMakeFiles/cartographer_ros_msgs__rosidl_typesupport_c.dir/rosidl_typesupport_c/cartographer_ros_msgs/msg/submap_list__type_support.cpp.o\x1b[0m\n'}
[31.646460] (-) TimerEvent: {}
[31.671960] (cartographer_ros_msgs) StdoutLine: {'line': b'[ 41%] \x1b[32mBuilding C object CMakeFiles/cartographer_ros_msgs__rosidl_typesupport_introspection_c.dir/rosidl_typesupport_introspection_c/cartographer_ros_msgs/msg/detail/submap_texture__type_support.c.o\x1b[0m\n'}
[31.749126] (-) TimerEvent: {}
[31.750198] (cartographer_ros_msgs) StdoutLine: {'line': b'[ 41%] \x1b[32mBuilding CXX object CMakeFiles/cartographer_ros_msgs__rosidl_typesupport_c.dir/rosidl_typesupport_c/cartographer_ros_msgs/msg/submap_texture__type_support.cpp.o\x1b[0m\n'}
[31.778194] (cartographer_ros_msgs) StdoutLine: {'line': b'[ 42%] \x1b[32mBuilding CXX object CMakeFiles/cartographer_ros_msgs__rosidl_typesupport_c.dir/rosidl_typesupport_c/cartographer_ros_msgs/msg/trajectory_states__type_support.cpp.o\x1b[0m\n'}
[31.849423] (-) TimerEvent: {}
[31.869812] (cartographer_ros_msgs) StdoutLine: {'line': b'[ 42%] \x1b[32mBuilding CXX object CMakeFiles/cartographer_ros_msgs__rosidl_typesupport_c.dir/rosidl_typesupport_c/cartographer_ros_msgs/srv/finish_trajectory__type_support.cpp.o\x1b[0m\n'}
[31.898572] (cartographer_ros_msgs) StdoutLine: {'line': b'[ 43%] \x1b[32mBuilding C object CMakeFiles/cartographer_ros_msgs__rosidl_typesupport_introspection_c.dir/rosidl_typesupport_introspection_c/cartographer_ros_msgs/msg/detail/trajectory_states__type_support.c.o\x1b[0m\n'}
[31.949529] (-) TimerEvent: {}
[32.002184] (cartographer_ros_msgs) StdoutLine: {'line': b'[ 43%] \x1b[32mBuilding CXX object CMakeFiles/cartographer_ros_msgs__rosidl_typesupport_c.dir/rosidl_typesupport_c/cartographer_ros_msgs/srv/get_trajectory_states__type_support.cpp.o\x1b[0m\n'}
[32.007177] (cartographer_ros_msgs) StdoutLine: {'line': b'[ 43%] \x1b[32mBuilding CXX object CMakeFiles/cartographer_ros_msgs__rosidl_typesupport_cpp.dir/rosidl_typesupport_cpp/cartographer_ros_msgs/msg/bagfile_progress__type_support.cpp.o\x1b[0m\n'}
[32.032117] (cartographer_ros_msgs) StdoutLine: {'line': b'[ 44%] \x1b[32mBuilding CXX object CMakeFiles/cartographer_ros_msgs__rosidl_typesupport_c.dir/rosidl_typesupport_c/cartographer_ros_msgs/srv/read_metrics__type_support.cpp.o\x1b[0m\n'}
[32.049654] (-) TimerEvent: {}
[32.112876] (cartographer_ros_msgs) StdoutLine: {'line': b'[ 44%] \x1b[32mBuilding C object CMakeFiles/cartographer_ros_msgs__rosidl_typesupport_introspection_c.dir/rosidl_typesupport_introspection_c/cartographer_ros_msgs/srv/detail/finish_trajectory__type_support.c.o\x1b[0m\n'}
[32.149767] (-) TimerEvent: {}
[32.164185] (cartographer_ros_msgs) StdoutLine: {'line': b'[ 44%] \x1b[32mBuilding CXX object CMakeFiles/cartographer_ros_msgs__rosidl_typesupport_c.dir/rosidl_typesupport_c/cartographer_ros_msgs/srv/start_trajectory__type_support.cpp.o\x1b[0m\n'}
[32.249990] (-) TimerEvent: {}
[32.262190] (cartographer_ros_msgs) StdoutLine: {'line': b'[ 45%] \x1b[32mBuilding CXX object CMakeFiles/cartographer_ros_msgs__rosidl_typesupport_c.dir/rosidl_typesupport_c/cartographer_ros_msgs/srv/trajectory_query__type_support.cpp.o\x1b[0m\n'}
[32.293140] (cartographer_ros_msgs) StdoutLine: {'line': b'[ 45%] \x1b[32mBuilding CXX object CMakeFiles/cartographer_ros_msgs__rosidl_typesupport_c.dir/rosidl_typesupport_c/cartographer_ros_msgs/srv/submap_query__type_support.cpp.o\x1b[0m\n'}
[32.350120] (-) TimerEvent: {}
[32.409179] (cartographer_ros_msgs) StdoutLine: {'line': b'[ 46%] \x1b[32mBuilding C object CMakeFiles/cartographer_ros_msgs__rosidl_typesupport_introspection_c.dir/rosidl_typesupport_introspection_c/cartographer_ros_msgs/srv/detail/get_trajectory_states__type_support.c.o\x1b[0m\n'}
[32.452120] (-) TimerEvent: {}
[32.471132] (cartographer_ros_msgs) StdoutLine: {'line': b'[ 46%] \x1b[32mBuilding CXX object CMakeFiles/cartographer_ros_msgs__rosidl_typesupport_c.dir/rosidl_typesupport_c/cartographer_ros_msgs/srv/write_state__type_support.cpp.o\x1b[0m\n'}
[32.479608] (cartographer_ros_msgs) StdoutLine: {'line': b'[ 47%] \x1b[32mBuilding CXX object CMakeFiles/cartographer_ros_msgs__rosidl_typesupport_c.dir/rosidl_typesupport_c/cartographer_ros_msgs/srv/get_slam_state__type_support.cpp.o\x1b[0m\n'}
[32.482067] (cartographer) StdoutLine: {'line': b'[ 18%] \x1b[32mBuilding CXX object CMakeFiles/cartographer.dir/cartographer/io/min_max_range_filtering_points_processor.cc.o\x1b[0m\n'}
[32.493296] (cartographer) StdoutLine: {'line': b'[ 18%] \x1b[32mBuilding CXX object CMakeFiles/cartographer.dir/cartographer/io/outlier_removing_points_processor.cc.o\x1b[0m\n'}
[32.552230] (-) TimerEvent: {}
[32.580496] (cartographer_ros_msgs) StdoutLine: {'line': b'[ 47%] \x1b[32mBuilding CXX object CMakeFiles/cartographer_ros_msgs__rosidl_typesupport_c.dir/rosidl_typesupport_c/cartographer_ros_msgs/srv/set_slam_state__type_support.cpp.o\x1b[0m\n'}
[32.586108] (cartographer) StdoutLine: {'line': b'[ 18%] \x1b[32mBuilding CXX object CMakeFiles/cartographer.dir/cartographer/io/pcd_writing_points_processor.cc.o\x1b[0m\n'}
[32.629118] (cartographer_ros_msgs) StdoutLine: {'line': b'[ 48%] \x1b[32mBuilding CXX object CMakeFiles/cartographer_ros_msgs__rosidl_typesupport_cpp.dir/rosidl_typesupport_cpp/cartographer_ros_msgs/msg/histogram_bucket__type_support.cpp.o\x1b[0m\n'}
[32.652358] (-) TimerEvent: {}
[32.718697] (cartographer_ros_msgs) StdoutLine: {'line': b'[ 48%] \x1b[32mBuilding C object CMakeFiles/cartographer_ros_msgs__rosidl_typesupport_introspection_c.dir/rosidl_typesupport_introspection_c/cartographer_ros_msgs/srv/detail/read_metrics__type_support.c.o\x1b[0m\n'}
[32.752471] (-) TimerEvent: {}
[32.756863] (cartographer_ros_msgs) StdoutLine: {'line': b'[ 48%] \x1b[32mBuilding C object CMakeFiles/cartographer_ros_msgs__rosidl_typesupport_introspection_c.dir/rosidl_typesupport_introspection_c/cartographer_ros_msgs/srv/detail/start_trajectory__type_support.c.o\x1b[0m\n'}
[32.852800] (-) TimerEvent: {}
[32.911724] (cartographer_ros_msgs) StdoutLine: {'line': b'[ 49%] \x1b[32m\x1b[1mLinking CXX shared library libcartographer_ros_msgs__rosidl_typesupport_c.so\x1b[0m\n'}
[32.955128] (-) TimerEvent: {}
[33.055653] (-) TimerEvent: {}
[33.084887] (cartographer_ros_msgs) StdoutLine: {'line': b'[ 50%] \x1b[32mBuilding C object CMakeFiles/cartographer_ros_msgs__rosidl_typesupport_introspection_c.dir/rosidl_typesupport_introspection_c/cartographer_ros_msgs/srv/detail/trajectory_query__type_support.c.o\x1b[0m\n'}
[33.092129] (cartographer_ros_msgs) StdoutLine: {'line': b'[ 50%] \x1b[32mBuilding C object CMakeFiles/cartographer_ros_msgs__rosidl_typesupport_introspection_c.dir/rosidl_typesupport_introspection_c/cartographer_ros_msgs/srv/detail/submap_query__type_support.c.o\x1b[0m\n'}
[33.155915] (-) TimerEvent: {}
[33.205564] (cartographer_ros_msgs) StdoutLine: {'line': b'[ 50%] Built target cartographer_ros_msgs__rosidl_typesupport_c\n'}
[33.255968] (-) TimerEvent: {}
[33.359125] (-) TimerEvent: {}
[33.420117] (cartographer_ros_msgs) StdoutLine: {'line': b'[ 50%] \x1b[32mBuilding CXX object CMakeFiles/cartographer_ros_msgs__rosidl_typesupport_cpp.dir/rosidl_typesupport_cpp/cartographer_ros_msgs/msg/landmark_entry__type_support.cpp.o\x1b[0m\n'}
[33.439220] (cartographer_ros_msgs) StdoutLine: {'line': b'[ 51%] \x1b[32mBuilding C object CMakeFiles/cartographer_ros_msgs__rosidl_typesupport_introspection_c.dir/rosidl_typesupport_introspection_c/cartographer_ros_msgs/srv/detail/write_state__type_support.c.o\x1b[0m\n'}
[33.459242] (-) TimerEvent: {}
[33.559682] (-) TimerEvent: {}
[33.564091] (cartographer_ros_msgs) StdoutLine: {'line': b'[ 51%] \x1b[32mBuilding C object CMakeFiles/cartographer_ros_msgs__rosidl_typesupport_introspection_c.dir/rosidl_typesupport_introspection_c/cartographer_ros_msgs/srv/detail/get_slam_state__type_support.c.o\x1b[0m\n'}
[33.659799] (-) TimerEvent: {}
[33.761134] (-) TimerEvent: {}
[33.814214] (cartographer_ros_msgs) StdoutLine: {'line': b'[ 51%] \x1b[32mBuilding C object CMakeFiles/cartographer_ros_msgs__rosidl_typesupport_introspection_c.dir/rosidl_typesupport_introspection_c/cartographer_ros_msgs/srv/detail/set_slam_state__type_support.c.o\x1b[0m\n'}
[33.857440] (cartographer_ros_msgs) StdoutLine: {'line': b'[ 52%] \x1b[32mBuilding CXX object CMakeFiles/cartographer_ros_msgs__rosidl_typesupport_cpp.dir/rosidl_typesupport_cpp/cartographer_ros_msgs/msg/landmark_list__type_support.cpp.o\x1b[0m\n'}
[33.861247] (-) TimerEvent: {}
[33.874881] (cartographer_ros_msgs) StdoutLine: {'line': b'[ 52%] \x1b[32mBuilding CXX object CMakeFiles/cartographer_ros_msgs__rosidl_typesupport_cpp.dir/rosidl_typesupport_cpp/cartographer_ros_msgs/msg/metric_family__type_support.cpp.o\x1b[0m\n'}
[33.921335] (cartographer_ros_msgs) StdoutLine: {'line': b'[ 53%] \x1b[32mBuilding CXX object CMakeFiles/cartographer_ros_msgs__rosidl_typesupport_introspection_cpp.dir/rosidl_typesupport_introspection_cpp/cartographer_ros_msgs/msg/detail/bagfile_progress__type_support.cpp.o\x1b[0m\n'}
[33.961377] (-) TimerEvent: {}
[34.026215] (cartographer_ros_msgs) StdoutLine: {'line': b'[ 54%] \x1b[32m\x1b[1mLinking C shared library libcartographer_ros_msgs__rosidl_typesupport_introspection_c.so\x1b[0m\n'}
[34.061486] (-) TimerEvent: {}
[34.161899] (-) TimerEvent: {}
[34.178664] (cartographer_ros_msgs) StdoutLine: {'line': b'[ 55%] \x1b[32mBuilding CXX object CMakeFiles/cartographer_ros_msgs__rosidl_typesupport_cpp.dir/rosidl_typesupport_cpp/cartographer_ros_msgs/msg/metric_label__type_support.cpp.o\x1b[0m\n'}
[34.262016] (-) TimerEvent: {}
[34.337117] (cartographer_ros_msgs) StdoutLine: {'line': b'[ 55%] Built target cartographer_ros_msgs__rosidl_typesupport_introspection_c\n'}
[34.365133] (-) TimerEvent: {}
[34.387118] (cartographer_ros_msgs) StdoutLine: {'line': b'[ 55%] \x1b[32mBuilding CXX object CMakeFiles/cartographer_ros_msgs__rosidl_typesupport_cpp.dir/rosidl_typesupport_cpp/cartographer_ros_msgs/msg/metric__type_support.cpp.o\x1b[0m\n'}
[34.465257] (-) TimerEvent: {}
[34.565645] (-) TimerEvent: {}
[34.666071] (-) TimerEvent: {}
[34.766479] (-) TimerEvent: {}
[34.870133] (-) TimerEvent: {}
[34.973144] (-) TimerEvent: {}
[35.073544] (-) TimerEvent: {}
[35.173925] (-) TimerEvent: {}
[35.199309] (cartographer_ros_msgs) StdoutLine: {'line': b'[ 55%] \x1b[32mBuilding CXX object CMakeFiles/cartographer_ros_msgs__rosidl_typesupport_cpp.dir/rosidl_typesupport_cpp/cartographer_ros_msgs/msg/status_code__type_support.cpp.o\x1b[0m\n'}
[35.274064] (-) TimerEvent: {}
[35.374472] (-) TimerEvent: {}
[35.478137] (-) TimerEvent: {}
[35.494989] (cartographer_ros_msgs) StdoutLine: {'line': b'[ 56%] \x1b[32mBuilding CXX object CMakeFiles/cartographer_ros_msgs__rosidl_typesupport_cpp.dir/rosidl_typesupport_cpp/cartographer_ros_msgs/msg/status_response__type_support.cpp.o\x1b[0m\n'}
[35.578249] (-) TimerEvent: {}
[35.678668] (-) TimerEvent: {}
[35.705146] (cartographer_ros_msgs) StdoutLine: {'line': b'[ 56%] \x1b[32mBuilding CXX object CMakeFiles/cartographer_ros_msgs__rosidl_typesupport_cpp.dir/rosidl_typesupport_cpp/cartographer_ros_msgs/msg/submap_entry__type_support.cpp.o\x1b[0m\n'}
[35.778798] (-) TimerEvent: {}
[35.803254] (cartographer_ros_msgs) StdoutLine: {'line': b'[ 57%] \x1b[32mBuilding CXX object CMakeFiles/cartographer_ros_msgs__rosidl_typesupport_cpp.dir/rosidl_typesupport_cpp/cartographer_ros_msgs/msg/submap_list__type_support.cpp.o\x1b[0m\n'}
[35.830019] (cartographer_ros_msgs) StdoutLine: {'line': b'[ 57%] \x1b[32mBuilding CXX object CMakeFiles/cartographer_ros_msgs__rosidl_typesupport_introspection_cpp.dir/rosidl_typesupport_introspection_cpp/cartographer_ros_msgs/msg/detail/histogram_bucket__type_support.cpp.o\x1b[0m\n'}
[35.878924] (-) TimerEvent: {}
[35.979444] (-) TimerEvent: {}
[36.083138] (-) TimerEvent: {}
[36.099883] (cartographer) StdoutLine: {'line': b'[ 18%] \x1b[32m\x1b[1mLinking CXX static library ../lib/libgtest.a\x1b[0m\n'}
[36.180343] (cartographer_ros_msgs) StdoutLine: {'line': b'[ 57%] \x1b[32mBuilding CXX object CMakeFiles/cartographer_ros_msgs__rosidl_typesupport_cpp.dir/rosidl_typesupport_cpp/cartographer_ros_msgs/msg/submap_texture__type_support.cpp.o\x1b[0m\n'}
[36.185146] (-) TimerEvent: {}
[36.190217] (cartographer) StdoutLine: {'line': b'[ 19%] \x1b[32mBuilding CXX object CMakeFiles/cartographer.dir/cartographer/io/ply_writing_points_processor.cc.o\x1b[0m\n'}
[36.285271] (-) TimerEvent: {}
[36.308154] (cartographer) StdoutLine: {'line': b'[ 19%] Built target gtest\n'}
[36.384216] (cartographer_ros_msgs) StdoutLine: {'line': b'[ 57%] \x1b[32mBuilding CXX object CMakeFiles/cartographer_ros_msgs__rosidl_typesupport_fastrtps_cpp.dir/rosidl_typesupport_fastrtps_cpp/cartographer_ros_msgs/msg/detail/dds_fastrtps/bagfile_progress__type_support.cpp.o\x1b[0m\n'}
[36.385367] (-) TimerEvent: {}
[36.409670] (cartographer) StdoutLine: {'line': b'[ 20%] \x1b[32mBuilding CXX object gmock/CMakeFiles/gmock.dir/src/gmock-all.cc.o\x1b[0m\n'}
[36.485496] (-) TimerEvent: {}
[36.588136] (-) TimerEvent: {}
[36.688695] (-) TimerEvent: {}
[36.792139] (-) TimerEvent: {}
[36.892667] (-) TimerEvent: {}
[36.954947] (cartographer_ros_msgs) StdoutLine: {'line': b'[ 57%] \x1b[32mBuilding CXX object CMakeFiles/cartographer_ros_msgs__rosidl_typesupport_cpp.dir/rosidl_typesupport_cpp/cartographer_ros_msgs/msg/trajectory_states__type_support.cpp.o\x1b[0m\n'}
[36.992795] (-) TimerEvent: {}
[37.093200] (-) TimerEvent: {}
[37.193594] (-) TimerEvent: {}
[37.299138] (-) TimerEvent: {}
[37.321269] (cartographer_ros_msgs) StdoutLine: {'line': b'[ 57%] \x1b[32mBuilding CXX object CMakeFiles/cartographer_ros_msgs__rosidl_typesupport_introspection_cpp.dir/rosidl_typesupport_introspection_cpp/cartographer_ros_msgs/msg/detail/landmark_entry__type_support.cpp.o\x1b[0m\n'}
[37.362231] (cartographer_ros_msgs) StdoutLine: {'line': b'[ 57%] \x1b[32mBuilding CXX object CMakeFiles/cartographer_ros_msgs__rosidl_typesupport_fastrtps_cpp.dir/rosidl_typesupport_fastrtps_cpp/cartographer_ros_msgs/msg/detail/dds_fastrtps/histogram_bucket__type_support.cpp.o\x1b[0m\n'}
[37.397095] (cartographer_ros_msgs) StdoutLine: {'line': b'[ 58%] \x1b[32mBuilding CXX object CMakeFiles/cartographer_ros_msgs__rosidl_typesupport_introspection_cpp.dir/rosidl_typesupport_introspection_cpp/cartographer_ros_msgs/msg/detail/landmark_list__type_support.cpp.o\x1b[0m\n'}
[37.399251] (-) TimerEvent: {}
[37.499679] (-) TimerEvent: {}
[37.600099] (-) TimerEvent: {}
[37.625215] (cartographer_ros_msgs) StdoutLine: {'line': b'[ 59%] \x1b[32mBuilding CXX object CMakeFiles/cartographer_ros_msgs__rosidl_typesupport_cpp.dir/rosidl_typesupport_cpp/cartographer_ros_msgs/srv/finish_trajectory__type_support.cpp.o\x1b[0m\n'}
[37.691616] (cartographer_ros_msgs) StdoutLine: {'line': b'[ 59%] \x1b[32mBuilding CXX object CMakeFiles/cartographer_ros_msgs__rosidl_typesupport_fastrtps_c.dir/rosidl_typesupport_fastrtps_c/cartographer_ros_msgs/msg/detail/bagfile_progress__type_support_c.cpp.o\x1b[0m\n'}
[37.700230] (-) TimerEvent: {}
[37.801133] (-) TimerEvent: {}
[37.904161] (-) TimerEvent: {}
[38.004566] (-) TimerEvent: {}
[38.044832] (cartographer_ros_msgs) StdoutLine: {'line': b'[ 59%] \x1b[32mBuilding CXX object CMakeFiles/cartographer_ros_msgs__rosidl_typesupport_cpp.dir/rosidl_typesupport_cpp/cartographer_ros_msgs/srv/get_trajectory_states__type_support.cpp.o\x1b[0m\n'}
[38.104691] (-) TimerEvent: {}
[38.205150] (-) TimerEvent: {}
[38.305667] (-) TimerEvent: {}
[38.406108] (-) TimerEvent: {}
[38.507136] (-) TimerEvent: {}
[38.611134] (-) TimerEvent: {}
[38.714133] (-) TimerEvent: {}
[38.814543] (-) TimerEvent: {}
[38.915051] (-) TimerEvent: {}
[38.930960] (cartographer_ros_msgs) StdoutLine: {'line': b'[ 60%] \x1b[32mBuilding CXX object CMakeFiles/cartographer_ros_msgs__rosidl_typesupport_fastrtps_cpp.dir/rosidl_typesupport_fastrtps_cpp/cartographer_ros_msgs/msg/detail/dds_fastrtps/landmark_entry__type_support.cpp.o\x1b[0m\n'}
[39.015144] (-) TimerEvent: {}
[39.099848] (cartographer_ros_msgs) StdoutLine: {'line': b'[ 60%] \x1b[32mBuilding CXX object CMakeFiles/cartographer_ros_msgs__rosidl_typesupport_fastrtps_cpp.dir/rosidl_typesupport_fastrtps_cpp/cartographer_ros_msgs/msg/detail/dds_fastrtps/landmark_list__type_support.cpp.o\x1b[0m\n'}
[39.100351] (cartographer_ros_msgs) StdoutLine: {'line': b'[ 60%] \x1b[32mBuilding CXX object CMakeFiles/cartographer_ros_msgs__rosidl_typesupport_introspection_cpp.dir/rosidl_typesupport_introspection_cpp/cartographer_ros_msgs/msg/detail/metric_family__type_support.cpp.o\x1b[0m\n'}
[39.115267] (-) TimerEvent: {}
[39.215670] (-) TimerEvent: {}
[39.296563] (cartographer_ros_msgs) StdoutLine: {'line': b'[ 61%] \x1b[32mBuilding CXX object CMakeFiles/cartographer_ros_msgs__rosidl_typesupport_fastrtps_c.dir/rosidl_typesupport_fastrtps_c/cartographer_ros_msgs/msg/detail/histogram_bucket__type_support_c.cpp.o\x1b[0m\n'}
[39.315791] (-) TimerEvent: {}
[39.417135] (-) TimerEvent: {}
[39.517533] (-) TimerEvent: {}
[39.617942] (-) TimerEvent: {}
[39.719140] (-) TimerEvent: {}
[39.818209] (cartographer_ros_msgs) StdoutLine: {'line': b'[ 62%] \x1b[32mBuilding CXX object CMakeFiles/cartographer_ros_msgs__rosidl_typesupport_fastrtps_cpp.dir/rosidl_typesupport_fastrtps_cpp/cartographer_ros_msgs/msg/detail/dds_fastrtps/metric_family__type_support.cpp.o\x1b[0m\n'}
[39.824152] (-) TimerEvent: {}
[39.924562] (-) TimerEvent: {}
[40.024964] (-) TimerEvent: {}
[40.125523] (-) TimerEvent: {}
[40.181404] (cartographer_ros_msgs) StdoutLine: {'line': b'[ 63%] \x1b[32mBuilding CXX object CMakeFiles/cartographer_ros_msgs__rosidl_typesupport_cpp.dir/rosidl_typesupport_cpp/cartographer_ros_msgs/srv/read_metrics__type_support.cpp.o\x1b[0m\n'}
[40.225646] (-) TimerEvent: {}
[40.326204] (-) TimerEvent: {}
[40.426748] (-) TimerEvent: {}
[40.515127] (cartographer_ros_msgs) StdoutLine: {'line': b'[ 64%] \x1b[32mBuilding CXX object CMakeFiles/cartographer_ros_msgs__rosidl_typesupport_introspection_cpp.dir/rosidl_typesupport_introspection_cpp/cartographer_ros_msgs/msg/detail/metric_label__type_support.cpp.o\x1b[0m\n'}
[40.527132] (-) TimerEvent: {}
[40.628137] (-) TimerEvent: {}
[40.729141] (-) TimerEvent: {}
[40.829720] (-) TimerEvent: {}
[40.935139] (-) TimerEvent: {}
[41.035694] (-) TimerEvent: {}
[41.136118] (-) TimerEvent: {}
[41.237210] (cartographer_ros_msgs) StdoutLine: {'line': b'[ 64%] \x1b[32mBuilding CXX object CMakeFiles/cartographer_ros_msgs__rosidl_typesupport_cpp.dir/rosidl_typesupport_cpp/cartographer_ros_msgs/srv/start_trajectory__type_support.cpp.o\x1b[0m\n'}
[41.237589] (-) TimerEvent: {}
[41.338082] (-) TimerEvent: {}
[41.438638] (-) TimerEvent: {}
[41.539127] (-) TimerEvent: {}
[41.639699] (-) TimerEvent: {}
[41.743182] (-) TimerEvent: {}
[41.760267] (cartographer_ros_msgs) StdoutLine: {'line': b'[ 64%] \x1b[32mBuilding CXX object CMakeFiles/cartographer_ros_msgs__rosidl_typesupport_introspection_cpp.dir/rosidl_typesupport_introspection_cpp/cartographer_ros_msgs/msg/detail/metric__type_support.cpp.o\x1b[0m\n'}
[41.843307] (-) TimerEvent: {}
[41.858002] (cartographer) StdoutLine: {'line': b'[ 20%] \x1b[32mBuilding CXX object CMakeFiles/cartographer.dir/cartographer/io/points_batch.cc.o\x1b[0m\n'}
[41.943432] (-) TimerEvent: {}
[42.018213] (cartographer_ros_msgs) StdoutLine: {'line': b'[ 64%] \x1b[32mBuilding CXX object CMakeFiles/cartographer_ros_msgs__rosidl_typesupport_fastrtps_c.dir/rosidl_typesupport_fastrtps_c/cartographer_ros_msgs/msg/detail/landmark_entry__type_support_c.cpp.o\x1b[0m\n'}
[42.047137] (-) TimerEvent: {}
[42.083735] (cartographer_ros_msgs) StdoutLine: {'line': b'[ 64%] \x1b[32mBuilding CXX object CMakeFiles/cartographer_ros_msgs__rosidl_typesupport_fastrtps_cpp.dir/rosidl_typesupport_fastrtps_cpp/cartographer_ros_msgs/msg/detail/dds_fastrtps/metric_label__type_support.cpp.o\x1b[0m\n'}
[42.130124] (cartographer_ros_msgs) StdoutLine: {'line': b'[ 65%] \x1b[32mBuilding CXX object CMakeFiles/cartographer_ros_msgs__rosidl_typesupport_introspection_cpp.dir/rosidl_typesupport_introspection_cpp/cartographer_ros_msgs/msg/detail/status_code__type_support.cpp.o\x1b[0m\n'}
[42.150135] (-) TimerEvent: {}
[42.206122] (cartographer_ros_msgs) StdoutLine: {'line': b'[ 65%] \x1b[32mBuilding CXX object CMakeFiles/cartographer_ros_msgs__rosidl_typesupport_cpp.dir/rosidl_typesupport_cpp/cartographer_ros_msgs/srv/trajectory_query__type_support.cpp.o\x1b[0m\n'}
[42.250259] (-) TimerEvent: {}
[42.350689] (-) TimerEvent: {}
[42.451111] (-) TimerEvent: {}
[42.555140] (-) TimerEvent: {}
[42.656137] (-) TimerEvent: {}
[42.752089] (cartographer) StdoutLine: {'line': b'[ 20%] \x1b[32mBuilding CXX object CMakeFiles/cartographer.dir/cartographer/io/points_processor_pipeline_builder.cc.o\x1b[0m\n'}
[42.756264] (-) TimerEvent: {}
[42.856830] (-) TimerEvent: {}
[42.957412] (-) TimerEvent: {}
[42.978673] (cartographer_ros_msgs) StdoutLine: {'line': b'[ 66%] \x1b[32mBuilding CXX object CMakeFiles/cartographer_ros_msgs__rosidl_typesupport_fastrtps_c.dir/rosidl_typesupport_fastrtps_c/cartographer_ros_msgs/msg/detail/landmark_list__type_support_c.cpp.o\x1b[0m\n'}
[43.057537] (-) TimerEvent: {}
[43.102115] (cartographer_ros_msgs) StdoutLine: {'line': b'[ 67%] \x1b[32mBuilding CXX object CMakeFiles/cartographer_ros_msgs__rosidl_typesupport_fastrtps_cpp.dir/rosidl_typesupport_fastrtps_cpp/cartographer_ros_msgs/msg/detail/dds_fastrtps/metric__type_support.cpp.o\x1b[0m\n'}
[43.141774] (cartographer_ros_msgs) StdoutLine: {'line': b'[ 68%] \x1b[32mBuilding CXX object CMakeFiles/cartographer_ros_msgs__rosidl_typesupport_cpp.dir/rosidl_typesupport_cpp/cartographer_ros_msgs/srv/submap_query__type_support.cpp.o\x1b[0m\n'}
[43.159133] (-) TimerEvent: {}
[43.262141] (-) TimerEvent: {}
[43.362849] (-) TimerEvent: {}
[43.466137] (-) TimerEvent: {}
[43.569138] (-) TimerEvent: {}
[43.669534] (-) TimerEvent: {}
[43.770144] (-) TimerEvent: {}
[43.870767] (-) TimerEvent: {}
[43.971469] (-) TimerEvent: {}
[43.984635] (cartographer_ros_msgs) StdoutLine: {'line': b'[ 68%] \x1b[32mBuilding CXX object CMakeFiles/cartographer_ros_msgs__rosidl_typesupport_introspection_cpp.dir/rosidl_typesupport_introspection_cpp/cartographer_ros_msgs/msg/detail/status_response__type_support.cpp.o\x1b[0m\n'}
[44.071593] (-) TimerEvent: {}
[44.128493] (cartographer_ros_msgs) StdoutLine: {'line': b'[ 68%] \x1b[32mBuilding CXX object CMakeFiles/cartographer_ros_msgs__rosidl_typesupport_fastrtps_c.dir/rosidl_typesupport_fastrtps_c/cartographer_ros_msgs/msg/detail/metric_family__type_support_c.cpp.o\x1b[0m\n'}
[44.171719] (-) TimerEvent: {}
[44.276145] (-) TimerEvent: {}
[44.379140] (-) TimerEvent: {}
[44.479634] (-) TimerEvent: {}
[44.580144] (-) TimerEvent: {}
[44.681136] (-) TimerEvent: {}
[44.768365] (cartographer_ros_msgs) StdoutLine: {'line': b'[ 68%] \x1b[32mBuilding CXX object CMakeFiles/cartographer_ros_msgs__rosidl_typesupport_fastrtps_c.dir/rosidl_typesupport_fastrtps_c/cartographer_ros_msgs/msg/detail/metric_label__type_support_c.cpp.o\x1b[0m\n'}
[44.781262] (-) TimerEvent: {}
[44.825737] (cartographer_ros_msgs) StdoutLine: {'line': b'[ 68%] \x1b[32mBuilding CXX object CMakeFiles/cartographer_ros_msgs__rosidl_typesupport_fastrtps_cpp.dir/rosidl_typesupport_fastrtps_cpp/cartographer_ros_msgs/msg/detail/dds_fastrtps/status_code__type_support.cpp.o\x1b[0m\n'}
[44.881392] (-) TimerEvent: {}
[44.981806] (-) TimerEvent: {}
[45.086142] (-) TimerEvent: {}
[45.161408] (cartographer_ros_msgs) StdoutLine: {'line': b'[ 68%] \x1b[32mBuilding CXX object CMakeFiles/cartographer_ros_msgs__rosidl_typesupport_fastrtps_cpp.dir/rosidl_typesupport_fastrtps_cpp/cartographer_ros_msgs/msg/detail/dds_fastrtps/status_response__type_support.cpp.o\x1b[0m\n'}
[45.187149] (-) TimerEvent: {}
[45.289159] (-) TimerEvent: {}
[45.390138] (-) TimerEvent: {}
[45.490545] (-) TimerEvent: {}
[45.590952] (-) TimerEvent: {}
[45.670721] (cartographer_ros_msgs) StdoutLine: {'line': b'[ 68%] \x1b[32mBuilding CXX object CMakeFiles/cartographer_ros_msgs__rosidl_typesupport_cpp.dir/rosidl_typesupport_cpp/cartographer_ros_msgs/srv/write_state__type_support.cpp.o\x1b[0m\n'}
[45.691098] (-) TimerEvent: {}
[45.729131] (cartographer_ros_msgs) StdoutLine: {'line': b'[ 69%] \x1b[32mBuilding CXX object CMakeFiles/cartographer_ros_msgs__rosidl_typesupport_fastrtps_c.dir/rosidl_typesupport_fastrtps_c/cartographer_ros_msgs/msg/detail/metric__type_support_c.cpp.o\x1b[0m\n'}
[45.791223] (-) TimerEvent: {}
[45.895138] (-) TimerEvent: {}
[45.984620] (cartographer_ros_msgs) StdoutLine: {'line': b'[ 69%] \x1b[32mBuilding CXX object CMakeFiles/cartographer_ros_msgs__rosidl_typesupport_introspection_cpp.dir/rosidl_typesupport_introspection_cpp/cartographer_ros_msgs/msg/detail/submap_entry__type_support.cpp.o\x1b[0m\n'}
[45.995264] (-) TimerEvent: {}
[46.095706] (-) TimerEvent: {}
[46.198137] (-) TimerEvent: {}
[46.298933] (-) TimerEvent: {}
[46.311907] (cartographer) StdoutLine: {'line': b'[ 20%] \x1b[32mBuilding CXX object CMakeFiles/cartographer.dir/cartographer/io/probability_grid_points_processor.cc.o\x1b[0m\n'}
[46.315155] (cartographer_ros_msgs) StdoutLine: {'line': b'[ 70%] \x1b[32mBuilding CXX object CMakeFiles/cartographer_ros_msgs__rosidl_typesupport_fastrtps_cpp.dir/rosidl_typesupport_fastrtps_cpp/cartographer_ros_msgs/msg/detail/dds_fastrtps/submap_entry__type_support.cpp.o\x1b[0m\n'}
[46.399073] (-) TimerEvent: {}
[46.499485] (-) TimerEvent: {}
[46.600131] (-) TimerEvent: {}
[46.701246] (-) TimerEvent: {}
[46.793253] (cartographer_ros_msgs) StdoutLine: {'line': b'[ 71%] \x1b[32mBuilding CXX object CMakeFiles/cartographer_ros_msgs__rosidl_typesupport_cpp.dir/rosidl_typesupport_cpp/cartographer_ros_msgs/srv/get_slam_state__type_support.cpp.o\x1b[0m\n'}
[46.804137] (-) TimerEvent: {}
[46.845311] (cartographer_ros_msgs) StdoutLine: {'line': b'[ 72%] \x1b[32mBuilding CXX object CMakeFiles/cartographer_ros_msgs__rosidl_typesupport_introspection_cpp.dir/rosidl_typesupport_introspection_cpp/cartographer_ros_msgs/msg/detail/submap_list__type_support.cpp.o\x1b[0m\n'}
[46.880481] (cartographer_ros_msgs) StdoutLine: {'line': b'[ 72%] \x1b[32mBuilding CXX object CMakeFiles/cartographer_ros_msgs__rosidl_typesupport_fastrtps_cpp.dir/rosidl_typesupport_fastrtps_cpp/cartographer_ros_msgs/msg/detail/dds_fastrtps/submap_list__type_support.cpp.o\x1b[0m\n'}
[46.904261] (-) TimerEvent: {}
[47.004762] (-) TimerEvent: {}
[47.105142] (-) TimerEvent: {}
[47.205650] (-) TimerEvent: {}
[47.309140] (-) TimerEvent: {}
[47.409639] (-) TimerEvent: {}
[47.510140] (-) TimerEvent: {}
[47.610631] (-) TimerEvent: {}
[47.714142] (-) TimerEvent: {}
[47.814556] (-) TimerEvent: {}
[47.918133] (-) TimerEvent: {}
[48.018636] (-) TimerEvent: {}
[48.119066] (-) TimerEvent: {}
[48.222138] (-) TimerEvent: {}
[48.325143] (-) TimerEvent: {}
[48.379250] (cartographer_ros_msgs) StdoutLine: {'line': b'[ 72%] \x1b[32mBuilding CXX object CMakeFiles/cartographer_ros_msgs__rosidl_typesupport_introspection_cpp.dir/rosidl_typesupport_introspection_cpp/cartographer_ros_msgs/msg/detail/submap_texture__type_support.cpp.o\x1b[0m\n'}
[48.425270] (-) TimerEvent: {}
[48.525833] (-) TimerEvent: {}
[48.626406] (-) TimerEvent: {}
[48.726822] (-) TimerEvent: {}
[48.827342] (-) TimerEvent: {}
[48.849215] (cartographer_ros_msgs) StdoutLine: {'line': b'[ 72%] \x1b[32mBuilding CXX object CMakeFiles/cartographer_ros_msgs__rosidl_typesupport_cpp.dir/rosidl_typesupport_cpp/cartographer_ros_msgs/srv/set_slam_state__type_support.cpp.o\x1b[0m\n'}
[48.864202] (cartographer_ros_msgs) StdoutLine: {'line': b'[ 73%] \x1b[32mBuilding CXX object CMakeFiles/cartographer_ros_msgs__rosidl_typesupport_fastrtps_c.dir/rosidl_typesupport_fastrtps_c/cartographer_ros_msgs/msg/detail/status_response__type_support_c.cpp.o\x1b[0m\n'}
[48.930135] (-) TimerEvent: {}
[49.033138] (-) TimerEvent: {}
[49.133569] (-) TimerEvent: {}
[49.234047] (-) TimerEvent: {}
[49.334456] (-) TimerEvent: {}
[49.434847] (-) TimerEvent: {}
[49.535242] (-) TimerEvent: {}
[49.577299] (cartographer_ros_msgs) StdoutLine: {'line': b'[ 73%] \x1b[32mBuilding CXX object CMakeFiles/cartographer_ros_msgs__rosidl_typesupport_fastrtps_cpp.dir/rosidl_typesupport_fastrtps_cpp/cartographer_ros_msgs/msg/detail/dds_fastrtps/trajectory_states__type_support.cpp.o\x1b[0m\n'}
[49.635375] (-) TimerEvent: {}
[49.735799] (-) TimerEvent: {}
[49.759082] (cartographer_ros_msgs) StdoutLine: {'line': b'[ 74%] \x1b[32mBuilding CXX object CMakeFiles/cartographer_ros_msgs__rosidl_typesupport_introspection_cpp.dir/rosidl_typesupport_introspection_cpp/cartographer_ros_msgs/msg/detail/trajectory_states__type_support.cpp.o\x1b[0m\n'}
[49.835925] (-) TimerEvent: {}
[49.936376] (-) TimerEvent: {}
[50.036806] (-) TimerEvent: {}
[50.137288] (-) TimerEvent: {}
[50.238361] (-) TimerEvent: {}
[50.339135] (-) TimerEvent: {}
[50.439976] (-) TimerEvent: {}
[50.532222] (cartographer_ros_msgs) StdoutLine: {'line': b'[ 74%] \x1b[32m\x1b[1mLinking CXX shared library libcartographer_ros_msgs__rosidl_typesupport_cpp.so\x1b[0m\n'}
[50.540114] (-) TimerEvent: {}
[50.640571] (-) TimerEvent: {}
[50.741159] (-) TimerEvent: {}
[50.785918] (cartographer_ros_msgs) StdoutLine: {'line': b'[ 74%] \x1b[32mBuilding CXX object CMakeFiles/cartographer_ros_msgs__rosidl_typesupport_fastrtps_c.dir/rosidl_typesupport_fastrtps_c/cartographer_ros_msgs/msg/detail/submap_list__type_support_c.cpp.o\x1b[0m\n'}
[50.841286] (-) TimerEvent: {}
[50.934972] (cartographer_ros_msgs) StdoutLine: {'line': b'[ 74%] Built target cartographer_ros_msgs__rosidl_typesupport_cpp\n'}
[50.942152] (-) TimerEvent: {}
[51.028329] (cartographer_ros_msgs) StdoutLine: {'line': b'[ 74%] \x1b[32mBuilding CXX object CMakeFiles/cartographer_ros_msgs__rosidl_typesupport_introspection_cpp.dir/rosidl_typesupport_introspection_cpp/cartographer_ros_msgs/srv/detail/finish_trajectory__type_support.cpp.o\x1b[0m\n'}
[51.045138] (-) TimerEvent: {}
[51.145542] (-) TimerEvent: {}
[51.245951] (-) TimerEvent: {}
[51.346365] (-) TimerEvent: {}
[51.446773] (-) TimerEvent: {}
[51.456231] (cartographer_ros_msgs) StdoutLine: {'line': b'[ 74%] \x1b[32mBuilding CXX object CMakeFiles/cartographer_ros_msgs__rosidl_typesupport_fastrtps_cpp.dir/rosidl_typesupport_fastrtps_cpp/cartographer_ros_msgs/srv/detail/dds_fastrtps/finish_trajectory__type_support.cpp.o\x1b[0m\n'}
[51.550187] (-) TimerEvent: {}
[51.650597] (-) TimerEvent: {}
[51.724015] (cartographer) StdoutLine: {'line': b'[ 20%] \x1b[32m\x1b[1mLinking CXX static library ../lib/libgmock.a\x1b[0m\n'}
[51.751141] (-) TimerEvent: {}
[51.851580] (-) TimerEvent: {}
[51.892254] (cartographer) StdoutLine: {'line': b'[ 20%] Built target gmock\n'}
[51.951721] (-) TimerEvent: {}
[52.054141] (-) TimerEvent: {}
[52.154686] (-) TimerEvent: {}
[52.191667] (cartographer_ros_msgs) StdoutLine: {'line': b'[ 74%] \x1b[32mBuilding CXX object CMakeFiles/cartographer_ros_msgs__rosidl_typesupport_fastrtps_c.dir/rosidl_typesupport_fastrtps_c/cartographer_ros_msgs/msg/detail/trajectory_states__type_support_c.cpp.o\x1b[0m\n'}
[52.254823] (-) TimerEvent: {}
[52.320627] (cartographer_ros_msgs) StdoutLine: {'line': b'[ 74%] \x1b[32mBuilding CXX object CMakeFiles/cartographer_ros_msgs__rosidl_typesupport_introspection_cpp.dir/rosidl_typesupport_introspection_cpp/cartographer_ros_msgs/srv/detail/get_trajectory_states__type_support.cpp.o\x1b[0m\n'}
[52.354952] (-) TimerEvent: {}
[52.456148] (-) TimerEvent: {}
[52.556553] (-) TimerEvent: {}
[52.657133] (-) TimerEvent: {}
[52.758134] (-) TimerEvent: {}
[52.858523] (-) TimerEvent: {}
[52.959135] (-) TimerEvent: {}
[52.964196] (cartographer) StdoutLine: {'line': b'[ 20%] \x1b[32mBuilding CXX object CMakeFiles/cartographer.dir/cartographer/io/serialization_format_migration.cc.o\x1b[0m\n'}
[53.060136] (-) TimerEvent: {}
[53.160529] (-) TimerEvent: {}
[53.162090] (cartographer_ros_msgs) StdoutLine: {'line': b'[ 75%] \x1b[32mBuilding CXX object CMakeFiles/cartographer_ros_msgs__rosidl_typesupport_fastrtps_cpp.dir/rosidl_typesupport_fastrtps_cpp/cartographer_ros_msgs/srv/detail/dds_fastrtps/get_trajectory_states__type_support.cpp.o\x1b[0m\n'}
[53.260779] (-) TimerEvent: {}
[53.362133] (-) TimerEvent: {}
[53.400173] (cartographer_ros_msgs) StdoutLine: {'line': b'[ 76%] \x1b[32mBuilding CXX object CMakeFiles/cartographer_ros_msgs__rosidl_typesupport_fastrtps_c.dir/rosidl_typesupport_fastrtps_c/cartographer_ros_msgs/msg/detail/submap_texture__type_support_c.cpp.o\x1b[0m\n'}
[53.462259] (-) TimerEvent: {}
[53.562649] (-) TimerEvent: {}
[53.664862] (-) TimerEvent: {}
[53.755156] (cartographer_ros_msgs) StdoutLine: {'line': b'[ 77%] \x1b[32mBuilding CXX object CMakeFiles/cartographer_ros_msgs__rosidl_typesupport_introspection_cpp.dir/rosidl_typesupport_introspection_cpp/cartographer_ros_msgs/srv/detail/read_metrics__type_support.cpp.o\x1b[0m\n'}
[53.764989] (-) TimerEvent: {}
[53.865403] (-) TimerEvent: {}
[53.965779] (-) TimerEvent: {}
[54.066517] (-) TimerEvent: {}
[54.168218] (-) TimerEvent: {}
[54.269224] (-) TimerEvent: {}
[54.370048] (-) TimerEvent: {}
[54.471214] (-) TimerEvent: {}
[54.572251] (-) TimerEvent: {}
[54.668537] (cartographer_ros_msgs) StdoutLine: {'line': b'[ 78%] \x1b[32mBuilding CXX object CMakeFiles/cartographer_ros_msgs__rosidl_typesupport_fastrtps_c.dir/rosidl_typesupport_fastrtps_c/cartographer_ros_msgs/srv/detail/finish_trajectory__type_support_c.cpp.o\x1b[0m\n'}
[54.672377] (-) TimerEvent: {}
[54.772785] (-) TimerEvent: {}
[54.873554] (-) TimerEvent: {}
[54.966410] (cartographer_ros_msgs) StdoutLine: {'line': b'[ 79%] \x1b[32mBuilding CXX object CMakeFiles/cartographer_ros_msgs__rosidl_typesupport_introspection_cpp.dir/rosidl_typesupport_introspection_cpp/cartographer_ros_msgs/srv/detail/start_trajectory__type_support.cpp.o\x1b[0m\n'}
[54.966799] (cartographer_ros_msgs) StdoutLine: {'line': b'[ 79%] \x1b[32mBuilding CXX object CMakeFiles/cartographer_ros_msgs__rosidl_typesupport_fastrtps_cpp.dir/rosidl_typesupport_fastrtps_cpp/cartographer_ros_msgs/srv/detail/dds_fastrtps/start_trajectory__type_support.cpp.o\x1b[0m\n'}
[54.978187] (-) TimerEvent: {}
[55.005234] (cartographer) StdoutLine: {'line': b'[ 21%] \x1b[32mBuilding CXX object CMakeFiles/cartographer.dir/cartographer/io/submap_painter.cc.o\x1b[0m\n'}
[55.078311] (-) TimerEvent: {}
[55.178716] (-) TimerEvent: {}
[55.279145] (-) TimerEvent: {}
[55.379549] (-) TimerEvent: {}
[55.479980] (-) TimerEvent: {}
[55.580438] (-) TimerEvent: {}
[55.678216] (cartographer_ros_msgs) StdoutLine: {'line': b'[ 80%] \x1b[32mBuilding CXX object CMakeFiles/cartographer_ros_msgs__rosidl_typesupport_introspection_cpp.dir/rosidl_typesupport_introspection_cpp/cartographer_ros_msgs/srv/detail/trajectory_query__type_support.cpp.o\x1b[0m\n'}
[55.680555] (-) TimerEvent: {}
[55.781223] (-) TimerEvent: {}
[55.791329] (cartographer) StdoutLine: {'line': b'[ 21%] \x1b[32mBuilding CXX object CMakeFiles/cartographer.dir/cartographer/io/proto_stream_deserializer.cc.o\x1b[0m\n'}
[55.882136] (-) TimerEvent: {}
[55.982641] (-) TimerEvent: {}
[56.064225] (cartographer_ros_msgs) StdoutLine: {'line': b'[ 80%] \x1b[32mBuilding CXX object CMakeFiles/cartographer_ros_msgs__rosidl_typesupport_fastrtps_c.dir/rosidl_typesupport_fastrtps_c/cartographer_ros_msgs/msg/detail/submap_entry__type_support_c.cpp.o\x1b[0m\n'}
[56.083139] (-) TimerEvent: {}
[56.183698] (-) TimerEvent: {}
[56.284095] (-) TimerEvent: {}
[56.385134] (-) TimerEvent: {}
[56.485513] (-) TimerEvent: {}
[56.585897] (-) TimerEvent: {}
[56.687147] (-) TimerEvent: {}
[56.787586] (-) TimerEvent: {}
[56.888111] (-) TimerEvent: {}
[56.963223] (cartographer_ros_msgs) StdoutLine: {'line': b'[ 80%] \x1b[32mBuilding CXX object CMakeFiles/cartographer_ros_msgs__rosidl_typesupport_fastrtps_cpp.dir/rosidl_typesupport_fastrtps_cpp/cartographer_ros_msgs/srv/detail/dds_fastrtps/submap_query__type_support.cpp.o\x1b[0m\n'}
[56.989135] (-) TimerEvent: {}
[57.089670] (-) TimerEvent: {}
[57.125179] (cartographer_ros_msgs) StdoutLine: {'line': b'[ 80%] \x1b[32mBuilding CXX object CMakeFiles/cartographer_ros_msgs__rosidl_typesupport_introspection_cpp.dir/rosidl_typesupport_introspection_cpp/cartographer_ros_msgs/srv/detail/submap_query__type_support.cpp.o\x1b[0m\n'}
[57.189794] (-) TimerEvent: {}
[57.291138] (-) TimerEvent: {}
[57.391535] (-) TimerEvent: {}
[57.400032] (cartographer_ros_msgs) StdoutLine: {'line': b'[ 80%] \x1b[32mBuilding CXX object CMakeFiles/cartographer_ros_msgs__rosidl_typesupport_introspection_cpp.dir/rosidl_typesupport_introspection_cpp/cartographer_ros_msgs/srv/detail/write_state__type_support.cpp.o\x1b[0m\n'}
[57.413011] (cartographer_ros_msgs) StdoutLine: {'line': b'[ 80%] \x1b[32mBuilding CXX object CMakeFiles/cartographer_ros_msgs__rosidl_typesupport_fastrtps_c.dir/rosidl_typesupport_fastrtps_c/cartographer_ros_msgs/srv/detail/get_trajectory_states__type_support_c.cpp.o\x1b[0m\n'}
[57.491661] (-) TimerEvent: {}
[57.592078] (-) TimerEvent: {}
[57.693138] (-) TimerEvent: {}
[57.793534] (-) TimerEvent: {}
[57.896137] (-) TimerEvent: {}
[57.997228] (-) TimerEvent: {}
[58.097631] (-) TimerEvent: {}
[58.198068] (-) TimerEvent: {}
[58.299144] (-) TimerEvent: {}
[58.399534] (-) TimerEvent: {}
[58.503140] (-) TimerEvent: {}
[58.603544] (-) TimerEvent: {}
[58.704045] (-) TimerEvent: {}
[58.804469] (-) TimerEvent: {}
[58.904925] (-) TimerEvent: {}
[58.911431] (cartographer_ros_msgs) StdoutLine: {'line': b'[ 81%] \x1b[32mBuilding CXX object CMakeFiles/cartographer_ros_msgs__rosidl_typesupport_introspection_cpp.dir/rosidl_typesupport_introspection_cpp/cartographer_ros_msgs/srv/detail/get_slam_state__type_support.cpp.o\x1b[0m\n'}
[58.989205] (cartographer_ros_msgs) StdoutLine: {'line': b'[ 81%] \x1b[32mBuilding CXX object CMakeFiles/cartographer_ros_msgs__rosidl_typesupport_fastrtps_c.dir/rosidl_typesupport_fastrtps_c/cartographer_ros_msgs/msg/detail/status_code__type_support_c.cpp.o\x1b[0m\n'}
[59.005136] (-) TimerEvent: {}
[59.106134] (-) TimerEvent: {}
[59.161591] (cartographer_ros_msgs) StdoutLine: {'line': b'[ 81%] \x1b[32mBuilding CXX object CMakeFiles/cartographer_ros_msgs__rosidl_typesupport_fastrtps_cpp.dir/rosidl_typesupport_fastrtps_cpp/cartographer_ros_msgs/srv/detail/dds_fastrtps/get_slam_state__type_support.cpp.o\x1b[0m\n'}
[59.207133] (-) TimerEvent: {}
[59.307656] (-) TimerEvent: {}
[59.408141] (-) TimerEvent: {}
[59.509439] (-) TimerEvent: {}
[59.610130] (-) TimerEvent: {}
[59.711137] (-) TimerEvent: {}
[59.811525] (-) TimerEvent: {}
[59.827508] (cartographer_ros_msgs) StdoutLine: {'line': b'[ 81%] \x1b[32mBuilding CXX object CMakeFiles/cartographer_ros_msgs__rosidl_typesupport_introspection_cpp.dir/rosidl_typesupport_introspection_cpp/cartographer_ros_msgs/srv/detail/set_slam_state__type_support.cpp.o\x1b[0m\n'}
[59.911660] (-) TimerEvent: {}
[60.012080] (-) TimerEvent: {}
[60.112478] (-) TimerEvent: {}
[60.200555] (cartographer_ros_msgs) StdoutLine: {'line': b'[ 81%] \x1b[32mBuilding CXX object CMakeFiles/cartographer_ros_msgs__rosidl_typesupport_fastrtps_c.dir/rosidl_typesupport_fastrtps_c/cartographer_ros_msgs/srv/detail/read_metrics__type_support_c.cpp.o\x1b[0m\n'}
[60.212602] (-) TimerEvent: {}
[60.312995] (-) TimerEvent: {}
[60.345154] (cartographer_ros_msgs) StdoutLine: {'line': b'[ 82%] \x1b[32mBuilding CXX object CMakeFiles/cartographer_ros_msgs__rosidl_typesupport_fastrtps_cpp.dir/rosidl_typesupport_fastrtps_cpp/cartographer_ros_msgs/srv/detail/dds_fastrtps/set_slam_state__type_support.cpp.o\x1b[0m\n'}
[60.413139] (-) TimerEvent: {}
[60.513532] (-) TimerEvent: {}
[60.550553] (cartographer_ros_msgs) StdoutLine: {'line': b'[ 83%] \x1b[32m\x1b[1mLinking CXX shared library libcartographer_ros_msgs__rosidl_typesupport_introspection_cpp.so\x1b[0m\n'}
[60.613653] (-) TimerEvent: {}
[60.714087] (-) TimerEvent: {}
[60.758786] (cartographer_ros_msgs) StdoutLine: {'line': b'[ 83%] Built target cartographer_ros_msgs__rosidl_typesupport_introspection_cpp\n'}
[60.814183] (-) TimerEvent: {}
[60.914597] (-) TimerEvent: {}
[61.014988] (-) TimerEvent: {}
[61.115402] (-) TimerEvent: {}
[61.215799] (-) TimerEvent: {}
[61.240000] (cartographer_ros_msgs) StdoutLine: {'line': b'[ 83%] \x1b[32mBuilding CXX object CMakeFiles/cartographer_ros_msgs__rosidl_typesupport_fastrtps_c.dir/rosidl_typesupport_fastrtps_c/cartographer_ros_msgs/srv/detail/trajectory_query__type_support_c.cpp.o\x1b[0m\n'}
[61.315936] (-) TimerEvent: {}
[61.367780] (cartographer_ros_msgs) StdoutLine: {'line': b'[ 84%] \x1b[32mBuilding CXX object CMakeFiles/cartographer_ros_msgs__rosidl_typesupport_fastrtps_cpp.dir/rosidl_typesupport_fastrtps_cpp/cartographer_ros_msgs/srv/detail/dds_fastrtps/write_state__type_support.cpp.o\x1b[0m\n'}
[61.416087] (-) TimerEvent: {}
[61.516468] (-) TimerEvent: {}
[61.616901] (-) TimerEvent: {}
[61.717311] (-) TimerEvent: {}
[61.817712] (-) TimerEvent: {}
[61.918122] (-) TimerEvent: {}
[62.018520] (-) TimerEvent: {}
[62.063493] (cartographer_ros_msgs) StdoutLine: {'line': b'[ 84%] \x1b[32mBuilding CXX object CMakeFiles/cartographer_ros_msgs__rosidl_typesupport_fastrtps_c.dir/rosidl_typesupport_fastrtps_c/cartographer_ros_msgs/srv/detail/write_state__type_support_c.cpp.o\x1b[0m\n'}
[62.118648] (-) TimerEvent: {}
[62.219037] (-) TimerEvent: {}
[62.319420] (-) TimerEvent: {}
[62.394305] (cartographer_ros_msgs) StdoutLine: {'line': b'[ 84%] \x1b[32mBuilding CXX object CMakeFiles/cartographer_ros_msgs__rosidl_typesupport_fastrtps_cpp.dir/rosidl_typesupport_fastrtps_cpp/cartographer_ros_msgs/srv/detail/dds_fastrtps/trajectory_query__type_support.cpp.o\x1b[0m\n'}
[62.419551] (-) TimerEvent: {}
[62.519937] (-) TimerEvent: {}
[62.620331] (-) TimerEvent: {}
[62.720722] (-) TimerEvent: {}
[62.821125] (-) TimerEvent: {}
[62.888870] (cartographer_ros_msgs) StdoutLine: {'line': b'[ 85%] \x1b[32mBuilding CXX object CMakeFiles/cartographer_ros_msgs__rosidl_typesupport_fastrtps_c.dir/rosidl_typesupport_fastrtps_c/cartographer_ros_msgs/srv/detail/get_slam_state__type_support_c.cpp.o\x1b[0m\n'}
[62.889260] (cartographer_ros_msgs) StdoutLine: {'line': b'[ 85%] \x1b[32mBuilding CXX object CMakeFiles/cartographer_ros_msgs__rosidl_typesupport_fastrtps_c.dir/rosidl_typesupport_fastrtps_c/cartographer_ros_msgs/srv/detail/set_slam_state__type_support_c.cpp.o\x1b[0m\n'}
[62.921252] (-) TimerEvent: {}
[63.021670] (-) TimerEvent: {}
[63.122085] (-) TimerEvent: {}
[63.222473] (-) TimerEvent: {}
[63.322868] (-) TimerEvent: {}
[63.423278] (-) TimerEvent: {}
[63.523675] (-) TimerEvent: {}
[63.529196] (cartographer_ros_msgs) StdoutLine: {'line': b'[ 86%] \x1b[32mBuilding CXX object CMakeFiles/cartographer_ros_msgs__rosidl_typesupport_fastrtps_cpp.dir/rosidl_typesupport_fastrtps_cpp/cartographer_ros_msgs/msg/detail/dds_fastrtps/submap_texture__type_support.cpp.o\x1b[0m\n'}
[63.533164] (cartographer_ros_msgs) StdoutLine: {'line': b'[ 86%] \x1b[32mBuilding CXX object CMakeFiles/cartographer_ros_msgs__rosidl_typesupport_fastrtps_cpp.dir/rosidl_typesupport_fastrtps_cpp/cartographer_ros_msgs/srv/detail/dds_fastrtps/read_metrics__type_support.cpp.o\x1b[0m\n'}
[63.545627] (cartographer) StdoutLine: {'line': b'[ 21%] \x1b[32mBuilding CXX object CMakeFiles/cartographer.dir/cartographer/io/xyz_writing_points_processor.cc.o\x1b[0m\n'}
[63.624138] (-) TimerEvent: {}
[63.727395] (-) TimerEvent: {}
[63.827790] (-) TimerEvent: {}
[63.882237] (cartographer_ros_msgs) StdoutLine: {'line': b'[ 87%] \x1b[32mBuilding CXX object CMakeFiles/cartographer_ros_msgs__rosidl_typesupport_fastrtps_c.dir/rosidl_typesupport_fastrtps_c/cartographer_ros_msgs/srv/detail/submap_query__type_support_c.cpp.o\x1b[0m\n'}
[63.927917] (-) TimerEvent: {}
[64.028341] (-) TimerEvent: {}
[64.128756] (-) TimerEvent: {}
[64.229149] (-) TimerEvent: {}
[64.235794] (cartographer_ros_msgs) StdoutLine: {'line': b'[ 88%] \x1b[32mBuilding CXX object CMakeFiles/cartographer_ros_msgs__rosidl_typesupport_fastrtps_c.dir/rosidl_typesupport_fastrtps_c/cartographer_ros_msgs/srv/detail/start_trajectory__type_support_c.cpp.o\x1b[0m\n'}
[64.330136] (-) TimerEvent: {}
[64.430550] (-) TimerEvent: {}
[64.530971] (-) TimerEvent: {}
[64.583822] (cartographer) StdoutLine: {'line': b'[ 21%] \x1b[32mBuilding CXX object CMakeFiles/cartographer.dir/cartographer/io/xray_points_processor.cc.o\x1b[0m\n'}
[64.631133] (-) TimerEvent: {}
[64.732132] (-) TimerEvent: {}
[64.832576] (-) TimerEvent: {}
[64.933913] (-) TimerEvent: {}
[65.036134] (-) TimerEvent: {}
[65.137219] (-) TimerEvent: {}
[65.238143] (-) TimerEvent: {}
[65.338565] (-) TimerEvent: {}
[65.423120] (cartographer) StdoutLine: {'line': b'[ 21%] \x1b[32mBuilding CXX object CMakeFiles/cartographer.dir/cartographer/io/vertical_range_filtering_points_processor.cc.o\x1b[0m\n'}
[65.439132] (-) TimerEvent: {}
[65.530391] (cartographer_ros_msgs) StdoutLine: {'line': b'[ 88%] \x1b[32m\x1b[1mLinking CXX shared library libcartographer_ros_msgs__rosidl_typesupport_fastrtps_cpp.so\x1b[0m\n'}
[65.539261] (-) TimerEvent: {}
[65.641133] (-) TimerEvent: {}
[65.741614] (-) TimerEvent: {}
[65.842012] (-) TimerEvent: {}
[65.856883] (cartographer_ros_msgs) StdoutLine: {'line': b'[ 88%] \x1b[32m\x1b[1mLinking CXX shared library libcartographer_ros_msgs__rosidl_typesupport_fastrtps_c.so\x1b[0m\n'}
[65.857276] (cartographer_ros_msgs) StdoutLine: {'line': b'[ 88%] Built target cartographer_ros_msgs__rosidl_typesupport_fastrtps_cpp\n'}
[65.942186] (-) TimerEvent: {}
[66.042605] (-) TimerEvent: {}
[66.087436] (cartographer_ros_msgs) StdoutLine: {'line': b'[ 88%] Built target cartographer_ros_msgs__rosidl_typesupport_fastrtps_c\n'}
[66.133783] (cartographer_ros_msgs) StdoutLine: {'line': b'[ 88%] Built target cartographer_ros_msgs\n'}
[66.142726] (-) TimerEvent: {}
[66.183450] (cartographer_ros_msgs) StdoutLine: {'line': b'[ 88%] \x1b[34m\x1b[1mGenerating Python code for ROS interfaces\x1b[0m\n'}
[66.242841] (-) TimerEvent: {}
[66.344020] (-) TimerEvent: {}
[66.443596] (cartographer) StdoutLine: {'line': b'[ 22%] \x1b[32mBuilding CXX object CMakeFiles/cartographer.dir/cartographer/mapping/2d/grid_2d.cc.o\x1b[0m\n'}
[66.444095] (-) TimerEvent: {}
[66.544558] (-) TimerEvent: {}
[66.644954] (-) TimerEvent: {}
[66.667785] (cartographer) StdoutLine: {'line': b'[ 23%] \x1b[32mBuilding CXX object CMakeFiles/cartographer.dir/cartographer/io/proto_stream.cc.o\x1b[0m\n'}
[66.745093] (-) TimerEvent: {}
[66.845492] (-) TimerEvent: {}
[66.947110] (-) TimerEvent: {}
[67.048016] (-) TimerEvent: {}
[67.149134] (-) TimerEvent: {}
[67.250002] (-) TimerEvent: {}
[67.351079] (-) TimerEvent: {}
[67.452601] (-) TimerEvent: {}
[67.553678] (-) TimerEvent: {}
[67.654486] (-) TimerEvent: {}
[67.688192] (cartographer) StdoutLine: {'line': b'[ 23%] \x1b[32mBuilding CXX object CMakeFiles/cartographer.dir/cartographer/mapping/2d/probability_grid.cc.o\x1b[0m\n'}
[67.754613] (-) TimerEvent: {}
[67.855067] (-) TimerEvent: {}
[67.955457] (-) TimerEvent: {}
[68.056128] (-) TimerEvent: {}
[68.157130] (-) TimerEvent: {}
[68.257523] (-) TimerEvent: {}
[68.358124] (-) TimerEvent: {}
[68.459124] (-) TimerEvent: {}
[68.559507] (-) TimerEvent: {}
[68.660147] (-) TimerEvent: {}
[68.761136] (-) TimerEvent: {}
[68.861527] (-) TimerEvent: {}
[68.962126] (-) TimerEvent: {}
[69.063415] (-) TimerEvent: {}
[69.164128] (-) TimerEvent: {}
[69.265131] (-) TimerEvent: {}
[69.365564] (-) TimerEvent: {}
[69.466261] (-) TimerEvent: {}
[69.566925] (-) TimerEvent: {}
[69.668626] (-) TimerEvent: {}
[69.772765] (-) TimerEvent: {}
[69.873897] (-) TimerEvent: {}
[69.974760] (-) TimerEvent: {}
[70.075563] (-) TimerEvent: {}
[70.176734] (-) TimerEvent: {}
[70.277669] (-) TimerEvent: {}
[70.378191] (-) TimerEvent: {}
[70.481735] (-) TimerEvent: {}
[70.582276] (-) TimerEvent: {}
[70.683233] (-) TimerEvent: {}
[70.784413] (-) TimerEvent: {}
[70.885653] (-) TimerEvent: {}
[70.986126] (-) TimerEvent: {}
[71.087141] (-) TimerEvent: {}
[71.188030] (-) TimerEvent: {}
[71.289150] (-) TimerEvent: {}
[71.389562] (-) TimerEvent: {}
[71.390905] (cartographer) StdoutLine: {'line': b'[ 23%] \x1b[32mBuilding CXX object CMakeFiles/cartographer.dir/cartographer/mapping/2d/probability_grid_range_data_inserter_2d.cc.o\x1b[0m\n'}
[71.490123] (-) TimerEvent: {}
[71.590511] (-) TimerEvent: {}
[71.691128] (-) TimerEvent: {}
[71.792127] (-) TimerEvent: {}
[71.892517] (-) TimerEvent: {}
[71.993128] (-) TimerEvent: {}
[72.095120] (-) TimerEvent: {}
[72.195491] (-) TimerEvent: {}
[72.236123] (cartographer) StdoutLine: {'line': b'[ 23%] \x1b[32mBuilding CXX object CMakeFiles/cartographer.dir/cartographer/mapping/2d/submap_2d.cc.o\x1b[0m\n'}
[72.295611] (-) TimerEvent: {}
[72.396016] (-) TimerEvent: {}
[72.497135] (-) TimerEvent: {}
[72.597535] (-) TimerEvent: {}
[72.697953] (-) TimerEvent: {}
[72.799123] (-) TimerEvent: {}
[72.899534] (-) TimerEvent: {}
[72.999993] (-) TimerEvent: {}
[73.103686] (-) TimerEvent: {}
[73.204755] (-) TimerEvent: {}
[73.305472] (-) TimerEvent: {}
[73.405969] (-) TimerEvent: {}
[73.506871] (-) TimerEvent: {}
[73.607410] (-) TimerEvent: {}
[73.708313] (-) TimerEvent: {}
[73.809133] (-) TimerEvent: {}
[73.910133] (-) TimerEvent: {}
[74.010553] (-) TimerEvent: {}
[74.016837] (cartographer) StdoutLine: {'line': b'[ 24%] \x1b[32mBuilding CXX object CMakeFiles/cartographer.dir/cartographer/mapping/3d/range_data_inserter_3d.cc.o\x1b[0m\n'}
[74.110675] (-) TimerEvent: {}
[74.211499] (-) TimerEvent: {}
[74.312028] (-) TimerEvent: {}
[74.412547] (-) TimerEvent: {}
[74.513801] (-) TimerEvent: {}
[74.614855] (-) TimerEvent: {}
[74.719559] (-) TimerEvent: {}
[74.819951] (-) TimerEvent: {}
[74.920358] (-) TimerEvent: {}
[75.020770] (-) TimerEvent: {}
[75.121221] (-) TimerEvent: {}
[75.221604] (-) TimerEvent: {}
[75.322000] (-) TimerEvent: {}
[75.422420] (-) TimerEvent: {}
[75.476112] (cartographer) StdoutLine: {'line': b'[ 24%] \x1b[32mBuilding CXX object CMakeFiles/cartographer.dir/cartographer/mapping/3d/submap_3d.cc.o\x1b[0m\n'}
[75.522540] (-) TimerEvent: {}
[75.622927] (-) TimerEvent: {}
[75.724140] (-) TimerEvent: {}
[75.824595] (-) TimerEvent: {}
[75.924993] (-) TimerEvent: {}
[76.026124] (-) TimerEvent: {}
[76.126512] (-) TimerEvent: {}
[76.131532] (cartographer) StdoutLine: {'line': b'[ 24%] \x1b[32mBuilding CXX object CMakeFiles/cartographer.dir/cartographer/mapping/detect_floors.cc.o\x1b[0m\n'}
[76.227129] (-) TimerEvent: {}
[76.327561] (-) TimerEvent: {}
[76.428711] (-) TimerEvent: {}
[76.529125] (-) TimerEvent: {}
[76.630129] (-) TimerEvent: {}
[76.730533] (-) TimerEvent: {}
[76.831127] (-) TimerEvent: {}
[76.932124] (-) TimerEvent: {}
[77.032565] (-) TimerEvent: {}
[77.133127] (-) TimerEvent: {}
[77.234127] (-) TimerEvent: {}
[77.334529] (-) TimerEvent: {}
[77.435348] (-) TimerEvent: {}
[77.536350] (-) TimerEvent: {}
[77.637266] (-) TimerEvent: {}
[77.738130] (-) TimerEvent: {}
[77.838530] (-) TimerEvent: {}
[77.939125] (-) TimerEvent: {}
[78.039117] (cartographer) StdoutLine: {'line': b'[ 24%] \x1b[32mBuilding CXX object CMakeFiles/cartographer.dir/cartographer/mapping/imu_tracker.cc.o\x1b[0m\n'}
[78.039510] (-) TimerEvent: {}
[78.140136] (-) TimerEvent: {}
[78.241136] (-) TimerEvent: {}
[78.341549] (-) TimerEvent: {}
[78.442136] (-) TimerEvent: {}
[78.543131] (-) TimerEvent: {}
[78.643557] (-) TimerEvent: {}
[78.744016] (-) TimerEvent: {}
[78.845145] (-) TimerEvent: {}
[78.945532] (-) TimerEvent: {}
[79.045930] (-) TimerEvent: {}
[79.061127] (cartographer_ros_msgs) StdoutLine: {'line': b'[ 88%] Built target cartographer_ros_msgs__py\n'}
[79.131319] (cartographer_ros_msgs) StdoutLine: {'line': b'[ 89%] \x1b[32mBuilding C object CMakeFiles/cartographer_ros_msgs__rosidl_generator_py.dir/rosidl_generator_py/cartographer_ros_msgs/msg/_histogram_bucket_s.c.o\x1b[0m\n'}
[79.133199] (cartographer_ros_msgs) StdoutLine: {'line': b'[ 89%] \x1b[32mBuilding C object CMakeFiles/cartographer_ros_msgs__rosidl_generator_py.dir/rosidl_generator_py/cartographer_ros_msgs/msg/_bagfile_progress_s.c.o\x1b[0m\n'}
[79.148138] (-) TimerEvent: {}
[79.248553] (-) TimerEvent: {}
[79.351133] (-) TimerEvent: {}
[79.456136] (-) TimerEvent: {}
[79.556543] (-) TimerEvent: {}
[79.656959] (-) TimerEvent: {}
[79.757388] (-) TimerEvent: {}
[79.857862] (-) TimerEvent: {}
[79.883367] (cartographer_ros_msgs) StdoutLine: {'line': b'[ 89%] \x1b[32mBuilding C object CMakeFiles/cartographer_ros_msgs__rosidl_generator_py.dir/rosidl_generator_py/cartographer_ros_msgs/msg/_status_code_s.c.o\x1b[0m\n'}
[79.927219] (cartographer_ros_msgs) StdoutLine: {'line': b'[ 90%] \x1b[32mBuilding C object CMakeFiles/cartographer_ros_msgs__rosidl_generator_py.dir/rosidl_generator_py/cartographer_ros_msgs/msg/_status_response_s.c.o\x1b[0m\n'}
[79.936341] (cartographer_ros_msgs) StdoutLine: {'line': b'[ 90%] \x1b[32mBuilding C object CMakeFiles/cartographer_ros_msgs__rosidl_generator_py.dir/rosidl_generator_py/cartographer_ros_msgs/msg/_metric_s.c.o\x1b[0m\n'}
[79.958132] (-) TimerEvent: {}
[80.060436] (-) TimerEvent: {}
[80.160838] (-) TimerEvent: {}
[80.265144] (-) TimerEvent: {}
[80.347277] (cartographer_ros_msgs) StdoutLine: {'line': b'[ 90%] \x1b[32mBuilding C object CMakeFiles/cartographer_ros_msgs__rosidl_generator_py.dir/rosidl_generator_py/cartographer_ros_msgs/msg/_submap_entry_s.c.o\x1b[0m\n'}
[80.365268] (-) TimerEvent: {}
[80.404917] (cartographer_ros_msgs) StdoutLine: {'line': b'[ 91%] \x1b[32mBuilding C object CMakeFiles/cartographer_ros_msgs__rosidl_generator_py.dir/rosidl_generator_py/cartographer_ros_msgs/msg/_submap_list_s.c.o\x1b[0m\n'}
[80.465404] (-) TimerEvent: {}
[80.565879] (-) TimerEvent: {}
[80.581116] (cartographer_ros_msgs) StdoutLine: {'line': b'[ 91%] \x1b[32mBuilding C object CMakeFiles/cartographer_ros_msgs__rosidl_generator_py.dir/rosidl_generator_py/cartographer_ros_msgs/msg/_submap_texture_s.c.o\x1b[0m\n'}
[80.666133] (-) TimerEvent: {}
[80.766574] (-) TimerEvent: {}
[80.819219] (cartographer) StdoutLine: {'line': b'[ 25%] \x1b[32mBuilding CXX object CMakeFiles/cartographer.dir/cartographer/mapping/internal/2d/local_slam_result_2d.cc.o\x1b[0m\n'}
[80.866705] (-) TimerEvent: {}
[80.898726] (cartographer_ros_msgs) StdoutLine: {'line': b'[ 91%] \x1b[32mBuilding C object CMakeFiles/cartographer_ros_msgs__rosidl_generator_py.dir/rosidl_generator_py/cartographer_ros_msgs/msg/_trajectory_states_s.c.o\x1b[0m\n'}
[80.966836] (-) TimerEvent: {}
[81.012568] (cartographer_ros_msgs) StdoutLine: {'line': b'[ 92%] \x1b[32mBuilding C object CMakeFiles/cartographer_ros_msgs__rosidl_generator_py.dir/rosidl_generator_py/cartographer_ros_msgs/srv/_finish_trajectory_s.c.o\x1b[0m\n'}
[81.066960] (-) TimerEvent: {}
[81.167370] (-) TimerEvent: {}
[81.167739] (cartographer_ros_msgs) StdoutLine: {'line': b'[ 92%] \x1b[32mBuilding C object CMakeFiles/cartographer_ros_msgs__rosidl_generator_py.dir/rosidl_generator_py/cartographer_ros_msgs/srv/_get_trajectory_states_s.c.o\x1b[0m\n'}
[81.267495] (-) TimerEvent: {}
[81.365684] (cartographer_ros_msgs) StdoutLine: {'line': b'[ 93%] \x1b[32mBuilding C object CMakeFiles/cartographer_ros_msgs__rosidl_generator_py.dir/rosidl_generator_py/cartographer_ros_msgs/srv/_read_metrics_s.c.o\x1b[0m\n'}
[81.367608] (-) TimerEvent: {}
[81.469023] (-) TimerEvent: {}
[81.573971] (-) TimerEvent: {}
[81.675139] (-) TimerEvent: {}
[81.775714] (-) TimerEvent: {}
[81.785240] (cartographer_ros_msgs) StdoutLine: {'line': b'[ 93%] \x1b[32mBuilding C object CMakeFiles/cartographer_ros_msgs__rosidl_generator_py.dir/rosidl_generator_py/cartographer_ros_msgs/srv/_start_trajectory_s.c.o\x1b[0m\n'}
[81.814170] (cartographer_ros_msgs) StdoutLine: {'line': b'[ 93%] \x1b[32mBuilding C object CMakeFiles/cartographer_ros_msgs__rosidl_generator_py.dir/rosidl_generator_py/cartographer_ros_msgs/srv/_trajectory_query_s.c.o\x1b[0m\n'}
[81.875842] (-) TimerEvent: {}
[81.942065] (cartographer) StdoutLine: {'line': b'[ 25%] \x1b[32mBuilding CXX object CMakeFiles/cartographer.dir/cartographer/mapping/internal/2d/local_trajectory_builder_2d.cc.o\x1b[0m\n'}
[81.976138] (-) TimerEvent: {}
[81.979130] (cartographer_ros_msgs) StdoutLine: {'line': b'[ 94%] \x1b[32mBuilding C object CMakeFiles/cartographer_ros_msgs__rosidl_generator_py.dir/rosidl_generator_py/cartographer_ros_msgs/srv/_submap_query_s.c.o\x1b[0m\n'}
[82.077142] (-) TimerEvent: {}
[82.177551] (-) TimerEvent: {}
[82.277978] (-) TimerEvent: {}
[82.299042] (cartographer_ros_msgs) StdoutLine: {'line': b'[ 94%] \x1b[32mBuilding C object CMakeFiles/cartographer_ros_msgs__rosidl_generator_py.dir/rosidl_generator_py/cartographer_ros_msgs/srv/_write_state_s.c.o\x1b[0m\n'}
[82.378143] (-) TimerEvent: {}
[82.429137] (cartographer_ros_msgs) StdoutLine: {'line': b'[ 95%] \x1b[32mBuilding C object CMakeFiles/cartographer_ros_msgs__rosidl_generator_py.dir/rosidl_generator_py/cartographer_ros_msgs/srv/_get_slam_state_s.c.o\x1b[0m\n'}
[82.478266] (-) TimerEvent: {}
[82.529208] (cartographer_ros_msgs) StdoutLine: {'line': b'[ 95%] \x1b[32mBuilding C object CMakeFiles/cartographer_ros_msgs__rosidl_generator_py.dir/rosidl_generator_py/cartographer_ros_msgs/srv/_set_slam_state_s.c.o\x1b[0m\n'}
[82.578393] (-) TimerEvent: {}
[82.678811] (-) TimerEvent: {}
[82.779278] (-) TimerEvent: {}
[82.879696] (-) TimerEvent: {}
[82.980196] (-) TimerEvent: {}
[83.021412] (cartographer_ros_msgs) StdoutLine: {'line': b'[ 96%] \x1b[32mBuilding C object CMakeFiles/cartographer_ros_msgs__rosidl_generator_py.dir/rosidl_generator_py/cartographer_ros_msgs/msg/_metric_label_s.c.o\x1b[0m\n'}
[83.035547] (cartographer_ros_msgs) StdoutLine: {'line': b'[ 96%] \x1b[32mBuilding C object CMakeFiles/cartographer_ros_msgs__rosidl_generator_py.dir/rosidl_generator_py/cartographer_ros_msgs/msg/_metric_family_s.c.o\x1b[0m\n'}
[83.084135] (-) TimerEvent: {}
[83.084898] (cartographer_ros_msgs) StdoutLine: {'line': b'[ 97%] \x1b[32mBuilding C object CMakeFiles/cartographer_ros_msgs__rosidl_generator_py.dir/rosidl_generator_py/cartographer_ros_msgs/msg/_landmark_list_s.c.o\x1b[0m\n'}
[83.184275] (-) TimerEvent: {}
[83.284749] (-) TimerEvent: {}
[83.294593] (cartographer) StdoutLine: {'line': b'[ 25%] \x1b[32mBuilding CXX object CMakeFiles/cartographer.dir/cartographer/mapping/internal/2d/local_trajectory_builder_options_2d.cc.o\x1b[0m\n'}
[83.384875] (-) TimerEvent: {}
[83.472292] (cartographer_ros_msgs) StdoutLine: {'line': b'[ 97%] \x1b[32mBuilding C object CMakeFiles/cartographer_ros_msgs__rosidl_generator_py.dir/rosidl_generator_py/cartographer_ros_msgs/msg/_landmark_entry_s.c.o\x1b[0m\n'}
[83.484998] (-) TimerEvent: {}
[83.585403] (-) TimerEvent: {}
[83.685818] (-) TimerEvent: {}
[83.787138] (-) TimerEvent: {}
[83.887522] (-) TimerEvent: {}
[83.909211] (cartographer_ros_msgs) StdoutLine: {'line': b'[ 97%] \x1b[32m\x1b[1mLinking C shared library libcartographer_ros_msgs__rosidl_generator_py.so\x1b[0m\n'}
[83.988141] (-) TimerEvent: {}
[84.067227] (cartographer_ros_msgs) StdoutLine: {'line': b'[ 97%] Built target cartographer_ros_msgs__rosidl_generator_py\n'}
[84.091140] (-) TimerEvent: {}
[84.121090] (cartographer_ros_msgs) StdoutLine: {'line': b'[ 97%] \x1b[32mBuilding C object CMakeFiles/cartographer_ros_msgs_s__rosidl_typesupport_fastrtps_c.dir/rosidl_generator_py/cartographer_ros_msgs/_cartographer_ros_msgs_s.ep.rosidl_typesupport_fastrtps_c.c.o\x1b[0m\n'}
[84.163215] (cartographer_ros_msgs) StdoutLine: {'line': b'[ 97%] \x1b[32mBuilding C object CMakeFiles/cartographer_ros_msgs_s__rosidl_typesupport_introspection_c.dir/rosidl_generator_py/cartographer_ros_msgs/_cartographer_ros_msgs_s.ep.rosidl_typesupport_introspection_c.c.o\x1b[0m\n'}
[84.191259] (-) TimerEvent: {}
[84.291910] (-) TimerEvent: {}
[84.299978] (cartographer) StdoutLine: {'line': b'[ 25%] \x1b[32mBuilding CXX object CMakeFiles/cartographer.dir/cartographer/mapping/internal/2d/normal_estimation_2d.cc.o\x1b[0m\n'}
[84.392038] (-) TimerEvent: {}
[84.492465] (-) TimerEvent: {}
[84.592910] (-) TimerEvent: {}
[84.693364] (-) TimerEvent: {}
[84.793757] (-) TimerEvent: {}
[84.895142] (-) TimerEvent: {}
[84.929311] (cartographer_ros_msgs) StdoutLine: {'line': b'[ 98%] \x1b[32m\x1b[1mLinking C shared module rosidl_generator_py/cartographer_ros_msgs/cartographer_ros_msgs_s__rosidl_typesupport_fastrtps_c.so\x1b[0m\n'}
[84.949336] (cartographer_ros_msgs) StdoutLine: {'line': b'[ 99%] \x1b[32m\x1b[1mLinking C shared module rosidl_generator_py/cartographer_ros_msgs/cartographer_ros_msgs_s__rosidl_typesupport_introspection_c.so\x1b[0m\n'}
[84.996140] (-) TimerEvent: {}
[85.044752] (cartographer_ros_msgs) StdoutLine: {'line': b'[ 99%] Built target cartographer_ros_msgs_s__rosidl_typesupport_introspection_c\n'}
[85.096114] (cartographer_ros_msgs) StdoutLine: {'line': b'[ 99%] \x1b[32mBuilding C object CMakeFiles/cartographer_ros_msgs_s__rosidl_typesupport_c.dir/rosidl_generator_py/cartographer_ros_msgs/_cartographer_ros_msgs_s.ep.rosidl_typesupport_c.c.o\x1b[0m\n'}
[85.096515] (-) TimerEvent: {}
[85.101135] (cartographer_ros_msgs) StdoutLine: {'line': b'[ 99%] Built target cartographer_ros_msgs_s__rosidl_typesupport_fastrtps_c\n'}
[85.196655] (-) TimerEvent: {}
[85.297079] (-) TimerEvent: {}
[85.397510] (-) TimerEvent: {}
[85.497905] (-) TimerEvent: {}
[85.598324] (-) TimerEvent: {}
[85.698766] (-) TimerEvent: {}
[85.780296] (cartographer_ros_msgs) StdoutLine: {'line': b'[100%] \x1b[32m\x1b[1mLinking C shared module rosidl_generator_py/cartographer_ros_msgs/cartographer_ros_msgs_s__rosidl_typesupport_c.so\x1b[0m\n'}
[85.799128] (-) TimerEvent: {}
[85.867533] (cartographer_ros_msgs) StdoutLine: {'line': b'[100%] Built target cartographer_ros_msgs_s__rosidl_typesupport_c\n'}
[85.901134] (cartographer_ros_msgs) CommandEnded: {'returncode': 0}
[85.901740] (-) TimerEvent: {}
[85.901959] (cartographer_ros_msgs) JobProgress: {'identifier': 'cartographer_ros_msgs', 'progress': 'install'}
[85.923076] (cartographer_ros_msgs) Command: {'cmd': ['/usr/bin/cmake', '--install', '/root/distr_slam_ws/build/cartographer_ros_msgs'], 'cwd': '/root/distr_slam_ws/build/cartographer_ros_msgs', 'env': OrderedDict({'HOSTNAME': 'user-dynabook-G83-DN', 'SHLVL': '1', 'LIBGL_ALWAYS_SOFTWARE': '1', 'LD_LIBRARY_PATH': '/opt/ros/jazzy/opt/rviz_ogre_vendor/lib:/opt/ros/jazzy/lib/x86_64-linux-gnu:/opt/ros/jazzy/opt/gz_math_vendor/lib:/opt/ros/jazzy/opt/gz_utils_vendor/lib:/opt/ros/jazzy/opt/gz_cmake_vendor/lib:/opt/ros/jazzy/lib', 'HOME': '/root', 'OLDPWD': '/root', 'ROS_PYTHON_VERSION': '3', 'ROS_DISTRO': 'jazzy', '_': '/usr/bin/colcon', 'ROS_VERSION': '2', 'TERM': 'xterm', 'ROS_LOCALHOST_ONLY': '1', 'QT_X11_NO_MITSHM': '1', 'PATH': '/opt/ros/jazzy/bin:/usr/local/sbin:/usr/local/bin:/usr/sbin:/usr/bin:/sbin:/bin', 'DISPLAY': ':0', 'LANG': 'en_US.UTF-8', 'XAUTHORITY': '/root/.Xauthority', 'LS_COLORS': 'rs=0:di=01;34:ln=01;36:mh=00:pi=40;33:so=01;35:do=01;35:bd=40;33;01:cd=40;33;01:or=40;31;01:mi=00:su=37;41:sg=30;43:ca=00:tw=30;42:ow=34;42:st=37;44:ex=01;32:*.tar=01;31:*.tgz=01;31:*.arc=01;31:*.arj=01;31:*.taz=01;31:*.lha=01;31:*.lz4=01;31:*.lzh=01;31:*.lzma=01;31:*.tlz=01;31:*.txz=01;31:*.tzo=01;31:*.t7z=01;31:*.zip=01;31:*.z=01;31:*.dz=01;31:*.gz=01;31:*.lrz=01;31:*.lz=01;31:*.lzo=01;31:*.xz=01;31:*.zst=01;31:*.tzst=01;31:*.bz2=01;31:*.bz=01;31:*.tbz=01;31:*.tbz2=01;31:*.tz=01;31:*.deb=01;31:*.rpm=01;31:*.jar=01;31:*.war=01;31:*.ear=01;31:*.sar=01;31:*.rar=01;31:*.alz=01;31:*.ace=01;31:*.zoo=01;31:*.cpio=01;31:*.7z=01;31:*.rz=01;31:*.cab=01;31:*.wim=01;31:*.swm=01;31:*.dwm=01;31:*.esd=01;31:*.avif=01;35:*.jpg=01;35:*.jpeg=01;35:*.mjpg=01;35:*.mjpeg=01;35:*.gif=01;35:*.bmp=01;35:*.pbm=01;35:*.pgm=01;35:*.ppm=01;35:*.tga=01;35:*.xbm=01;35:*.xpm=01;35:*.tif=01;35:*.tiff=01;35:*.png=01;35:*.svg=01;35:*.svgz=01;35:*.mng=01;35:*.pcx=01;35:*.mov=01;35:*.mpg=01;35:*.mpeg=01;35:*.m2v=01;35:*.mkv=01;35:*.webm=01;35:*.webp=01;35:*.ogm=01;35:*.mp4=01;35:*.m4v=01;35:*.mp4v=01;35:*.vob=01;35:*.qt=01;35:*.nuv=01;35:*.wmv=01;35:*.asf=01;35:*.rm=01;35:*.rmvb=01;35:*.flc=01;35:*.avi=01;35:*.fli=01;35:*.flv=01;35:*.gl=01;35:*.dl=01;35:*.xcf=01;35:*.xwd=01;35:*.yuv=01;35:*.cgm=01;35:*.emf=01;35:*.ogv=01;35:*.ogx=01;35:*.aac=00;36:*.au=00;36:*.flac=00;36:*.m4a=00;36:*.mid=00;36:*.midi=00;36:*.mka=00;36:*.mp3=00;36:*.mpc=00;36:*.ogg=00;36:*.ra=00;36:*.wav=00;36:*.oga=00;36:*.opus=00;36:*.spx=00;36:*.xspf=00;36:*~=00;90:*#=00;90:*.bak=00;90:*.crdownload=00;90:*.dpkg-dist=00;90:*.dpkg-new=00;90:*.dpkg-old=00;90:*.dpkg-tmp=00;90:*.old=00;90:*.orig=00;90:*.part=00;90:*.rej=00;90:*.rpmnew=00;90:*.rpmorig=00;90:*.rpmsave=00;90:*.swp=00;90:*.tmp=00;90:*.ucf-dist=00;90:*.ucf-new=00;90:*.ucf-old=00;90:', 'AMENT_PREFIX_PATH': '/opt/ros/jazzy', 'DEBIAN_FRONTEND': 'noninteractive', 'ROS_AUTOMATIC_DISCOVERY_RANGE': 'SUBNET', 'PWD': '/root/distr_slam_ws/build/cartographer_ros_msgs', 'TURTLEBOT3_MODEL': 'burger', 'LC_ALL': 'en_US.UTF-8', 'PYTHONPATH': '/opt/ros/jazzy/lib/python3.12/site-packages', 'COLCON': '1', 'CMAKE_PREFIX_PATH': '/opt/ros/jazzy/opt/gz_math_vendor:/opt/ros/jazzy/opt/gz_utils_vendor:/opt/ros/jazzy/opt/gz_cmake_vendor:/opt/ros/jazzy'}), 'shell': False}
[85.955299] (cartographer_ros_msgs) StdoutLine: {'line': b'-- Install configuration: ""\n'}
[85.956498] (cartographer_ros_msgs) StdoutLine: {'line': b'-- Installing: /root/distr_slam_ws/install/cartographer_ros_msgs/share/ament_index/resource_index/rosidl_interfaces/cartographer_ros_msgs\n'}
[85.957891] (cartographer_ros_msgs) StdoutLine: {'line': b'-- Installing: /root/distr_slam_ws/install/cartographer_ros_msgs/share/cartographer_ros_msgs/msg/BagfileProgress.json\n'}
[85.959063] (cartographer_ros_msgs) StdoutLine: {'line': b'-- Installing: /root/distr_slam_ws/install/cartographer_ros_msgs/share/cartographer_ros_msgs/msg/HistogramBucket.json\n'}
[85.960134] (cartographer_ros_msgs) StdoutLine: {'line': b'-- Installing: /root/distr_slam_ws/install/cartographer_ros_msgs/share/cartographer_ros_msgs/msg/LandmarkEntry.json\n'}
[85.961182] (cartographer_ros_msgs) StdoutLine: {'line': b'-- Installing: /root/distr_slam_ws/install/cartographer_ros_msgs/share/cartographer_ros_msgs/msg/LandmarkList.json\n'}
[85.962243] (cartographer_ros_msgs) StdoutLine: {'line': b'-- Installing: /root/distr_slam_ws/install/cartographer_ros_msgs/share/cartographer_ros_msgs/msg/MetricFamily.json\n'}
[85.963327] (cartographer_ros_msgs) StdoutLine: {'line': b'-- Installing: /root/distr_slam_ws/install/cartographer_ros_msgs/share/cartographer_ros_msgs/msg/MetricLabel.json\n'}
[85.964386] (cartographer_ros_msgs) StdoutLine: {'line': b'-- Installing: /root/distr_slam_ws/install/cartographer_ros_msgs/share/cartographer_ros_msgs/msg/Metric.json\n'}
[85.965543] (cartographer_ros_msgs) StdoutLine: {'line': b'-- Installing: /root/distr_slam_ws/install/cartographer_ros_msgs/share/cartographer_ros_msgs/msg/StatusCode.json\n'}
[85.966642] (cartographer_ros_msgs) StdoutLine: {'line': b'-- Installing: /root/distr_slam_ws/install/cartographer_ros_msgs/share/cartographer_ros_msgs/msg/StatusResponse.json\n'}
[85.967724] (cartographer_ros_msgs) StdoutLine: {'line': b'-- Installing: /root/distr_slam_ws/install/cartographer_ros_msgs/share/cartographer_ros_msgs/msg/SubmapEntry.json\n'}
[85.968852] (cartographer_ros_msgs) StdoutLine: {'line': b'-- Installing: /root/distr_slam_ws/install/cartographer_ros_msgs/share/cartographer_ros_msgs/msg/SubmapList.json\n'}
[85.970978] (cartographer_ros_msgs) StdoutLine: {'line': b'-- Installing: /root/distr_slam_ws/install/cartographer_ros_msgs/share/cartographer_ros_msgs/msg/SubmapTexture.json\n'}
[85.972169] (cartographer_ros_msgs) StdoutLine: {'line': b'-- Installing: /root/distr_slam_ws/install/cartographer_ros_msgs/share/cartographer_ros_msgs/msg/TrajectoryStates.json\n'}
[85.973411] (cartographer_ros_msgs) StdoutLine: {'line': b'-- Installing: /root/distr_slam_ws/install/cartographer_ros_msgs/share/cartographer_ros_msgs/srv/FinishTrajectory.json\n'}
[85.974511] (cartographer_ros_msgs) StdoutLine: {'line': b'-- Installing: /root/distr_slam_ws/install/cartographer_ros_msgs/share/cartographer_ros_msgs/srv/GetTrajectoryStates.json\n'}
[85.975649] (cartographer_ros_msgs) StdoutLine: {'line': b'-- Installing: /root/distr_slam_ws/install/cartographer_ros_msgs/share/cartographer_ros_msgs/srv/ReadMetrics.json\n'}
[85.976800] (cartographer_ros_msgs) StdoutLine: {'line': b'-- Installing: /root/distr_slam_ws/install/cartographer_ros_msgs/share/cartographer_ros_msgs/srv/StartTrajectory.json\n'}
[85.977911] (cartographer_ros_msgs) StdoutLine: {'line': b'-- Installing: /root/distr_slam_ws/install/cartographer_ros_msgs/share/cartographer_ros_msgs/srv/TrajectoryQuery.json\n'}
[85.979042] (cartographer_ros_msgs) StdoutLine: {'line': b'-- Installing: /root/distr_slam_ws/install/cartographer_ros_msgs/share/cartographer_ros_msgs/srv/SubmapQuery.json\n'}
[85.980195] (cartographer_ros_msgs) StdoutLine: {'line': b'-- Installing: /root/distr_slam_ws/install/cartographer_ros_msgs/share/cartographer_ros_msgs/srv/WriteState.json\n'}
[85.981315] (cartographer_ros_msgs) StdoutLine: {'line': b'-- Installing: /root/distr_slam_ws/install/cartographer_ros_msgs/share/cartographer_ros_msgs/srv/GetSlamState.json\n'}
[85.982394] (cartographer_ros_msgs) StdoutLine: {'line': b'-- Installing: /root/distr_slam_ws/install/cartographer_ros_msgs/share/cartographer_ros_msgs/srv/SetSlamState.json\n'}
[85.983470] (cartographer_ros_msgs) StdoutLine: {'line': b'-- Installing: /root/distr_slam_ws/install/cartographer_ros_msgs/include/cartographer_ros_msgs/cartographer_ros_msgs\n'}
[85.984354] (cartographer_ros_msgs) StdoutLine: {'line': b'-- Installing: /root/distr_slam_ws/install/cartographer_ros_msgs/include/cartographer_ros_msgs/cartographer_ros_msgs/msg\n'}
[85.985120] (cartographer_ros_msgs) StdoutLine: {'line': b'-- Installing: /root/distr_slam_ws/install/cartographer_ros_msgs/include/cartographer_ros_msgs/cartographer_ros_msgs/msg/submap_texture.h\n'}
[85.986095] (cartographer_ros_msgs) StdoutLine: {'line': b'-- Installing: /root/distr_slam_ws/install/cartographer_ros_msgs/include/cartographer_ros_msgs/cartographer_ros_msgs/msg/status_code.h\n'}
[85.987040] (cartographer_ros_msgs) StdoutLine: {'line': b'-- Installing: /root/distr_slam_ws/install/cartographer_ros_msgs/include/cartographer_ros_msgs/cartographer_ros_msgs/msg/bagfile_progress.h\n'}
[85.987988] (cartographer_ros_msgs) StdoutLine: {'line': b'-- Installing: /root/distr_slam_ws/install/cartographer_ros_msgs/include/cartographer_ros_msgs/cartographer_ros_msgs/msg/landmark_list.h\n'}
[85.988946] (cartographer_ros_msgs) StdoutLine: {'line': b'-- Installing: /root/distr_slam_ws/install/cartographer_ros_msgs/include/cartographer_ros_msgs/cartographer_ros_msgs/msg/trajectory_states.h\n'}
[85.989909] (cartographer_ros_msgs) StdoutLine: {'line': b'-- Installing: /root/distr_slam_ws/install/cartographer_ros_msgs/include/cartographer_ros_msgs/cartographer_ros_msgs/msg/metric.h\n'}
[85.990872] (cartographer_ros_msgs) StdoutLine: {'line': b'-- Installing: /root/distr_slam_ws/install/cartographer_ros_msgs/include/cartographer_ros_msgs/cartographer_ros_msgs/msg/rosidl_generator_c__visibility_control.h\n'}
[85.991845] (cartographer_ros_msgs) StdoutLine: {'line': b'-- Installing: /root/distr_slam_ws/install/cartographer_ros_msgs/include/cartographer_ros_msgs/cartographer_ros_msgs/msg/submap_list.h\n'}
[85.992805] (cartographer_ros_msgs) StdoutLine: {'line': b'-- Installing: /root/distr_slam_ws/install/cartographer_ros_msgs/include/cartographer_ros_msgs/cartographer_ros_msgs/msg/metric_label.h\n'}
[85.993744] (cartographer_ros_msgs) StdoutLine: {'line': b'-- Installing: /root/distr_slam_ws/install/cartographer_ros_msgs/include/cartographer_ros_msgs/cartographer_ros_msgs/msg/landmark_entry.h\n'}
[85.994685] (cartographer_ros_msgs) StdoutLine: {'line': b'-- Installing: /root/distr_slam_ws/install/cartographer_ros_msgs/include/cartographer_ros_msgs/cartographer_ros_msgs/msg/submap_entry.h\n'}
[85.995653] (cartographer_ros_msgs) StdoutLine: {'line': b'-- Installing: /root/distr_slam_ws/install/cartographer_ros_msgs/include/cartographer_ros_msgs/cartographer_ros_msgs/msg/histogram_bucket.h\n'}
[85.996642] (cartographer_ros_msgs) StdoutLine: {'line': b'-- Installing: /root/distr_slam_ws/install/cartographer_ros_msgs/include/cartographer_ros_msgs/cartographer_ros_msgs/msg/metric_family.h\n'}
[85.997636] (cartographer_ros_msgs) StdoutLine: {'line': b'-- Installing: /root/distr_slam_ws/install/cartographer_ros_msgs/include/cartographer_ros_msgs/cartographer_ros_msgs/msg/status_response.h\n'}
[85.998564] (cartographer_ros_msgs) StdoutLine: {'line': b'-- Installing: /root/distr_slam_ws/install/cartographer_ros_msgs/include/cartographer_ros_msgs/cartographer_ros_msgs/msg/detail\n'}
[85.999424] (cartographer_ros_msgs) StdoutLine: {'line': b'-- Installing: /root/distr_slam_ws/install/cartographer_ros_msgs/include/cartographer_ros_msgs/cartographer_ros_msgs/msg/detail/metric_family__description.c\n'}
[86.000431] (cartographer_ros_msgs) StdoutLine: {'line': b'-- Installing: /root/distr_slam_ws/install/cartographer_ros_msgs/include/cartographer_ros_msgs/cartographer_ros_msgs/msg/detail/submap_texture__description.c\n'}
[86.001443] (cartographer_ros_msgs) StdoutLine: {'line': b'-- Installing: /root/distr_slam_ws/install/cartographer_ros_msgs/include/cartographer_ros_msgs/cartographer_ros_msgs/msg/detail/status_code__type_support.c\n'}
[86.001782] (-) TimerEvent: {}
[86.003261] (cartographer_ros_msgs) StdoutLine: {'line': b'-- Installing: /root/distr_slam_ws/install/cartographer_ros_msgs/include/cartographer_ros_msgs/cartographer_ros_msgs/msg/detail/submap_entry__functions.c\n'}
[86.004609] (cartographer_ros_msgs) StdoutLine: {'line': b'-- Installing: /root/distr_slam_ws/install/cartographer_ros_msgs/include/cartographer_ros_msgs/cartographer_ros_msgs/msg/detail/bagfile_progress__functions.c\n'}
[86.005602] (cartographer_ros_msgs) StdoutLine: {'line': b'-- Installing: /root/distr_slam_ws/install/cartographer_ros_msgs/include/cartographer_ros_msgs/cartographer_ros_msgs/msg/detail/submap_texture__type_support.c\n'}
[86.006618] (cartographer_ros_msgs) StdoutLine: {'line': b'-- Installing: /root/distr_slam_ws/install/cartographer_ros_msgs/include/cartographer_ros_msgs/cartographer_ros_msgs/msg/detail/status_code__functions.h\n'}
[86.008134] (cartographer_ros_msgs) StdoutLine: {'line': b'-- Installing: /root/distr_slam_ws/install/cartographer_ros_msgs/include/cartographer_ros_msgs/cartographer_ros_msgs/msg/detail/metric_label__struct.h\n'}
[86.009830] (cartographer_ros_msgs) StdoutLine: {'line': b'-- Installing: /root/distr_slam_ws/install/cartographer_ros_msgs/include/cartographer_ros_msgs/cartographer_ros_msgs/msg/detail/landmark_entry__functions.c\n'}
[86.010875] (cartographer_ros_msgs) StdoutLine: {'line': b'-- Installing: /root/distr_slam_ws/install/cartographer_ros_msgs/include/cartographer_ros_msgs/cartographer_ros_msgs/msg/detail/submap_entry__struct.h\n'}
[86.011858] (cartographer_ros_msgs) StdoutLine: {'line': b'-- Installing: /root/distr_slam_ws/install/cartographer_ros_msgs/include/cartographer_ros_msgs/cartographer_ros_msgs/msg/detail/trajectory_states__struct.h\n'}
[86.012863] (cartographer_ros_msgs) StdoutLine: {'line': b'-- Installing: /root/distr_slam_ws/install/cartographer_ros_msgs/include/cartographer_ros_msgs/cartographer_ros_msgs/msg/detail/submap_list__type_support.c\n'}
[86.014238] (cartographer_ros_msgs) StdoutLine: {'line': b'-- Installing: /root/distr_slam_ws/install/cartographer_ros_msgs/include/cartographer_ros_msgs/cartographer_ros_msgs/msg/detail/metric__functions.h\n'}
[86.015252] (cartographer_ros_msgs) StdoutLine: {'line': b'-- Installing: /root/distr_slam_ws/install/cartographer_ros_msgs/include/cartographer_ros_msgs/cartographer_ros_msgs/msg/detail/bagfile_progress__description.c\n'}
[86.016205] (cartographer_ros_msgs) StdoutLine: {'line': b'-- Installing: /root/distr_slam_ws/install/cartographer_ros_msgs/include/cartographer_ros_msgs/cartographer_ros_msgs/msg/detail/status_response__type_support.h\n'}
[86.017152] (cartographer_ros_msgs) StdoutLine: {'line': b'-- Installing: /root/distr_slam_ws/install/cartographer_ros_msgs/include/cartographer_ros_msgs/cartographer_ros_msgs/msg/detail/landmark_list__functions.c\n'}
[86.018141] (cartographer_ros_msgs) StdoutLine: {'line': b'-- Installing: /root/distr_slam_ws/install/cartographer_ros_msgs/include/cartographer_ros_msgs/cartographer_ros_msgs/msg/detail/submap_entry__functions.h\n'}
[86.019105] (cartographer_ros_msgs) StdoutLine: {'line': b'-- Installing: /root/distr_slam_ws/install/cartographer_ros_msgs/include/cartographer_ros_msgs/cartographer_ros_msgs/msg/detail/histogram_bucket__type_support.h\n'}
[86.020016] (cartographer_ros_msgs) StdoutLine: {'line': b'-- Installing: /root/distr_slam_ws/install/cartographer_ros_msgs/include/cartographer_ros_msgs/cartographer_ros_msgs/msg/detail/histogram_bucket__description.c\n'}
[86.020982] (cartographer_ros_msgs) StdoutLine: {'line': b'-- Installing: /root/distr_slam_ws/install/cartographer_ros_msgs/include/cartographer_ros_msgs/cartographer_ros_msgs/msg/detail/trajectory_states__type_support.h\n'}
[86.021975] (cartographer_ros_msgs) StdoutLine: {'line': b'-- Installing: /root/distr_slam_ws/install/cartographer_ros_msgs/include/cartographer_ros_msgs/cartographer_ros_msgs/msg/detail/metric_label__type_support.h\n'}
[86.022946] (cartographer_ros_msgs) StdoutLine: {'line': b'-- Installing: /root/distr_slam_ws/install/cartographer_ros_msgs/include/cartographer_ros_msgs/cartographer_ros_msgs/msg/detail/landmark_entry__type_support.h\n'}
[86.023951] (cartographer_ros_msgs) StdoutLine: {'line': b'-- Installing: /root/distr_slam_ws/install/cartographer_ros_msgs/include/cartographer_ros_msgs/cartographer_ros_msgs/msg/detail/metric_family__functions.c\n'}
[86.025001] (cartographer_ros_msgs) StdoutLine: {'line': b'-- Installing: /root/distr_slam_ws/install/cartographer_ros_msgs/include/cartographer_ros_msgs/cartographer_ros_msgs/msg/detail/landmark_list__description.c\n'}
[86.026046] (cartographer_ros_msgs) StdoutLine: {'line': b'-- Installing: /root/distr_slam_ws/install/cartographer_ros_msgs/include/cartographer_ros_msgs/cartographer_ros_msgs/msg/detail/histogram_bucket__type_support.c\n'}
[86.027066] (cartographer_ros_msgs) StdoutLine: {'line': b'-- Installing: /root/distr_slam_ws/install/cartographer_ros_msgs/include/cartographer_ros_msgs/cartographer_ros_msgs/msg/detail/status_code__functions.c\n'}
[86.028116] (cartographer_ros_msgs) StdoutLine: {'line': b'-- Installing: /root/distr_slam_ws/install/cartographer_ros_msgs/include/cartographer_ros_msgs/cartographer_ros_msgs/msg/detail/metric__struct.h\n'}
[86.029162] (cartographer_ros_msgs) StdoutLine: {'line': b'-- Installing: /root/distr_slam_ws/install/cartographer_ros_msgs/include/cartographer_ros_msgs/cartographer_ros_msgs/msg/detail/metric__type_support.c\n'}
[86.030166] (cartographer_ros_msgs) StdoutLine: {'line': b'-- Installing: /root/distr_slam_ws/install/cartographer_ros_msgs/include/cartographer_ros_msgs/cartographer_ros_msgs/msg/detail/landmark_list__functions.h\n'}
[86.031256] (cartographer_ros_msgs) StdoutLine: {'line': b'-- Installing: /root/distr_slam_ws/install/cartographer_ros_msgs/include/cartographer_ros_msgs/cartographer_ros_msgs/msg/detail/metric_label__functions.h\n'}
[86.032298] (cartographer_ros_msgs) StdoutLine: {'line': b'-- Installing: /root/distr_slam_ws/install/cartographer_ros_msgs/include/cartographer_ros_msgs/cartographer_ros_msgs/msg/detail/trajectory_states__functions.c\n'}
[86.033344] (cartographer_ros_msgs) StdoutLine: {'line': b'-- Installing: /root/distr_slam_ws/install/cartographer_ros_msgs/include/cartographer_ros_msgs/cartographer_ros_msgs/msg/detail/submap_list__description.c\n'}
[86.034370] (cartographer_ros_msgs) StdoutLine: {'line': b'-- Installing: /root/distr_slam_ws/install/cartographer_ros_msgs/include/cartographer_ros_msgs/cartographer_ros_msgs/msg/detail/submap_list__struct.h\n'}
[86.035441] (cartographer_ros_msgs) StdoutLine: {'line': b'-- Installing: /root/distr_slam_ws/install/cartographer_ros_msgs/include/cartographer_ros_msgs/cartographer_ros_msgs/msg/detail/trajectory_states__description.c\n'}
[86.036478] (cartographer_ros_msgs) StdoutLine: {'line': b'-- Installing: /root/distr_slam_ws/install/cartographer_ros_msgs/include/cartographer_ros_msgs/cartographer_ros_msgs/msg/detail/bagfile_progress__type_support.h\n'}
[86.037573] (cartographer_ros_msgs) StdoutLine: {'line': b'-- Installing: /root/distr_slam_ws/install/cartographer_ros_msgs/include/cartographer_ros_msgs/cartographer_ros_msgs/msg/detail/landmark_list__type_support.h\n'}
[86.038550] (cartographer_ros_msgs) StdoutLine: {'line': b'-- Installing: /root/distr_slam_ws/install/cartographer_ros_msgs/include/cartographer_ros_msgs/cartographer_ros_msgs/msg/detail/submap_texture__struct.h\n'}
[86.039521] (cartographer_ros_msgs) StdoutLine: {'line': b'-- Installing: /root/distr_slam_ws/install/cartographer_ros_msgs/include/cartographer_ros_msgs/cartographer_ros_msgs/msg/detail/landmark_entry__description.c\n'}
[86.040556] (cartographer_ros_msgs) StdoutLine: {'line': b'-- Installing: /root/distr_slam_ws/install/cartographer_ros_msgs/include/cartographer_ros_msgs/cartographer_ros_msgs/msg/detail/bagfile_progress__functions.h\n'}
[86.041561] (cartographer_ros_msgs) StdoutLine: {'line': b'-- Installing: /root/distr_slam_ws/install/cartographer_ros_msgs/include/cartographer_ros_msgs/cartographer_ros_msgs/msg/detail/metric_family__struct.h\n'}
[86.042520] (cartographer_ros_msgs) StdoutLine: {'line': b'-- Installing: /root/distr_slam_ws/install/cartographer_ros_msgs/include/cartographer_ros_msgs/cartographer_ros_msgs/msg/detail/status_code__type_support.h\n'}
[86.043479] (cartographer_ros_msgs) StdoutLine: {'line': b'-- Installing: /root/distr_slam_ws/install/cartographer_ros_msgs/include/cartographer_ros_msgs/cartographer_ros_msgs/msg/detail/histogram_bucket__functions.c\n'}
[86.044431] (cartographer_ros_msgs) StdoutLine: {'line': b'-- Installing: /root/distr_slam_ws/install/cartographer_ros_msgs/include/cartographer_ros_msgs/cartographer_ros_msgs/msg/detail/metric_family__type_support.h\n'}
[86.045386] (cartographer_ros_msgs) StdoutLine: {'line': b'-- Installing: /root/distr_slam_ws/install/cartographer_ros_msgs/include/cartographer_ros_msgs/cartographer_ros_msgs/msg/detail/bagfile_progress__type_support.c\n'}
[86.046346] (cartographer_ros_msgs) StdoutLine: {'line': b'-- Installing: /root/distr_slam_ws/install/cartographer_ros_msgs/include/cartographer_ros_msgs/cartographer_ros_msgs/msg/detail/status_code__struct.h\n'}
[86.047358] (cartographer_ros_msgs) StdoutLine: {'line': b'-- Installing: /root/distr_slam_ws/install/cartographer_ros_msgs/include/cartographer_ros_msgs/cartographer_ros_msgs/msg/detail/bagfile_progress__struct.h\n'}
[86.048338] (cartographer_ros_msgs) StdoutLine: {'line': b'-- Installing: /root/distr_slam_ws/install/cartographer_ros_msgs/include/cartographer_ros_msgs/cartographer_ros_msgs/msg/detail/metric_label__functions.c\n'}
[86.049347] (cartographer_ros_msgs) StdoutLine: {'line': b'-- Installing: /root/distr_slam_ws/install/cartographer_ros_msgs/include/cartographer_ros_msgs/cartographer_ros_msgs/msg/detail/landmark_entry__struct.h\n'}
[86.050315] (cartographer_ros_msgs) StdoutLine: {'line': b'-- Installing: /root/distr_slam_ws/install/cartographer_ros_msgs/include/cartographer_ros_msgs/cartographer_ros_msgs/msg/detail/metric_label__type_support.c\n'}
[86.051214] (cartographer_ros_msgs) StdoutLine: {'line': b'-- Installing: /root/distr_slam_ws/install/cartographer_ros_msgs/include/cartographer_ros_msgs/cartographer_ros_msgs/msg/detail/metric__description.c\n'}
[86.052187] (cartographer_ros_msgs) StdoutLine: {'line': b'-- Installing: /root/distr_slam_ws/install/cartographer_ros_msgs/include/cartographer_ros_msgs/cartographer_ros_msgs/msg/detail/landmark_entry__functions.h\n'}
[86.053183] (cartographer_ros_msgs) StdoutLine: {'line': b'-- Installing: /root/distr_slam_ws/install/cartographer_ros_msgs/include/cartographer_ros_msgs/cartographer_ros_msgs/msg/detail/submap_entry__description.c\n'}
[86.054161] (cartographer_ros_msgs) StdoutLine: {'line': b'-- Installing: /root/distr_slam_ws/install/cartographer_ros_msgs/include/cartographer_ros_msgs/cartographer_ros_msgs/msg/detail/trajectory_states__functions.h\n'}
[86.055157] (cartographer_ros_msgs) StdoutLine: {'line': b'-- Installing: /root/distr_slam_ws/install/cartographer_ros_msgs/include/cartographer_ros_msgs/cartographer_ros_msgs/msg/detail/status_code__description.c\n'}
[86.056160] (cartographer_ros_msgs) StdoutLine: {'line': b'-- Installing: /root/distr_slam_ws/install/cartographer_ros_msgs/include/cartographer_ros_msgs/cartographer_ros_msgs/msg/detail/landmark_list__type_support.c\n'}
[86.057165] (cartographer_ros_msgs) StdoutLine: {'line': b'-- Installing: /root/distr_slam_ws/install/cartographer_ros_msgs/include/cartographer_ros_msgs/cartographer_ros_msgs/msg/detail/submap_texture__functions.c\n'}
[86.058204] (cartographer_ros_msgs) StdoutLine: {'line': b'-- Installing: /root/distr_slam_ws/install/cartographer_ros_msgs/include/cartographer_ros_msgs/cartographer_ros_msgs/msg/detail/submap_texture__type_support.h\n'}
[86.059220] (cartographer_ros_msgs) StdoutLine: {'line': b'-- Installing: /root/distr_slam_ws/install/cartographer_ros_msgs/include/cartographer_ros_msgs/cartographer_ros_msgs/msg/detail/status_response__type_support.c\n'}
[86.060277] (cartographer_ros_msgs) StdoutLine: {'line': b'-- Installing: /root/distr_slam_ws/install/cartographer_ros_msgs/include/cartographer_ros_msgs/cartographer_ros_msgs/msg/detail/histogram_bucket__functions.h\n'}
[86.061313] (cartographer_ros_msgs) StdoutLine: {'line': b'-- Installing: /root/distr_slam_ws/install/cartographer_ros_msgs/include/cartographer_ros_msgs/cartographer_ros_msgs/msg/detail/status_response__functions.h\n'}
[86.062344] (cartographer_ros_msgs) StdoutLine: {'line': b'-- Installing: /root/distr_slam_ws/install/cartographer_ros_msgs/include/cartographer_ros_msgs/cartographer_ros_msgs/msg/detail/submap_entry__type_support.c\n'}
[86.063371] (cartographer_ros_msgs) StdoutLine: {'line': b'-- Installing: /root/distr_slam_ws/install/cartographer_ros_msgs/include/cartographer_ros_msgs/cartographer_ros_msgs/msg/detail/metric_family__functions.h\n'}
[86.064414] (cartographer_ros_msgs) StdoutLine: {'line': b'-- Installing: /root/distr_slam_ws/install/cartographer_ros_msgs/include/cartographer_ros_msgs/cartographer_ros_msgs/msg/detail/submap_texture__functions.h\n'}
[86.065508] (cartographer_ros_msgs) StdoutLine: {'line': b'-- Installing: /root/distr_slam_ws/install/cartographer_ros_msgs/include/cartographer_ros_msgs/cartographer_ros_msgs/msg/detail/submap_list__functions.h\n'}
[86.066561] (cartographer_ros_msgs) StdoutLine: {'line': b'-- Installing: /root/distr_slam_ws/install/cartographer_ros_msgs/include/cartographer_ros_msgs/cartographer_ros_msgs/msg/detail/landmark_entry__type_support.c\n'}
[86.067589] (cartographer_ros_msgs) StdoutLine: {'line': b'-- Installing: /root/distr_slam_ws/install/cartographer_ros_msgs/include/cartographer_ros_msgs/cartographer_ros_msgs/msg/detail/status_response__functions.c\n'}
[86.068591] (cartographer_ros_msgs) StdoutLine: {'line': b'-- Installing: /root/distr_slam_ws/install/cartographer_ros_msgs/include/cartographer_ros_msgs/cartographer_ros_msgs/msg/detail/status_response__struct.h\n'}
[86.069542] (cartographer_ros_msgs) StdoutLine: {'line': b'-- Installing: /root/distr_slam_ws/install/cartographer_ros_msgs/include/cartographer_ros_msgs/cartographer_ros_msgs/msg/detail/trajectory_states__type_support.c\n'}
[86.070509] (cartographer_ros_msgs) StdoutLine: {'line': b'-- Installing: /root/distr_slam_ws/install/cartographer_ros_msgs/include/cartographer_ros_msgs/cartographer_ros_msgs/msg/detail/landmark_list__struct.h\n'}
[86.071483] (cartographer_ros_msgs) StdoutLine: {'line': b'-- Installing: /root/distr_slam_ws/install/cartographer_ros_msgs/include/cartographer_ros_msgs/cartographer_ros_msgs/msg/detail/metric__functions.c\n'}
[86.072628] (cartographer_ros_msgs) StdoutLine: {'line': b'-- Installing: /root/distr_slam_ws/install/cartographer_ros_msgs/include/cartographer_ros_msgs/cartographer_ros_msgs/msg/detail/metric_family__type_support.c\n'}
[86.073598] (cartographer_ros_msgs) StdoutLine: {'line': b'-- Installing: /root/distr_slam_ws/install/cartographer_ros_msgs/include/cartographer_ros_msgs/cartographer_ros_msgs/msg/detail/submap_list__functions.c\n'}
[86.074558] (cartographer_ros_msgs) StdoutLine: {'line': b'-- Installing: /root/distr_slam_ws/install/cartographer_ros_msgs/include/cartographer_ros_msgs/cartographer_ros_msgs/msg/detail/metric_label__description.c\n'}
[86.075573] (cartographer_ros_msgs) StdoutLine: {'line': b'-- Installing: /root/distr_slam_ws/install/cartographer_ros_msgs/include/cartographer_ros_msgs/cartographer_ros_msgs/msg/detail/metric__type_support.h\n'}
[86.076577] (cartographer_ros_msgs) StdoutLine: {'line': b'-- Installing: /root/distr_slam_ws/install/cartographer_ros_msgs/include/cartographer_ros_msgs/cartographer_ros_msgs/msg/detail/submap_entry__type_support.h\n'}
[86.077589] (cartographer_ros_msgs) StdoutLine: {'line': b'-- Installing: /root/distr_slam_ws/install/cartographer_ros_msgs/include/cartographer_ros_msgs/cartographer_ros_msgs/msg/detail/histogram_bucket__struct.h\n'}
[86.078606] (cartographer_ros_msgs) StdoutLine: {'line': b'-- Installing: /root/distr_slam_ws/install/cartographer_ros_msgs/include/cartographer_ros_msgs/cartographer_ros_msgs/msg/detail/submap_list__type_support.h\n'}
[86.079660] (cartographer_ros_msgs) StdoutLine: {'line': b'-- Installing: /root/distr_slam_ws/install/cartographer_ros_msgs/include/cartographer_ros_msgs/cartographer_ros_msgs/msg/detail/status_response__description.c\n'}
[86.080680] (cartographer_ros_msgs) StdoutLine: {'line': b'-- Installing: /root/distr_slam_ws/install/cartographer_ros_msgs/include/cartographer_ros_msgs/cartographer_ros_msgs/srv\n'}
[86.081549] (cartographer_ros_msgs) StdoutLine: {'line': b'-- Installing: /root/distr_slam_ws/install/cartographer_ros_msgs/include/cartographer_ros_msgs/cartographer_ros_msgs/srv/finish_trajectory.h\n'}
[86.082590] (cartographer_ros_msgs) StdoutLine: {'line': b'-- Installing: /root/distr_slam_ws/install/cartographer_ros_msgs/include/cartographer_ros_msgs/cartographer_ros_msgs/srv/start_trajectory.h\n'}
[86.083569] (cartographer_ros_msgs) StdoutLine: {'line': b'-- Installing: /root/distr_slam_ws/install/cartographer_ros_msgs/include/cartographer_ros_msgs/cartographer_ros_msgs/srv/get_trajectory_states.h\n'}
[86.084525] (cartographer_ros_msgs) StdoutLine: {'line': b'-- Installing: /root/distr_slam_ws/install/cartographer_ros_msgs/include/cartographer_ros_msgs/cartographer_ros_msgs/srv/write_state.h\n'}
[86.085516] (cartographer_ros_msgs) StdoutLine: {'line': b'-- Installing: /root/distr_slam_ws/install/cartographer_ros_msgs/include/cartographer_ros_msgs/cartographer_ros_msgs/srv/get_slam_state.h\n'}
[86.086473] (cartographer_ros_msgs) StdoutLine: {'line': b'-- Installing: /root/distr_slam_ws/install/cartographer_ros_msgs/include/cartographer_ros_msgs/cartographer_ros_msgs/srv/submap_query.h\n'}
[86.087430] (cartographer_ros_msgs) StdoutLine: {'line': b'-- Installing: /root/distr_slam_ws/install/cartographer_ros_msgs/include/cartographer_ros_msgs/cartographer_ros_msgs/srv/trajectory_query.h\n'}
[86.088334] (cartographer_ros_msgs) StdoutLine: {'line': b'-- Installing: /root/distr_slam_ws/install/cartographer_ros_msgs/include/cartographer_ros_msgs/cartographer_ros_msgs/srv/set_slam_state.h\n'}
[86.089238] (cartographer_ros_msgs) StdoutLine: {'line': b'-- Installing: /root/distr_slam_ws/install/cartographer_ros_msgs/include/cartographer_ros_msgs/cartographer_ros_msgs/srv/read_metrics.h\n'}
[86.090138] (cartographer_ros_msgs) StdoutLine: {'line': b'-- Installing: /root/distr_slam_ws/install/cartographer_ros_msgs/include/cartographer_ros_msgs/cartographer_ros_msgs/srv/detail\n'}
[86.090926] (cartographer_ros_msgs) StdoutLine: {'line': b'-- Installing: /root/distr_slam_ws/install/cartographer_ros_msgs/include/cartographer_ros_msgs/cartographer_ros_msgs/srv/detail/get_slam_state__type_support.h\n'}
[86.091860] (cartographer_ros_msgs) StdoutLine: {'line': b'-- Installing: /root/distr_slam_ws/install/cartographer_ros_msgs/include/cartographer_ros_msgs/cartographer_ros_msgs/srv/detail/read_metrics__struct.h\n'}
[86.092789] (cartographer_ros_msgs) StdoutLine: {'line': b'-- Installing: /root/distr_slam_ws/install/cartographer_ros_msgs/include/cartographer_ros_msgs/cartographer_ros_msgs/srv/detail/trajectory_query__functions.h\n'}
[86.093812] (cartographer_ros_msgs) StdoutLine: {'line': b'-- Installing: /root/distr_slam_ws/install/cartographer_ros_msgs/include/cartographer_ros_msgs/cartographer_ros_msgs/srv/detail/set_slam_state__type_support.c\n'}
[86.094765] (cartographer_ros_msgs) StdoutLine: {'line': b'-- Installing: /root/distr_slam_ws/install/cartographer_ros_msgs/include/cartographer_ros_msgs/cartographer_ros_msgs/srv/detail/get_slam_state__description.c\n'}
[86.095786] (cartographer_ros_msgs) StdoutLine: {'line': b'-- Installing: /root/distr_slam_ws/install/cartographer_ros_msgs/include/cartographer_ros_msgs/cartographer_ros_msgs/srv/detail/finish_trajectory__type_support.c\n'}
[86.096737] (cartographer_ros_msgs) StdoutLine: {'line': b'-- Installing: /root/distr_slam_ws/install/cartographer_ros_msgs/include/cartographer_ros_msgs/cartographer_ros_msgs/srv/detail/start_trajectory__type_support.c\n'}
[86.097683] (cartographer_ros_msgs) StdoutLine: {'line': b'-- Installing: /root/distr_slam_ws/install/cartographer_ros_msgs/include/cartographer_ros_msgs/cartographer_ros_msgs/srv/detail/start_trajectory__functions.c\n'}
[86.098686] (cartographer_ros_msgs) StdoutLine: {'line': b'-- Installing: /root/distr_slam_ws/install/cartographer_ros_msgs/include/cartographer_ros_msgs/cartographer_ros_msgs/srv/detail/read_metrics__functions.h\n'}
[86.099656] (cartographer_ros_msgs) StdoutLine: {'line': b'-- Installing: /root/distr_slam_ws/install/cartographer_ros_msgs/include/cartographer_ros_msgs/cartographer_ros_msgs/srv/detail/submap_query__functions.h\n'}
[86.100697] (cartographer_ros_msgs) StdoutLine: {'line': b'-- Installing: /root/distr_slam_ws/install/cartographer_ros_msgs/include/cartographer_ros_msgs/cartographer_ros_msgs/srv/detail/write_state__struct.h\n'}
[86.101639] (cartographer_ros_msgs) StdoutLine: {'line': b'-- Installing: /root/distr_slam_ws/install/cartographer_ros_msgs/include/cartographer_ros_msgs/cartographer_ros_msgs/srv/detail/submap_query__struct.h\n'}
[86.101960] (-) TimerEvent: {}
[86.105419] (cartographer_ros_msgs) StdoutLine: {'line': b'-- Installing: /root/distr_slam_ws/install/cartographer_ros_msgs/include/cartographer_ros_msgs/cartographer_ros_msgs/srv/detail/start_trajectory__description.c\n'}
[86.106029] (cartographer_ros_msgs) StdoutLine: {'line': b'-- Installing: /root/distr_slam_ws/install/cartographer_ros_msgs/include/cartographer_ros_msgs/cartographer_ros_msgs/srv/detail/trajectory_query__type_support.h\n'}
[86.106314] (cartographer_ros_msgs) StdoutLine: {'line': b'-- Installing: /root/distr_slam_ws/install/cartographer_ros_msgs/include/cartographer_ros_msgs/cartographer_ros_msgs/srv/detail/start_trajectory__functions.h\n'}
[86.106571] (cartographer_ros_msgs) StdoutLine: {'line': b'-- Installing: /root/distr_slam_ws/install/cartographer_ros_msgs/include/cartographer_ros_msgs/cartographer_ros_msgs/srv/detail/set_slam_state__type_support.h\n'}
[86.106810] (cartographer_ros_msgs) StdoutLine: {'line': b'-- Installing: /root/distr_slam_ws/install/cartographer_ros_msgs/include/cartographer_ros_msgs/cartographer_ros_msgs/srv/detail/finish_trajectory__functions.c\n'}
[86.108433] (cartographer_ros_msgs) StdoutLine: {'line': b'-- Installing: /root/distr_slam_ws/install/cartographer_ros_msgs/include/cartographer_ros_msgs/cartographer_ros_msgs/srv/detail/trajectory_query__struct.h\n'}
[86.109678] (cartographer_ros_msgs) StdoutLine: {'line': b'-- Installing: /root/distr_slam_ws/install/cartographer_ros_msgs/include/cartographer_ros_msgs/cartographer_ros_msgs/srv/detail/get_slam_state__functions.c\n'}
[86.110777] (cartographer_ros_msgs) StdoutLine: {'line': b'-- Installing: /root/distr_slam_ws/install/cartographer_ros_msgs/include/cartographer_ros_msgs/cartographer_ros_msgs/srv/detail/set_slam_state__struct.h\n'}
[86.111784] (cartographer_ros_msgs) StdoutLine: {'line': b'-- Installing: /root/distr_slam_ws/install/cartographer_ros_msgs/include/cartographer_ros_msgs/cartographer_ros_msgs/srv/detail/write_state__description.c\n'}
[86.112832] (cartographer_ros_msgs) StdoutLine: {'line': b'-- Installing: /root/distr_slam_ws/install/cartographer_ros_msgs/include/cartographer_ros_msgs/cartographer_ros_msgs/srv/detail/finish_trajectory__type_support.h\n'}
[86.113899] (cartographer_ros_msgs) StdoutLine: {'line': b'-- Installing: /root/distr_slam_ws/install/cartographer_ros_msgs/include/cartographer_ros_msgs/cartographer_ros_msgs/srv/detail/start_trajectory__struct.h\n'}
[86.114926] (cartographer_ros_msgs) StdoutLine: {'line': b'-- Installing: /root/distr_slam_ws/install/cartographer_ros_msgs/include/cartographer_ros_msgs/cartographer_ros_msgs/srv/detail/write_state__functions.h\n'}
[86.116022] (cartographer_ros_msgs) StdoutLine: {'line': b'-- Installing: /root/distr_slam_ws/install/cartographer_ros_msgs/include/cartographer_ros_msgs/cartographer_ros_msgs/srv/detail/finish_trajectory__description.c\n'}
[86.117032] (cartographer_ros_msgs) StdoutLine: {'line': b'-- Installing: /root/distr_slam_ws/install/cartographer_ros_msgs/include/cartographer_ros_msgs/cartographer_ros_msgs/srv/detail/get_slam_state__type_support.c\n'}
[86.118041] (cartographer_ros_msgs) StdoutLine: {'line': b'-- Installing: /root/distr_slam_ws/install/cartographer_ros_msgs/include/cartographer_ros_msgs/cartographer_ros_msgs/srv/detail/finish_trajectory__functions.h\n'}
[86.119104] (cartographer_ros_msgs) StdoutLine: {'line': b'-- Installing: /root/distr_slam_ws/install/cartographer_ros_msgs/include/cartographer_ros_msgs/cartographer_ros_msgs/srv/detail/get_slam_state__functions.h\n'}
[86.120152] (cartographer_ros_msgs) StdoutLine: {'line': b'-- Installing: /root/distr_slam_ws/install/cartographer_ros_msgs/include/cartographer_ros_msgs/cartographer_ros_msgs/srv/detail/trajectory_query__functions.c\n'}
[86.121210] (cartographer_ros_msgs) StdoutLine: {'line': b'-- Installing: /root/distr_slam_ws/install/cartographer_ros_msgs/include/cartographer_ros_msgs/cartographer_ros_msgs/srv/detail/set_slam_state__functions.c\n'}
[86.122292] (cartographer_ros_msgs) StdoutLine: {'line': b'-- Installing: /root/distr_slam_ws/install/cartographer_ros_msgs/include/cartographer_ros_msgs/cartographer_ros_msgs/srv/detail/write_state__type_support.h\n'}
[86.123356] (cartographer_ros_msgs) StdoutLine: {'line': b'-- Installing: /root/distr_slam_ws/install/cartographer_ros_msgs/include/cartographer_ros_msgs/cartographer_ros_msgs/srv/detail/read_metrics__type_support.h\n'}
[86.124380] (cartographer_ros_msgs) StdoutLine: {'line': b'-- Installing: /root/distr_slam_ws/install/cartographer_ros_msgs/include/cartographer_ros_msgs/cartographer_ros_msgs/srv/detail/write_state__type_support.c\n'}
[86.125401] (cartographer_ros_msgs) StdoutLine: {'line': b'-- Installing: /root/distr_slam_ws/install/cartographer_ros_msgs/include/cartographer_ros_msgs/cartographer_ros_msgs/srv/detail/read_metrics__functions.c\n'}
[86.126452] (cartographer_ros_msgs) StdoutLine: {'line': b'-- Installing: /root/distr_slam_ws/install/cartographer_ros_msgs/include/cartographer_ros_msgs/cartographer_ros_msgs/srv/detail/set_slam_state__functions.h\n'}
[86.127453] (cartographer_ros_msgs) StdoutLine: {'line': b'-- Installing: /root/distr_slam_ws/install/cartographer_ros_msgs/include/cartographer_ros_msgs/cartographer_ros_msgs/srv/detail/trajectory_query__type_support.c\n'}
[86.128408] (cartographer_ros_msgs) StdoutLine: {'line': b'-- Installing: /root/distr_slam_ws/install/cartographer_ros_msgs/include/cartographer_ros_msgs/cartographer_ros_msgs/srv/detail/start_trajectory__type_support.h\n'}
[86.129361] (cartographer_ros_msgs) StdoutLine: {'line': b'-- Installing: /root/distr_slam_ws/install/cartographer_ros_msgs/include/cartographer_ros_msgs/cartographer_ros_msgs/srv/detail/get_slam_state__struct.h\n'}
[86.130330] (cartographer_ros_msgs) StdoutLine: {'line': b'-- Installing: /root/distr_slam_ws/install/cartographer_ros_msgs/include/cartographer_ros_msgs/cartographer_ros_msgs/srv/detail/submap_query__type_support.h\n'}
[86.131320] (cartographer_ros_msgs) StdoutLine: {'line': b'-- Installing: /root/distr_slam_ws/install/cartographer_ros_msgs/include/cartographer_ros_msgs/cartographer_ros_msgs/srv/detail/get_trajectory_states__type_support.c\n'}
[86.132348] (cartographer_ros_msgs) StdoutLine: {'line': b'-- Installing: /root/distr_slam_ws/install/cartographer_ros_msgs/include/cartographer_ros_msgs/cartographer_ros_msgs/srv/detail/get_trajectory_states__struct.h\n'}
[86.133352] (cartographer_ros_msgs) StdoutLine: {'line': b'-- Installing: /root/distr_slam_ws/install/cartographer_ros_msgs/include/cartographer_ros_msgs/cartographer_ros_msgs/srv/detail/write_state__functions.c\n'}
[86.134392] (cartographer_ros_msgs) StdoutLine: {'line': b'-- Installing: /root/distr_slam_ws/install/cartographer_ros_msgs/include/cartographer_ros_msgs/cartographer_ros_msgs/srv/detail/finish_trajectory__struct.h\n'}
[86.135411] (cartographer_ros_msgs) StdoutLine: {'line': b'-- Installing: /root/distr_slam_ws/install/cartographer_ros_msgs/include/cartographer_ros_msgs/cartographer_ros_msgs/srv/detail/get_trajectory_states__functions.c\n'}
[86.136454] (cartographer_ros_msgs) StdoutLine: {'line': b'-- Installing: /root/distr_slam_ws/install/cartographer_ros_msgs/include/cartographer_ros_msgs/cartographer_ros_msgs/srv/detail/submap_query__functions.c\n'}
[86.137472] (cartographer_ros_msgs) StdoutLine: {'line': b'-- Installing: /root/distr_slam_ws/install/cartographer_ros_msgs/include/cartographer_ros_msgs/cartographer_ros_msgs/srv/detail/get_trajectory_states__description.c\n'}
[86.138552] (cartographer_ros_msgs) StdoutLine: {'line': b'-- Installing: /root/distr_slam_ws/install/cartographer_ros_msgs/include/cartographer_ros_msgs/cartographer_ros_msgs/srv/detail/submap_query__type_support.c\n'}
[86.139522] (cartographer_ros_msgs) StdoutLine: {'line': b'-- Installing: /root/distr_slam_ws/install/cartographer_ros_msgs/include/cartographer_ros_msgs/cartographer_ros_msgs/srv/detail/get_trajectory_states__functions.h\n'}
[86.140523] (cartographer_ros_msgs) StdoutLine: {'line': b'-- Installing: /root/distr_slam_ws/install/cartographer_ros_msgs/include/cartographer_ros_msgs/cartographer_ros_msgs/srv/detail/get_trajectory_states__type_support.h\n'}
[86.141494] (cartographer_ros_msgs) StdoutLine: {'line': b'-- Installing: /root/distr_slam_ws/install/cartographer_ros_msgs/include/cartographer_ros_msgs/cartographer_ros_msgs/srv/detail/set_slam_state__description.c\n'}
[86.142479] (cartographer_ros_msgs) StdoutLine: {'line': b'-- Installing: /root/distr_slam_ws/install/cartographer_ros_msgs/include/cartographer_ros_msgs/cartographer_ros_msgs/srv/detail/read_metrics__description.c\n'}
[86.143438] (cartographer_ros_msgs) StdoutLine: {'line': b'-- Installing: /root/distr_slam_ws/install/cartographer_ros_msgs/include/cartographer_ros_msgs/cartographer_ros_msgs/srv/detail/read_metrics__type_support.c\n'}
[86.144397] (cartographer_ros_msgs) StdoutLine: {'line': b'-- Installing: /root/distr_slam_ws/install/cartographer_ros_msgs/include/cartographer_ros_msgs/cartographer_ros_msgs/srv/detail/submap_query__description.c\n'}
[86.145381] (cartographer_ros_msgs) StdoutLine: {'line': b'-- Installing: /root/distr_slam_ws/install/cartographer_ros_msgs/include/cartographer_ros_msgs/cartographer_ros_msgs/srv/detail/trajectory_query__description.c\n'}
[86.146664] (cartographer_ros_msgs) StdoutLine: {'line': b'-- Installing: /root/distr_slam_ws/install/cartographer_ros_msgs/share/cartographer_ros_msgs/environment/library_path.sh\n'}
[86.147787] (cartographer_ros_msgs) StdoutLine: {'line': b'-- Installing: /root/distr_slam_ws/install/cartographer_ros_msgs/share/cartographer_ros_msgs/environment/library_path.dsv\n'}
[86.148999] (cartographer_ros_msgs) StdoutLine: {'line': b'-- Installing: /root/distr_slam_ws/install/cartographer_ros_msgs/lib/libcartographer_ros_msgs__rosidl_generator_c.so\n'}
[86.151697] (cartographer_ros_msgs) StdoutLine: {'line': b'-- Set non-toolchain portion of runtime path of "/root/distr_slam_ws/install/cartographer_ros_msgs/lib/libcartographer_ros_msgs__rosidl_generator_c.so" to ""\n'}
[86.152422] (cartographer_ros_msgs) StdoutLine: {'line': b'-- Up-to-date: /root/distr_slam_ws/install/cartographer_ros_msgs/include/cartographer_ros_msgs/cartographer_ros_msgs\n'}
[86.153320] (cartographer_ros_msgs) StdoutLine: {'line': b'-- Up-to-date: /root/distr_slam_ws/install/cartographer_ros_msgs/include/cartographer_ros_msgs/cartographer_ros_msgs/msg\n'}
[86.153644] (cartographer_ros_msgs) StdoutLine: {'line': b'-- Installing: /root/distr_slam_ws/install/cartographer_ros_msgs/include/cartographer_ros_msgs/cartographer_ros_msgs/msg/rosidl_typesupport_fastrtps_c__visibility_control.h\n'}
[86.154509] (cartographer_ros_msgs) StdoutLine: {'line': b'-- Up-to-date: /root/distr_slam_ws/install/cartographer_ros_msgs/include/cartographer_ros_msgs/cartographer_ros_msgs/msg/detail\n'}
[86.155761] (cartographer_ros_msgs) StdoutLine: {'line': b'-- Installing: /root/distr_slam_ws/install/cartographer_ros_msgs/include/cartographer_ros_msgs/cartographer_ros_msgs/msg/detail/landmark_entry__rosidl_typesupport_fastrtps_c.h\n'}
[86.156122] (cartographer_ros_msgs) StdoutLine: {'line': b'-- Installing: /root/distr_slam_ws/install/cartographer_ros_msgs/include/cartographer_ros_msgs/cartographer_ros_msgs/msg/detail/submap_entry__rosidl_typesupport_fastrtps_c.h\n'}
[86.157098] (cartographer_ros_msgs) StdoutLine: {'line': b'-- Installing: /root/distr_slam_ws/install/cartographer_ros_msgs/include/cartographer_ros_msgs/cartographer_ros_msgs/msg/detail/histogram_bucket__rosidl_typesupport_fastrtps_c.h\n'}
[86.158161] (cartographer_ros_msgs) StdoutLine: {'line': b'-- Installing: /root/distr_slam_ws/install/cartographer_ros_msgs/include/cartographer_ros_msgs/cartographer_ros_msgs/msg/detail/bagfile_progress__rosidl_typesupport_fastrtps_c.h\n'}
[86.159233] (cartographer_ros_msgs) StdoutLine: {'line': b'-- Installing: /root/distr_slam_ws/install/cartographer_ros_msgs/include/cartographer_ros_msgs/cartographer_ros_msgs/msg/detail/trajectory_states__rosidl_typesupport_fastrtps_c.h\n'}
[86.160270] (cartographer_ros_msgs) StdoutLine: {'line': b'-- Installing: /root/distr_slam_ws/install/cartographer_ros_msgs/include/cartographer_ros_msgs/cartographer_ros_msgs/msg/detail/landmark_list__rosidl_typesupport_fastrtps_c.h\n'}
[86.161293] (cartographer_ros_msgs) StdoutLine: {'line': b'-- Installing: /root/distr_slam_ws/install/cartographer_ros_msgs/include/cartographer_ros_msgs/cartographer_ros_msgs/msg/detail/submap_list__rosidl_typesupport_fastrtps_c.h\n'}
[86.162247] (cartographer_ros_msgs) StdoutLine: {'line': b'-- Installing: /root/distr_slam_ws/install/cartographer_ros_msgs/include/cartographer_ros_msgs/cartographer_ros_msgs/msg/detail/metric__rosidl_typesupport_fastrtps_c.h\n'}
[86.163232] (cartographer_ros_msgs) StdoutLine: {'line': b'-- Installing: /root/distr_slam_ws/install/cartographer_ros_msgs/include/cartographer_ros_msgs/cartographer_ros_msgs/msg/detail/status_response__rosidl_typesupport_fastrtps_c.h\n'}
[86.164192] (cartographer_ros_msgs) StdoutLine: {'line': b'-- Installing: /root/distr_slam_ws/install/cartographer_ros_msgs/include/cartographer_ros_msgs/cartographer_ros_msgs/msg/detail/status_code__rosidl_typesupport_fastrtps_c.h\n'}
[86.165177] (cartographer_ros_msgs) StdoutLine: {'line': b'-- Installing: /root/distr_slam_ws/install/cartographer_ros_msgs/include/cartographer_ros_msgs/cartographer_ros_msgs/msg/detail/submap_texture__rosidl_typesupport_fastrtps_c.h\n'}
[86.166166] (cartographer_ros_msgs) StdoutLine: {'line': b'-- Installing: /root/distr_slam_ws/install/cartographer_ros_msgs/include/cartographer_ros_msgs/cartographer_ros_msgs/msg/detail/metric_family__rosidl_typesupport_fastrtps_c.h\n'}
[86.167197] (cartographer_ros_msgs) StdoutLine: {'line': b'-- Installing: /root/distr_slam_ws/install/cartographer_ros_msgs/include/cartographer_ros_msgs/cartographer_ros_msgs/msg/detail/metric_label__rosidl_typesupport_fastrtps_c.h\n'}
[86.168166] (cartographer_ros_msgs) StdoutLine: {'line': b'-- Up-to-date: /root/distr_slam_ws/install/cartographer_ros_msgs/include/cartographer_ros_msgs/cartographer_ros_msgs/srv\n'}
[86.168759] (cartographer_ros_msgs) StdoutLine: {'line': b'-- Up-to-date: /root/distr_slam_ws/install/cartographer_ros_msgs/include/cartographer_ros_msgs/cartographer_ros_msgs/srv/detail\n'}
[86.169889] (cartographer_ros_msgs) StdoutLine: {'line': b'-- Installing: /root/distr_slam_ws/install/cartographer_ros_msgs/include/cartographer_ros_msgs/cartographer_ros_msgs/srv/detail/set_slam_state__rosidl_typesupport_fastrtps_c.h\n'}
[86.170299] (cartographer_ros_msgs) StdoutLine: {'line': b'-- Installing: /root/distr_slam_ws/install/cartographer_ros_msgs/include/cartographer_ros_msgs/cartographer_ros_msgs/srv/detail/write_state__rosidl_typesupport_fastrtps_c.h\n'}
[86.171207] (cartographer_ros_msgs) StdoutLine: {'line': b'-- Installing: /root/distr_slam_ws/install/cartographer_ros_msgs/include/cartographer_ros_msgs/cartographer_ros_msgs/srv/detail/read_metrics__rosidl_typesupport_fastrtps_c.h\n'}
[86.172192] (cartographer_ros_msgs) StdoutLine: {'line': b'-- Installing: /root/distr_slam_ws/install/cartographer_ros_msgs/include/cartographer_ros_msgs/cartographer_ros_msgs/srv/detail/start_trajectory__rosidl_typesupport_fastrtps_c.h\n'}
[86.173186] (cartographer_ros_msgs) StdoutLine: {'line': b'-- Installing: /root/distr_slam_ws/install/cartographer_ros_msgs/include/cartographer_ros_msgs/cartographer_ros_msgs/srv/detail/submap_query__rosidl_typesupport_fastrtps_c.h\n'}
[86.174263] (cartographer_ros_msgs) StdoutLine: {'line': b'-- Installing: /root/distr_slam_ws/install/cartographer_ros_msgs/include/cartographer_ros_msgs/cartographer_ros_msgs/srv/detail/get_trajectory_states__rosidl_typesupport_fastrtps_c.h\n'}
[86.175251] (cartographer_ros_msgs) StdoutLine: {'line': b'-- Installing: /root/distr_slam_ws/install/cartographer_ros_msgs/include/cartographer_ros_msgs/cartographer_ros_msgs/srv/detail/finish_trajectory__rosidl_typesupport_fastrtps_c.h\n'}
[86.176228] (cartographer_ros_msgs) StdoutLine: {'line': b'-- Installing: /root/distr_slam_ws/install/cartographer_ros_msgs/include/cartographer_ros_msgs/cartographer_ros_msgs/srv/detail/get_slam_state__rosidl_typesupport_fastrtps_c.h\n'}
[86.177214] (cartographer_ros_msgs) StdoutLine: {'line': b'-- Installing: /root/distr_slam_ws/install/cartographer_ros_msgs/include/cartographer_ros_msgs/cartographer_ros_msgs/srv/detail/trajectory_query__rosidl_typesupport_fastrtps_c.h\n'}
[86.178383] (cartographer_ros_msgs) StdoutLine: {'line': b'-- Installing: /root/distr_slam_ws/install/cartographer_ros_msgs/lib/libcartographer_ros_msgs__rosidl_typesupport_fastrtps_c.so\n'}
[86.180748] (cartographer_ros_msgs) StdoutLine: {'line': b'-- Set non-toolchain portion of runtime path of "/root/distr_slam_ws/install/cartographer_ros_msgs/lib/libcartographer_ros_msgs__rosidl_typesupport_fastrtps_c.so" to ""\n'}
[86.181429] (cartographer_ros_msgs) StdoutLine: {'line': b'-- Up-to-date: /root/distr_slam_ws/install/cartographer_ros_msgs/include/cartographer_ros_msgs/cartographer_ros_msgs\n'}
[86.182239] (cartographer_ros_msgs) StdoutLine: {'line': b'-- Up-to-date: /root/distr_slam_ws/install/cartographer_ros_msgs/include/cartographer_ros_msgs/cartographer_ros_msgs/msg\n'}
[86.182532] (cartographer_ros_msgs) StdoutLine: {'line': b'-- Installing: /root/distr_slam_ws/install/cartographer_ros_msgs/include/cartographer_ros_msgs/cartographer_ros_msgs/msg/rosidl_typesupport_introspection_c__visibility_control.h\n'}
[86.183436] (cartographer_ros_msgs) StdoutLine: {'line': b'-- Up-to-date: /root/distr_slam_ws/install/cartographer_ros_msgs/include/cartographer_ros_msgs/cartographer_ros_msgs/msg/detail\n'}
[86.184085] (cartographer_ros_msgs) StdoutLine: {'line': b'-- Installing: /root/distr_slam_ws/install/cartographer_ros_msgs/include/cartographer_ros_msgs/cartographer_ros_msgs/msg/detail/metric__rosidl_typesupport_introspection_c.h\n'}
[86.185030] (cartographer_ros_msgs) StdoutLine: {'line': b'-- Installing: /root/distr_slam_ws/install/cartographer_ros_msgs/include/cartographer_ros_msgs/cartographer_ros_msgs/msg/detail/submap_list__rosidl_typesupport_introspection_c.h\n'}
[86.185970] (cartographer_ros_msgs) StdoutLine: {'line': b'-- Installing: /root/distr_slam_ws/install/cartographer_ros_msgs/include/cartographer_ros_msgs/cartographer_ros_msgs/msg/detail/status_code__type_support.c\n'}
[86.186982] (cartographer_ros_msgs) StdoutLine: {'line': b'-- Installing: /root/distr_slam_ws/install/cartographer_ros_msgs/include/cartographer_ros_msgs/cartographer_ros_msgs/msg/detail/status_response__rosidl_typesupport_introspection_c.h\n'}
[86.187968] (cartographer_ros_msgs) StdoutLine: {'line': b'-- Installing: /root/distr_slam_ws/install/cartographer_ros_msgs/include/cartographer_ros_msgs/cartographer_ros_msgs/msg/detail/submap_texture__type_support.c\n'}
[86.189034] (cartographer_ros_msgs) StdoutLine: {'line': b'-- Installing: /root/distr_slam_ws/install/cartographer_ros_msgs/include/cartographer_ros_msgs/cartographer_ros_msgs/msg/detail/landmark_entry__rosidl_typesupport_introspection_c.h\n'}
[86.190001] (cartographer_ros_msgs) StdoutLine: {'line': b'-- Installing: /root/distr_slam_ws/install/cartographer_ros_msgs/include/cartographer_ros_msgs/cartographer_ros_msgs/msg/detail/submap_list__type_support.c\n'}
[86.191034] (cartographer_ros_msgs) StdoutLine: {'line': b'-- Installing: /root/distr_slam_ws/install/cartographer_ros_msgs/include/cartographer_ros_msgs/cartographer_ros_msgs/msg/detail/bagfile_progress__rosidl_typesupport_introspection_c.h\n'}
[86.191995] (cartographer_ros_msgs) StdoutLine: {'line': b'-- Installing: /root/distr_slam_ws/install/cartographer_ros_msgs/include/cartographer_ros_msgs/cartographer_ros_msgs/msg/detail/submap_texture__rosidl_typesupport_introspection_c.h\n'}
[86.192952] (cartographer_ros_msgs) StdoutLine: {'line': b'-- Installing: /root/distr_slam_ws/install/cartographer_ros_msgs/include/cartographer_ros_msgs/cartographer_ros_msgs/msg/detail/histogram_bucket__type_support.c\n'}
[86.193963] (cartographer_ros_msgs) StdoutLine: {'line': b'-- Installing: /root/distr_slam_ws/install/cartographer_ros_msgs/include/cartographer_ros_msgs/cartographer_ros_msgs/msg/detail/metric__type_support.c\n'}
[86.195039] (cartographer_ros_msgs) StdoutLine: {'line': b'-- Installing: /root/distr_slam_ws/install/cartographer_ros_msgs/include/cartographer_ros_msgs/cartographer_ros_msgs/msg/detail/metric_label__rosidl_typesupport_introspection_c.h\n'}
[86.196079] (cartographer_ros_msgs) StdoutLine: {'line': b'-- Installing: /root/distr_slam_ws/install/cartographer_ros_msgs/include/cartographer_ros_msgs/cartographer_ros_msgs/msg/detail/trajectory_states__rosidl_typesupport_introspection_c.h\n'}
[86.197093] (cartographer_ros_msgs) StdoutLine: {'line': b'-- Installing: /root/distr_slam_ws/install/cartographer_ros_msgs/include/cartographer_ros_msgs/cartographer_ros_msgs/msg/detail/bagfile_progress__type_support.c\n'}
[86.198166] (cartographer_ros_msgs) StdoutLine: {'line': b'-- Installing: /root/distr_slam_ws/install/cartographer_ros_msgs/include/cartographer_ros_msgs/cartographer_ros_msgs/msg/detail/metric_label__type_support.c\n'}
[86.199234] (cartographer_ros_msgs) StdoutLine: {'line': b'-- Installing: /root/distr_slam_ws/install/cartographer_ros_msgs/include/cartographer_ros_msgs/cartographer_ros_msgs/msg/detail/landmark_list__type_support.c\n'}
[86.200248] (cartographer_ros_msgs) StdoutLine: {'line': b'-- Installing: /root/distr_slam_ws/install/cartographer_ros_msgs/include/cartographer_ros_msgs/cartographer_ros_msgs/msg/detail/status_response__type_support.c\n'}
[86.201353] (cartographer_ros_msgs) StdoutLine: {'line': b'-- Installing: /root/distr_slam_ws/install/cartographer_ros_msgs/include/cartographer_ros_msgs/cartographer_ros_msgs/msg/detail/histogram_bucket__rosidl_typesupport_introspection_c.h\n'}
[86.202072] (-) TimerEvent: {}
[86.205302] (cartographer_ros_msgs) StdoutLine: {'line': b'-- Installing: /root/distr_slam_ws/install/cartographer_ros_msgs/include/cartographer_ros_msgs/cartographer_ros_msgs/msg/detail/submap_entry__type_support.c\n'}
[86.205659] (cartographer_ros_msgs) StdoutLine: {'line': b'-- Installing: /root/distr_slam_ws/install/cartographer_ros_msgs/include/cartographer_ros_msgs/cartographer_ros_msgs/msg/detail/landmark_entry__type_support.c\n'}
[86.205897] (cartographer_ros_msgs) StdoutLine: {'line': b'-- Installing: /root/distr_slam_ws/install/cartographer_ros_msgs/include/cartographer_ros_msgs/cartographer_ros_msgs/msg/detail/trajectory_states__type_support.c\n'}
[86.206146] (cartographer_ros_msgs) StdoutLine: {'line': b'-- Installing: /root/distr_slam_ws/install/cartographer_ros_msgs/include/cartographer_ros_msgs/cartographer_ros_msgs/msg/detail/status_code__rosidl_typesupport_introspection_c.h\n'}
[86.206388] (cartographer_ros_msgs) StdoutLine: {'line': b'-- Installing: /root/distr_slam_ws/install/cartographer_ros_msgs/include/cartographer_ros_msgs/cartographer_ros_msgs/msg/detail/metric_family__type_support.c\n'}
[86.208264] (cartographer_ros_msgs) StdoutLine: {'line': b'-- Installing: /root/distr_slam_ws/install/cartographer_ros_msgs/include/cartographer_ros_msgs/cartographer_ros_msgs/msg/detail/metric_family__rosidl_typesupport_introspection_c.h\n'}
[86.208634] (cartographer_ros_msgs) StdoutLine: {'line': b'-- Installing: /root/distr_slam_ws/install/cartographer_ros_msgs/include/cartographer_ros_msgs/cartographer_ros_msgs/msg/detail/landmark_list__rosidl_typesupport_introspection_c.h\n'}
[86.209837] (cartographer_ros_msgs) StdoutLine: {'line': b'-- Installing: /root/distr_slam_ws/install/cartographer_ros_msgs/include/cartographer_ros_msgs/cartographer_ros_msgs/msg/detail/submap_entry__rosidl_typesupport_introspection_c.h\n'}
[86.210195] (cartographer_ros_msgs) StdoutLine: {'line': b'-- Up-to-date: /root/distr_slam_ws/install/cartographer_ros_msgs/include/cartographer_ros_msgs/cartographer_ros_msgs/srv\n'}
[86.211623] (cartographer_ros_msgs) StdoutLine: {'line': b'-- Up-to-date: /root/distr_slam_ws/install/cartographer_ros_msgs/include/cartographer_ros_msgs/cartographer_ros_msgs/srv/detail\n'}
[86.211987] (cartographer_ros_msgs) StdoutLine: {'line': b'-- Installing: /root/distr_slam_ws/install/cartographer_ros_msgs/include/cartographer_ros_msgs/cartographer_ros_msgs/srv/detail/set_slam_state__type_support.c\n'}
[86.212365] (cartographer_ros_msgs) StdoutLine: {'line': b'-- Installing: /root/distr_slam_ws/install/cartographer_ros_msgs/include/cartographer_ros_msgs/cartographer_ros_msgs/srv/detail/finish_trajectory__type_support.c\n'}
[86.213362] (cartographer_ros_msgs) StdoutLine: {'line': b'-- Installing: /root/distr_slam_ws/install/cartographer_ros_msgs/include/cartographer_ros_msgs/cartographer_ros_msgs/srv/detail/start_trajectory__type_support.c\n'}
[86.214427] (cartographer_ros_msgs) StdoutLine: {'line': b'-- Installing: /root/distr_slam_ws/install/cartographer_ros_msgs/include/cartographer_ros_msgs/cartographer_ros_msgs/srv/detail/set_slam_state__rosidl_typesupport_introspection_c.h\n'}
[86.215437] (cartographer_ros_msgs) StdoutLine: {'line': b'-- Installing: /root/distr_slam_ws/install/cartographer_ros_msgs/include/cartographer_ros_msgs/cartographer_ros_msgs/srv/detail/submap_query__rosidl_typesupport_introspection_c.h\n'}
[86.216448] (cartographer_ros_msgs) StdoutLine: {'line': b'-- Installing: /root/distr_slam_ws/install/cartographer_ros_msgs/include/cartographer_ros_msgs/cartographer_ros_msgs/srv/detail/start_trajectory__rosidl_typesupport_introspection_c.h\n'}
[86.217424] (cartographer_ros_msgs) StdoutLine: {'line': b'-- Installing: /root/distr_slam_ws/install/cartographer_ros_msgs/include/cartographer_ros_msgs/cartographer_ros_msgs/srv/detail/write_state__rosidl_typesupport_introspection_c.h\n'}
[86.218398] (cartographer_ros_msgs) StdoutLine: {'line': b'-- Installing: /root/distr_slam_ws/install/cartographer_ros_msgs/include/cartographer_ros_msgs/cartographer_ros_msgs/srv/detail/get_slam_state__type_support.c\n'}
[86.219527] (cartographer_ros_msgs) StdoutLine: {'line': b'-- Installing: /root/distr_slam_ws/install/cartographer_ros_msgs/include/cartographer_ros_msgs/cartographer_ros_msgs/srv/detail/finish_trajectory__rosidl_typesupport_introspection_c.h\n'}
[86.220549] (cartographer_ros_msgs) StdoutLine: {'line': b'-- Installing: /root/distr_slam_ws/install/cartographer_ros_msgs/include/cartographer_ros_msgs/cartographer_ros_msgs/srv/detail/read_metrics__rosidl_typesupport_introspection_c.h\n'}
[86.221561] (cartographer_ros_msgs) StdoutLine: {'line': b'-- Installing: /root/distr_slam_ws/install/cartographer_ros_msgs/include/cartographer_ros_msgs/cartographer_ros_msgs/srv/detail/get_trajectory_states__rosidl_typesupport_introspection_c.h\n'}
[86.222604] (cartographer_ros_msgs) StdoutLine: {'line': b'-- Installing: /root/distr_slam_ws/install/cartographer_ros_msgs/include/cartographer_ros_msgs/cartographer_ros_msgs/srv/detail/write_state__type_support.c\n'}
[86.223717] (cartographer_ros_msgs) StdoutLine: {'line': b'-- Installing: /root/distr_slam_ws/install/cartographer_ros_msgs/include/cartographer_ros_msgs/cartographer_ros_msgs/srv/detail/trajectory_query__type_support.c\n'}
[86.224859] (cartographer_ros_msgs) StdoutLine: {'line': b'-- Installing: /root/distr_slam_ws/install/cartographer_ros_msgs/include/cartographer_ros_msgs/cartographer_ros_msgs/srv/detail/get_trajectory_states__type_support.c\n'}
[86.225960] (cartographer_ros_msgs) StdoutLine: {'line': b'-- Installing: /root/distr_slam_ws/install/cartographer_ros_msgs/include/cartographer_ros_msgs/cartographer_ros_msgs/srv/detail/trajectory_query__rosidl_typesupport_introspection_c.h\n'}
[86.226968] (cartographer_ros_msgs) StdoutLine: {'line': b'-- Installing: /root/distr_slam_ws/install/cartographer_ros_msgs/include/cartographer_ros_msgs/cartographer_ros_msgs/srv/detail/get_slam_state__rosidl_typesupport_introspection_c.h\n'}
[86.227957] (cartographer_ros_msgs) StdoutLine: {'line': b'-- Installing: /root/distr_slam_ws/install/cartographer_ros_msgs/include/cartographer_ros_msgs/cartographer_ros_msgs/srv/detail/submap_query__type_support.c\n'}
[86.229113] (cartographer_ros_msgs) StdoutLine: {'line': b'-- Installing: /root/distr_slam_ws/install/cartographer_ros_msgs/include/cartographer_ros_msgs/cartographer_ros_msgs/srv/detail/read_metrics__type_support.c\n'}
[86.230409] (cartographer_ros_msgs) StdoutLine: {'line': b'-- Installing: /root/distr_slam_ws/install/cartographer_ros_msgs/lib/libcartographer_ros_msgs__rosidl_typesupport_introspection_c.so\n'}
[86.232695] (cartographer_ros_msgs) StdoutLine: {'line': b'-- Set non-toolchain portion of runtime path of "/root/distr_slam_ws/install/cartographer_ros_msgs/lib/libcartographer_ros_msgs__rosidl_typesupport_introspection_c.so" to ""\n'}
[86.233449] (cartographer_ros_msgs) StdoutLine: {'line': b'-- Installing: /root/distr_slam_ws/install/cartographer_ros_msgs/lib/libcartographer_ros_msgs__rosidl_typesupport_c.so\n'}
[86.235275] (cartographer_ros_msgs) StdoutLine: {'line': b'-- Set non-toolchain portion of runtime path of "/root/distr_slam_ws/install/cartographer_ros_msgs/lib/libcartographer_ros_msgs__rosidl_typesupport_c.so" to ""\n'}
[86.235959] (cartographer_ros_msgs) StdoutLine: {'line': b'-- Up-to-date: /root/distr_slam_ws/install/cartographer_ros_msgs/include/cartographer_ros_msgs/cartographer_ros_msgs\n'}
[86.236551] (cartographer_ros_msgs) StdoutLine: {'line': b'-- Up-to-date: /root/distr_slam_ws/install/cartographer_ros_msgs/include/cartographer_ros_msgs/cartographer_ros_msgs/msg\n'}
[86.237171] (cartographer_ros_msgs) StdoutLine: {'line': b'-- Installing: /root/distr_slam_ws/install/cartographer_ros_msgs/include/cartographer_ros_msgs/cartographer_ros_msgs/msg/landmark_entry.hpp\n'}
[86.238084] (cartographer_ros_msgs) StdoutLine: {'line': b'-- Installing: /root/distr_slam_ws/install/cartographer_ros_msgs/include/cartographer_ros_msgs/cartographer_ros_msgs/msg/metric.hpp\n'}
[86.239016] (cartographer_ros_msgs) StdoutLine: {'line': b'-- Installing: /root/distr_slam_ws/install/cartographer_ros_msgs/include/cartographer_ros_msgs/cartographer_ros_msgs/msg/bagfile_progress.hpp\n'}
[86.239962] (cartographer_ros_msgs) StdoutLine: {'line': b'-- Installing: /root/distr_slam_ws/install/cartographer_ros_msgs/include/cartographer_ros_msgs/cartographer_ros_msgs/msg/submap_texture.hpp\n'}
[86.240878] (cartographer_ros_msgs) StdoutLine: {'line': b'-- Installing: /root/distr_slam_ws/install/cartographer_ros_msgs/include/cartographer_ros_msgs/cartographer_ros_msgs/msg/rosidl_generator_cpp__visibility_control.hpp\n'}
[86.241792] (cartographer_ros_msgs) StdoutLine: {'line': b'-- Installing: /root/distr_slam_ws/install/cartographer_ros_msgs/include/cartographer_ros_msgs/cartographer_ros_msgs/msg/metric_label.hpp\n'}
[86.242698] (cartographer_ros_msgs) StdoutLine: {'line': b'-- Installing: /root/distr_slam_ws/install/cartographer_ros_msgs/include/cartographer_ros_msgs/cartographer_ros_msgs/msg/submap_list.hpp\n'}
[86.243631] (cartographer_ros_msgs) StdoutLine: {'line': b'-- Installing: /root/distr_slam_ws/install/cartographer_ros_msgs/include/cartographer_ros_msgs/cartographer_ros_msgs/msg/histogram_bucket.hpp\n'}
[86.244559] (cartographer_ros_msgs) StdoutLine: {'line': b'-- Installing: /root/distr_slam_ws/install/cartographer_ros_msgs/include/cartographer_ros_msgs/cartographer_ros_msgs/msg/trajectory_states.hpp\n'}
[86.245479] (cartographer_ros_msgs) StdoutLine: {'line': b'-- Installing: /root/distr_slam_ws/install/cartographer_ros_msgs/include/cartographer_ros_msgs/cartographer_ros_msgs/msg/submap_entry.hpp\n'}
[86.246426] (cartographer_ros_msgs) StdoutLine: {'line': b'-- Installing: /root/distr_slam_ws/install/cartographer_ros_msgs/include/cartographer_ros_msgs/cartographer_ros_msgs/msg/landmark_list.hpp\n'}
[86.247356] (cartographer_ros_msgs) StdoutLine: {'line': b'-- Installing: /root/distr_slam_ws/install/cartographer_ros_msgs/include/cartographer_ros_msgs/cartographer_ros_msgs/msg/status_code.hpp\n'}
[86.248316] (cartographer_ros_msgs) StdoutLine: {'line': b'-- Installing: /root/distr_slam_ws/install/cartographer_ros_msgs/include/cartographer_ros_msgs/cartographer_ros_msgs/msg/status_response.hpp\n'}
[86.249283] (cartographer_ros_msgs) StdoutLine: {'line': b'-- Up-to-date: /root/distr_slam_ws/install/cartographer_ros_msgs/include/cartographer_ros_msgs/cartographer_ros_msgs/msg/detail\n'}
[86.249995] (cartographer_ros_msgs) StdoutLine: {'line': b'-- Installing: /root/distr_slam_ws/install/cartographer_ros_msgs/include/cartographer_ros_msgs/cartographer_ros_msgs/msg/detail/landmark_entry__builder.hpp\n'}
[86.250975] (cartographer_ros_msgs) StdoutLine: {'line': b'-- Installing: /root/distr_slam_ws/install/cartographer_ros_msgs/include/cartographer_ros_msgs/cartographer_ros_msgs/msg/detail/submap_texture__type_support.hpp\n'}
[86.251995] (cartographer_ros_msgs) StdoutLine: {'line': b'-- Installing: /root/distr_slam_ws/install/cartographer_ros_msgs/include/cartographer_ros_msgs/cartographer_ros_msgs/msg/detail/status_response__traits.hpp\n'}
[86.252989] (cartographer_ros_msgs) StdoutLine: {'line': b'-- Installing: /root/distr_slam_ws/install/cartographer_ros_msgs/include/cartographer_ros_msgs/cartographer_ros_msgs/msg/detail/landmark_list__builder.hpp\n'}
[86.253978] (cartographer_ros_msgs) StdoutLine: {'line': b'-- Installing: /root/distr_slam_ws/install/cartographer_ros_msgs/include/cartographer_ros_msgs/cartographer_ros_msgs/msg/detail/metric__traits.hpp\n'}
[86.254989] (cartographer_ros_msgs) StdoutLine: {'line': b'-- Installing: /root/distr_slam_ws/install/cartographer_ros_msgs/include/cartographer_ros_msgs/cartographer_ros_msgs/msg/detail/metric__struct.hpp\n'}
[86.255984] (cartographer_ros_msgs) StdoutLine: {'line': b'-- Installing: /root/distr_slam_ws/install/cartographer_ros_msgs/include/cartographer_ros_msgs/cartographer_ros_msgs/msg/detail/status_response__type_support.hpp\n'}
[86.256997] (cartographer_ros_msgs) StdoutLine: {'line': b'-- Installing: /root/distr_slam_ws/install/cartographer_ros_msgs/include/cartographer_ros_msgs/cartographer_ros_msgs/msg/detail/landmark_entry__struct.hpp\n'}
[86.258039] (cartographer_ros_msgs) StdoutLine: {'line': b'-- Installing: /root/distr_slam_ws/install/cartographer_ros_msgs/include/cartographer_ros_msgs/cartographer_ros_msgs/msg/detail/status_code__type_support.hpp\n'}
[86.259031] (cartographer_ros_msgs) StdoutLine: {'line': b'-- Installing: /root/distr_slam_ws/install/cartographer_ros_msgs/include/cartographer_ros_msgs/cartographer_ros_msgs/msg/detail/metric_label__struct.hpp\n'}
[86.259989] (cartographer_ros_msgs) StdoutLine: {'line': b'-- Installing: /root/distr_slam_ws/install/cartographer_ros_msgs/include/cartographer_ros_msgs/cartographer_ros_msgs/msg/detail/submap_texture__builder.hpp\n'}
[86.260958] (cartographer_ros_msgs) StdoutLine: {'line': b'-- Installing: /root/distr_slam_ws/install/cartographer_ros_msgs/include/cartographer_ros_msgs/cartographer_ros_msgs/msg/detail/histogram_bucket__type_support.hpp\n'}
[86.262036] (cartographer_ros_msgs) StdoutLine: {'line': b'-- Installing: /root/distr_slam_ws/install/cartographer_ros_msgs/include/cartographer_ros_msgs/cartographer_ros_msgs/msg/detail/bagfile_progress__traits.hpp\n'}
[86.263083] (cartographer_ros_msgs) StdoutLine: {'line': b'-- Installing: /root/distr_slam_ws/install/cartographer_ros_msgs/include/cartographer_ros_msgs/cartographer_ros_msgs/msg/detail/histogram_bucket__builder.hpp\n'}
[86.264079] (cartographer_ros_msgs) StdoutLine: {'line': b'-- Installing: /root/distr_slam_ws/install/cartographer_ros_msgs/include/cartographer_ros_msgs/cartographer_ros_msgs/msg/detail/histogram_bucket__traits.hpp\n'}
[86.265038] (cartographer_ros_msgs) StdoutLine: {'line': b'-- Installing: /root/distr_slam_ws/install/cartographer_ros_msgs/include/cartographer_ros_msgs/cartographer_ros_msgs/msg/detail/metric_label__type_support.hpp\n'}
[86.266025] (cartographer_ros_msgs) StdoutLine: {'line': b'-- Installing: /root/distr_slam_ws/install/cartographer_ros_msgs/include/cartographer_ros_msgs/cartographer_ros_msgs/msg/detail/histogram_bucket__struct.hpp\n'}
[86.267048] (cartographer_ros_msgs) StdoutLine: {'line': b'-- Installing: /root/distr_slam_ws/install/cartographer_ros_msgs/include/cartographer_ros_msgs/cartographer_ros_msgs/msg/detail/landmark_entry__traits.hpp\n'}
[86.268035] (cartographer_ros_msgs) StdoutLine: {'line': b'-- Installing: /root/distr_slam_ws/install/cartographer_ros_msgs/include/cartographer_ros_msgs/cartographer_ros_msgs/msg/detail/status_code__struct.hpp\n'}
[86.269035] (cartographer_ros_msgs) StdoutLine: {'line': b'-- Installing: /root/distr_slam_ws/install/cartographer_ros_msgs/include/cartographer_ros_msgs/cartographer_ros_msgs/msg/detail/status_response__builder.hpp\n'}
[86.269945] (cartographer_ros_msgs) StdoutLine: {'line': b'-- Installing: /root/distr_slam_ws/install/cartographer_ros_msgs/include/cartographer_ros_msgs/cartographer_ros_msgs/msg/detail/submap_texture__struct.hpp\n'}
[86.270884] (cartographer_ros_msgs) StdoutLine: {'line': b'-- Installing: /root/distr_slam_ws/install/cartographer_ros_msgs/include/cartographer_ros_msgs/cartographer_ros_msgs/msg/detail/trajectory_states__type_support.hpp\n'}
[86.271884] (cartographer_ros_msgs) StdoutLine: {'line': b'-- Installing: /root/distr_slam_ws/install/cartographer_ros_msgs/include/cartographer_ros_msgs/cartographer_ros_msgs/msg/detail/submap_list__traits.hpp\n'}
[86.272879] (cartographer_ros_msgs) StdoutLine: {'line': b'-- Installing: /root/distr_slam_ws/install/cartographer_ros_msgs/include/cartographer_ros_msgs/cartographer_ros_msgs/msg/detail/trajectory_states__struct.hpp\n'}
[86.273852] (cartographer_ros_msgs) StdoutLine: {'line': b'-- Installing: /root/distr_slam_ws/install/cartographer_ros_msgs/include/cartographer_ros_msgs/cartographer_ros_msgs/msg/detail/status_code__builder.hpp\n'}
[86.274785] (cartographer_ros_msgs) StdoutLine: {'line': b'-- Installing: /root/distr_slam_ws/install/cartographer_ros_msgs/include/cartographer_ros_msgs/cartographer_ros_msgs/msg/detail/submap_list__builder.hpp\n'}
[86.275713] (cartographer_ros_msgs) StdoutLine: {'line': b'-- Installing: /root/distr_slam_ws/install/cartographer_ros_msgs/include/cartographer_ros_msgs/cartographer_ros_msgs/msg/detail/submap_list__type_support.hpp\n'}
[86.276682] (cartographer_ros_msgs) StdoutLine: {'line': b'-- Installing: /root/distr_slam_ws/install/cartographer_ros_msgs/include/cartographer_ros_msgs/cartographer_ros_msgs/msg/detail/metric__builder.hpp\n'}
[86.277662] (cartographer_ros_msgs) StdoutLine: {'line': b'-- Installing: /root/distr_slam_ws/install/cartographer_ros_msgs/include/cartographer_ros_msgs/cartographer_ros_msgs/msg/detail/metric_family__traits.hpp\n'}
[86.278651] (cartographer_ros_msgs) StdoutLine: {'line': b'-- Installing: /root/distr_slam_ws/install/cartographer_ros_msgs/include/cartographer_ros_msgs/cartographer_ros_msgs/msg/detail/submap_entry__struct.hpp\n'}
[86.279583] (cartographer_ros_msgs) StdoutLine: {'line': b'-- Installing: /root/distr_slam_ws/install/cartographer_ros_msgs/include/cartographer_ros_msgs/cartographer_ros_msgs/msg/detail/submap_texture__traits.hpp\n'}
[86.280549] (cartographer_ros_msgs) StdoutLine: {'line': b'-- Installing: /root/distr_slam_ws/install/cartographer_ros_msgs/include/cartographer_ros_msgs/cartographer_ros_msgs/msg/detail/metric_label__traits.hpp\n'}
[86.281489] (cartographer_ros_msgs) StdoutLine: {'line': b'-- Installing: /root/distr_slam_ws/install/cartographer_ros_msgs/include/cartographer_ros_msgs/cartographer_ros_msgs/msg/detail/bagfile_progress__type_support.hpp\n'}
[86.282438] (cartographer_ros_msgs) StdoutLine: {'line': b'-- Installing: /root/distr_slam_ws/install/cartographer_ros_msgs/include/cartographer_ros_msgs/cartographer_ros_msgs/msg/detail/bagfile_progress__builder.hpp\n'}
[86.283459] (cartographer_ros_msgs) StdoutLine: {'line': b'-- Installing: /root/distr_slam_ws/install/cartographer_ros_msgs/include/cartographer_ros_msgs/cartographer_ros_msgs/msg/detail/submap_list__struct.hpp\n'}
[86.284451] (cartographer_ros_msgs) StdoutLine: {'line': b'-- Installing: /root/distr_slam_ws/install/cartographer_ros_msgs/include/cartographer_ros_msgs/cartographer_ros_msgs/msg/detail/metric_family__struct.hpp\n'}
[86.285399] (cartographer_ros_msgs) StdoutLine: {'line': b'-- Installing: /root/distr_slam_ws/install/cartographer_ros_msgs/include/cartographer_ros_msgs/cartographer_ros_msgs/msg/detail/status_code__traits.hpp\n'}
[86.286365] (cartographer_ros_msgs) StdoutLine: {'line': b'-- Installing: /root/distr_slam_ws/install/cartographer_ros_msgs/include/cartographer_ros_msgs/cartographer_ros_msgs/msg/detail/trajectory_states__builder.hpp\n'}
[86.287358] (cartographer_ros_msgs) StdoutLine: {'line': b'-- Installing: /root/distr_slam_ws/install/cartographer_ros_msgs/include/cartographer_ros_msgs/cartographer_ros_msgs/msg/detail/metric_family__builder.hpp\n'}
[86.288365] (cartographer_ros_msgs) StdoutLine: {'line': b'-- Installing: /root/distr_slam_ws/install/cartographer_ros_msgs/include/cartographer_ros_msgs/cartographer_ros_msgs/msg/detail/status_response__struct.hpp\n'}
[86.289380] (cartographer_ros_msgs) StdoutLine: {'line': b'-- Installing: /root/distr_slam_ws/install/cartographer_ros_msgs/include/cartographer_ros_msgs/cartographer_ros_msgs/msg/detail/bagfile_progress__struct.hpp\n'}
[86.290434] (cartographer_ros_msgs) StdoutLine: {'line': b'-- Installing: /root/distr_slam_ws/install/cartographer_ros_msgs/include/cartographer_ros_msgs/cartographer_ros_msgs/msg/detail/landmark_list__struct.hpp\n'}
[86.291568] (cartographer_ros_msgs) StdoutLine: {'line': b'-- Installing: /root/distr_slam_ws/install/cartographer_ros_msgs/include/cartographer_ros_msgs/cartographer_ros_msgs/msg/detail/trajectory_states__traits.hpp\n'}
[86.292673] (cartographer_ros_msgs) StdoutLine: {'line': b'-- Installing: /root/distr_slam_ws/install/cartographer_ros_msgs/include/cartographer_ros_msgs/cartographer_ros_msgs/msg/detail/metric__type_support.hpp\n'}
[86.293715] (cartographer_ros_msgs) StdoutLine: {'line': b'-- Installing: /root/distr_slam_ws/install/cartographer_ros_msgs/include/cartographer_ros_msgs/cartographer_ros_msgs/msg/detail/landmark_list__type_support.hpp\n'}
[86.294775] (cartographer_ros_msgs) StdoutLine: {'line': b'-- Installing: /root/distr_slam_ws/install/cartographer_ros_msgs/include/cartographer_ros_msgs/cartographer_ros_msgs/msg/detail/submap_entry__builder.hpp\n'}
[86.295840] (cartographer_ros_msgs) StdoutLine: {'line': b'-- Installing: /root/distr_slam_ws/install/cartographer_ros_msgs/include/cartographer_ros_msgs/cartographer_ros_msgs/msg/detail/submap_entry__type_support.hpp\n'}
[86.296928] (cartographer_ros_msgs) StdoutLine: {'line': b'-- Installing: /root/distr_slam_ws/install/cartographer_ros_msgs/include/cartographer_ros_msgs/cartographer_ros_msgs/msg/detail/metric_label__builder.hpp\n'}
[86.297980] (cartographer_ros_msgs) StdoutLine: {'line': b'-- Installing: /root/distr_slam_ws/install/cartographer_ros_msgs/include/cartographer_ros_msgs/cartographer_ros_msgs/msg/detail/landmark_list__traits.hpp\n'}
[86.299038] (cartographer_ros_msgs) StdoutLine: {'line': b'-- Installing: /root/distr_slam_ws/install/cartographer_ros_msgs/include/cartographer_ros_msgs/cartographer_ros_msgs/msg/detail/landmark_entry__type_support.hpp\n'}
[86.300094] (cartographer_ros_msgs) StdoutLine: {'line': b'-- Installing: /root/distr_slam_ws/install/cartographer_ros_msgs/include/cartographer_ros_msgs/cartographer_ros_msgs/msg/detail/submap_entry__traits.hpp\n'}
[86.301138] (cartographer_ros_msgs) StdoutLine: {'line': b'-- Installing: /root/distr_slam_ws/install/cartographer_ros_msgs/include/cartographer_ros_msgs/cartographer_ros_msgs/msg/detail/metric_family__type_support.hpp\n'}
[86.302170] (cartographer_ros_msgs) StdoutLine: {'line': b'-- Installing: /root/distr_slam_ws/install/cartographer_ros_msgs/include/cartographer_ros_msgs/cartographer_ros_msgs/msg/metric_family.hpp\n'}
[86.302698] (-) TimerEvent: {}
[86.306763] (cartographer_ros_msgs) StdoutLine: {'line': b'-- Up-to-date: /root/distr_slam_ws/install/cartographer_ros_msgs/include/cartographer_ros_msgs/cartographer_ros_msgs/srv\n'}
[86.307133] (cartographer_ros_msgs) StdoutLine: {'line': b'-- Installing: /root/distr_slam_ws/install/cartographer_ros_msgs/include/cartographer_ros_msgs/cartographer_ros_msgs/srv/start_trajectory.hpp\n'}
[86.307414] (cartographer_ros_msgs) StdoutLine: {'line': b'-- Installing: /root/distr_slam_ws/install/cartographer_ros_msgs/include/cartographer_ros_msgs/cartographer_ros_msgs/srv/read_metrics.hpp\n'}
[86.307654] (cartographer_ros_msgs) StdoutLine: {'line': b'-- Installing: /root/distr_slam_ws/install/cartographer_ros_msgs/include/cartographer_ros_msgs/cartographer_ros_msgs/srv/trajectory_query.hpp\n'}
[86.307883] (cartographer_ros_msgs) StdoutLine: {'line': b'-- Installing: /root/distr_slam_ws/install/cartographer_ros_msgs/include/cartographer_ros_msgs/cartographer_ros_msgs/srv/write_state.hpp\n'}
[86.308116] (cartographer_ros_msgs) StdoutLine: {'line': b'-- Installing: /root/distr_slam_ws/install/cartographer_ros_msgs/include/cartographer_ros_msgs/cartographer_ros_msgs/srv/get_slam_state.hpp\n'}
[86.308357] (cartographer_ros_msgs) StdoutLine: {'line': b'-- Installing: /root/distr_slam_ws/install/cartographer_ros_msgs/include/cartographer_ros_msgs/cartographer_ros_msgs/srv/submap_query.hpp\n'}
[86.309088] (cartographer_ros_msgs) StdoutLine: {'line': b'-- Installing: /root/distr_slam_ws/install/cartographer_ros_msgs/include/cartographer_ros_msgs/cartographer_ros_msgs/srv/get_trajectory_states.hpp\n'}
[86.309978] (cartographer_ros_msgs) StdoutLine: {'line': b'-- Installing: /root/distr_slam_ws/install/cartographer_ros_msgs/include/cartographer_ros_msgs/cartographer_ros_msgs/srv/set_slam_state.hpp\n'}
[86.311008] (cartographer_ros_msgs) StdoutLine: {'line': b'-- Installing: /root/distr_slam_ws/install/cartographer_ros_msgs/include/cartographer_ros_msgs/cartographer_ros_msgs/srv/finish_trajectory.hpp\n'}
[86.311651] (cartographer_ros_msgs) StdoutLine: {'line': b'-- Up-to-date: /root/distr_slam_ws/install/cartographer_ros_msgs/include/cartographer_ros_msgs/cartographer_ros_msgs/srv/detail\n'}
[86.312510] (cartographer_ros_msgs) StdoutLine: {'line': b'-- Installing: /root/distr_slam_ws/install/cartographer_ros_msgs/include/cartographer_ros_msgs/cartographer_ros_msgs/srv/detail/write_state__traits.hpp\n'}
[86.313199] (cartographer_ros_msgs) StdoutLine: {'line': b'-- Installing: /root/distr_slam_ws/install/cartographer_ros_msgs/include/cartographer_ros_msgs/cartographer_ros_msgs/srv/detail/start_trajectory__builder.hpp\n'}
[86.314173] (cartographer_ros_msgs) StdoutLine: {'line': b'-- Installing: /root/distr_slam_ws/install/cartographer_ros_msgs/include/cartographer_ros_msgs/cartographer_ros_msgs/srv/detail/get_slam_state__type_support.hpp\n'}
[86.314978] (cartographer_ros_msgs) StdoutLine: {'line': b'-- Installing: /root/distr_slam_ws/install/cartographer_ros_msgs/include/cartographer_ros_msgs/cartographer_ros_msgs/srv/detail/set_slam_state__type_support.hpp\n'}
[86.315941] (cartographer_ros_msgs) StdoutLine: {'line': b'-- Installing: /root/distr_slam_ws/install/cartographer_ros_msgs/include/cartographer_ros_msgs/cartographer_ros_msgs/srv/detail/trajectory_query__traits.hpp\n'}
[86.317134] (cartographer_ros_msgs) StdoutLine: {'line': b'-- Installing: /root/distr_slam_ws/install/cartographer_ros_msgs/include/cartographer_ros_msgs/cartographer_ros_msgs/srv/detail/trajectory_query__type_support.hpp\n'}
[86.318120] (cartographer_ros_msgs) StdoutLine: {'line': b'-- Installing: /root/distr_slam_ws/install/cartographer_ros_msgs/include/cartographer_ros_msgs/cartographer_ros_msgs/srv/detail/set_slam_state__traits.hpp\n'}
[86.322181] (cartographer_ros_msgs) StdoutLine: {'line': b'-- Installing: /root/distr_slam_ws/install/cartographer_ros_msgs/include/cartographer_ros_msgs/cartographer_ros_msgs/srv/detail/get_trajectory_states__type_support.hpp\n'}
[86.322527] (cartographer_ros_msgs) StdoutLine: {'line': b'-- Installing: /root/distr_slam_ws/install/cartographer_ros_msgs/include/cartographer_ros_msgs/cartographer_ros_msgs/srv/detail/read_metrics__traits.hpp\n'}
[86.322775] (cartographer_ros_msgs) StdoutLine: {'line': b'-- Installing: /root/distr_slam_ws/install/cartographer_ros_msgs/include/cartographer_ros_msgs/cartographer_ros_msgs/srv/detail/get_slam_state__builder.hpp\n'}
[86.323000] (cartographer_ros_msgs) StdoutLine: {'line': b'-- Installing: /root/distr_slam_ws/install/cartographer_ros_msgs/include/cartographer_ros_msgs/cartographer_ros_msgs/srv/detail/set_slam_state__builder.hpp\n'}
[86.323254] (cartographer_ros_msgs) StdoutLine: {'line': b'-- Installing: /root/distr_slam_ws/install/cartographer_ros_msgs/include/cartographer_ros_msgs/cartographer_ros_msgs/srv/detail/finish_trajectory__struct.hpp\n'}
[86.323482] (cartographer_ros_msgs) StdoutLine: {'line': b'-- Installing: /root/distr_slam_ws/install/cartographer_ros_msgs/include/cartographer_ros_msgs/cartographer_ros_msgs/srv/detail/start_trajectory__type_support.hpp\n'}
[86.323701] (cartographer_ros_msgs) StdoutLine: {'line': b'-- Installing: /root/distr_slam_ws/install/cartographer_ros_msgs/include/cartographer_ros_msgs/cartographer_ros_msgs/srv/detail/trajectory_query__builder.hpp\n'}
[86.323927] (cartographer_ros_msgs) StdoutLine: {'line': b'-- Installing: /root/distr_slam_ws/install/cartographer_ros_msgs/include/cartographer_ros_msgs/cartographer_ros_msgs/srv/detail/read_metrics__builder.hpp\n'}
[86.324970] (cartographer_ros_msgs) StdoutLine: {'line': b'-- Installing: /root/distr_slam_ws/install/cartographer_ros_msgs/include/cartographer_ros_msgs/cartographer_ros_msgs/srv/detail/read_metrics__type_support.hpp\n'}
[86.325851] (cartographer_ros_msgs) StdoutLine: {'line': b'-- Installing: /root/distr_slam_ws/install/cartographer_ros_msgs/include/cartographer_ros_msgs/cartographer_ros_msgs/srv/detail/submap_query__traits.hpp\n'}
[86.326627] (cartographer_ros_msgs) StdoutLine: {'line': b'-- Installing: /root/distr_slam_ws/install/cartographer_ros_msgs/include/cartographer_ros_msgs/cartographer_ros_msgs/srv/detail/submap_query__type_support.hpp\n'}
[86.327550] (cartographer_ros_msgs) StdoutLine: {'line': b'-- Installing: /root/distr_slam_ws/install/cartographer_ros_msgs/include/cartographer_ros_msgs/cartographer_ros_msgs/srv/detail/set_slam_state__struct.hpp\n'}
[86.328462] (cartographer_ros_msgs) StdoutLine: {'line': b'-- Installing: /root/distr_slam_ws/install/cartographer_ros_msgs/include/cartographer_ros_msgs/cartographer_ros_msgs/srv/detail/write_state__builder.hpp\n'}
[86.329427] (cartographer_ros_msgs) StdoutLine: {'line': b'-- Installing: /root/distr_slam_ws/install/cartographer_ros_msgs/include/cartographer_ros_msgs/cartographer_ros_msgs/srv/detail/write_state__type_support.hpp\n'}
[86.330275] (cartographer_ros_msgs) StdoutLine: {'line': b'-- Installing: /root/distr_slam_ws/install/cartographer_ros_msgs/include/cartographer_ros_msgs/cartographer_ros_msgs/srv/detail/read_metrics__struct.hpp\n'}
[86.331220] (cartographer_ros_msgs) StdoutLine: {'line': b'-- Installing: /root/distr_slam_ws/install/cartographer_ros_msgs/include/cartographer_ros_msgs/cartographer_ros_msgs/srv/detail/start_trajectory__struct.hpp\n'}
[86.332027] (cartographer_ros_msgs) StdoutLine: {'line': b'-- Installing: /root/distr_slam_ws/install/cartographer_ros_msgs/include/cartographer_ros_msgs/cartographer_ros_msgs/srv/detail/get_slam_state__struct.hpp\n'}
[86.334194] (cartographer_ros_msgs) StdoutLine: {'line': b'-- Installing: /root/distr_slam_ws/install/cartographer_ros_msgs/include/cartographer_ros_msgs/cartographer_ros_msgs/srv/detail/submap_query__struct.hpp\n'}
[86.334544] (cartographer_ros_msgs) StdoutLine: {'line': b'-- Installing: /root/distr_slam_ws/install/cartographer_ros_msgs/include/cartographer_ros_msgs/cartographer_ros_msgs/srv/detail/finish_trajectory__traits.hpp\n'}
[86.334791] (cartographer_ros_msgs) StdoutLine: {'line': b'-- Installing: /root/distr_slam_ws/install/cartographer_ros_msgs/include/cartographer_ros_msgs/cartographer_ros_msgs/srv/detail/finish_trajectory__builder.hpp\n'}
[86.335687] (cartographer_ros_msgs) StdoutLine: {'line': b'-- Installing: /root/distr_slam_ws/install/cartographer_ros_msgs/include/cartographer_ros_msgs/cartographer_ros_msgs/srv/detail/submap_query__builder.hpp\n'}
[86.336392] (cartographer_ros_msgs) StdoutLine: {'line': b'-- Installing: /root/distr_slam_ws/install/cartographer_ros_msgs/include/cartographer_ros_msgs/cartographer_ros_msgs/srv/detail/get_trajectory_states__traits.hpp\n'}
[86.337396] (cartographer_ros_msgs) StdoutLine: {'line': b'-- Installing: /root/distr_slam_ws/install/cartographer_ros_msgs/include/cartographer_ros_msgs/cartographer_ros_msgs/srv/detail/finish_trajectory__type_support.hpp\n'}
[86.339149] (cartographer_ros_msgs) StdoutLine: {'line': b'-- Installing: /root/distr_slam_ws/install/cartographer_ros_msgs/include/cartographer_ros_msgs/cartographer_ros_msgs/srv/detail/trajectory_query__struct.hpp\n'}
[86.339507] (cartographer_ros_msgs) StdoutLine: {'line': b'-- Installing: /root/distr_slam_ws/install/cartographer_ros_msgs/include/cartographer_ros_msgs/cartographer_ros_msgs/srv/detail/get_slam_state__traits.hpp\n'}
[86.339755] (cartographer_ros_msgs) StdoutLine: {'line': b'-- Installing: /root/distr_slam_ws/install/cartographer_ros_msgs/include/cartographer_ros_msgs/cartographer_ros_msgs/srv/detail/get_trajectory_states__struct.hpp\n'}
[86.340959] (cartographer_ros_msgs) StdoutLine: {'line': b'-- Installing: /root/distr_slam_ws/install/cartographer_ros_msgs/include/cartographer_ros_msgs/cartographer_ros_msgs/srv/detail/start_trajectory__traits.hpp\n'}
[86.343142] (cartographer_ros_msgs) StdoutLine: {'line': b'-- Installing: /root/distr_slam_ws/install/cartographer_ros_msgs/include/cartographer_ros_msgs/cartographer_ros_msgs/srv/detail/write_state__struct.hpp\n'}
[86.343507] (cartographer_ros_msgs) StdoutLine: {'line': b'-- Installing: /root/distr_slam_ws/install/cartographer_ros_msgs/include/cartographer_ros_msgs/cartographer_ros_msgs/srv/detail/get_trajectory_states__builder.hpp\n'}
[86.343751] (cartographer_ros_msgs) StdoutLine: {'line': b'-- Up-to-date: /root/distr_slam_ws/install/cartographer_ros_msgs/include/cartographer_ros_msgs/cartographer_ros_msgs\n'}
[86.343979] (cartographer_ros_msgs) StdoutLine: {'line': b'-- Up-to-date: /root/distr_slam_ws/install/cartographer_ros_msgs/include/cartographer_ros_msgs/cartographer_ros_msgs/msg\n'}
[86.344238] (cartographer_ros_msgs) StdoutLine: {'line': b'-- Installing: /root/distr_slam_ws/install/cartographer_ros_msgs/include/cartographer_ros_msgs/cartographer_ros_msgs/msg/rosidl_typesupport_fastrtps_cpp__visibility_control.h\n'}
[86.345162] (cartographer_ros_msgs) StdoutLine: {'line': b'-- Up-to-date: /root/distr_slam_ws/install/cartographer_ros_msgs/include/cartographer_ros_msgs/cartographer_ros_msgs/msg/detail\n'}
[86.348223] (cartographer_ros_msgs) StdoutLine: {'line': b'-- Installing: /root/distr_slam_ws/install/cartographer_ros_msgs/include/cartographer_ros_msgs/cartographer_ros_msgs/msg/detail/bagfile_progress__rosidl_typesupport_fastrtps_cpp.hpp\n'}
[86.348568] (cartographer_ros_msgs) StdoutLine: {'line': b'-- Installing: /root/distr_slam_ws/install/cartographer_ros_msgs/include/cartographer_ros_msgs/cartographer_ros_msgs/msg/detail/submap_entry__rosidl_typesupport_fastrtps_cpp.hpp\n'}
[86.348814] (cartographer_ros_msgs) StdoutLine: {'line': b'-- Installing: /root/distr_slam_ws/install/cartographer_ros_msgs/include/cartographer_ros_msgs/cartographer_ros_msgs/msg/detail/status_code__rosidl_typesupport_fastrtps_cpp.hpp\n'}
[86.349035] (cartographer_ros_msgs) StdoutLine: {'line': b'-- Installing: /root/distr_slam_ws/install/cartographer_ros_msgs/include/cartographer_ros_msgs/cartographer_ros_msgs/msg/detail/metric_family__rosidl_typesupport_fastrtps_cpp.hpp\n'}
[86.349287] (cartographer_ros_msgs) StdoutLine: {'line': b'-- Installing: /root/distr_slam_ws/install/cartographer_ros_msgs/include/cartographer_ros_msgs/cartographer_ros_msgs/msg/detail/metric__rosidl_typesupport_fastrtps_cpp.hpp\n'}
[86.349513] (cartographer_ros_msgs) StdoutLine: {'line': b'-- Installing: /root/distr_slam_ws/install/cartographer_ros_msgs/include/cartographer_ros_msgs/cartographer_ros_msgs/msg/detail/landmark_entry__rosidl_typesupport_fastrtps_cpp.hpp\n'}
[86.350194] (cartographer_ros_msgs) StdoutLine: {'line': b'-- Installing: /root/distr_slam_ws/install/cartographer_ros_msgs/include/cartographer_ros_msgs/cartographer_ros_msgs/msg/detail/trajectory_states__rosidl_typesupport_fastrtps_cpp.hpp\n'}
[86.351223] (cartographer_ros_msgs) StdoutLine: {'line': b'-- Installing: /root/distr_slam_ws/install/cartographer_ros_msgs/include/cartographer_ros_msgs/cartographer_ros_msgs/msg/detail/metric_label__rosidl_typesupport_fastrtps_cpp.hpp\n'}
[86.352171] (cartographer_ros_msgs) StdoutLine: {'line': b'-- Installing: /root/distr_slam_ws/install/cartographer_ros_msgs/include/cartographer_ros_msgs/cartographer_ros_msgs/msg/detail/submap_texture__rosidl_typesupport_fastrtps_cpp.hpp\n'}
[86.353209] (cartographer_ros_msgs) StdoutLine: {'line': b'-- Installing: /root/distr_slam_ws/install/cartographer_ros_msgs/include/cartographer_ros_msgs/cartographer_ros_msgs/msg/detail/landmark_list__rosidl_typesupport_fastrtps_cpp.hpp\n'}
[86.353927] (cartographer_ros_msgs) StdoutLine: {'line': b'-- Installing: /root/distr_slam_ws/install/cartographer_ros_msgs/include/cartographer_ros_msgs/cartographer_ros_msgs/msg/detail/submap_list__rosidl_typesupport_fastrtps_cpp.hpp\n'}
[86.354873] (cartographer_ros_msgs) StdoutLine: {'line': b'-- Installing: /root/distr_slam_ws/install/cartographer_ros_msgs/include/cartographer_ros_msgs/cartographer_ros_msgs/msg/detail/dds_fastrtps\n'}
[86.358117] (cartographer_ros_msgs) StdoutLine: {'line': b'-- Installing: /root/distr_slam_ws/install/cartographer_ros_msgs/include/cartographer_ros_msgs/cartographer_ros_msgs/msg/detail/histogram_bucket__rosidl_typesupport_fastrtps_cpp.hpp\n'}
[86.358563] (cartographer_ros_msgs) StdoutLine: {'line': b'-- Installing: /root/distr_slam_ws/install/cartographer_ros_msgs/include/cartographer_ros_msgs/cartographer_ros_msgs/msg/detail/status_response__rosidl_typesupport_fastrtps_cpp.hpp\n'}
[86.358811] (cartographer_ros_msgs) StdoutLine: {'line': b'-- Up-to-date: /root/distr_slam_ws/install/cartographer_ros_msgs/include/cartographer_ros_msgs/cartographer_ros_msgs/srv\n'}
[86.359046] (cartographer_ros_msgs) StdoutLine: {'line': b'-- Up-to-date: /root/distr_slam_ws/install/cartographer_ros_msgs/include/cartographer_ros_msgs/cartographer_ros_msgs/srv/detail\n'}
[86.359365] (cartographer_ros_msgs) StdoutLine: {'line': b'-- Installing: /root/distr_slam_ws/install/cartographer_ros_msgs/include/cartographer_ros_msgs/cartographer_ros_msgs/srv/detail/submap_query__rosidl_typesupport_fastrtps_cpp.hpp\n'}
[86.359607] (cartographer_ros_msgs) StdoutLine: {'line': b'-- Installing: /root/distr_slam_ws/install/cartographer_ros_msgs/include/cartographer_ros_msgs/cartographer_ros_msgs/srv/detail/write_state__rosidl_typesupport_fastrtps_cpp.hpp\n'}
[86.359827] (cartographer_ros_msgs) StdoutLine: {'line': b'-- Installing: /root/distr_slam_ws/install/cartographer_ros_msgs/include/cartographer_ros_msgs/cartographer_ros_msgs/srv/detail/get_trajectory_states__rosidl_typesupport_fastrtps_cpp.hpp\n'}
[86.360041] (cartographer_ros_msgs) StdoutLine: {'line': b'-- Installing: /root/distr_slam_ws/install/cartographer_ros_msgs/include/cartographer_ros_msgs/cartographer_ros_msgs/srv/detail/start_trajectory__rosidl_typesupport_fastrtps_cpp.hpp\n'}
[86.361178] (cartographer_ros_msgs) StdoutLine: {'line': b'-- Installing: /root/distr_slam_ws/install/cartographer_ros_msgs/include/cartographer_ros_msgs/cartographer_ros_msgs/srv/detail/get_slam_state__rosidl_typesupport_fastrtps_cpp.hpp\n'}
[86.362051] (cartographer_ros_msgs) StdoutLine: {'line': b'-- Installing: /root/distr_slam_ws/install/cartographer_ros_msgs/include/cartographer_ros_msgs/cartographer_ros_msgs/srv/detail/finish_trajectory__rosidl_typesupport_fastrtps_cpp.hpp\n'}
[86.362970] (cartographer_ros_msgs) StdoutLine: {'line': b'-- Installing: /root/distr_slam_ws/install/cartographer_ros_msgs/include/cartographer_ros_msgs/cartographer_ros_msgs/srv/detail/read_metrics__rosidl_typesupport_fastrtps_cpp.hpp\n'}
[86.363959] (cartographer_ros_msgs) StdoutLine: {'line': b'-- Installing: /root/distr_slam_ws/install/cartographer_ros_msgs/include/cartographer_ros_msgs/cartographer_ros_msgs/srv/detail/dds_fastrtps\n'}
[86.364735] (cartographer_ros_msgs) StdoutLine: {'line': b'-- Installing: /root/distr_slam_ws/install/cartographer_ros_msgs/include/cartographer_ros_msgs/cartographer_ros_msgs/srv/detail/trajectory_query__rosidl_typesupport_fastrtps_cpp.hpp\n'}
[86.366009] (cartographer_ros_msgs) StdoutLine: {'line': b'-- Installing: /root/distr_slam_ws/install/cartographer_ros_msgs/include/cartographer_ros_msgs/cartographer_ros_msgs/srv/detail/set_slam_state__rosidl_typesupport_fastrtps_cpp.hpp\n'}
[86.366790] (cartographer_ros_msgs) StdoutLine: {'line': b'-- Installing: /root/distr_slam_ws/install/cartographer_ros_msgs/lib/libcartographer_ros_msgs__rosidl_typesupport_fastrtps_cpp.so\n'}
[86.370344] (cartographer_ros_msgs) StdoutLine: {'line': b'-- Set non-toolchain portion of runtime path of "/root/distr_slam_ws/install/cartographer_ros_msgs/lib/libcartographer_ros_msgs__rosidl_typesupport_fastrtps_cpp.so" to ""\n'}
[86.373128] (cartographer_ros_msgs) StdoutLine: {'line': b'-- Up-to-date: /root/distr_slam_ws/install/cartographer_ros_msgs/include/cartographer_ros_msgs/cartographer_ros_msgs\n'}
[86.373481] (cartographer_ros_msgs) StdoutLine: {'line': b'-- Up-to-date: /root/distr_slam_ws/install/cartographer_ros_msgs/include/cartographer_ros_msgs/cartographer_ros_msgs/msg\n'}
[86.373715] (cartographer_ros_msgs) StdoutLine: {'line': b'-- Up-to-date: /root/distr_slam_ws/install/cartographer_ros_msgs/include/cartographer_ros_msgs/cartographer_ros_msgs/msg/detail\n'}
[86.373949] (cartographer_ros_msgs) StdoutLine: {'line': b'-- Installing: /root/distr_slam_ws/install/cartographer_ros_msgs/include/cartographer_ros_msgs/cartographer_ros_msgs/msg/detail/metric_family__type_support.cpp\n'}
[86.374202] (cartographer_ros_msgs) StdoutLine: {'line': b'-- Installing: /root/distr_slam_ws/install/cartographer_ros_msgs/include/cartographer_ros_msgs/cartographer_ros_msgs/msg/detail/submap_entry__type_support.cpp\n'}
[86.374430] (cartographer_ros_msgs) StdoutLine: {'line': b'-- Installing: /root/distr_slam_ws/install/cartographer_ros_msgs/include/cartographer_ros_msgs/cartographer_ros_msgs/msg/detail/landmark_list__type_support.cpp\n'}
[86.374647] (cartographer_ros_msgs) StdoutLine: {'line': b'-- Installing: /root/distr_slam_ws/install/cartographer_ros_msgs/include/cartographer_ros_msgs/cartographer_ros_msgs/msg/detail/status_response__rosidl_typesupport_introspection_cpp.hpp\n'}
[86.375421] (cartographer_ros_msgs) StdoutLine: {'line': b'-- Installing: /root/distr_slam_ws/install/cartographer_ros_msgs/include/cartographer_ros_msgs/cartographer_ros_msgs/msg/detail/landmark_entry__rosidl_typesupport_introspection_cpp.hpp\n'}
[86.376185] (cartographer_ros_msgs) StdoutLine: {'line': b'-- Installing: /root/distr_slam_ws/install/cartographer_ros_msgs/include/cartographer_ros_msgs/cartographer_ros_msgs/msg/detail/submap_list__type_support.cpp\n'}
[86.377132] (cartographer_ros_msgs) StdoutLine: {'line': b'-- Installing: /root/distr_slam_ws/install/cartographer_ros_msgs/include/cartographer_ros_msgs/cartographer_ros_msgs/msg/detail/status_code__type_support.cpp\n'}
[86.378173] (cartographer_ros_msgs) StdoutLine: {'line': b'-- Installing: /root/distr_slam_ws/install/cartographer_ros_msgs/include/cartographer_ros_msgs/cartographer_ros_msgs/msg/detail/bagfile_progress__rosidl_typesupport_introspection_cpp.hpp\n'}
[86.378927] (cartographer_ros_msgs) StdoutLine: {'line': b'-- Installing: /root/distr_slam_ws/install/cartographer_ros_msgs/include/cartographer_ros_msgs/cartographer_ros_msgs/msg/detail/histogram_bucket__type_support.cpp\n'}
[86.379845] (cartographer_ros_msgs) StdoutLine: {'line': b'-- Installing: /root/distr_slam_ws/install/cartographer_ros_msgs/include/cartographer_ros_msgs/cartographer_ros_msgs/msg/detail/metric_family__rosidl_typesupport_introspection_cpp.hpp\n'}
[86.380761] (cartographer_ros_msgs) StdoutLine: {'line': b'-- Installing: /root/distr_slam_ws/install/cartographer_ros_msgs/include/cartographer_ros_msgs/cartographer_ros_msgs/msg/detail/landmark_list__rosidl_typesupport_introspection_cpp.hpp\n'}
[86.381647] (cartographer_ros_msgs) StdoutLine: {'line': b'-- Installing: /root/distr_slam_ws/install/cartographer_ros_msgs/include/cartographer_ros_msgs/cartographer_ros_msgs/msg/detail/metric__rosidl_typesupport_introspection_cpp.hpp\n'}
[86.382591] (cartographer_ros_msgs) StdoutLine: {'line': b'-- Installing: /root/distr_slam_ws/install/cartographer_ros_msgs/include/cartographer_ros_msgs/cartographer_ros_msgs/msg/detail/submap_entry__rosidl_typesupport_introspection_cpp.hpp\n'}
[86.383623] (cartographer_ros_msgs) StdoutLine: {'line': b'-- Installing: /root/distr_slam_ws/install/cartographer_ros_msgs/include/cartographer_ros_msgs/cartographer_ros_msgs/msg/detail/metric_label__rosidl_typesupport_introspection_cpp.hpp\n'}
[86.384350] (cartographer_ros_msgs) StdoutLine: {'line': b'-- Installing: /root/distr_slam_ws/install/cartographer_ros_msgs/include/cartographer_ros_msgs/cartographer_ros_msgs/msg/detail/status_code__rosidl_typesupport_introspection_cpp.hpp\n'}
[86.386106] (cartographer_ros_msgs) StdoutLine: {'line': b'-- Installing: /root/distr_slam_ws/install/cartographer_ros_msgs/include/cartographer_ros_msgs/cartographer_ros_msgs/msg/detail/trajectory_states__rosidl_typesupport_introspection_cpp.hpp\n'}
[86.386494] (cartographer_ros_msgs) StdoutLine: {'line': b'-- Installing: /root/distr_slam_ws/install/cartographer_ros_msgs/include/cartographer_ros_msgs/cartographer_ros_msgs/msg/detail/submap_list__rosidl_typesupport_introspection_cpp.hpp\n'}
[86.386733] (cartographer_ros_msgs) StdoutLine: {'line': b'-- Installing: /root/distr_slam_ws/install/cartographer_ros_msgs/include/cartographer_ros_msgs/cartographer_ros_msgs/msg/detail/trajectory_states__type_support.cpp\n'}
[86.387653] (cartographer_ros_msgs) StdoutLine: {'line': b'-- Installing: /root/distr_slam_ws/install/cartographer_ros_msgs/include/cartographer_ros_msgs/cartographer_ros_msgs/msg/detail/metric__type_support.cpp\n'}
[86.388545] (cartographer_ros_msgs) StdoutLine: {'line': b'-- Installing: /root/distr_slam_ws/install/cartographer_ros_msgs/include/cartographer_ros_msgs/cartographer_ros_msgs/msg/detail/submap_texture__type_support.cpp\n'}
[86.389585] (cartographer_ros_msgs) StdoutLine: {'line': b'-- Installing: /root/distr_slam_ws/install/cartographer_ros_msgs/include/cartographer_ros_msgs/cartographer_ros_msgs/msg/detail/submap_texture__rosidl_typesupport_introspection_cpp.hpp\n'}
[86.390624] (cartographer_ros_msgs) StdoutLine: {'line': b'-- Installing: /root/distr_slam_ws/install/cartographer_ros_msgs/include/cartographer_ros_msgs/cartographer_ros_msgs/msg/detail/histogram_bucket__rosidl_typesupport_introspection_cpp.hpp\n'}
[86.391387] (cartographer_ros_msgs) StdoutLine: {'line': b'-- Installing: /root/distr_slam_ws/install/cartographer_ros_msgs/include/cartographer_ros_msgs/cartographer_ros_msgs/msg/detail/bagfile_progress__type_support.cpp\n'}
[86.392353] (cartographer_ros_msgs) StdoutLine: {'line': b'-- Installing: /root/distr_slam_ws/install/cartographer_ros_msgs/include/cartographer_ros_msgs/cartographer_ros_msgs/msg/detail/status_response__type_support.cpp\n'}
[86.393161] (cartographer_ros_msgs) StdoutLine: {'line': b'-- Installing: /root/distr_slam_ws/install/cartographer_ros_msgs/include/cartographer_ros_msgs/cartographer_ros_msgs/msg/detail/metric_label__type_support.cpp\n'}
[86.394164] (cartographer_ros_msgs) StdoutLine: {'line': b'-- Installing: /root/distr_slam_ws/install/cartographer_ros_msgs/include/cartographer_ros_msgs/cartographer_ros_msgs/msg/detail/landmark_entry__type_support.cpp\n'}
[86.395017] (cartographer_ros_msgs) StdoutLine: {'line': b'-- Up-to-date: /root/distr_slam_ws/install/cartographer_ros_msgs/include/cartographer_ros_msgs/cartographer_ros_msgs/srv\n'}
[86.395345] (cartographer_ros_msgs) StdoutLine: {'line': b'-- Up-to-date: /root/distr_slam_ws/install/cartographer_ros_msgs/include/cartographer_ros_msgs/cartographer_ros_msgs/srv/detail\n'}
[86.398116] (cartographer_ros_msgs) StdoutLine: {'line': b'-- Installing: /root/distr_slam_ws/install/cartographer_ros_msgs/include/cartographer_ros_msgs/cartographer_ros_msgs/srv/detail/get_trajectory_states__type_support.cpp\n'}
[86.398474] (cartographer_ros_msgs) StdoutLine: {'line': b'-- Installing: /root/distr_slam_ws/install/cartographer_ros_msgs/include/cartographer_ros_msgs/cartographer_ros_msgs/srv/detail/start_trajectory__rosidl_typesupport_introspection_cpp.hpp\n'}
[86.398717] (cartographer_ros_msgs) StdoutLine: {'line': b'-- Installing: /root/distr_slam_ws/install/cartographer_ros_msgs/include/cartographer_ros_msgs/cartographer_ros_msgs/srv/detail/trajectory_query__rosidl_typesupport_introspection_cpp.hpp\n'}
[86.398961] (cartographer_ros_msgs) StdoutLine: {'line': b'-- Installing: /root/distr_slam_ws/install/cartographer_ros_msgs/include/cartographer_ros_msgs/cartographer_ros_msgs/srv/detail/get_slam_state__type_support.cpp\n'}
[86.399290] (cartographer_ros_msgs) StdoutLine: {'line': b'-- Installing: /root/distr_slam_ws/install/cartographer_ros_msgs/include/cartographer_ros_msgs/cartographer_ros_msgs/srv/detail/read_metrics__type_support.cpp\n'}
[86.399972] (cartographer_ros_msgs) StdoutLine: {'line': b'-- Installing: /root/distr_slam_ws/install/cartographer_ros_msgs/include/cartographer_ros_msgs/cartographer_ros_msgs/srv/detail/write_state__type_support.cpp\n'}
[86.400918] (cartographer_ros_msgs) StdoutLine: {'line': b'-- Installing: /root/distr_slam_ws/install/cartographer_ros_msgs/include/cartographer_ros_msgs/cartographer_ros_msgs/srv/detail/set_slam_state__rosidl_typesupport_introspection_cpp.hpp\n'}
[86.402022] (cartographer_ros_msgs) StdoutLine: {'line': b'-- Installing: /root/distr_slam_ws/install/cartographer_ros_msgs/include/cartographer_ros_msgs/cartographer_ros_msgs/srv/detail/submap_query__type_support.cpp\n'}
[86.402781] (cartographer_ros_msgs) StdoutLine: {'line': b'-- Installing: /root/distr_slam_ws/install/cartographer_ros_msgs/include/cartographer_ros_msgs/cartographer_ros_msgs/srv/detail/trajectory_query__type_support.cpp\n'}
[86.403088] (-) TimerEvent: {}
[86.404365] (cartographer_ros_msgs) StdoutLine: {'line': b'-- Installing: /root/distr_slam_ws/install/cartographer_ros_msgs/include/cartographer_ros_msgs/cartographer_ros_msgs/srv/detail/submap_query__rosidl_typesupport_introspection_cpp.hpp\n'}
[86.404776] (cartographer_ros_msgs) StdoutLine: {'line': b'-- Installing: /root/distr_slam_ws/install/cartographer_ros_msgs/include/cartographer_ros_msgs/cartographer_ros_msgs/srv/detail/read_metrics__rosidl_typesupport_introspection_cpp.hpp\n'}
[86.406140] (cartographer_ros_msgs) StdoutLine: {'line': b'-- Installing: /root/distr_slam_ws/install/cartographer_ros_msgs/include/cartographer_ros_msgs/cartographer_ros_msgs/srv/detail/write_state__rosidl_typesupport_introspection_cpp.hpp\n'}
[86.406597] (cartographer_ros_msgs) StdoutLine: {'line': b'-- Installing: /root/distr_slam_ws/install/cartographer_ros_msgs/include/cartographer_ros_msgs/cartographer_ros_msgs/srv/detail/get_slam_state__rosidl_typesupport_introspection_cpp.hpp\n'}
[86.407932] (cartographer_ros_msgs) StdoutLine: {'line': b'-- Installing: /root/distr_slam_ws/install/cartographer_ros_msgs/include/cartographer_ros_msgs/cartographer_ros_msgs/srv/detail/get_trajectory_states__rosidl_typesupport_introspection_cpp.hpp\n'}
[86.408355] (cartographer_ros_msgs) StdoutLine: {'line': b'-- Installing: /root/distr_slam_ws/install/cartographer_ros_msgs/include/cartographer_ros_msgs/cartographer_ros_msgs/srv/detail/start_trajectory__type_support.cpp\n'}
[86.409305] (cartographer_ros_msgs) StdoutLine: {'line': b'-- Installing: /root/distr_slam_ws/install/cartographer_ros_msgs/include/cartographer_ros_msgs/cartographer_ros_msgs/srv/detail/finish_trajectory__type_support.cpp\n'}
[86.410744] (cartographer_ros_msgs) StdoutLine: {'line': b'-- Installing: /root/distr_slam_ws/install/cartographer_ros_msgs/include/cartographer_ros_msgs/cartographer_ros_msgs/srv/detail/finish_trajectory__rosidl_typesupport_introspection_cpp.hpp\n'}
[86.411363] (cartographer_ros_msgs) StdoutLine: {'line': b'-- Installing: /root/distr_slam_ws/install/cartographer_ros_msgs/include/cartographer_ros_msgs/cartographer_ros_msgs/srv/detail/set_slam_state__type_support.cpp\n'}
[86.414130] (cartographer_ros_msgs) StdoutLine: {'line': b'-- Installing: /root/distr_slam_ws/install/cartographer_ros_msgs/lib/libcartographer_ros_msgs__rosidl_typesupport_introspection_cpp.so\n'}
[86.416433] (cartographer_ros_msgs) StdoutLine: {'line': b'-- Set non-toolchain portion of runtime path of "/root/distr_slam_ws/install/cartographer_ros_msgs/lib/libcartographer_ros_msgs__rosidl_typesupport_introspection_cpp.so" to ""\n'}
[86.417169] (cartographer_ros_msgs) StdoutLine: {'line': b'-- Installing: /root/distr_slam_ws/install/cartographer_ros_msgs/lib/libcartographer_ros_msgs__rosidl_typesupport_cpp.so\n'}
[86.420192] (cartographer_ros_msgs) StdoutLine: {'line': b'-- Set non-toolchain portion of runtime path of "/root/distr_slam_ws/install/cartographer_ros_msgs/lib/libcartographer_ros_msgs__rosidl_typesupport_cpp.so" to ""\n'}
[86.421216] (cartographer_ros_msgs) StdoutLine: {'line': b'-- Installing: /root/distr_slam_ws/install/cartographer_ros_msgs/share/cartographer_ros_msgs/environment/pythonpath.sh\n'}
[86.422175] (cartographer_ros_msgs) StdoutLine: {'line': b'-- Installing: /root/distr_slam_ws/install/cartographer_ros_msgs/share/cartographer_ros_msgs/environment/pythonpath.dsv\n'}
[86.422960] (cartographer_ros_msgs) StdoutLine: {'line': b'-- Installing: /root/distr_slam_ws/install/cartographer_ros_msgs/lib/python3.12/site-packages/cartographer_ros_msgs-2.0.9003-py3.12.egg-info\n'}
[86.423584] (cartographer_ros_msgs) StdoutLine: {'line': b'-- Installing: /root/distr_slam_ws/install/cartographer_ros_msgs/lib/python3.12/site-packages/cartographer_ros_msgs-2.0.9003-py3.12.egg-info/PKG-INFO\n'}
[86.424821] (cartographer_ros_msgs) StdoutLine: {'line': b'-- Installing: /root/distr_slam_ws/install/cartographer_ros_msgs/lib/python3.12/site-packages/cartographer_ros_msgs-2.0.9003-py3.12.egg-info/dependency_links.txt\n'}
[86.425755] (cartographer_ros_msgs) StdoutLine: {'line': b'-- Installing: /root/distr_slam_ws/install/cartographer_ros_msgs/lib/python3.12/site-packages/cartographer_ros_msgs-2.0.9003-py3.12.egg-info/top_level.txt\n'}
[86.426160] (cartographer_ros_msgs) StdoutLine: {'line': b'-- Installing: /root/distr_slam_ws/install/cartographer_ros_msgs/lib/python3.12/site-packages/cartographer_ros_msgs-2.0.9003-py3.12.egg-info/SOURCES.txt\n'}
[86.427426] (cartographer_ros_msgs) StdoutLine: {'line': b'-- Installing: /root/distr_slam_ws/install/cartographer_ros_msgs/lib/python3.12/site-packages/cartographer_ros_msgs\n'}
[86.428606] (cartographer_ros_msgs) StdoutLine: {'line': b'-- Installing: /root/distr_slam_ws/install/cartographer_ros_msgs/lib/python3.12/site-packages/cartographer_ros_msgs/cartographer_ros_msgs_s__rosidl_typesupport_fastrtps_c.so\n'}
[86.429209] (cartographer_ros_msgs) StdoutLine: {'line': b'-- Installing: /root/distr_slam_ws/install/cartographer_ros_msgs/lib/python3.12/site-packages/cartographer_ros_msgs/cartographer_ros_msgs_s__rosidl_typesupport_introspection_c.so\n'}
[86.430995] (cartographer_ros_msgs) StdoutLine: {'line': b'-- Installing: /root/distr_slam_ws/install/cartographer_ros_msgs/lib/python3.12/site-packages/cartographer_ros_msgs/_cartographer_ros_msgs_s.ep.rosidl_typesupport_fastrtps_c.c\n'}
[86.431414] (cartographer_ros_msgs) StdoutLine: {'line': b'-- Installing: /root/distr_slam_ws/install/cartographer_ros_msgs/lib/python3.12/site-packages/cartographer_ros_msgs/cartographer_ros_msgs_s__rosidl_typesupport_c.so\n'}
[86.432530] (cartographer_ros_msgs) StdoutLine: {'line': b'-- Installing: /root/distr_slam_ws/install/cartographer_ros_msgs/lib/python3.12/site-packages/cartographer_ros_msgs/__init__.py\n'}
[86.433317] (cartographer_ros_msgs) StdoutLine: {'line': b'-- Installing: /root/distr_slam_ws/install/cartographer_ros_msgs/lib/python3.12/site-packages/cartographer_ros_msgs/msg\n'}
[86.433917] (cartographer_ros_msgs) StdoutLine: {'line': b'-- Installing: /root/distr_slam_ws/install/cartographer_ros_msgs/lib/python3.12/site-packages/cartographer_ros_msgs/msg/_histogram_bucket.py\n'}
[86.435159] (cartographer_ros_msgs) StdoutLine: {'line': b'-- Installing: /root/distr_slam_ws/install/cartographer_ros_msgs/lib/python3.12/site-packages/cartographer_ros_msgs/msg/_submap_texture_s.c\n'}
[86.436090] (cartographer_ros_msgs) StdoutLine: {'line': b'-- Installing: /root/distr_slam_ws/install/cartographer_ros_msgs/lib/python3.12/site-packages/cartographer_ros_msgs/msg/_submap_list_s.c\n'}
[86.436479] (cartographer_ros_msgs) StdoutLine: {'line': b'-- Installing: /root/distr_slam_ws/install/cartographer_ros_msgs/lib/python3.12/site-packages/cartographer_ros_msgs/msg/_metric_label_s.c\n'}
[86.437727] (cartographer_ros_msgs) StdoutLine: {'line': b'-- Installing: /root/distr_slam_ws/install/cartographer_ros_msgs/lib/python3.12/site-packages/cartographer_ros_msgs/msg/_metric_s.c\n'}
[86.438152] (cartographer_ros_msgs) StdoutLine: {'line': b'-- Installing: /root/distr_slam_ws/install/cartographer_ros_msgs/lib/python3.12/site-packages/cartographer_ros_msgs/msg/_submap_entry.py\n'}
[86.439384] (cartographer_ros_msgs) StdoutLine: {'line': b'-- Installing: /root/distr_slam_ws/install/cartographer_ros_msgs/lib/python3.12/site-packages/cartographer_ros_msgs/msg/_histogram_bucket_s.c\n'}
[86.439802] (cartographer_ros_msgs) StdoutLine: {'line': b'-- Installing: /root/distr_slam_ws/install/cartographer_ros_msgs/lib/python3.12/site-packages/cartographer_ros_msgs/msg/_status_code.py\n'}
[86.441051] (cartographer_ros_msgs) StdoutLine: {'line': b'-- Installing: /root/distr_slam_ws/install/cartographer_ros_msgs/lib/python3.12/site-packages/cartographer_ros_msgs/msg/_submap_entry_s.c\n'}
[86.441983] (cartographer_ros_msgs) StdoutLine: {'line': b'-- Installing: /root/distr_slam_ws/install/cartographer_ros_msgs/lib/python3.12/site-packages/cartographer_ros_msgs/msg/_landmark_list.py\n'}
[86.442357] (cartographer_ros_msgs) StdoutLine: {'line': b'-- Installing: /root/distr_slam_ws/install/cartographer_ros_msgs/lib/python3.12/site-packages/cartographer_ros_msgs/msg/_status_code_s.c\n'}
[86.443631] (cartographer_ros_msgs) StdoutLine: {'line': b'-- Installing: /root/distr_slam_ws/install/cartographer_ros_msgs/lib/python3.12/site-packages/cartographer_ros_msgs/msg/_metric_family.py\n'}
[86.444015] (cartographer_ros_msgs) StdoutLine: {'line': b'-- Installing: /root/distr_slam_ws/install/cartographer_ros_msgs/lib/python3.12/site-packages/cartographer_ros_msgs/msg/_submap_list.py\n'}
[86.445327] (cartographer_ros_msgs) StdoutLine: {'line': b'-- Installing: /root/distr_slam_ws/install/cartographer_ros_msgs/lib/python3.12/site-packages/cartographer_ros_msgs/msg/_landmark_entry_s.c\n'}
[86.445876] (cartographer_ros_msgs) StdoutLine: {'line': b'-- Installing: /root/distr_slam_ws/install/cartographer_ros_msgs/lib/python3.12/site-packages/cartographer_ros_msgs/msg/_metric_label.py\n'}
[86.447104] (cartographer_ros_msgs) StdoutLine: {'line': b'-- Installing: /root/distr_slam_ws/install/cartographer_ros_msgs/lib/python3.12/site-packages/cartographer_ros_msgs/msg/_trajectory_states.py\n'}
[86.448019] (cartographer_ros_msgs) StdoutLine: {'line': b'-- Installing: /root/distr_slam_ws/install/cartographer_ros_msgs/lib/python3.12/site-packages/cartographer_ros_msgs/msg/_status_response.py\n'}
[86.448570] (cartographer_ros_msgs) StdoutLine: {'line': b'-- Installing: /root/distr_slam_ws/install/cartographer_ros_msgs/lib/python3.12/site-packages/cartographer_ros_msgs/msg/_bagfile_progress.py\n'}
[86.449783] (cartographer_ros_msgs) StdoutLine: {'line': b'-- Installing: /root/distr_slam_ws/install/cartographer_ros_msgs/lib/python3.12/site-packages/cartographer_ros_msgs/msg/_bagfile_progress_s.c\n'}
[86.450195] (cartographer_ros_msgs) StdoutLine: {'line': b'-- Installing: /root/distr_slam_ws/install/cartographer_ros_msgs/lib/python3.12/site-packages/cartographer_ros_msgs/msg/_landmark_entry.py\n'}
[86.451438] (cartographer_ros_msgs) StdoutLine: {'line': b'-- Installing: /root/distr_slam_ws/install/cartographer_ros_msgs/lib/python3.12/site-packages/cartographer_ros_msgs/msg/_landmark_list_s.c\n'}
[86.452406] (cartographer_ros_msgs) StdoutLine: {'line': b'-- Installing: /root/distr_slam_ws/install/cartographer_ros_msgs/lib/python3.12/site-packages/cartographer_ros_msgs/msg/_submap_texture.py\n'}
[86.452794] (cartographer_ros_msgs) StdoutLine: {'line': b'-- Installing: /root/distr_slam_ws/install/cartographer_ros_msgs/lib/python3.12/site-packages/cartographer_ros_msgs/msg/_metric.py\n'}
[86.454113] (cartographer_ros_msgs) StdoutLine: {'line': b'-- Installing: /root/distr_slam_ws/install/cartographer_ros_msgs/lib/python3.12/site-packages/cartographer_ros_msgs/msg/__init__.py\n'}
[86.455047] (cartographer_ros_msgs) StdoutLine: {'line': b'-- Installing: /root/distr_slam_ws/install/cartographer_ros_msgs/lib/python3.12/site-packages/cartographer_ros_msgs/msg/_trajectory_states_s.c\n'}
[86.456005] (cartographer_ros_msgs) StdoutLine: {'line': b'-- Installing: /root/distr_slam_ws/install/cartographer_ros_msgs/lib/python3.12/site-packages/cartographer_ros_msgs/msg/_metric_family_s.c\n'}
[86.456875] (cartographer_ros_msgs) StdoutLine: {'line': b'-- Installing: /root/distr_slam_ws/install/cartographer_ros_msgs/lib/python3.12/site-packages/cartographer_ros_msgs/msg/_status_response_s.c\n'}
[86.457290] (cartographer_ros_msgs) StdoutLine: {'line': b'-- Installing: /root/distr_slam_ws/install/cartographer_ros_msgs/lib/python3.12/site-packages/cartographer_ros_msgs/srv\n'}
[86.458368] (cartographer_ros_msgs) StdoutLine: {'line': b'-- Installing: /root/distr_slam_ws/install/cartographer_ros_msgs/lib/python3.12/site-packages/cartographer_ros_msgs/srv/_get_trajectory_states_s.c\n'}
[86.458772] (cartographer_ros_msgs) StdoutLine: {'line': b'-- Installing: /root/distr_slam_ws/install/cartographer_ros_msgs/lib/python3.12/site-packages/cartographer_ros_msgs/srv/_read_metrics.py\n'}
[86.459664] (cartographer_ros_msgs) StdoutLine: {'line': b'-- Installing: /root/distr_slam_ws/install/cartographer_ros_msgs/lib/python3.12/site-packages/cartographer_ros_msgs/srv/_write_state.py\n'}
[86.460969] (cartographer_ros_msgs) StdoutLine: {'line': b'-- Installing: /root/distr_slam_ws/install/cartographer_ros_msgs/lib/python3.12/site-packages/cartographer_ros_msgs/srv/_get_trajectory_states.py\n'}
[86.461944] (cartographer_ros_msgs) StdoutLine: {'line': b'-- Installing: /root/distr_slam_ws/install/cartographer_ros_msgs/lib/python3.12/site-packages/cartographer_ros_msgs/srv/_set_slam_state_s.c\n'}
[86.462349] (cartographer_ros_msgs) StdoutLine: {'line': b'-- Installing: /root/distr_slam_ws/install/cartographer_ros_msgs/lib/python3.12/site-packages/cartographer_ros_msgs/srv/_start_trajectory_s.c\n'}
[86.463628] (cartographer_ros_msgs) StdoutLine: {'line': b'-- Installing: /root/distr_slam_ws/install/cartographer_ros_msgs/lib/python3.12/site-packages/cartographer_ros_msgs/srv/_trajectory_query_s.c\n'}
[86.464537] (cartographer_ros_msgs) StdoutLine: {'line': b'-- Installing: /root/distr_slam_ws/install/cartographer_ros_msgs/lib/python3.12/site-packages/cartographer_ros_msgs/srv/_get_slam_state_s.c\n'}
[86.464957] (cartographer_ros_msgs) StdoutLine: {'line': b'-- Installing: /root/distr_slam_ws/install/cartographer_ros_msgs/lib/python3.12/site-packages/cartographer_ros_msgs/srv/_finish_trajectory.py\n'}
[86.466240] (cartographer_ros_msgs) StdoutLine: {'line': b'-- Installing: /root/distr_slam_ws/install/cartographer_ros_msgs/lib/python3.12/site-packages/cartographer_ros_msgs/srv/_set_slam_state.py\n'}
[86.466647] (cartographer_ros_msgs) StdoutLine: {'line': b'-- Installing: /root/distr_slam_ws/install/cartographer_ros_msgs/lib/python3.12/site-packages/cartographer_ros_msgs/srv/_get_slam_state.py\n'}
[86.467953] (cartographer_ros_msgs) StdoutLine: {'line': b'-- Installing: /root/distr_slam_ws/install/cartographer_ros_msgs/lib/python3.12/site-packages/cartographer_ros_msgs/srv/_finish_trajectory_s.c\n'}
[86.468618] (cartographer_ros_msgs) StdoutLine: {'line': b'-- Installing: /root/distr_slam_ws/install/cartographer_ros_msgs/lib/python3.12/site-packages/cartographer_ros_msgs/srv/_submap_query_s.c\n'}
[86.469787] (cartographer_ros_msgs) StdoutLine: {'line': b'-- Installing: /root/distr_slam_ws/install/cartographer_ros_msgs/lib/python3.12/site-packages/cartographer_ros_msgs/srv/_read_metrics_s.c\n'}
[86.470732] (cartographer_ros_msgs) StdoutLine: {'line': b'-- Installing: /root/distr_slam_ws/install/cartographer_ros_msgs/lib/python3.12/site-packages/cartographer_ros_msgs/srv/_start_trajectory.py\n'}
[86.471177] (cartographer_ros_msgs) StdoutLine: {'line': b'-- Installing: /root/distr_slam_ws/install/cartographer_ros_msgs/lib/python3.12/site-packages/cartographer_ros_msgs/srv/_write_state_s.c\n'}
[86.472453] (cartographer_ros_msgs) StdoutLine: {'line': b'-- Installing: /root/distr_slam_ws/install/cartographer_ros_msgs/lib/python3.12/site-packages/cartographer_ros_msgs/srv/__init__.py\n'}
[86.472903] (cartographer_ros_msgs) StdoutLine: {'line': b'-- Installing: /root/distr_slam_ws/install/cartographer_ros_msgs/lib/python3.12/site-packages/cartographer_ros_msgs/srv/_trajectory_query.py\n'}
[86.474287] (cartographer_ros_msgs) StdoutLine: {'line': b'-- Installing: /root/distr_slam_ws/install/cartographer_ros_msgs/lib/python3.12/site-packages/cartographer_ros_msgs/srv/_submap_query.py\n'}
[86.475126] (cartographer_ros_msgs) StdoutLine: {'line': b'-- Installing: /root/distr_slam_ws/install/cartographer_ros_msgs/lib/python3.12/site-packages/cartographer_ros_msgs/_cartographer_ros_msgs_s.ep.rosidl_typesupport_introspection_c.c\n'}
[86.477812] (cartographer_ros_msgs) StdoutLine: {'line': b'-- Installing: /root/distr_slam_ws/install/cartographer_ros_msgs/lib/python3.12/site-packages/cartographer_ros_msgs/_cartographer_ros_msgs_s.ep.rosidl_typesupport_c.c\n'}
[86.503216] (-) TimerEvent: {}
[86.603638] (-) TimerEvent: {}
[86.704121] (-) TimerEvent: {}
[86.737129] (cartographer_ros_msgs) StdoutLine: {'line': b"Listing '/root/distr_slam_ws/install/cartographer_ros_msgs/lib/python3.12/site-packages/cartographer_ros_msgs'...\n"}
[86.737526] (cartographer_ros_msgs) StdoutLine: {'line': b"Compiling '/root/distr_slam_ws/install/cartographer_ros_msgs/lib/python3.12/site-packages/cartographer_ros_msgs/__init__.py'...\n"}
[86.737786] (cartographer_ros_msgs) StdoutLine: {'line': b"Listing '/root/distr_slam_ws/install/cartographer_ros_msgs/lib/python3.12/site-packages/cartographer_ros_msgs/msg'...\n"}
[86.738016] (cartographer_ros_msgs) StdoutLine: {'line': b"Compiling '/root/distr_slam_ws/install/cartographer_ros_msgs/lib/python3.12/site-packages/cartographer_ros_msgs/msg/__init__.py'...\n"}
[86.738295] (cartographer_ros_msgs) StdoutLine: {'line': b"Compiling '/root/distr_slam_ws/install/cartographer_ros_msgs/lib/python3.12/site-packages/cartographer_ros_msgs/msg/_bagfile_progress.py'...\n"}
[86.738542] (cartographer_ros_msgs) StdoutLine: {'line': b"Compiling '/root/distr_slam_ws/install/cartographer_ros_msgs/lib/python3.12/site-packages/cartographer_ros_msgs/msg/_histogram_bucket.py'...\n"}
[86.738793] (cartographer_ros_msgs) StdoutLine: {'line': b"Compiling '/root/distr_slam_ws/install/cartographer_ros_msgs/lib/python3.12/site-packages/cartographer_ros_msgs/msg/_landmark_entry.py'...\n"}
[86.739022] (cartographer_ros_msgs) StdoutLine: {'line': b"Compiling '/root/distr_slam_ws/install/cartographer_ros_msgs/lib/python3.12/site-packages/cartographer_ros_msgs/msg/_landmark_list.py'...\n"}
[86.739284] (cartographer_ros_msgs) StdoutLine: {'line': b"Compiling '/root/distr_slam_ws/install/cartographer_ros_msgs/lib/python3.12/site-packages/cartographer_ros_msgs/msg/_metric.py'...\n"}
[86.739517] (cartographer_ros_msgs) StdoutLine: {'line': b"Compiling '/root/distr_slam_ws/install/cartographer_ros_msgs/lib/python3.12/site-packages/cartographer_ros_msgs/msg/_metric_family.py'...\n"}
[86.739750] (cartographer_ros_msgs) StdoutLine: {'line': b"Compiling '/root/distr_slam_ws/install/cartographer_ros_msgs/lib/python3.12/site-packages/cartographer_ros_msgs/msg/_metric_label.py'...\n"}
[86.739969] (cartographer_ros_msgs) StdoutLine: {'line': b"Compiling '/root/distr_slam_ws/install/cartographer_ros_msgs/lib/python3.12/site-packages/cartographer_ros_msgs/msg/_status_code.py'...\n"}
[86.743411] (cartographer_ros_msgs) StdoutLine: {'line': b"Compiling '/root/distr_slam_ws/install/cartographer_ros_msgs/lib/python3.12/site-packages/cartographer_ros_msgs/msg/_status_response.py'...\n"}
[86.743691] (cartographer_ros_msgs) StdoutLine: {'line': b"Compiling '/root/distr_slam_ws/install/cartographer_ros_msgs/lib/python3.12/site-packages/cartographer_ros_msgs/msg/_submap_entry.py'...\n"}
[86.743943] (cartographer_ros_msgs) StdoutLine: {'line': b"Compiling '/root/distr_slam_ws/install/cartographer_ros_msgs/lib/python3.12/site-packages/cartographer_ros_msgs/msg/_submap_list.py'...\n"}
[86.744209] (cartographer_ros_msgs) StdoutLine: {'line': b"Compiling '/root/distr_slam_ws/install/cartographer_ros_msgs/lib/python3.12/site-packages/cartographer_ros_msgs/msg/_submap_texture.py'...\n"}
[86.744461] (cartographer_ros_msgs) StdoutLine: {'line': b"Compiling '/root/distr_slam_ws/install/cartographer_ros_msgs/lib/python3.12/site-packages/cartographer_ros_msgs/msg/_trajectory_states.py'...\n"}
[86.744699] (cartographer_ros_msgs) StdoutLine: {'line': b"Listing '/root/distr_slam_ws/install/cartographer_ros_msgs/lib/python3.12/site-packages/cartographer_ros_msgs/srv'...\n"}
[86.744943] (cartographer_ros_msgs) StdoutLine: {'line': b"Compiling '/root/distr_slam_ws/install/cartographer_ros_msgs/lib/python3.12/site-packages/cartographer_ros_msgs/srv/__init__.py'...\n"}
[86.745222] (cartographer_ros_msgs) StdoutLine: {'line': b"Compiling '/root/distr_slam_ws/install/cartographer_ros_msgs/lib/python3.12/site-packages/cartographer_ros_msgs/srv/_finish_trajectory.py'...\n"}
[86.745470] (cartographer_ros_msgs) StdoutLine: {'line': b"Compiling '/root/distr_slam_ws/install/cartographer_ros_msgs/lib/python3.12/site-packages/cartographer_ros_msgs/srv/_get_slam_state.py'...\n"}
[86.745729] (cartographer_ros_msgs) StdoutLine: {'line': b"Compiling '/root/distr_slam_ws/install/cartographer_ros_msgs/lib/python3.12/site-packages/cartographer_ros_msgs/srv/_get_trajectory_states.py'...\n"}
[86.745948] (cartographer_ros_msgs) StdoutLine: {'line': b"Compiling '/root/distr_slam_ws/install/cartographer_ros_msgs/lib/python3.12/site-packages/cartographer_ros_msgs/srv/_read_metrics.py'...\n"}
[86.749385] (cartographer_ros_msgs) StdoutLine: {'line': b"Compiling '/root/distr_slam_ws/install/cartographer_ros_msgs/lib/python3.12/site-packages/cartographer_ros_msgs/srv/_set_slam_state.py'...\n"}
[86.749701] (cartographer_ros_msgs) StdoutLine: {'line': b"Compiling '/root/distr_slam_ws/install/cartographer_ros_msgs/lib/python3.12/site-packages/cartographer_ros_msgs/srv/_start_trajectory.py'...\n"}
[86.749945] (cartographer_ros_msgs) StdoutLine: {'line': b"Compiling '/root/distr_slam_ws/install/cartographer_ros_msgs/lib/python3.12/site-packages/cartographer_ros_msgs/srv/_submap_query.py'...\n"}
[86.750207] (cartographer_ros_msgs) StdoutLine: {'line': b"Compiling '/root/distr_slam_ws/install/cartographer_ros_msgs/lib/python3.12/site-packages/cartographer_ros_msgs/srv/_trajectory_query.py'...\n"}
[86.750452] (cartographer_ros_msgs) StdoutLine: {'line': b"Compiling '/root/distr_slam_ws/install/cartographer_ros_msgs/lib/python3.12/site-packages/cartographer_ros_msgs/srv/_write_state.py'...\n"}
[86.763914] (cartographer_ros_msgs) StdoutLine: {'line': b'-- Installing: /root/distr_slam_ws/install/cartographer_ros_msgs/lib/python3.12/site-packages/cartographer_ros_msgs/cartographer_ros_msgs_s__rosidl_typesupport_fastrtps_c.so\n'}
[86.764297] (cartographer_ros_msgs) StdoutLine: {'line': b'-- Set non-toolchain portion of runtime path of "/root/distr_slam_ws/install/cartographer_ros_msgs/lib/python3.12/site-packages/cartographer_ros_msgs/cartographer_ros_msgs_s__rosidl_typesupport_fastrtps_c.so" to ""\n'}
[86.765664] (cartographer_ros_msgs) StdoutLine: {'line': b'-- Installing: /root/distr_slam_ws/install/cartographer_ros_msgs/lib/python3.12/site-packages/cartographer_ros_msgs/cartographer_ros_msgs_s__rosidl_typesupport_introspection_c.so\n'}
[86.767841] (cartographer_ros_msgs) StdoutLine: {'line': b'-- Set non-toolchain portion of runtime path of "/root/distr_slam_ws/install/cartographer_ros_msgs/lib/python3.12/site-packages/cartographer_ros_msgs/cartographer_ros_msgs_s__rosidl_typesupport_introspection_c.so" to ""\n'}
[86.769294] (cartographer_ros_msgs) StdoutLine: {'line': b'-- Installing: /root/distr_slam_ws/install/cartographer_ros_msgs/lib/python3.12/site-packages/cartographer_ros_msgs/cartographer_ros_msgs_s__rosidl_typesupport_c.so\n'}
[86.771238] (cartographer_ros_msgs) StdoutLine: {'line': b'-- Set non-toolchain portion of runtime path of "/root/distr_slam_ws/install/cartographer_ros_msgs/lib/python3.12/site-packages/cartographer_ros_msgs/cartographer_ros_msgs_s__rosidl_typesupport_c.so" to ""\n'}
[86.772185] (cartographer_ros_msgs) StdoutLine: {'line': b'-- Installing: /root/distr_slam_ws/install/cartographer_ros_msgs/lib/libcartographer_ros_msgs__rosidl_generator_py.so\n'}
[86.774627] (cartographer_ros_msgs) StdoutLine: {'line': b'-- Set non-toolchain portion of runtime path of "/root/distr_slam_ws/install/cartographer_ros_msgs/lib/libcartographer_ros_msgs__rosidl_generator_py.so" to ""\n'}
[86.775551] (cartographer_ros_msgs) StdoutLine: {'line': b'-- Installing: /root/distr_slam_ws/install/cartographer_ros_msgs/share/ament_index/resource_index/rust_packages/cartographer_ros_msgs\n'}
[86.776771] (cartographer_ros_msgs) StdoutLine: {'line': b'-- Installing: /root/distr_slam_ws/install/cartographer_ros_msgs/share/cartographer_ros_msgs/rust\n'}
[86.777554] (cartographer_ros_msgs) StdoutLine: {'line': b'-- Installing: /root/distr_slam_ws/install/cartographer_ros_msgs/share/cartographer_ros_msgs/rust/Cargo.toml\n'}
[86.778642] (cartographer_ros_msgs) StdoutLine: {'line': b'-- Installing: /root/distr_slam_ws/install/cartographer_ros_msgs/share/cartographer_ros_msgs/rust/src\n'}
[86.779451] (cartographer_ros_msgs) StdoutLine: {'line': b'-- Installing: /root/distr_slam_ws/install/cartographer_ros_msgs/share/cartographer_ros_msgs/rust/src/srv.rs\n'}
[86.780512] (cartographer_ros_msgs) StdoutLine: {'line': b'-- Installing: /root/distr_slam_ws/install/cartographer_ros_msgs/share/cartographer_ros_msgs/rust/src/msg.rs\n'}
[86.781554] (cartographer_ros_msgs) StdoutLine: {'line': b'-- Installing: /root/distr_slam_ws/install/cartographer_ros_msgs/share/cartographer_ros_msgs/rust/src/lib.rs\n'}
[86.782770] (cartographer_ros_msgs) StdoutLine: {'line': b'-- Installing: /root/distr_slam_ws/install/cartographer_ros_msgs/share/cartographer_ros_msgs/rust/src/msg\n'}
[86.783260] (cartographer_ros_msgs) StdoutLine: {'line': b'-- Installing: /root/distr_slam_ws/install/cartographer_ros_msgs/share/cartographer_ros_msgs/rust/src/msg/rmw.rs\n'}
[86.784272] (cartographer_ros_msgs) StdoutLine: {'line': b'-- Installing: /root/distr_slam_ws/install/cartographer_ros_msgs/share/cartographer_ros_msgs/rust/src/srv\n'}
[86.785020] (cartographer_ros_msgs) StdoutLine: {'line': b'-- Installing: /root/distr_slam_ws/install/cartographer_ros_msgs/share/cartographer_ros_msgs/rust/src/srv/rmw.rs\n'}
[86.786101] (cartographer_ros_msgs) StdoutLine: {'line': b'-- Installing: /root/distr_slam_ws/install/cartographer_ros_msgs/share/cartographer_ros_msgs/rust/build.rs\n'}
[86.787257] (cartographer_ros_msgs) StdoutLine: {'line': b'-- Installing: /root/distr_slam_ws/install/cartographer_ros_msgs/share/cartographer_ros_msgs/msg/BagfileProgress.idl\n'}
[86.788435] (cartographer_ros_msgs) StdoutLine: {'line': b'-- Installing: /root/distr_slam_ws/install/cartographer_ros_msgs/share/cartographer_ros_msgs/msg/HistogramBucket.idl\n'}
[86.789754] (cartographer_ros_msgs) StdoutLine: {'line': b'-- Installing: /root/distr_slam_ws/install/cartographer_ros_msgs/share/cartographer_ros_msgs/msg/LandmarkEntry.idl\n'}
[86.790990] (cartographer_ros_msgs) StdoutLine: {'line': b'-- Installing: /root/distr_slam_ws/install/cartographer_ros_msgs/share/cartographer_ros_msgs/msg/LandmarkList.idl\n'}
[86.792252] (cartographer_ros_msgs) StdoutLine: {'line': b'-- Installing: /root/distr_slam_ws/install/cartographer_ros_msgs/share/cartographer_ros_msgs/msg/MetricFamily.idl\n'}
[86.793460] (cartographer_ros_msgs) StdoutLine: {'line': b'-- Installing: /root/distr_slam_ws/install/cartographer_ros_msgs/share/cartographer_ros_msgs/msg/MetricLabel.idl\n'}
[86.794679] (cartographer_ros_msgs) StdoutLine: {'line': b'-- Installing: /root/distr_slam_ws/install/cartographer_ros_msgs/share/cartographer_ros_msgs/msg/Metric.idl\n'}
[86.795933] (cartographer_ros_msgs) StdoutLine: {'line': b'-- Installing: /root/distr_slam_ws/install/cartographer_ros_msgs/share/cartographer_ros_msgs/msg/StatusCode.idl\n'}
[86.797247] (cartographer_ros_msgs) StdoutLine: {'line': b'-- Installing: /root/distr_slam_ws/install/cartographer_ros_msgs/share/cartographer_ros_msgs/msg/StatusResponse.idl\n'}
[86.798440] (cartographer_ros_msgs) StdoutLine: {'line': b'-- Installing: /root/distr_slam_ws/install/cartographer_ros_msgs/share/cartographer_ros_msgs/msg/SubmapEntry.idl\n'}
[86.799619] (cartographer_ros_msgs) StdoutLine: {'line': b'-- Installing: /root/distr_slam_ws/install/cartographer_ros_msgs/share/cartographer_ros_msgs/msg/SubmapList.idl\n'}
[86.800835] (cartographer_ros_msgs) StdoutLine: {'line': b'-- Installing: /root/distr_slam_ws/install/cartographer_ros_msgs/share/cartographer_ros_msgs/msg/SubmapTexture.idl\n'}
[86.802097] (cartographer_ros_msgs) StdoutLine: {'line': b'-- Installing: /root/distr_slam_ws/install/cartographer_ros_msgs/share/cartographer_ros_msgs/msg/TrajectoryStates.idl\n'}
[86.803260] (cartographer_ros_msgs) StdoutLine: {'line': b'-- Installing: /root/distr_slam_ws/install/cartographer_ros_msgs/share/cartographer_ros_msgs/srv/FinishTrajectory.idl\n'}
[86.804225] (-) TimerEvent: {}
[86.805638] (cartographer_ros_msgs) StdoutLine: {'line': b'-- Installing: /root/distr_slam_ws/install/cartographer_ros_msgs/share/cartographer_ros_msgs/srv/GetTrajectoryStates.idl\n'}
[86.806993] (cartographer_ros_msgs) StdoutLine: {'line': b'-- Installing: /root/distr_slam_ws/install/cartographer_ros_msgs/share/cartographer_ros_msgs/srv/ReadMetrics.idl\n'}
[86.808282] (cartographer_ros_msgs) StdoutLine: {'line': b'-- Installing: /root/distr_slam_ws/install/cartographer_ros_msgs/share/cartographer_ros_msgs/srv/StartTrajectory.idl\n'}
[86.809387] (cartographer_ros_msgs) StdoutLine: {'line': b'-- Installing: /root/distr_slam_ws/install/cartographer_ros_msgs/share/cartographer_ros_msgs/srv/TrajectoryQuery.idl\n'}
[86.810627] (cartographer_ros_msgs) StdoutLine: {'line': b'-- Installing: /root/distr_slam_ws/install/cartographer_ros_msgs/share/cartographer_ros_msgs/srv/SubmapQuery.idl\n'}
[86.811927] (cartographer_ros_msgs) StdoutLine: {'line': b'-- Installing: /root/distr_slam_ws/install/cartographer_ros_msgs/share/cartographer_ros_msgs/srv/WriteState.idl\n'}
[86.813187] (cartographer_ros_msgs) StdoutLine: {'line': b'-- Installing: /root/distr_slam_ws/install/cartographer_ros_msgs/share/cartographer_ros_msgs/srv/GetSlamState.idl\n'}
[86.814373] (cartographer_ros_msgs) StdoutLine: {'line': b'-- Installing: /root/distr_slam_ws/install/cartographer_ros_msgs/share/cartographer_ros_msgs/srv/SetSlamState.idl\n'}
[86.815523] (cartographer_ros_msgs) StdoutLine: {'line': b'-- Installing: /root/distr_slam_ws/install/cartographer_ros_msgs/share/cartographer_ros_msgs/msg/BagfileProgress.msg\n'}
[86.816717] (cartographer_ros_msgs) StdoutLine: {'line': b'-- Installing: /root/distr_slam_ws/install/cartographer_ros_msgs/share/cartographer_ros_msgs/msg/HistogramBucket.msg\n'}
[86.817871] (cartographer_ros_msgs) StdoutLine: {'line': b'-- Installing: /root/distr_slam_ws/install/cartographer_ros_msgs/share/cartographer_ros_msgs/msg/LandmarkEntry.msg\n'}
[86.819043] (cartographer_ros_msgs) StdoutLine: {'line': b'-- Installing: /root/distr_slam_ws/install/cartographer_ros_msgs/share/cartographer_ros_msgs/msg/LandmarkList.msg\n'}
[86.820260] (cartographer_ros_msgs) StdoutLine: {'line': b'-- Installing: /root/distr_slam_ws/install/cartographer_ros_msgs/share/cartographer_ros_msgs/msg/MetricFamily.msg\n'}
[86.821530] (cartographer_ros_msgs) StdoutLine: {'line': b'-- Installing: /root/distr_slam_ws/install/cartographer_ros_msgs/share/cartographer_ros_msgs/msg/MetricLabel.msg\n'}
[86.822762] (cartographer_ros_msgs) StdoutLine: {'line': b'-- Installing: /root/distr_slam_ws/install/cartographer_ros_msgs/share/cartographer_ros_msgs/msg/Metric.msg\n'}
[86.823925] (cartographer_ros_msgs) StdoutLine: {'line': b'-- Installing: /root/distr_slam_ws/install/cartographer_ros_msgs/share/cartographer_ros_msgs/msg/StatusCode.msg\n'}
[86.825123] (cartographer_ros_msgs) StdoutLine: {'line': b'-- Installing: /root/distr_slam_ws/install/cartographer_ros_msgs/share/cartographer_ros_msgs/msg/StatusResponse.msg\n'}
[86.826363] (cartographer_ros_msgs) StdoutLine: {'line': b'-- Installing: /root/distr_slam_ws/install/cartographer_ros_msgs/share/cartographer_ros_msgs/msg/SubmapEntry.msg\n'}
[86.827572] (cartographer_ros_msgs) StdoutLine: {'line': b'-- Installing: /root/distr_slam_ws/install/cartographer_ros_msgs/share/cartographer_ros_msgs/msg/SubmapList.msg\n'}
[86.828783] (cartographer_ros_msgs) StdoutLine: {'line': b'-- Installing: /root/distr_slam_ws/install/cartographer_ros_msgs/share/cartographer_ros_msgs/msg/SubmapTexture.msg\n'}
[86.830015] (cartographer_ros_msgs) StdoutLine: {'line': b'-- Installing: /root/distr_slam_ws/install/cartographer_ros_msgs/share/cartographer_ros_msgs/msg/TrajectoryStates.msg\n'}
[86.831401] (cartographer_ros_msgs) StdoutLine: {'line': b'-- Installing: /root/distr_slam_ws/install/cartographer_ros_msgs/share/cartographer_ros_msgs/srv/FinishTrajectory.srv\n'}
[86.832738] (cartographer_ros_msgs) StdoutLine: {'line': b'-- Installing: /root/distr_slam_ws/install/cartographer_ros_msgs/share/cartographer_ros_msgs/srv/GetTrajectoryStates.srv\n'}
[86.833906] (cartographer_ros_msgs) StdoutLine: {'line': b'-- Installing: /root/distr_slam_ws/install/cartographer_ros_msgs/share/cartographer_ros_msgs/srv/ReadMetrics.srv\n'}
[86.835295] (cartographer_ros_msgs) StdoutLine: {'line': b'-- Installing: /root/distr_slam_ws/install/cartographer_ros_msgs/share/cartographer_ros_msgs/srv/StartTrajectory.srv\n'}
[86.836517] (cartographer_ros_msgs) StdoutLine: {'line': b'-- Installing: /root/distr_slam_ws/install/cartographer_ros_msgs/share/cartographer_ros_msgs/srv/TrajectoryQuery.srv\n'}
[86.837691] (cartographer_ros_msgs) StdoutLine: {'line': b'-- Installing: /root/distr_slam_ws/install/cartographer_ros_msgs/share/cartographer_ros_msgs/srv/SubmapQuery.srv\n'}
[86.838853] (cartographer_ros_msgs) StdoutLine: {'line': b'-- Installing: /root/distr_slam_ws/install/cartographer_ros_msgs/share/cartographer_ros_msgs/srv/WriteState.srv\n'}
[86.839999] (cartographer_ros_msgs) StdoutLine: {'line': b'-- Installing: /root/distr_slam_ws/install/cartographer_ros_msgs/share/cartographer_ros_msgs/srv/GetSlamState.srv\n'}
[86.841275] (cartographer_ros_msgs) StdoutLine: {'line': b'-- Installing: /root/distr_slam_ws/install/cartographer_ros_msgs/share/cartographer_ros_msgs/srv/SetSlamState.srv\n'}
[86.842621] (cartographer_ros_msgs) StdoutLine: {'line': b'-- Installing: /root/distr_slam_ws/install/cartographer_ros_msgs/share/ament_index/resource_index/package_run_dependencies/cartographer_ros_msgs\n'}
[86.843901] (cartographer_ros_msgs) StdoutLine: {'line': b'-- Installing: /root/distr_slam_ws/install/cartographer_ros_msgs/share/ament_index/resource_index/parent_prefix_path/cartographer_ros_msgs\n'}
[86.845110] (cartographer_ros_msgs) StdoutLine: {'line': b'-- Installing: /root/distr_slam_ws/install/cartographer_ros_msgs/share/cartographer_ros_msgs/environment/ament_prefix_path.sh\n'}
[86.846359] (cartographer_ros_msgs) StdoutLine: {'line': b'-- Installing: /root/distr_slam_ws/install/cartographer_ros_msgs/share/cartographer_ros_msgs/environment/ament_prefix_path.dsv\n'}
[86.847610] (cartographer_ros_msgs) StdoutLine: {'line': b'-- Installing: /root/distr_slam_ws/install/cartographer_ros_msgs/share/cartographer_ros_msgs/environment/path.sh\n'}
[86.848807] (cartographer_ros_msgs) StdoutLine: {'line': b'-- Installing: /root/distr_slam_ws/install/cartographer_ros_msgs/share/cartographer_ros_msgs/environment/path.dsv\n'}
[86.849986] (cartographer_ros_msgs) StdoutLine: {'line': b'-- Installing: /root/distr_slam_ws/install/cartographer_ros_msgs/share/cartographer_ros_msgs/local_setup.bash\n'}
[86.851202] (cartographer_ros_msgs) StdoutLine: {'line': b'-- Installing: /root/distr_slam_ws/install/cartographer_ros_msgs/share/cartographer_ros_msgs/local_setup.sh\n'}
[86.852372] (cartographer_ros_msgs) StdoutLine: {'line': b'-- Installing: /root/distr_slam_ws/install/cartographer_ros_msgs/share/cartographer_ros_msgs/local_setup.zsh\n'}
[86.853501] (cartographer_ros_msgs) StdoutLine: {'line': b'-- Installing: /root/distr_slam_ws/install/cartographer_ros_msgs/share/cartographer_ros_msgs/local_setup.dsv\n'}
[86.854639] (cartographer_ros_msgs) StdoutLine: {'line': b'-- Installing: /root/distr_slam_ws/install/cartographer_ros_msgs/share/cartographer_ros_msgs/package.dsv\n'}
[86.856114] (cartographer_ros_msgs) StdoutLine: {'line': b'-- Installing: /root/distr_slam_ws/install/cartographer_ros_msgs/share/ament_index/resource_index/packages/cartographer_ros_msgs\n'}
[86.857575] (cartographer_ros_msgs) StdoutLine: {'line': b'-- Installing: /root/distr_slam_ws/install/cartographer_ros_msgs/share/cartographer_ros_msgs/cmake/export_cartographer_ros_msgs__rosidl_generator_cExport.cmake\n'}
[86.858777] (cartographer_ros_msgs) StdoutLine: {'line': b'-- Installing: /root/distr_slam_ws/install/cartographer_ros_msgs/share/cartographer_ros_msgs/cmake/export_cartographer_ros_msgs__rosidl_generator_cExport-noconfig.cmake\n'}
[86.860191] (cartographer_ros_msgs) StdoutLine: {'line': b'-- Installing: /root/distr_slam_ws/install/cartographer_ros_msgs/share/cartographer_ros_msgs/cmake/export_cartographer_ros_msgs__rosidl_typesupport_fastrtps_cExport.cmake\n'}
[86.861481] (cartographer_ros_msgs) StdoutLine: {'line': b'-- Installing: /root/distr_slam_ws/install/cartographer_ros_msgs/share/cartographer_ros_msgs/cmake/export_cartographer_ros_msgs__rosidl_typesupport_fastrtps_cExport-noconfig.cmake\n'}
[86.862766] (cartographer_ros_msgs) StdoutLine: {'line': b'-- Installing: /root/distr_slam_ws/install/cartographer_ros_msgs/share/cartographer_ros_msgs/cmake/cartographer_ros_msgs__rosidl_typesupport_introspection_cExport.cmake\n'}
[86.863999] (cartographer_ros_msgs) StdoutLine: {'line': b'-- Installing: /root/distr_slam_ws/install/cartographer_ros_msgs/share/cartographer_ros_msgs/cmake/cartographer_ros_msgs__rosidl_typesupport_introspection_cExport-noconfig.cmake\n'}
[86.865312] (cartographer_ros_msgs) StdoutLine: {'line': b'-- Installing: /root/distr_slam_ws/install/cartographer_ros_msgs/share/cartographer_ros_msgs/cmake/cartographer_ros_msgs__rosidl_typesupport_cExport.cmake\n'}
[86.866591] (cartographer_ros_msgs) StdoutLine: {'line': b'-- Installing: /root/distr_slam_ws/install/cartographer_ros_msgs/share/cartographer_ros_msgs/cmake/cartographer_ros_msgs__rosidl_typesupport_cExport-noconfig.cmake\n'}
[86.867918] (cartographer_ros_msgs) StdoutLine: {'line': b'-- Installing: /root/distr_slam_ws/install/cartographer_ros_msgs/share/cartographer_ros_msgs/cmake/export_cartographer_ros_msgs__rosidl_generator_cppExport.cmake\n'}
[86.869214] (cartographer_ros_msgs) StdoutLine: {'line': b'-- Installing: /root/distr_slam_ws/install/cartographer_ros_msgs/share/cartographer_ros_msgs/cmake/export_cartographer_ros_msgs__rosidl_typesupport_fastrtps_cppExport.cmake\n'}
[86.870462] (cartographer_ros_msgs) StdoutLine: {'line': b'-- Installing: /root/distr_slam_ws/install/cartographer_ros_msgs/share/cartographer_ros_msgs/cmake/export_cartographer_ros_msgs__rosidl_typesupport_fastrtps_cppExport-noconfig.cmake\n'}
[86.871837] (cartographer_ros_msgs) StdoutLine: {'line': b'-- Installing: /root/distr_slam_ws/install/cartographer_ros_msgs/share/cartographer_ros_msgs/cmake/cartographer_ros_msgs__rosidl_typesupport_introspection_cppExport.cmake\n'}
[86.873198] (cartographer_ros_msgs) StdoutLine: {'line': b'-- Installing: /root/distr_slam_ws/install/cartographer_ros_msgs/share/cartographer_ros_msgs/cmake/cartographer_ros_msgs__rosidl_typesupport_introspection_cppExport-noconfig.cmake\n'}
[86.874498] (cartographer_ros_msgs) StdoutLine: {'line': b'-- Installing: /root/distr_slam_ws/install/cartographer_ros_msgs/share/cartographer_ros_msgs/cmake/cartographer_ros_msgs__rosidl_typesupport_cppExport.cmake\n'}
[86.875729] (cartographer_ros_msgs) StdoutLine: {'line': b'-- Installing: /root/distr_slam_ws/install/cartographer_ros_msgs/share/cartographer_ros_msgs/cmake/cartographer_ros_msgs__rosidl_typesupport_cppExport-noconfig.cmake\n'}
[86.877147] (cartographer_ros_msgs) StdoutLine: {'line': b'-- Installing: /root/distr_slam_ws/install/cartographer_ros_msgs/share/cartographer_ros_msgs/cmake/export_cartographer_ros_msgs__rosidl_generator_pyExport.cmake\n'}
[86.878481] (cartographer_ros_msgs) StdoutLine: {'line': b'-- Installing: /root/distr_slam_ws/install/cartographer_ros_msgs/share/cartographer_ros_msgs/cmake/export_cartographer_ros_msgs__rosidl_generator_pyExport-noconfig.cmake\n'}
[86.879618] (cartographer_ros_msgs) StdoutLine: {'line': b'-- Installing: /root/distr_slam_ws/install/cartographer_ros_msgs/share/cartographer_ros_msgs/cmake/rosidl_cmake-extras.cmake\n'}
[86.880839] (cartographer_ros_msgs) StdoutLine: {'line': b'-- Installing: /root/distr_slam_ws/install/cartographer_ros_msgs/share/cartographer_ros_msgs/cmake/ament_cmake_export_dependencies-extras.cmake\n'}
[86.882079] (cartographer_ros_msgs) StdoutLine: {'line': b'-- Installing: /root/distr_slam_ws/install/cartographer_ros_msgs/share/cartographer_ros_msgs/cmake/ament_cmake_export_include_directories-extras.cmake\n'}
[86.883304] (cartographer_ros_msgs) StdoutLine: {'line': b'-- Installing: /root/distr_slam_ws/install/cartographer_ros_msgs/share/cartographer_ros_msgs/cmake/ament_cmake_export_libraries-extras.cmake\n'}
[86.884509] (cartographer_ros_msgs) StdoutLine: {'line': b'-- Installing: /root/distr_slam_ws/install/cartographer_ros_msgs/share/cartographer_ros_msgs/cmake/ament_cmake_export_targets-extras.cmake\n'}
[86.885714] (cartographer_ros_msgs) StdoutLine: {'line': b'-- Installing: /root/distr_slam_ws/install/cartographer_ros_msgs/share/cartographer_ros_msgs/cmake/rosidl_cmake_export_typesupport_targets-extras.cmake\n'}
[86.886999] (cartographer_ros_msgs) StdoutLine: {'line': b'-- Installing: /root/distr_slam_ws/install/cartographer_ros_msgs/share/cartographer_ros_msgs/cmake/rosidl_cmake_export_typesupport_libraries-extras.cmake\n'}
[86.888266] (cartographer_ros_msgs) StdoutLine: {'line': b'-- Installing: /root/distr_slam_ws/install/cartographer_ros_msgs/share/cartographer_ros_msgs/cmake/cartographer_ros_msgsConfig.cmake\n'}
[86.889254] (cartographer_ros_msgs) StdoutLine: {'line': b'-- Installing: /root/distr_slam_ws/install/cartographer_ros_msgs/share/cartographer_ros_msgs/cmake/cartographer_ros_msgsConfig-version.cmake\n'}
[86.890432] (cartographer_ros_msgs) StdoutLine: {'line': b'-- Installing: /root/distr_slam_ws/install/cartographer_ros_msgs/share/cartographer_ros_msgs/package.xml\n'}
[86.897251] (cartographer_ros_msgs) CommandEnded: {'returncode': 0}
[86.904346] (-) TimerEvent: {}
[86.977917] (cartographer_ros_msgs) JobEnded: {'identifier': 'cartographer_ros_msgs', 'rc': 0}
[87.004480] (-) TimerEvent: {}
[87.104916] (-) TimerEvent: {}
[87.143404] (cartographer) StdoutLine: {'line': b'[ 26%] \x1b[32mBuilding CXX object CMakeFiles/cartographer.dir/cartographer/mapping/internal/2d/overlapping_submaps_trimmer_2d.cc.o\x1b[0m\n'}
[87.205063] (-) TimerEvent: {}
[87.306134] (-) TimerEvent: {}
[87.362525] (cartographer) StdoutLine: {'line': b'[ 26%] \x1b[32mBuilding CXX object CMakeFiles/cartographer.dir/cartographer/mapping/internal/2d/pose_graph_2d.cc.o\x1b[0m\n'}
[87.407132] (-) TimerEvent: {}
[87.507517] (-) TimerEvent: {}
[87.607898] (-) TimerEvent: {}
[87.709136] (-) TimerEvent: {}
[87.809520] (-) TimerEvent: {}
[87.909897] (-) TimerEvent: {}
[88.011133] (-) TimerEvent: {}
[88.111519] (-) TimerEvent: {}
[88.211894] (-) TimerEvent: {}
[88.313133] (-) TimerEvent: {}
[88.413510] (-) TimerEvent: {}
[88.513887] (-) TimerEvent: {}
[88.615131] (-) TimerEvent: {}
[88.715495] (-) TimerEvent: {}
[88.815859] (-) TimerEvent: {}
[88.917145] (-) TimerEvent: {}
[89.017529] (-) TimerEvent: {}
[89.117904] (-) TimerEvent: {}
[89.219134] (-) TimerEvent: {}
[89.319524] (-) TimerEvent: {}
[89.419909] (-) TimerEvent: {}
[89.521139] (-) TimerEvent: {}
[89.621571] (-) TimerEvent: {}
[89.721962] (-) TimerEvent: {}
[89.823145] (-) TimerEvent: {}
[89.923530] (-) TimerEvent: {}
[90.023917] (-) TimerEvent: {}
[90.125132] (-) TimerEvent: {}
[90.225527] (-) TimerEvent: {}
[90.325906] (-) TimerEvent: {}
[90.427132] (-) TimerEvent: {}
[90.527511] (-) TimerEvent: {}
[90.627896] (-) TimerEvent: {}
[90.729133] (-) TimerEvent: {}
[90.829525] (-) TimerEvent: {}
[90.929909] (-) TimerEvent: {}
[91.031134] (-) TimerEvent: {}
[91.131504] (-) TimerEvent: {}
[91.231896] (-) TimerEvent: {}
[91.333129] (-) TimerEvent: {}
[91.433505] (-) TimerEvent: {}
[91.533897] (-) TimerEvent: {}
[91.635135] (-) TimerEvent: {}
[91.735515] (-) TimerEvent: {}
[91.835895] (-) TimerEvent: {}
[91.937139] (-) TimerEvent: {}
[92.037503] (-) TimerEvent: {}
[92.119221] (cartographer) StdoutLine: {'line': b'[ 26%] \x1b[32mBuilding CXX object CMakeFiles/cartographer.dir/cartographer/mapping/internal/2d/ray_to_pixel_mask.cc.o\x1b[0m\n'}
[92.137638] (-) TimerEvent: {}
[92.238021] (-) TimerEvent: {}
[92.338421] (-) TimerEvent: {}
[92.439442] (-) TimerEvent: {}
[92.440285] (cartographer) StdoutLine: {'line': b'[ 26%] \x1b[32mBuilding CXX object CMakeFiles/cartographer.dir/cartographer/mapping/internal/2d/scan_matching/ceres_scan_matcher_2d.cc.o\x1b[0m\n'}
[92.539581] (-) TimerEvent: {}
[92.640598] (-) TimerEvent: {}
[92.740989] (-) TimerEvent: {}
[92.821451] (cartographer) StdoutLine: {'line': b'[ 27%] \x1b[32mBuilding CXX object CMakeFiles/cartographer.dir/cartographer/mapping/internal/2d/scan_matching/correlative_scan_matcher_2d.cc.o\x1b[0m\n'}
[92.841145] (-) TimerEvent: {}
[92.942132] (-) TimerEvent: {}
[93.042887] (-) TimerEvent: {}
[93.144134] (-) TimerEvent: {}
[93.244534] (-) TimerEvent: {}
[93.344912] (-) TimerEvent: {}
[93.446139] (-) TimerEvent: {}
[93.546519] (-) TimerEvent: {}
[93.646911] (-) TimerEvent: {}
[93.748132] (-) TimerEvent: {}
[93.804210] (cartographer) StdoutLine: {'line': b'[ 27%] \x1b[32mBuilding CXX object CMakeFiles/cartographer.dir/cartographer/mapping/internal/2d/scan_matching/fast_correlative_scan_matcher_2d.cc.o\x1b[0m\n'}
[93.848260] (-) TimerEvent: {}
[93.949137] (-) TimerEvent: {}
[94.049527] (-) TimerEvent: {}
[94.150132] (-) TimerEvent: {}
[94.251137] (-) TimerEvent: {}
[94.351525] (-) TimerEvent: {}
[94.452144] (-) TimerEvent: {}
[94.553139] (-) TimerEvent: {}
[94.653518] (-) TimerEvent: {}
[94.754134] (-) TimerEvent: {}
[94.855134] (-) TimerEvent: {}
[94.955525] (-) TimerEvent: {}
[95.056129] (-) TimerEvent: {}
[95.157142] (-) TimerEvent: {}
[95.257539] (-) TimerEvent: {}
[95.358136] (-) TimerEvent: {}
[95.459136] (-) TimerEvent: {}
[95.559518] (-) TimerEvent: {}
[95.660131] (-) TimerEvent: {}
[95.761135] (-) TimerEvent: {}
[95.861505] (-) TimerEvent: {}
[95.961861] (-) TimerEvent: {}
[96.063128] (-) TimerEvent: {}
[96.163496] (-) TimerEvent: {}
[96.263869] (-) TimerEvent: {}
[96.365135] (-) TimerEvent: {}
[96.465516] (-) TimerEvent: {}
[96.565904] (-) TimerEvent: {}
[96.667137] (-) TimerEvent: {}
[96.672403] (cartographer) StdoutLine: {'line': b'[ 27%] \x1b[32mBuilding CXX object CMakeFiles/cartographer.dir/cartographer/mapping/internal/2d/scan_matching/occupied_space_cost_function_2d.cc.o\x1b[0m\n'}
[96.767263] (-) TimerEvent: {}
[96.868133] (-) TimerEvent: {}
[96.968514] (-) TimerEvent: {}
[97.069131] (-) TimerEvent: {}
[97.170133] (-) TimerEvent: {}
[97.270533] (-) TimerEvent: {}
[97.371361] (-) TimerEvent: {}
[97.472428] (-) TimerEvent: {}
[97.572825] (-) TimerEvent: {}
[97.673805] (-) TimerEvent: {}
[97.733673] (cartographer) StdoutLine: {'line': b'[ 27%] \x1b[32mBuilding CXX object CMakeFiles/cartographer.dir/cartographer/mapping/internal/2d/scan_matching/real_time_correlative_scan_matcher_2d.cc.o\x1b[0m\n'}
[97.773943] (-) TimerEvent: {}
[97.875148] (-) TimerEvent: {}
[97.975537] (-) TimerEvent: {}
[98.076301] (-) TimerEvent: {}
[98.177415] (-) TimerEvent: {}
[98.278453] (-) TimerEvent: {}
[98.379961] (-) TimerEvent: {}
[98.480788] (-) TimerEvent: {}
[98.581727] (-) TimerEvent: {}
[98.682809] (-) TimerEvent: {}
[98.783578] (-) TimerEvent: {}
[98.884387] (-) TimerEvent: {}
[98.985615] (-) TimerEvent: {}
[99.087151] (-) TimerEvent: {}
[99.188233] (-) TimerEvent: {}
[99.289139] (-) TimerEvent: {}
[99.390141] (-) TimerEvent: {}
[99.435553] (cartographer) StdoutLine: {'line': b'[ 28%] \x1b[32mBuilding CXX object CMakeFiles/cartographer.dir/cartographer/mapping/internal/2d/scan_matching/tsdf_match_cost_function_2d.cc.o\x1b[0m\n'}
[99.490262] (-) TimerEvent: {}
[99.590647] (-) TimerEvent: {}
[99.691031] (-) TimerEvent: {}
[99.791455] (-) TimerEvent: {}
[99.891852] (-) TimerEvent: {}
[99.992247] (-) TimerEvent: {}
[100.093728] (-) TimerEvent: {}
[100.194739] (-) TimerEvent: {}
[100.295136] (-) TimerEvent: {}
[100.398290] (-) TimerEvent: {}
[100.499777] (-) TimerEvent: {}
[100.601138] (-) TimerEvent: {}
[100.702482] (-) TimerEvent: {}
[100.804262] (-) TimerEvent: {}
[100.844635] (cartographer) StdoutLine: {'line': b'[ 28%] \x1b[32mBuilding CXX object CMakeFiles/cartographer.dir/cartographer/mapping/internal/2d/tsd_value_converter.cc.o\x1b[0m\n'}
[100.904388] (-) TimerEvent: {}
[101.005649] (-) TimerEvent: {}
[101.106021] (-) TimerEvent: {}
[101.207049] (-) TimerEvent: {}
[101.308099] (-) TimerEvent: {}
[101.411136] (-) TimerEvent: {}
[101.429211] (cartographer) StdoutLine: {'line': b'[ 28%] \x1b[32mBuilding CXX object CMakeFiles/cartographer.dir/cartographer/mapping/internal/2d/tsdf_2d.cc.o\x1b[0m\n'}
[101.511259] (-) TimerEvent: {}
[101.612955] (-) TimerEvent: {}
[101.713366] (-) TimerEvent: {}
[101.813775] (-) TimerEvent: {}
[101.914145] (-) TimerEvent: {}
[102.014663] (-) TimerEvent: {}
[102.116135] (-) TimerEvent: {}
[102.216578] (-) TimerEvent: {}
[102.318139] (-) TimerEvent: {}
[102.419102] (-) TimerEvent: {}
[102.520138] (-) TimerEvent: {}
[102.620548] (-) TimerEvent: {}
[102.721139] (-) TimerEvent: {}
[102.822134] (-) TimerEvent: {}
[102.922500] (-) TimerEvent: {}
[103.022871] (-) TimerEvent: {}
[103.124133] (-) TimerEvent: {}
[103.224510] (-) TimerEvent: {}
[103.324890] (-) TimerEvent: {}
[103.425837] (-) TimerEvent: {}
[103.526892] (-) TimerEvent: {}
[103.627916] (-) TimerEvent: {}
[103.728315] (-) TimerEvent: {}
[103.829113] (-) TimerEvent: {}
[103.929503] (-) TimerEvent: {}
[104.030260] (-) TimerEvent: {}
[104.130657] (-) TimerEvent: {}
[104.232133] (-) TimerEvent: {}
[104.277850] (cartographer) StdoutLine: {'line': b'[ 28%] \x1b[32mBuilding CXX object CMakeFiles/cartographer.dir/cartographer/mapping/internal/2d/tsdf_range_data_inserter_2d.cc.o\x1b[0m\n'}
[104.332256] (-) TimerEvent: {}
[104.432748] (-) TimerEvent: {}
[104.533135] (-) TimerEvent: {}
[104.633526] (-) TimerEvent: {}
[104.733922] (-) TimerEvent: {}
[104.835247] (-) TimerEvent: {}
[104.935637] (-) TimerEvent: {}
[105.036887] (-) TimerEvent: {}
[105.137291] (-) TimerEvent: {}
[105.238039] (-) TimerEvent: {}
[105.339012] (-) TimerEvent: {}
[105.440020] (-) TimerEvent: {}
[105.541035] (-) TimerEvent: {}
[105.642573] (-) TimerEvent: {}
[105.742961] (-) TimerEvent: {}
[105.843990] (-) TimerEvent: {}
[105.945137] (-) TimerEvent: {}
[106.046139] (-) TimerEvent: {}
[106.137805] (cartographer) StdoutLine: {'line': b'[ 29%] \x1b[32mBuilding CXX object CMakeFiles/cartographer.dir/cartographer/mapping/internal/3d/local_slam_result_3d.cc.o\x1b[0m\n'}
[106.146259] (-) TimerEvent: {}
[106.247700] (-) TimerEvent: {}
[106.269941] (cartographer) StdoutLine: {'line': b'[ 29%] \x1b[32mBuilding CXX object CMakeFiles/cartographer.dir/cartographer/mapping/internal/3d/local_trajectory_builder_3d.cc.o\x1b[0m\n'}
[106.347832] (-) TimerEvent: {}
[106.448233] (-) TimerEvent: {}
[106.548911] (-) TimerEvent: {}
[106.649940] (-) TimerEvent: {}
[106.750604] (-) TimerEvent: {}
[106.851668] (-) TimerEvent: {}
[106.952072] (-) TimerEvent: {}
[107.052932] (-) TimerEvent: {}
[107.153943] (-) TimerEvent: {}
[107.254713] (-) TimerEvent: {}
[107.356003] (-) TimerEvent: {}
[107.456835] (-) TimerEvent: {}
[107.557562] (-) TimerEvent: {}
[107.658588] (-) TimerEvent: {}
[107.758980] (-) TimerEvent: {}
[107.844540] (cartographer) StdoutLine: {'line': b'[ 29%] \x1b[32mBuilding CXX object CMakeFiles/cartographer.dir/cartographer/mapping/internal/3d/local_trajectory_builder_options_3d.cc.o\x1b[0m\n'}
[107.859138] (-) TimerEvent: {}
[107.959541] (-) TimerEvent: {}
[108.060857] (-) TimerEvent: {}
[108.161261] (-) TimerEvent: {}
[108.262847] (-) TimerEvent: {}
[108.364305] (-) TimerEvent: {}
[108.465508] (-) TimerEvent: {}
[108.566659] (-) TimerEvent: {}
[108.667649] (-) TimerEvent: {}
[108.768908] (-) TimerEvent: {}
[108.869609] (-) TimerEvent: {}
[108.969999] (-) TimerEvent: {}
[109.070395] (-) TimerEvent: {}
[109.171933] (-) TimerEvent: {}
[109.272944] (-) TimerEvent: {}
[109.373977] (-) TimerEvent: {}
[109.475752] (-) TimerEvent: {}
[109.576551] (-) TimerEvent: {}
[109.677662] (-) TimerEvent: {}
[109.779133] (-) TimerEvent: {}
[109.800203] (cartographer) StdoutLine: {'line': b'[ 29%] \x1b[32mBuilding CXX object CMakeFiles/cartographer.dir/cartographer/mapping/internal/3d/pose_graph_3d.cc.o\x1b[0m\n'}
[109.880147] (-) TimerEvent: {}
[109.981610] (-) TimerEvent: {}
[110.081998] (-) TimerEvent: {}
[110.183133] (-) TimerEvent: {}
[110.283521] (-) TimerEvent: {}
[110.383923] (-) TimerEvent: {}
[110.485139] (-) TimerEvent: {}
[110.585523] (-) TimerEvent: {}
[110.685977] (-) TimerEvent: {}
[110.786773] (-) TimerEvent: {}
[110.890331] (-) TimerEvent: {}
[110.990754] (-) TimerEvent: {}
[111.091142] (-) TimerEvent: {}
[111.191524] (-) TimerEvent: {}
[111.291931] (-) TimerEvent: {}
[111.393200] (-) TimerEvent: {}
[111.494016] (-) TimerEvent: {}
[111.595137] (-) TimerEvent: {}
[111.696148] (-) TimerEvent: {}
[111.796906] (-) TimerEvent: {}
[111.897306] (-) TimerEvent: {}
[111.998897] (-) TimerEvent: {}
[112.099941] (-) TimerEvent: {}
[112.201094] (-) TimerEvent: {}
[112.302683] (-) TimerEvent: {}
[112.404134] (-) TimerEvent: {}
[112.504765] (-) TimerEvent: {}
[112.606141] (-) TimerEvent: {}
[112.706520] (-) TimerEvent: {}
[112.806901] (-) TimerEvent: {}
[112.907297] (-) TimerEvent: {}
[113.007696] (-) TimerEvent: {}
[113.108132] (-) TimerEvent: {}
[113.208522] (-) TimerEvent: {}
[113.221071] (cartographer) StdoutLine: {'line': b'[ 30%] \x1b[32mBuilding CXX object CMakeFiles/cartographer.dir/cartographer/mapping/internal/3d/scan_matching/ceres_scan_matcher_3d.cc.o\x1b[0m\n'}
[113.308658] (-) TimerEvent: {}
[113.409067] (-) TimerEvent: {}
[113.509450] (-) TimerEvent: {}
[113.610454] (-) TimerEvent: {}
[113.711532] (-) TimerEvent: {}
[113.812569] (-) TimerEvent: {}
[113.914139] (-) TimerEvent: {}
[114.014533] (-) TimerEvent: {}
[114.114939] (-) TimerEvent: {}
[114.216514] (-) TimerEvent: {}
[114.310126] (cartographer) StdoutLine: {'line': b'[ 30%] \x1b[32mBuilding CXX object CMakeFiles/cartographer.dir/cartographer/mapping/internal/3d/scan_matching/fast_correlative_scan_matcher_3d.cc.o\x1b[0m\n'}
[114.316640] (-) TimerEvent: {}
[114.417494] (-) TimerEvent: {}
[114.446111] (cartographer) StdoutLine: {'line': b'[ 30%] \x1b[32mBuilding CXX object CMakeFiles/cartographer.dir/cartographer/mapping/internal/3d/scan_matching/intensity_cost_function_3d.cc.o\x1b[0m\n'}
[114.517615] (-) TimerEvent: {}
[114.618132] (-) TimerEvent: {}
[114.719136] (-) TimerEvent: {}
[114.819519] (-) TimerEvent: {}
[114.920128] (-) TimerEvent: {}
[115.021137] (-) TimerEvent: {}
[115.034990] (cartographer) StdoutLine: {'line': b'[ 30%] \x1b[32mBuilding CXX object CMakeFiles/cartographer.dir/cartographer/mapping/internal/3d/scan_matching/low_resolution_matcher.cc.o\x1b[0m\n'}
[115.122140] (-) TimerEvent: {}
[115.222544] (-) TimerEvent: {}
[115.322914] (-) TimerEvent: {}
[115.424127] (-) TimerEvent: {}
[115.525114] (-) TimerEvent: {}
[115.628134] (-) TimerEvent: {}
[115.729833] (-) TimerEvent: {}
[115.830833] (-) TimerEvent: {}
[115.931879] (-) TimerEvent: {}
[116.032286] (-) TimerEvent: {}
[116.133090] (-) TimerEvent: {}
[116.234127] (-) TimerEvent: {}
[116.334515] (-) TimerEvent: {}
[116.436000] (-) TimerEvent: {}
[116.537558] (-) TimerEvent: {}
[116.638639] (-) TimerEvent: {}
[116.739725] (-) TimerEvent: {}
[116.840769] (-) TimerEvent: {}
[116.941831] (-) TimerEvent: {}
[117.042958] (-) TimerEvent: {}
[117.143519] (-) TimerEvent: {}
[117.244517] (-) TimerEvent: {}
[117.345635] (-) TimerEvent: {}
[117.446868] (-) TimerEvent: {}
[117.547925] (-) TimerEvent: {}
[117.648828] (-) TimerEvent: {}
[117.749220] (-) TimerEvent: {}
[117.851130] (-) TimerEvent: {}
[117.951499] (-) TimerEvent: {}
[118.051880] (-) TimerEvent: {}
[118.153485] (-) TimerEvent: {}
[118.253009] (cartographer) StdoutLine: {'line': b'[ 31%] \x1b[32mBuilding CXX object CMakeFiles/cartographer.dir/cartographer/mapping/internal/3d/scan_matching/precomputation_grid_3d.cc.o\x1b[0m\n'}
[118.253572] (-) TimerEvent: {}
[118.354667] (-) TimerEvent: {}
[118.457844] (-) TimerEvent: {}
[118.559248] (-) TimerEvent: {}
[118.660628] (-) TimerEvent: {}
[118.761000] (-) TimerEvent: {}
[118.862130] (-) TimerEvent: {}
[118.962509] (-) TimerEvent: {}
[119.062895] (-) TimerEvent: {}
[119.164136] (-) TimerEvent: {}
[119.264516] (-) TimerEvent: {}
[119.364901] (-) TimerEvent: {}
[119.466136] (-) TimerEvent: {}
[119.566534] (-) TimerEvent: {}
[119.666926] (-) TimerEvent: {}
[119.768155] (-) TimerEvent: {}
[119.868528] (-) TimerEvent: {}
[119.968897] (-) TimerEvent: {}
[120.070134] (-) TimerEvent: {}
[120.170507] (-) TimerEvent: {}
[120.270891] (-) TimerEvent: {}
[120.372134] (-) TimerEvent: {}
[120.472508] (-) TimerEvent: {}
[120.573646] (-) TimerEvent: {}
[120.600237] (cartographer) StdoutLine: {'line': b'[ 31%] \x1b[32mBuilding CXX object CMakeFiles/cartographer.dir/cartographer/mapping/internal/3d/scan_matching/real_time_correlative_scan_matcher_3d.cc.o\x1b[0m\n'}
[120.673771] (-) TimerEvent: {}
[120.775356] (-) TimerEvent: {}
[120.876490] (-) TimerEvent: {}
[120.978013] (-) TimerEvent: {}
[121.079646] (-) TimerEvent: {}
[121.180621] (-) TimerEvent: {}
[121.282025] (-) TimerEvent: {}
[121.383491] (-) TimerEvent: {}
[121.486134] (-) TimerEvent: {}
[121.587011] (-) TimerEvent: {}
[121.689149] (-) TimerEvent: {}
[121.789533] (-) TimerEvent: {}
[121.890998] (-) TimerEvent: {}
[121.993132] (-) TimerEvent: {}
[122.094564] (-) TimerEvent: {}
[122.194951] (-) TimerEvent: {}
[122.296135] (-) TimerEvent: {}
[122.396512] (-) TimerEvent: {}
[122.496887] (-) TimerEvent: {}
[122.598134] (-) TimerEvent: {}
[122.698513] (-) TimerEvent: {}
[122.798895] (-) TimerEvent: {}
[122.901150] (-) TimerEvent: {}
[123.002369] (-) TimerEvent: {}
[123.103460] (-) TimerEvent: {}
[123.204558] (-) TimerEvent: {}
[123.305384] (-) TimerEvent: {}
[123.406131] (-) TimerEvent: {}
[123.439220] (cartographer) StdoutLine: {'line': b'[ 31%] \x1b[32mBuilding CXX object CMakeFiles/cartographer.dir/cartographer/mapping/internal/3d/scan_matching/rotational_scan_matcher.cc.o\x1b[0m\n'}
[123.506259] (-) TimerEvent: {}
[123.606652] (-) TimerEvent: {}
[123.707034] (-) TimerEvent: {}
[123.808125] (-) TimerEvent: {}
[123.909782] (-) TimerEvent: {}
[124.011139] (-) TimerEvent: {}
[124.111935] (-) TimerEvent: {}
[124.213147] (-) TimerEvent: {}
[124.313511] (-) TimerEvent: {}
[124.413891] (-) TimerEvent: {}
[124.515134] (-) TimerEvent: {}
[124.615508] (-) TimerEvent: {}
[124.715888] (-) TimerEvent: {}
[124.817140] (-) TimerEvent: {}
[124.917523] (-) TimerEvent: {}
[125.017895] (-) TimerEvent: {}
[125.119140] (-) TimerEvent: {}
[125.219528] (-) TimerEvent: {}
[125.317250] (cartographer) StdoutLine: {'line': b'[ 32%] \x1b[32mBuilding CXX object CMakeFiles/cartographer.dir/cartographer/mapping/internal/collated_trajectory_builder.cc.o\x1b[0m\n'}
[125.319654] (-) TimerEvent: {}
[125.420810] (-) TimerEvent: {}
[125.521856] (-) TimerEvent: {}
[125.622239] (-) TimerEvent: {}
[125.721441] (cartographer) StdoutLine: {'line': b'[ 32%] \x1b[32mBuilding CXX object CMakeFiles/cartographer.dir/cartographer/mapping/internal/connected_components.cc.o\x1b[0m\n'}
[125.722340] (-) TimerEvent: {}
[125.823778] (-) TimerEvent: {}
[125.924154] (-) TimerEvent: {}
[126.025700] (-) TimerEvent: {}
[126.126745] (-) TimerEvent: {}
[126.227156] (-) TimerEvent: {}
[126.328218] (-) TimerEvent: {}
[126.429705] (-) TimerEvent: {}
[126.531279] (-) TimerEvent: {}
[126.632304] (-) TimerEvent: {}
[126.733173] (-) TimerEvent: {}
[126.834292] (-) TimerEvent: {}
[126.935275] (-) TimerEvent: {}
[127.036728] (-) TimerEvent: {}
[127.102462] (cartographer) StdoutLine: {'line': b'[ 32%] \x1b[32mBuilding CXX object CMakeFiles/cartographer.dir/cartographer/mapping/internal/constraints/constraint_builder.cc.o\x1b[0m\n'}
[127.136856] (-) TimerEvent: {}
[127.237274] (-) TimerEvent: {}
[127.337677] (-) TimerEvent: {}
[127.438477] (-) TimerEvent: {}
[127.539597] (-) TimerEvent: {}
[127.640878] (-) TimerEvent: {}
[127.741907] (-) TimerEvent: {}
[127.843043] (-) TimerEvent: {}
[127.944025] (-) TimerEvent: {}
[128.044899] (-) TimerEvent: {}
[128.145678] (-) TimerEvent: {}
[128.246108] (-) TimerEvent: {}
[128.346475] (-) TimerEvent: {}
[128.447512] (-) TimerEvent: {}
[128.549140] (-) TimerEvent: {}
[128.650219] (-) TimerEvent: {}
[128.714369] (cartographer) StdoutLine: {'line': b'[ 32%] \x1b[32mBuilding CXX object CMakeFiles/cartographer.dir/cartographer/mapping/internal/constraints/constraint_builder_2d.cc.o\x1b[0m\n'}
[128.750349] (-) TimerEvent: {}
[128.850739] (-) TimerEvent: {}
[128.951131] (-) TimerEvent: {}
[129.053140] (-) TimerEvent: {}
[129.154255] (-) TimerEvent: {}
[129.258717] (-) TimerEvent: {}
[129.360099] (-) TimerEvent: {}
[129.461196] (-) TimerEvent: {}
[129.562135] (-) TimerEvent: {}
[129.663144] (-) TimerEvent: {}
[129.765604] (-) TimerEvent: {}
[129.865990] (-) TimerEvent: {}
[129.966387] (-) TimerEvent: {}
[130.041905] (cartographer) StdoutLine: {'line': b'[ 33%] \x1b[32mBuilding CXX object CMakeFiles/cartographer.dir/cartographer/mapping/internal/constraints/constraint_builder_3d.cc.o\x1b[0m\n'}
[130.066514] (-) TimerEvent: {}
[130.166905] (-) TimerEvent: {}
[130.267297] (-) TimerEvent: {}
[130.367668] (-) TimerEvent: {}
[130.468695] (-) TimerEvent: {}
[130.569101] (-) TimerEvent: {}
[130.670151] (-) TimerEvent: {}
[130.770540] (-) TimerEvent: {}
[130.871543] (-) TimerEvent: {}
[130.972542] (-) TimerEvent: {}
[131.073649] (-) TimerEvent: {}
[131.174745] (-) TimerEvent: {}
[131.276239] (-) TimerEvent: {}
[131.376621] (-) TimerEvent: {}
[131.477636] (-) TimerEvent: {}
[131.578017] (-) TimerEvent: {}
[131.679486] (-) TimerEvent: {}
[131.781162] (-) TimerEvent: {}
[131.827968] (cartographer) StdoutLine: {'line': b'[ 33%] \x1b[32mBuilding CXX object CMakeFiles/cartographer.dir/cartographer/mapping/internal/eigen_quaterniond_from_two_vectors.cc.o\x1b[0m\n'}
[131.881290] (-) TimerEvent: {}
[131.981669] (-) TimerEvent: {}
[132.082047] (-) TimerEvent: {}
[132.183211] (-) TimerEvent: {}
[132.284163] (-) TimerEvent: {}
[132.384547] (-) TimerEvent: {}
[132.486140] (-) TimerEvent: {}
[132.587741] (-) TimerEvent: {}
[132.688792] (-) TimerEvent: {}
[132.790300] (-) TimerEvent: {}
[132.891445] (-) TimerEvent: {}
[132.992148] (-) TimerEvent: {}
[133.093136] (-) TimerEvent: {}
[133.193523] (-) TimerEvent: {}
[133.294134] (-) TimerEvent: {}
[133.395136] (-) TimerEvent: {}
[133.495504] (-) TimerEvent: {}
[133.595875] (-) TimerEvent: {}
[133.697134] (-) TimerEvent: {}
[133.797527] (-) TimerEvent: {}
[133.897917] (-) TimerEvent: {}
[133.999143] (-) TimerEvent: {}
[134.099540] (-) TimerEvent: {}
[134.199933] (-) TimerEvent: {}
[134.301135] (-) TimerEvent: {}
[134.401514] (-) TimerEvent: {}
[134.501911] (-) TimerEvent: {}
[134.603137] (-) TimerEvent: {}
[134.703529] (-) TimerEvent: {}
[134.803919] (-) TimerEvent: {}
[134.905140] (-) TimerEvent: {}
[135.005533] (-) TimerEvent: {}
[135.105932] (-) TimerEvent: {}
[135.207144] (-) TimerEvent: {}
[135.308139] (-) TimerEvent: {}
[135.409149] (-) TimerEvent: {}
[135.439377] (cartographer) StdoutLine: {'line': b'[ 33%] \x1b[32mBuilding CXX object CMakeFiles/cartographer.dir/cartographer/mapping/internal/global_trajectory_builder.cc.o\x1b[0m\n'}
[135.509276] (-) TimerEvent: {}
[135.610468] (-) TimerEvent: {}
[135.641137] (cartographer) StdoutLine: {'line': b'[ 33%] \x1b[32mBuilding CXX object CMakeFiles/cartographer.dir/cartographer/mapping/internal/imu_based_pose_extrapolator.cc.o\x1b[0m\n'}
[135.710595] (-) TimerEvent: {}
[135.811754] (-) TimerEvent: {}
[135.912726] (-) TimerEvent: {}
[136.013710] (-) TimerEvent: {}
[136.115093] (-) TimerEvent: {}
[136.219857] (-) TimerEvent: {}
[136.321224] (-) TimerEvent: {}
[136.422472] (-) TimerEvent: {}
[136.522839] (-) TimerEvent: {}
[136.597151] (cartographer) StdoutLine: {'line': b'[ 34%] \x1b[32mBuilding CXX object CMakeFiles/cartographer.dir/cartographer/mapping/internal/motion_filter.cc.o\x1b[0m\n'}
[136.622966] (-) TimerEvent: {}
[136.723338] (-) TimerEvent: {}
[136.823707] (-) TimerEvent: {}
[136.924101] (-) TimerEvent: {}
[136.949204] (cartographer) StdoutLine: {'line': b'[ 34%] \x1b[32mBuilding CXX object CMakeFiles/cartographer.dir/cartographer/mapping/internal/optimization/ceres_pose.cc.o\x1b[0m\n'}
[137.025135] (-) TimerEvent: {}
[137.125510] (-) TimerEvent: {}
[137.225880] (-) TimerEvent: {}
[137.327133] (-) TimerEvent: {}
[137.427500] (-) TimerEvent: {}
[137.527873] (-) TimerEvent: {}
[137.629134] (-) TimerEvent: {}
[137.729503] (-) TimerEvent: {}
[137.829881] (-) TimerEvent: {}
[137.931138] (-) TimerEvent: {}
[138.031534] (-) TimerEvent: {}
[138.131944] (-) TimerEvent: {}
[138.233144] (-) TimerEvent: {}
[138.333528] (-) TimerEvent: {}
[138.433913] (-) TimerEvent: {}
[138.535141] (-) TimerEvent: {}
[138.635527] (-) TimerEvent: {}
[138.735903] (-) TimerEvent: {}
[138.837131] (-) TimerEvent: {}
[138.937494] (-) TimerEvent: {}
[139.037879] (-) TimerEvent: {}
[139.139135] (-) TimerEvent: {}
[139.239515] (-) TimerEvent: {}
[139.339893] (-) TimerEvent: {}
[139.441138] (-) TimerEvent: {}
[139.541530] (-) TimerEvent: {}
[139.641923] (-) TimerEvent: {}
[139.743137] (-) TimerEvent: {}
[139.843508] (-) TimerEvent: {}
[139.943885] (-) TimerEvent: {}
[140.045136] (-) TimerEvent: {}
[140.145512] (-) TimerEvent: {}
[140.245902] (-) TimerEvent: {}
[140.347129] (-) TimerEvent: {}
[140.447489] (-) TimerEvent: {}
[140.547878] (-) TimerEvent: {}
[140.649134] (-) TimerEvent: {}
[140.749527] (-) TimerEvent: {}
[140.849922] (-) TimerEvent: {}
[140.951134] (-) TimerEvent: {}
[141.051513] (-) TimerEvent: {}
[141.058505] (cartographer) StdoutLine: {'line': b'[ 34%] \x1b[32mBuilding CXX object CMakeFiles/cartographer.dir/cartographer/mapping/internal/optimization/cost_functions/spa_cost_function_2d.cc.o\x1b[0m\n'}
[141.152135] (-) TimerEvent: {}
[141.252509] (-) TimerEvent: {}
[141.353497] (-) TimerEvent: {}
[141.454246] (-) TimerEvent: {}
[141.554610] (-) TimerEvent: {}
[141.655967] (-) TimerEvent: {}
[141.757469] (-) TimerEvent: {}
[141.858515] (-) TimerEvent: {}
[141.959900] (-) TimerEvent: {}
[142.061477] (-) TimerEvent: {}
[142.162529] (-) TimerEvent: {}
[142.263320] (-) TimerEvent: {}
[142.364413] (-) TimerEvent: {}
[142.465805] (-) TimerEvent: {}
[142.566614] (-) TimerEvent: {}
[142.667134] (-) TimerEvent: {}
[142.768868] (-) TimerEvent: {}
[142.870145] (-) TimerEvent: {}
[142.970525] (-) TimerEvent: {}
[143.068519] (cartographer) StdoutLine: {'line': b'[ 34%] \x1b[32mBuilding CXX object CMakeFiles/cartographer.dir/cartographer/mapping/internal/optimization/optimization_problem_2d.cc.o\x1b[0m\n'}
[143.070649] (-) TimerEvent: {}
[143.147958] (cartographer) StdoutLine: {'line': b'[ 35%] \x1b[32mBuilding CXX object CMakeFiles/cartographer.dir/cartographer/mapping/internal/optimization/optimization_problem_3d.cc.o\x1b[0m\n'}
[143.170772] (-) TimerEvent: {}
[143.271972] (-) TimerEvent: {}
[143.373339] (-) TimerEvent: {}
[143.474545] (-) TimerEvent: {}
[143.575300] (-) TimerEvent: {}
[143.676703] (-) TimerEvent: {}
[143.777140] (-) TimerEvent: {}
[143.878155] (-) TimerEvent: {}
[143.979578] (-) TimerEvent: {}
[144.080631] (-) TimerEvent: {}
[144.181676] (-) TimerEvent: {}
[144.283006] (-) TimerEvent: {}
[144.384022] (-) TimerEvent: {}
[144.474036] (cartographer) StdoutLine: {'line': b'[ 35%] \x1b[32mBuilding CXX object CMakeFiles/cartographer.dir/cartographer/mapping/internal/optimization/optimization_problem_options.cc.o\x1b[0m\n'}
[144.484151] (-) TimerEvent: {}
[144.585284] (-) TimerEvent: {}
[144.685660] (-) TimerEvent: {}
[144.786043] (-) TimerEvent: {}
[144.886419] (-) TimerEvent: {}
[144.987277] (-) TimerEvent: {}
[145.087670] (-) TimerEvent: {}
[145.189289] (-) TimerEvent: {}
[145.290339] (-) TimerEvent: {}
[145.391363] (-) TimerEvent: {}
[145.492143] (-) TimerEvent: {}
[145.494881] (cartographer) StdoutLine: {'line': b'[ 35%] \x1b[32mBuilding CXX object CMakeFiles/cartographer.dir/cartographer/mapping/internal/range_data_collator.cc.o\x1b[0m\n'}
[145.593132] (-) TimerEvent: {}
[145.693515] (-) TimerEvent: {}
[145.793906] (-) TimerEvent: {}
[145.895137] (-) TimerEvent: {}
[145.995520] (-) TimerEvent: {}
[146.095883] (-) TimerEvent: {}
[146.197128] (-) TimerEvent: {}
[146.297479] (-) TimerEvent: {}
[146.397862] (-) TimerEvent: {}
[146.499128] (-) TimerEvent: {}
[146.599493] (-) TimerEvent: {}
[146.699862] (-) TimerEvent: {}
[146.801134] (-) TimerEvent: {}
[146.901509] (-) TimerEvent: {}
[147.001891] (-) TimerEvent: {}
[147.103140] (-) TimerEvent: {}
[147.203504] (-) TimerEvent: {}
[147.303892] (-) TimerEvent: {}
[147.405136] (-) TimerEvent: {}
[147.505513] (-) TimerEvent: {}
[147.605882] (-) TimerEvent: {}
[147.707139] (-) TimerEvent: {}
[147.807541] (-) TimerEvent: {}
[147.907907] (-) TimerEvent: {}
[148.008968] (-) TimerEvent: {}
[148.111302] (-) TimerEvent: {}
[148.211690] (-) TimerEvent: {}
[148.312081] (-) TimerEvent: {}
[148.412455] (-) TimerEvent: {}
[148.512831] (-) TimerEvent: {}
[148.613218] (-) TimerEvent: {}
[148.714132] (-) TimerEvent: {}
[148.814503] (-) TimerEvent: {}
[148.842325] (cartographer) StdoutLine: {'line': b'[ 35%] \x1b[32mBuilding CXX object CMakeFiles/cartographer.dir/cartographer/mapping/internal/scan_matching/real_time_correlative_scan_matcher.cc.o\x1b[0m\n'}
[148.915129] (-) TimerEvent: {}
[149.015512] (-) TimerEvent: {}
[149.116133] (-) TimerEvent: {}
[149.217132] (-) TimerEvent: {}
[149.317510] (-) TimerEvent: {}
[149.418130] (-) TimerEvent: {}
[149.519129] (-) TimerEvent: {}
[149.619501] (-) TimerEvent: {}
[149.719872] (-) TimerEvent: {}
[149.822394] (-) TimerEvent: {}
[149.923251] (-) TimerEvent: {}
[150.023645] (-) TimerEvent: {}
[150.124028] (-) TimerEvent: {}
[150.224426] (-) TimerEvent: {}
[150.325136] (-) TimerEvent: {}
[150.426134] (-) TimerEvent: {}
[150.526518] (-) TimerEvent: {}
[150.627127] (-) TimerEvent: {}
[150.728063] (-) TimerEvent: {}
[150.777867] (cartographer) StdoutLine: {'line': b'[ 36%] \x1b[32mBuilding CXX object CMakeFiles/cartographer.dir/cartographer/mapping/internal/submap_controller.cc.o\x1b[0m\n'}
[150.828138] (-) TimerEvent: {}
[150.928593] (-) TimerEvent: {}
[151.029140] (-) TimerEvent: {}
[151.130421] (-) TimerEvent: {}
[151.195319] (cartographer) StdoutLine: {'line': b'[ 36%] \x1b[32mBuilding CXX object CMakeFiles/cartographer.dir/cartographer/mapping/internal/trajectory_connectivity_state.cc.o\x1b[0m\n'}
[151.230543] (-) TimerEvent: {}
[151.330930] (-) TimerEvent: {}
[151.431334] (-) TimerEvent: {}
[151.532598] (-) TimerEvent: {}
[151.633634] (-) TimerEvent: {}
[151.735220] (-) TimerEvent: {}
[151.837135] (-) TimerEvent: {}
[151.938081] (-) TimerEvent: {}
[152.041029] (-) TimerEvent: {}
[152.142018] (-) TimerEvent: {}
[152.243521] (-) TimerEvent: {}
[152.344903] (-) TimerEvent: {}
[152.447140] (-) TimerEvent: {}
[152.548663] (-) TimerEvent: {}
[152.651135] (-) TimerEvent: {}
[152.752456] (-) TimerEvent: {}
[152.852833] (-) TimerEvent: {}
[152.953836] (-) TimerEvent: {}
[153.057306] (-) TimerEvent: {}
[153.157679] (-) TimerEvent: {}
[153.258073] (-) TimerEvent: {}
[153.327989] (cartographer) StdoutLine: {'line': b'[ 36%] \x1b[32mBuilding CXX object CMakeFiles/cartographer.dir/cartographer/mapping/map_builder.cc.o\x1b[0m\n'}
[153.358193] (-) TimerEvent: {}
[153.458651] (-) TimerEvent: {}
[153.559591] (-) TimerEvent: {}
[153.659990] (-) TimerEvent: {}
[153.761018] (-) TimerEvent: {}
[153.861856] (-) TimerEvent: {}
[153.963523] (-) TimerEvent: {}
[154.063919] (-) TimerEvent: {}
[154.165465] (-) TimerEvent: {}
[154.266520] (-) TimerEvent: {}
[154.367492] (-) TimerEvent: {}
[154.469010] (-) TimerEvent: {}
[154.569938] (-) TimerEvent: {}
[154.671596] (-) TimerEvent: {}
[154.772673] (-) TimerEvent: {}
[154.873733] (-) TimerEvent: {}
[154.974144] (-) TimerEvent: {}
[155.074542] (-) TimerEvent: {}
[155.175289] (-) TimerEvent: {}
[155.276701] (-) TimerEvent: {}
[155.378137] (-) TimerEvent: {}
[155.479556] (-) TimerEvent: {}
[155.482826] (cartographer) StdoutLine: {'line': b'[ 36%] \x1b[32mBuilding CXX object CMakeFiles/cartographer.dir/cartographer/mapping/map_builder_interface.cc.o\x1b[0m\n'}
[155.580135] (-) TimerEvent: {}
[155.680521] (-) TimerEvent: {}
[155.787130] (-) TimerEvent: {}
[155.887551] (-) TimerEvent: {}
[155.988983] (-) TimerEvent: {}
[156.090219] (-) TimerEvent: {}
[156.190608] (-) TimerEvent: {}
[156.292084] (-) TimerEvent: {}
[156.392461] (-) TimerEvent: {}
[156.493265] (-) TimerEvent: {}
[156.594725] (-) TimerEvent: {}
[156.695113] (-) TimerEvent: {}
[156.796739] (-) TimerEvent: {}
[156.897161] (-) TimerEvent: {}
[156.998217] (-) TimerEvent: {}
[157.099130] (-) TimerEvent: {}
[157.200147] (-) TimerEvent: {}
[157.301292] (-) TimerEvent: {}
[157.402102] (-) TimerEvent: {}
[157.503690] (-) TimerEvent: {}
[157.604569] (-) TimerEvent: {}
[157.705903] (-) TimerEvent: {}
[157.806948] (-) TimerEvent: {}
[157.907860] (-) TimerEvent: {}
[158.008263] (-) TimerEvent: {}
[158.109249] (-) TimerEvent: {}
[158.210422] (-) TimerEvent: {}
[158.311940] (-) TimerEvent: {}
[158.412912] (-) TimerEvent: {}
[158.513928] (-) TimerEvent: {}
[158.615099] (-) TimerEvent: {}
[158.716146] (-) TimerEvent: {}
[158.818441] (-) TimerEvent: {}
[158.918817] (-) TimerEvent: {}
[159.019225] (-) TimerEvent: {}
[159.120266] (-) TimerEvent: {}
[159.220649] (-) TimerEvent: {}
[159.321795] (-) TimerEvent: {}
[159.423304] (-) TimerEvent: {}
[159.524131] (-) TimerEvent: {}
[159.625470] (-) TimerEvent: {}
[159.727051] (-) TimerEvent: {}
[159.828142] (-) TimerEvent: {}
[159.925470] (cartographer) StdoutLine: {'line': b'[ 37%] \x1b[32mBuilding CXX object CMakeFiles/cartographer.dir/cartographer/mapping/pose_extrapolator.cc.o\x1b[0m\n'}
[159.928249] (-) TimerEvent: {}
[160.028625] (-) TimerEvent: {}
[160.129012] (-) TimerEvent: {}
[160.229424] (-) TimerEvent: {}
[160.331138] (-) TimerEvent: {}
[160.334200] (cartographer) StdoutLine: {'line': b'[ 37%] \x1b[32mBuilding CXX object CMakeFiles/cartographer.dir/cartographer/mapping/pose_extrapolator_interface.cc.o\x1b[0m\n'}
[160.431286] (-) TimerEvent: {}
[160.531674] (-) TimerEvent: {}
[160.632151] (-) TimerEvent: {}
[160.648667] (cartographer) StdoutLine: {'line': b'[ 37%] \x1b[32mBuilding CXX object CMakeFiles/cartographer.dir/cartographer/mapping/pose_graph.cc.o\x1b[0m\n'}
[160.733135] (-) TimerEvent: {}
[160.834583] (-) TimerEvent: {}
[160.935527] (-) TimerEvent: {}
[161.036145] (-) TimerEvent: {}
[161.137127] (-) TimerEvent: {}
[161.237532] (-) TimerEvent: {}
[161.338135] (-) TimerEvent: {}
[161.439129] (-) TimerEvent: {}
[161.539508] (-) TimerEvent: {}
[161.571127] (cartographer) StdoutLine: {'line': b'[ 37%] \x1b[32mBuilding CXX object CMakeFiles/cartographer.dir/cartographer/mapping/pose_graph_trimmer.cc.o\x1b[0m\n'}
[161.639646] (-) TimerEvent: {}
[161.740044] (-) TimerEvent: {}
[161.799174] (cartographer) StdoutLine: {'line': b'[ 38%] \x1b[32mBuilding CXX object CMakeFiles/cartographer.dir/cartographer/mapping/probability_values.cc.o\x1b[0m\n'}
[161.840152] (-) TimerEvent: {}
[161.940527] (-) TimerEvent: {}
[162.040909] (-) TimerEvent: {}
[162.142475] (-) TimerEvent: {}
[162.243271] (-) TimerEvent: {}
[162.344241] (-) TimerEvent: {}
[162.445237] (-) TimerEvent: {}
[162.546269] (-) TimerEvent: {}
[162.647105] (-) TimerEvent: {}
[162.748624] (-) TimerEvent: {}
[162.850134] (-) TimerEvent: {}
[162.950802] (-) TimerEvent: {}
[163.051927] (-) TimerEvent: {}
[163.152343] (-) TimerEvent: {}
[163.253950] (-) TimerEvent: {}
[163.354938] (-) TimerEvent: {}
[163.455832] (-) TimerEvent: {}
[163.557415] (-) TimerEvent: {}
[163.658613] (-) TimerEvent: {}
[163.758990] (-) TimerEvent: {}
[163.860454] (-) TimerEvent: {}
[163.961528] (-) TimerEvent: {}
[164.062312] (-) TimerEvent: {}
[164.163476] (-) TimerEvent: {}
[164.264524] (-) TimerEvent: {}
[164.364933] (-) TimerEvent: {}
[164.466605] (-) TimerEvent: {}
[164.566994] (-) TimerEvent: {}
[164.668643] (-) TimerEvent: {}
[164.769704] (-) TimerEvent: {}
[164.870108] (-) TimerEvent: {}
[164.971146] (-) TimerEvent: {}
[165.072561] (-) TimerEvent: {}
[165.173038] (-) TimerEvent: {}
[165.273736] (-) TimerEvent: {}
[165.374145] (-) TimerEvent: {}
[165.475147] (-) TimerEvent: {}
[165.570915] (cartographer) StdoutLine: {'line': b'[ 38%] \x1b[32mBuilding CXX object CMakeFiles/cartographer.dir/cartographer/mapping/range_data_inserter_interface.cc.o\x1b[0m\n'}
[165.575269] (-) TimerEvent: {}
[165.675677] (-) TimerEvent: {}
[165.776484] (-) TimerEvent: {}
[165.877156] (-) TimerEvent: {}
[165.979082] (-) TimerEvent: {}
[166.079481] (-) TimerEvent: {}
[166.180371] (-) TimerEvent: {}
[166.281723] (-) TimerEvent: {}
[166.382121] (-) TimerEvent: {}
[166.483139] (-) TimerEvent: {}
[166.583519] (-) TimerEvent: {}
[166.683907] (-) TimerEvent: {}
[166.785649] (-) TimerEvent: {}
[166.886026] (-) TimerEvent: {}
[166.987019] (-) TimerEvent: {}
[167.088123] (-) TimerEvent: {}
[167.188516] (-) TimerEvent: {}
[167.289507] (-) TimerEvent: {}
[167.390835] (-) TimerEvent: {}
[167.492385] (-) TimerEvent: {}
[167.593321] (-) TimerEvent: {}
[167.685245] (cartographer) StdoutLine: {'line': b'[ 38%] \x1b[32mBuilding CXX object CMakeFiles/cartographer.dir/cartographer/mapping/trajectory_builder_interface.cc.o\x1b[0m\n'}
[167.694135] (-) TimerEvent: {}
[167.795200] (-) TimerEvent: {}
[167.896137] (-) TimerEvent: {}
[167.998072] (-) TimerEvent: {}
[168.099343] (-) TimerEvent: {}
[168.202105] (-) TimerEvent: {}
[168.303211] (-) TimerEvent: {}
[168.404501] (-) TimerEvent: {}
[168.505261] (-) TimerEvent: {}
[168.606013] (-) TimerEvent: {}
[168.707118] (-) TimerEvent: {}
[168.807913] (-) TimerEvent: {}
[168.909137] (-) TimerEvent: {}
[169.009838] (-) TimerEvent: {}
[169.110620] (-) TimerEvent: {}
[169.211924] (-) TimerEvent: {}
[169.312318] (-) TimerEvent: {}
[169.412710] (-) TimerEvent: {}
[169.514248] (-) TimerEvent: {}
[169.609875] (cartographer) StdoutLine: {'line': b'[ 38%] \x1b[32mBuilding CXX object CMakeFiles/cartographer.dir/cartographer/mapping/trajectory_node.cc.o\x1b[0m\n'}
[169.614366] (-) TimerEvent: {}
[169.715811] (-) TimerEvent: {}
[169.816211] (-) TimerEvent: {}
[169.900114] (cartographer) StdoutLine: {'line': b'[ 39%] \x1b[32mBuilding CXX object CMakeFiles/cartographer.dir/cartographer/mapping/value_conversion_tables.cc.o\x1b[0m\n'}
[169.917136] (-) TimerEvent: {}
[170.018314] (-) TimerEvent: {}
[170.119196] (-) TimerEvent: {}
[170.221351] (-) TimerEvent: {}
[170.322857] (-) TimerEvent: {}
[170.424465] (-) TimerEvent: {}
[170.526450] (-) TimerEvent: {}
[170.627369] (-) TimerEvent: {}
[170.730497] (-) TimerEvent: {}
[170.831149] (-) TimerEvent: {}
[170.933611] (-) TimerEvent: {}
[171.034003] (-) TimerEvent: {}
[171.135537] (-) TimerEvent: {}
[171.237139] (-) TimerEvent: {}
[171.341437] (-) TimerEvent: {}
[171.442938] (-) TimerEvent: {}
[171.544115] (-) TimerEvent: {}
[171.564597] (cartographer) StdoutLine: {'line': b'[ 39%] \x1b[32mBuilding CXX object CMakeFiles/cartographer.dir/cartographer/metrics/counter.cc.o\x1b[0m\n'}
[171.644247] (-) TimerEvent: {}
[171.675198] (cartographer) StdoutLine: {'line': b'[ 39%] \x1b[32mBuilding CXX object CMakeFiles/cartographer.dir/cartographer/metrics/gauge.cc.o\x1b[0m\n'}
[171.744380] (-) TimerEvent: {}
[171.844801] (-) TimerEvent: {}
[171.945878] (-) TimerEvent: {}
[171.994360] (cartographer) StdoutLine: {'line': b'[ 39%] \x1b[32mBuilding CXX object CMakeFiles/cartographer.dir/cartographer/metrics/histogram.cc.o\x1b[0m\n'}
[172.046009] (-) TimerEvent: {}
[172.068366] (cartographer) StdoutLine: {'line': b'[ 40%] \x1b[32mBuilding CXX object CMakeFiles/cartographer.dir/cartographer/metrics/register.cc.o\x1b[0m\n'}
[172.084666] (cartographer) StdoutLine: {'line': b'[ 40%] \x1b[32mBuilding CXX object CMakeFiles/cartographer.dir/cartographer/sensor/compressed_point_cloud.cc.o\x1b[0m\n'}
[172.146145] (-) TimerEvent: {}
[172.247099] (-) TimerEvent: {}
[172.348140] (-) TimerEvent: {}
[172.449440] (-) TimerEvent: {}
[172.550529] (-) TimerEvent: {}
[172.651467] (-) TimerEvent: {}
[172.752546] (-) TimerEvent: {}
[172.854187] (-) TimerEvent: {}
[172.956651] (-) TimerEvent: {}
[173.057035] (-) TimerEvent: {}
[173.158140] (-) TimerEvent: {}
[173.259462] (-) TimerEvent: {}
[173.326866] (cartographer) StdoutLine: {'line': b'[ 40%] \x1b[32mBuilding CXX object CMakeFiles/cartographer.dir/cartographer/sensor/fixed_frame_pose_data.cc.o\x1b[0m\n'}
[173.359592] (-) TimerEvent: {}
[173.459971] (-) TimerEvent: {}
[173.560781] (-) TimerEvent: {}
[173.661144] (-) TimerEvent: {}
[173.762207] (-) TimerEvent: {}
[173.863222] (-) TimerEvent: {}
[173.938263] (cartographer) StdoutLine: {'line': b'[ 40%] \x1b[32mBuilding CXX object CMakeFiles/cartographer.dir/cartographer/sensor/imu_data.cc.o\x1b[0m\n'}
[173.963353] (-) TimerEvent: {}
[174.064132] (-) TimerEvent: {}
[174.164507] (-) TimerEvent: {}
[174.265136] (-) TimerEvent: {}
[174.366130] (-) TimerEvent: {}
[174.466525] (-) TimerEvent: {}
[174.566943] (-) TimerEvent: {}
[174.668133] (-) TimerEvent: {}
[174.768501] (-) TimerEvent: {}
[174.868894] (-) TimerEvent: {}
[174.970134] (-) TimerEvent: {}
[175.070704] (-) TimerEvent: {}
[175.171102] (-) TimerEvent: {}
[175.272135] (-) TimerEvent: {}
[175.372520] (-) TimerEvent: {}
[175.472910] (-) TimerEvent: {}
[175.574134] (-) TimerEvent: {}
[175.674519] (-) TimerEvent: {}
[175.774915] (-) TimerEvent: {}
[175.876137] (-) TimerEvent: {}
[175.976509] (-) TimerEvent: {}
[176.076889] (-) TimerEvent: {}
[176.089209] (cartographer) StdoutLine: {'line': b'[ 41%] \x1b[32mBuilding CXX object CMakeFiles/cartographer.dir/cartographer/sensor/internal/collator.cc.o\x1b[0m\n'}
[176.177018] (-) TimerEvent: {}
[176.277437] (-) TimerEvent: {}
[176.378132] (-) TimerEvent: {}
[176.479132] (-) TimerEvent: {}
[176.579515] (-) TimerEvent: {}
[176.680131] (-) TimerEvent: {}
[176.781141] (-) TimerEvent: {}
[176.860201] (cartographer) StdoutLine: {'line': b'[ 41%] \x1b[32mBuilding CXX object CMakeFiles/cartographer.dir/cartographer/sensor/internal/ordered_multi_queue.cc.o\x1b[0m\n'}
[176.881240] (-) TimerEvent: {}
[176.981638] (-) TimerEvent: {}
[177.082032] (-) TimerEvent: {}
[177.183132] (-) TimerEvent: {}
[177.283532] (-) TimerEvent: {}
[177.387264] (-) TimerEvent: {}
[177.487651] (-) TimerEvent: {}
[177.588039] (-) TimerEvent: {}
[177.688425] (-) TimerEvent: {}
[177.788806] (-) TimerEvent: {}
[177.889213] (-) TimerEvent: {}
[177.990391] (-) TimerEvent: {}
[178.091499] (-) TimerEvent: {}
[178.194696] (-) TimerEvent: {}
[178.295399] (-) TimerEvent: {}
[178.395764] (-) TimerEvent: {}
[178.496148] (-) TimerEvent: {}
[178.596525] (-) TimerEvent: {}
[178.696902] (-) TimerEvent: {}
[178.798141] (-) TimerEvent: {}
[178.898520] (-) TimerEvent: {}
[178.998914] (-) TimerEvent: {}
[179.100137] (-) TimerEvent: {}
[179.138249] (cartographer) StdoutLine: {'line': b'[ 41%] \x1b[32mBuilding CXX object CMakeFiles/cartographer.dir/cartographer/sensor/internal/trajectory_collator.cc.o\x1b[0m\n'}
[179.200266] (-) TimerEvent: {}
[179.300662] (-) TimerEvent: {}
[179.401070] (-) TimerEvent: {}
[179.501456] (-) TimerEvent: {}
[179.602221] (-) TimerEvent: {}
[179.703322] (-) TimerEvent: {}
[179.804310] (-) TimerEvent: {}
[179.905720] (-) TimerEvent: {}
[180.006126] (-) TimerEvent: {}
[180.107133] (-) TimerEvent: {}
[180.149119] (cartographer) StdoutLine: {'line': b'[ 42%] \x1b[32mBuilding CXX object CMakeFiles/cartographer.dir/cartographer/sensor/internal/voxel_filter.cc.o\x1b[0m\n'}
[180.208132] (-) TimerEvent: {}
[180.308511] (-) TimerEvent: {}
[180.408887] (-) TimerEvent: {}
[180.510136] (-) TimerEvent: {}
[180.545888] (cartographer) StdoutLine: {'line': b'[ 42%] \x1b[32mBuilding CXX object CMakeFiles/cartographer.dir/cartographer/sensor/landmark_data.cc.o\x1b[0m\n'}
[180.610262] (-) TimerEvent: {}
[180.711134] (-) TimerEvent: {}
[180.776838] (cartographer) StdoutLine: {'line': b'[ 42%] \x1b[32mBuilding CXX object CMakeFiles/cartographer.dir/cartographer/sensor/odometry_data.cc.o\x1b[0m\n'}
[180.811262] (-) TimerEvent: {}
[180.911647] (-) TimerEvent: {}
[181.012072] (-) TimerEvent: {}
[181.113007] (-) TimerEvent: {}
[181.214219] (-) TimerEvent: {}
[181.315711] (-) TimerEvent: {}
[181.416412] (-) TimerEvent: {}
[181.516782] (-) TimerEvent: {}
[181.617846] (-) TimerEvent: {}
[181.718233] (-) TimerEvent: {}
[181.819251] (-) TimerEvent: {}
[181.919641] (-) TimerEvent: {}
[182.020696] (-) TimerEvent: {}
[182.122157] (-) TimerEvent: {}
[182.223699] (-) TimerEvent: {}
[182.324874] (-) TimerEvent: {}
[182.426359] (-) TimerEvent: {}
[182.527936] (-) TimerEvent: {}
[182.629029] (-) TimerEvent: {}
[182.730534] (-) TimerEvent: {}
[182.831991] (-) TimerEvent: {}
[182.933170] (-) TimerEvent: {}
[183.034345] (-) TimerEvent: {}
[183.136134] (-) TimerEvent: {}
[183.237144] (-) TimerEvent: {}
[183.338525] (-) TimerEvent: {}
[183.442367] (-) TimerEvent: {}
[183.543771] (-) TimerEvent: {}
[183.644141] (-) TimerEvent: {}
[183.744677] (-) TimerEvent: {}
[183.815326] (cartographer) StdoutLine: {'line': b'[ 42%] \x1b[32mBuilding CXX object CMakeFiles/cartographer.dir/cartographer/sensor/point_cloud.cc.o\x1b[0m\n'}
[183.844802] (-) TimerEvent: {}
[183.945237] (-) TimerEvent: {}
[184.046134] (-) TimerEvent: {}
[184.146536] (-) TimerEvent: {}
[184.247129] (-) TimerEvent: {}
[184.348138] (-) TimerEvent: {}
[184.448510] (-) TimerEvent: {}
[184.548881] (-) TimerEvent: {}
[184.650136] (-) TimerEvent: {}
[184.750521] (-) TimerEvent: {}
[184.850905] (-) TimerEvent: {}
[184.952133] (-) TimerEvent: {}
[185.052522] (-) TimerEvent: {}
[185.135489] (cartographer) StdoutLine: {'line': b'[ 43%] \x1b[32mBuilding CXX object CMakeFiles/cartographer.dir/cartographer/sensor/range_data.cc.o\x1b[0m\n'}
[185.152661] (-) TimerEvent: {}
[185.253088] (-) TimerEvent: {}
[185.354374] (-) TimerEvent: {}
[185.455579] (-) TimerEvent: {}
[185.556765] (-) TimerEvent: {}
[185.657144] (-) TimerEvent: {}
[185.717890] (cartographer) StdoutLine: {'line': b'[ 43%] \x1b[32mBuilding CXX object CMakeFiles/cartographer.dir/cartographer/sensor/timed_point_cloud_data.cc.o\x1b[0m\n'}
[185.757265] (-) TimerEvent: {}
[185.857641] (-) TimerEvent: {}
[185.958023] (-) TimerEvent: {}
[186.058413] (-) TimerEvent: {}
[186.159459] (-) TimerEvent: {}
[186.260450] (-) TimerEvent: {}
[186.361296] (-) TimerEvent: {}
[186.462732] (-) TimerEvent: {}
[186.563677] (-) TimerEvent: {}
[186.609850] (cartographer) StdoutLine: {'line': b'[ 43%] \x1b[32mBuilding CXX object CMakeFiles/cartographer.dir/cartographer/transform/rigid_transform.cc.o\x1b[0m\n'}
[186.663800] (-) TimerEvent: {}
[186.764145] (-) TimerEvent: {}
[186.864534] (-) TimerEvent: {}
[186.966191] (-) TimerEvent: {}
[187.066569] (-) TimerEvent: {}
[187.167388] (-) TimerEvent: {}
[187.268455] (-) TimerEvent: {}
[187.369884] (-) TimerEvent: {}
[187.471089] (-) TimerEvent: {}
[187.572130] (-) TimerEvent: {}
[187.675244] (-) TimerEvent: {}
[187.776640] (-) TimerEvent: {}
[187.826585] (cartographer) StdoutLine: {'line': b'[ 43%] \x1b[32mBuilding CXX object CMakeFiles/cartographer.dir/cartographer/transform/timestamped_transform.cc.o\x1b[0m\n'}
[187.877157] (-) TimerEvent: {}
[187.977587] (-) TimerEvent: {}
[188.078020] (-) TimerEvent: {}
[188.178992] (-) TimerEvent: {}
[188.280597] (-) TimerEvent: {}
[188.381636] (-) TimerEvent: {}
[188.482576] (-) TimerEvent: {}
[188.583654] (-) TimerEvent: {}
[188.685146] (-) TimerEvent: {}
[188.786135] (-) TimerEvent: {}
[188.887276] (-) TimerEvent: {}
[188.988228] (-) TimerEvent: {}
[189.089349] (-) TimerEvent: {}
[189.190431] (-) TimerEvent: {}
[189.291232] (-) TimerEvent: {}
[189.393138] (-) TimerEvent: {}
[189.493703] (-) TimerEvent: {}
[189.595139] (-) TimerEvent: {}
[189.696602] (-) TimerEvent: {}
[189.761286] (cartographer) StdoutLine: {'line': b'[ 44%] \x1b[32mBuilding CXX object CMakeFiles/cartographer.dir/cartographer/transform/transform.cc.o\x1b[0m\n'}
[189.797134] (-) TimerEvent: {}
[189.898249] (-) TimerEvent: {}
[189.999136] (-) TimerEvent: {}
[190.099510] (-) TimerEvent: {}
[190.199872] (-) TimerEvent: {}
[190.301459] (-) TimerEvent: {}
[190.402472] (-) TimerEvent: {}
[190.403557] (cartographer) StdoutLine: {'line': b'[ 44%] \x1b[32mBuilding CXX object CMakeFiles/cartographer.dir/cartographer/transform/transform_interpolation_buffer.cc.o\x1b[0m\n'}
[190.436415] (cartographer) StdoutLine: {'line': b'[ 44%] \x1b[32mBuilding CXX object CMakeFiles/cartographer.dir/cartographer/common/proto/ceres_solver_options.pb.cc.o\x1b[0m\n'}
[190.502596] (-) TimerEvent: {}
[190.602969] (-) TimerEvent: {}
[190.703356] (-) TimerEvent: {}
[190.804325] (-) TimerEvent: {}
[190.905348] (-) TimerEvent: {}
[191.005712] (-) TimerEvent: {}
[191.106664] (-) TimerEvent: {}
[191.207665] (-) TimerEvent: {}
[191.308625] (-) TimerEvent: {}
[191.409649] (-) TimerEvent: {}
[191.510720] (-) TimerEvent: {}
[191.611582] (-) TimerEvent: {}
[191.713141] (-) TimerEvent: {}
[191.813524] (-) TimerEvent: {}
[191.914547] (-) TimerEvent: {}
[192.014932] (-) TimerEvent: {}
[192.116014] (-) TimerEvent: {}
[192.216410] (-) TimerEvent: {}
[192.317488] (-) TimerEvent: {}
[192.418965] (-) TimerEvent: {}
[192.520471] (-) TimerEvent: {}
[192.621345] (-) TimerEvent: {}
[192.723064] (-) TimerEvent: {}
[192.824028] (-) TimerEvent: {}
[192.915671] (cartographer) StdoutLine: {'line': b'[ 44%] \x1b[32mBuilding CXX object CMakeFiles/cartographer.dir/cartographer/ground_truth/proto/relations.pb.cc.o\x1b[0m\n'}
[192.925132] (-) TimerEvent: {}
[192.943203] (cartographer) StdoutLine: {'line': b'[ 45%] \x1b[32mBuilding CXX object CMakeFiles/cartographer.dir/cartographer/mapping/proto/cell_limits_2d.pb.cc.o\x1b[0m\n'}
[193.025259] (-) TimerEvent: {}
[193.126223] (-) TimerEvent: {}
[193.227133] (-) TimerEvent: {}
[193.265160] (cartographer) StdoutLine: {'line': b'[ 45%] \x1b[32mBuilding CXX object CMakeFiles/cartographer.dir/cartographer/mapping/proto/connected_components.pb.cc.o\x1b[0m\n'}
[193.328131] (-) TimerEvent: {}
[193.408961] (cartographer) StdoutLine: {'line': b'[ 45%] \x1b[32mBuilding CXX object CMakeFiles/cartographer.dir/cartographer/mapping/proto/grid_2d.pb.cc.o\x1b[0m\n'}
[193.428249] (-) TimerEvent: {}
[193.529129] (-) TimerEvent: {}
[193.629497] (-) TimerEvent: {}
[193.730134] (-) TimerEvent: {}
[193.831137] (-) TimerEvent: {}
[193.931525] (-) TimerEvent: {}
[194.032131] (-) TimerEvent: {}
[194.133117] (-) TimerEvent: {}
[194.234256] (-) TimerEvent: {}
[194.335304] (-) TimerEvent: {}
[194.436136] (-) TimerEvent: {}
[194.536523] (-) TimerEvent: {}
[194.637130] (-) TimerEvent: {}
[194.738134] (-) TimerEvent: {}
[194.838526] (-) TimerEvent: {}
[194.851118] (cartographer) StdoutLine: {'line': b'[ 45%] \x1b[32mBuilding CXX object CMakeFiles/cartographer.dir/cartographer/mapping/proto/grid_2d_options.pb.cc.o\x1b[0m\n'}
[194.938652] (-) TimerEvent: {}
[195.039038] (-) TimerEvent: {}
[195.140131] (-) TimerEvent: {}
[195.240499] (-) TimerEvent: {}
[195.340886] (-) TimerEvent: {}
[195.441130] (cartographer) StdoutLine: {'line': b'[ 46%] \x1b[32mBuilding CXX object CMakeFiles/cartographer.dir/cartographer/mapping/proto/hybrid_grid.pb.cc.o\x1b[0m\n'}
[195.441521] (-) TimerEvent: {}
[195.544137] (-) TimerEvent: {}
[195.646133] (-) TimerEvent: {}
[195.747649] (-) TimerEvent: {}
[195.848027] (-) TimerEvent: {}
[195.898533] (cartographer) StdoutLine: {'line': b'[ 46%] \x1b[32mBuilding CXX object CMakeFiles/cartographer.dir/cartographer/mapping/proto/local_trajectory_builder_options_2d.pb.cc.o\x1b[0m\n'}
[195.948155] (-) TimerEvent: {}
[195.976041] (cartographer) StdoutLine: {'line': b'[ 46%] \x1b[32mBuilding CXX object CMakeFiles/cartographer.dir/cartographer/mapping/proto/local_trajectory_builder_options_3d.pb.cc.o\x1b[0m\n'}
[196.034691] (cartographer) StdoutLine: {'line': b'[ 46%] \x1b[32mBuilding CXX object CMakeFiles/cartographer.dir/cartographer/mapping/proto/map_builder_options.pb.cc.o\x1b[0m\n'}
[196.048261] (-) TimerEvent: {}
[196.148601] (-) TimerEvent: {}
[196.195168] (cartographer) StdoutLine: {'line': b'[ 47%] \x1b[32mBuilding CXX object CMakeFiles/cartographer.dir/cartographer/mapping/proto/map_limits.pb.cc.o\x1b[0m\n'}
[196.248731] (-) TimerEvent: {}
[196.349131] (-) TimerEvent: {}
[196.382291] (cartographer) StdoutLine: {'line': b'[ 47%] \x1b[32mBuilding CXX object CMakeFiles/cartographer.dir/cartographer/mapping/proto/motion_filter_options.pb.cc.o\x1b[0m\n'}
[196.449260] (-) TimerEvent: {}
[196.550130] (-) TimerEvent: {}
[196.650511] (-) TimerEvent: {}
[196.751131] (-) TimerEvent: {}
[196.852135] (-) TimerEvent: {}
[196.952526] (-) TimerEvent: {}
[197.053134] (-) TimerEvent: {}
[197.154133] (-) TimerEvent: {}
[197.254502] (-) TimerEvent: {}
[197.355135] (-) TimerEvent: {}
[197.404509] (cartographer) StdoutLine: {'line': b'[ 47%] \x1b[32mBuilding CXX object CMakeFiles/cartographer.dir/cartographer/mapping/proto/normal_estimation_options_2d.pb.cc.o\x1b[0m\n'}
[197.455258] (-) TimerEvent: {}
[197.555638] (-) TimerEvent: {}
[197.656029] (-) TimerEvent: {}
[197.757134] (-) TimerEvent: {}
[197.857522] (-) TimerEvent: {}
[197.957913] (-) TimerEvent: {}
[198.060287] (-) TimerEvent: {}
[198.105861] (cartographer) StdoutLine: {'line': b'[ 47%] \x1b[32mBuilding CXX object CMakeFiles/cartographer.dir/cartographer/mapping/proto/pose_extrapolator_options.pb.cc.o\x1b[0m\n'}
[198.160423] (-) TimerEvent: {}
[198.231200] (cartographer) StdoutLine: {'line': b'[ 48%] \x1b[32mBuilding CXX object CMakeFiles/cartographer.dir/cartographer/mapping/proto/pose_graph.pb.cc.o\x1b[0m\n'}
[198.261133] (-) TimerEvent: {}
[198.361710] (-) TimerEvent: {}
[198.462093] (-) TimerEvent: {}
[198.563135] (-) TimerEvent: {}
[198.663516] (-) TimerEvent: {}
[198.693192] (cartographer) StdoutLine: {'line': b'[ 48%] \x1b[32mBuilding CXX object CMakeFiles/cartographer.dir/cartographer/mapping/proto/pose_graph/constraint_builder_options.pb.cc.o\x1b[0m\n'}
[198.693568] (cartographer) StdoutLine: {'line': b'[ 48%] \x1b[32mBuilding CXX object CMakeFiles/cartographer.dir/cartographer/mapping/proto/pose_graph/optimization_problem_options.pb.cc.o\x1b[0m\n'}
[198.763650] (-) TimerEvent: {}
[198.864779] (-) TimerEvent: {}
[198.895719] (cartographer) StdoutLine: {'line': b'[ 48%] \x1b[32mBuilding CXX object CMakeFiles/cartographer.dir/cartographer/mapping/proto/pose_graph_options.pb.cc.o\x1b[0m\n'}
[198.965134] (-) TimerEvent: {}
[199.067320] (-) TimerEvent: {}
[199.168489] (-) TimerEvent: {}
[199.270134] (-) TimerEvent: {}
[199.371013] (-) TimerEvent: {}
[199.474149] (-) TimerEvent: {}
[199.509873] (cartographer) StdoutLine: {'line': b'[ 49%] \x1b[32mBuilding CXX object CMakeFiles/cartographer.dir/cartographer/mapping/proto/probability_grid.pb.cc.o\x1b[0m\n'}
[199.574273] (-) TimerEvent: {}
[199.674661] (-) TimerEvent: {}
[199.775070] (-) TimerEvent: {}
[199.802620] (cartographer) StdoutLine: {'line': b'[ 49%] \x1b[32mBuilding CXX object CMakeFiles/cartographer.dir/cartographer/mapping/proto/probability_grid_range_data_inserter_options_2d.pb.cc.o\x1b[0m\n'}
[199.875145] (-) TimerEvent: {}
[199.975527] (-) TimerEvent: {}
[200.075913] (-) TimerEvent: {}
[200.176947] (-) TimerEvent: {}
[200.279135] (-) TimerEvent: {}
[200.380290] (-) TimerEvent: {}
[200.481376] (-) TimerEvent: {}
[200.582132] (-) TimerEvent: {}
[200.683135] (-) TimerEvent: {}
[200.783513] (-) TimerEvent: {}
[200.884136] (-) TimerEvent: {}
[200.956588] (cartographer) StdoutLine: {'line': b'[ 49%] \x1b[32mBuilding CXX object CMakeFiles/cartographer.dir/cartographer/mapping/proto/range_data_inserter_options.pb.cc.o\x1b[0m\n'}
[200.984260] (-) TimerEvent: {}
[201.032707] (cartographer) StdoutLine: {'line': b'[ 49%] \x1b[32mBuilding CXX object CMakeFiles/cartographer.dir/cartographer/mapping/proto/range_data_inserter_options_3d.pb.cc.o\x1b[0m\n'}
[201.084387] (-) TimerEvent: {}
[201.184762] (-) TimerEvent: {}
[201.285143] (-) TimerEvent: {}
[201.386195] (-) TimerEvent: {}
[201.477212] (cartographer) StdoutLine: {'line': b'[ 50%] \x1b[32mBuilding CXX object CMakeFiles/cartographer.dir/cartographer/mapping/proto/scan_matching/ceres_scan_matcher_options_2d.pb.cc.o\x1b[0m\n'}
[201.486321] (-) TimerEvent: {}
[201.498746] (cartographer) StdoutLine: {'line': b'[ 50%] \x1b[32mBuilding CXX object CMakeFiles/cartographer.dir/cartographer/mapping/proto/scan_matching/ceres_scan_matcher_options_3d.pb.cc.o\x1b[0m\n'}
[201.586452] (-) TimerEvent: {}
[201.686839] (-) TimerEvent: {}
[201.787241] (-) TimerEvent: {}
[201.888090] (-) TimerEvent: {}
[201.896852] (cartographer) StdoutLine: {'line': b'[ 50%] \x1b[32mBuilding CXX object CMakeFiles/cartographer.dir/cartographer/mapping/proto/scan_matching/fast_correlative_scan_matcher_options_2d.pb.cc.o\x1b[0m\n'}
[201.989132] (-) TimerEvent: {}
[202.000942] (cartographer) StdoutLine: {'line': b'[ 50%] \x1b[32mBuilding CXX object CMakeFiles/cartographer.dir/cartographer/mapping/proto/scan_matching/fast_correlative_scan_matcher_options_3d.pb.cc.o\x1b[0m\n'}
[202.089252] (-) TimerEvent: {}
[202.189645] (-) TimerEvent: {}
[202.231894] (cartographer) StdoutLine: {'line': b'[ 51%] \x1b[32mBuilding CXX object CMakeFiles/cartographer.dir/cartographer/mapping/proto/scan_matching/real_time_correlative_scan_matcher_options.pb.cc.o\x1b[0m\n'}
[202.289776] (-) TimerEvent: {}
[202.391135] (-) TimerEvent: {}
[202.491562] (-) TimerEvent: {}
[202.591944] (-) TimerEvent: {}
[202.692349] (-) TimerEvent: {}
[202.793130] (-) TimerEvent: {}
[202.893513] (-) TimerEvent: {}
[202.994133] (-) TimerEvent: {}
[203.095138] (-) TimerEvent: {}
[203.195521] (-) TimerEvent: {}
[203.280251] (cartographer) StdoutLine: {'line': b'[ 51%] \x1b[32mBuilding CXX object CMakeFiles/cartographer.dir/cartographer/mapping/proto/serialization.pb.cc.o\x1b[0m\n'}
[203.295641] (-) TimerEvent: {}
[203.396748] (-) TimerEvent: {}
[203.402543] (cartographer) StdoutLine: {'line': b'[ 51%] \x1b[32mBuilding CXX object CMakeFiles/cartographer.dir/cartographer/mapping/proto/submap.pb.cc.o\x1b[0m\n'}
[203.496875] (-) TimerEvent: {}
[203.597254] (-) TimerEvent: {}
[203.698137] (-) TimerEvent: {}
[203.798518] (-) TimerEvent: {}
[203.899136] (-) TimerEvent: {}
[204.000142] (-) TimerEvent: {}
[204.094677] (cartographer) StdoutLine: {'line': b'[ 52%] \x1b[32mBuilding CXX object CMakeFiles/cartographer.dir/cartographer/mapping/proto/submap_visualization.pb.cc.o\x1b[0m\n'}
[204.100259] (-) TimerEvent: {}
[204.201352] (-) TimerEvent: {}
[204.302436] (-) TimerEvent: {}
[204.344477] (cartographer) StdoutLine: {'line': b'[ 52%] \x1b[32mBuilding CXX object CMakeFiles/cartographer.dir/cartographer/mapping/proto/submaps_options_2d.pb.cc.o\x1b[0m\n'}
[204.403136] (-) TimerEvent: {}
[204.409571] (cartographer) StdoutLine: {'line': b'[ 52%] \x1b[32mBuilding CXX object CMakeFiles/cartographer.dir/cartographer/mapping/proto/submaps_options_3d.pb.cc.o\x1b[0m\n'}
[204.503263] (-) TimerEvent: {}
[204.578887] (cartographer) StdoutLine: {'line': b'[ 52%] \x1b[32mBuilding CXX object CMakeFiles/cartographer.dir/cartographer/mapping/proto/trajectory.pb.cc.o\x1b[0m\n'}
[204.604132] (-) TimerEvent: {}
[204.615772] (cartographer) StdoutLine: {'line': b'[ 53%] \x1b[32mBuilding CXX object CMakeFiles/cartographer.dir/cartographer/mapping/proto/trajectory_builder_options.pb.cc.o\x1b[0m\n'}
[204.704254] (-) TimerEvent: {}
[204.804663] (-) TimerEvent: {}
[204.905036] (-) TimerEvent: {}
[205.006133] (-) TimerEvent: {}
[205.106525] (-) TimerEvent: {}
[205.206920] (-) TimerEvent: {}
[205.308138] (-) TimerEvent: {}
[205.408533] (-) TimerEvent: {}
[205.508920] (-) TimerEvent: {}
[205.610136] (-) TimerEvent: {}
[205.710522] (-) TimerEvent: {}
[205.810913] (-) TimerEvent: {}
[205.912134] (-) TimerEvent: {}
[205.930840] (cartographer) StdoutLine: {'line': b'[ 53%] \x1b[32mBuilding CXX object CMakeFiles/cartographer.dir/cartographer/mapping/proto/trajectory_node_data.pb.cc.o\x1b[0m\n'}
[206.012260] (-) TimerEvent: {}
[206.113104] (-) TimerEvent: {}
[206.213469] (-) TimerEvent: {}
[206.313855] (-) TimerEvent: {}
[206.414888] (-) TimerEvent: {}
[206.516429] (-) TimerEvent: {}
[206.613199] (cartographer) StdoutLine: {'line': b'[ 53%] \x1b[32mBuilding CXX object CMakeFiles/cartographer.dir/cartographer/mapping/proto/tsdf_2d.pb.cc.o\x1b[0m\n'}
[206.616552] (-) TimerEvent: {}
[206.717132] (-) TimerEvent: {}
[206.819880] (-) TimerEvent: {}
[206.921392] (-) TimerEvent: {}
[206.992867] (cartographer) StdoutLine: {'line': b'[ 53%] \x1b[32mBuilding CXX object CMakeFiles/cartographer.dir/cartographer/mapping/proto/tsdf_range_data_inserter_options_2d.pb.cc.o\x1b[0m\n'}
[207.021516] (-) TimerEvent: {}
[207.121907] (-) TimerEvent: {}
[207.222365] (-) TimerEvent: {}
[207.323132] (-) TimerEvent: {}
[207.423899] (-) TimerEvent: {}
[207.527928] (-) TimerEvent: {}
[207.629296] (-) TimerEvent: {}
[207.730363] (-) TimerEvent: {}
[207.831450] (-) TimerEvent: {}
[207.932535] (cartographer) StdoutLine: {'line': b'[ 54%] \x1b[32mBuilding CXX object CMakeFiles/cartographer.dir/cartographer/sensor/proto/adaptive_voxel_filter_options.pb.cc.o\x1b[0m\n'}
[207.932915] (-) TimerEvent: {}
[208.033254] (-) TimerEvent: {}
[208.133656] (-) TimerEvent: {}
[208.187097] (cartographer) StdoutLine: {'line': b'[ 54%] \x1b[32mBuilding CXX object CMakeFiles/cartographer.dir/cartographer/sensor/proto/sensor.pb.cc.o\x1b[0m\n'}
[208.233783] (-) TimerEvent: {}
[208.334806] (-) TimerEvent: {}
[208.436068] (-) TimerEvent: {}
[208.539466] (-) TimerEvent: {}
[208.614120] (cartographer) StdoutLine: {'line': b'[ 54%] \x1b[32mBuilding CXX object CMakeFiles/cartographer.dir/cartographer/transform/proto/timestamped_transform.pb.cc.o\x1b[0m\n'}
[208.639590] (-) TimerEvent: {}
[208.739986] (-) TimerEvent: {}
[208.840375] (-) TimerEvent: {}
[208.899189] (cartographer) StdoutLine: {'line': b'[ 54%] \x1b[32mBuilding CXX object CMakeFiles/cartographer.dir/cartographer/transform/proto/transform.pb.cc.o\x1b[0m\n'}
[208.941134] (-) TimerEvent: {}
[209.041515] (-) TimerEvent: {}
[209.141890] (-) TimerEvent: {}
[209.242270] (-) TimerEvent: {}
[209.342637] (-) TimerEvent: {}
[209.443007] (-) TimerEvent: {}
[209.543406] (-) TimerEvent: {}
[209.643785] (-) TimerEvent: {}
[209.744160] (-) TimerEvent: {}
[209.844521] (-) TimerEvent: {}
[209.944891] (-) TimerEvent: {}
[210.045302] (-) TimerEvent: {}
[210.145630] (-) TimerEvent: {}
[210.245950] (-) TimerEvent: {}
[210.346269] (-) TimerEvent: {}
[210.446580] (-) TimerEvent: {}
[210.546892] (-) TimerEvent: {}
[210.647214] (-) TimerEvent: {}
[210.747534] (-) TimerEvent: {}
[210.847857] (-) TimerEvent: {}
[210.948176] (-) TimerEvent: {}
[211.048486] (-) TimerEvent: {}
[211.148808] (-) TimerEvent: {}
[211.249131] (-) TimerEvent: {}
[211.349440] (-) TimerEvent: {}
[211.449722] (-) TimerEvent: {}
[211.487684] (cartographer) StdoutLine: {'line': b'[ 55%] \x1b[32m\x1b[1mLinking CXX static library libcartographer.a\x1b[0m\n'}
[211.549866] (-) TimerEvent: {}
[211.650203] (-) TimerEvent: {}
[211.725118] (cartographer) StdoutLine: {'line': b'[ 55%] Built target cartographer\n'}
[211.750323] (-) TimerEvent: {}
[211.750636] (cartographer) StdoutLine: {'line': b'[ 55%] \x1b[32mBuilding CXX object CMakeFiles/cartographer_autogenerate_ground_truth.dir/cartographer/ground_truth/autogenerate_ground_truth_main.cc.o\x1b[0m\n'}
[211.750920] (cartographer) StdoutLine: {'line': b'[ 55%] \x1b[32mBuilding CXX object gmock/CMakeFiles/gmock_main.dir/src/gmock_main.cc.o\x1b[0m\n'}
[211.751121] (cartographer) StdoutLine: {'line': b'[ 55%] \x1b[32mBuilding CXX object CMakeFiles/cartographer_compute_relations_metrics.dir/cartographer/ground_truth/compute_relations_metrics_main.cc.o\x1b[0m\n'}
[211.850445] (-) TimerEvent: {}
[211.950756] (-) TimerEvent: {}
[212.051077] (-) TimerEvent: {}
[212.151390] (-) TimerEvent: {}
[212.251705] (-) TimerEvent: {}
[212.352023] (-) TimerEvent: {}
[212.452328] (-) TimerEvent: {}
[212.552661] (-) TimerEvent: {}
[212.652991] (-) TimerEvent: {}
[212.753318] (-) TimerEvent: {}
[212.853628] (-) TimerEvent: {}
[212.954067] (-) TimerEvent: {}
[213.054391] (-) TimerEvent: {}
[213.154726] (-) TimerEvent: {}
[213.255045] (-) TimerEvent: {}
[213.355352] (-) TimerEvent: {}
[213.382302] (cartographer) StdoutLine: {'line': b'[ 55%] \x1b[32m\x1b[1mLinking CXX static library ../lib/libgmock_main.a\x1b[0m\n'}
[213.428405] (cartographer) StdoutLine: {'line': b'[ 55%] Built target gmock_main\n'}
[213.456739] (-) TimerEvent: {}
[213.462222] (cartographer) StdoutLine: {'line': b'[ 55%] \x1b[32mBuilding CXX object CMakeFiles/cartographer_pbstream.dir/cartographer/io/pbstream_main.cc.o\x1b[0m\n'}
[213.462565] (cartographer) StdoutLine: {'line': b'[ 55%] \x1b[32mBuilding CXX object CMakeFiles/cartographer_print_configuration.dir/cartographer/common/print_configuration_main.cc.o\x1b[0m\n'}
[213.470695] (cartographer) StdoutLine: {'line': b'[ 56%] \x1b[32mBuilding CXX object CMakeFiles/cartographer_test_library.dir/cartographer/io/fake_file_writer_test.cc.o\x1b[0m\n'}
[213.472196] (cartographer) StdoutLine: {'line': b'[ 56%] \x1b[32mBuilding CXX object CMakeFiles/cartographer_test_library.dir/cartographer/io/fake_file_writer.cc.o\x1b[0m\n'}
[213.473025] (cartographer) StdoutLine: {'line': b'[ 56%] \x1b[32mBuilding CXX object CMakeFiles/cartographer_test_library.dir/cartographer/io/internal/testing/test_helpers.cc.o\x1b[0m\n'}
[213.474197] (cartographer) StdoutLine: {'line': b'[ 56%] \x1b[32mBuilding CXX object CMakeFiles/cartographer_test_library.dir/cartographer/mapping/internal/testing/test_helpers.cc.o\x1b[0m\n'}
[213.557120] (-) TimerEvent: {}
[213.658129] (-) TimerEvent: {}
[213.758545] (-) TimerEvent: {}
[213.859121] (-) TimerEvent: {}
[213.959830] (-) TimerEvent: {}
[214.062336] (-) TimerEvent: {}
[214.162725] (-) TimerEvent: {}
[214.263133] (-) TimerEvent: {}
[214.363740] (-) TimerEvent: {}
[214.464147] (-) TimerEvent: {}
[214.565155] (-) TimerEvent: {}
[214.667135] (-) TimerEvent: {}
[214.767628] (-) TimerEvent: {}
[214.868016] (-) TimerEvent: {}
[214.968647] (-) TimerEvent: {}
[215.069437] (-) TimerEvent: {}
[215.170132] (-) TimerEvent: {}
[215.271138] (-) TimerEvent: {}
[215.371539] (-) TimerEvent: {}
[215.472021] (-) TimerEvent: {}
[215.573136] (-) TimerEvent: {}
[215.673528] (-) TimerEvent: {}
[215.773925] (-) TimerEvent: {}
[215.875295] (-) TimerEvent: {}
[215.975723] (-) TimerEvent: {}
[216.076133] (-) TimerEvent: {}
[216.141208] (cartographer) StdoutLine: {'line': b'[ 57%] \x1b[32m\x1b[1mLinking CXX executable cartographer_pbstream\x1b[0m\n'}
[216.177142] (-) TimerEvent: {}
[216.277599] (-) TimerEvent: {}
[216.378011] (-) TimerEvent: {}
[216.479142] (-) TimerEvent: {}
[216.579556] (-) TimerEvent: {}
[216.679963] (-) TimerEvent: {}
[216.758123] (cartographer) StdoutLine: {'line': b'[ 57%] Built target cartographer_pbstream\n'}
[216.780107] (-) TimerEvent: {}
[216.880513] (-) TimerEvent: {}
[216.981135] (-) TimerEvent: {}
[217.082132] (-) TimerEvent: {}
[217.182537] (-) TimerEvent: {}
[217.283133] (-) TimerEvent: {}
[217.384135] (-) TimerEvent: {}
[217.484538] (-) TimerEvent: {}
[217.585135] (-) TimerEvent: {}
[217.686131] (-) TimerEvent: {}
[217.786525] (-) TimerEvent: {}
[217.887130] (-) TimerEvent: {}
[217.907397] (cartographer) StdoutLine: {'line': b'[ 57%] \x1b[32m\x1b[1mLinking CXX executable cartographer_print_configuration\x1b[0m\n'}
[217.988138] (-) TimerEvent: {}
[218.089282] (-) TimerEvent: {}
[218.144122] (cartographer) StdoutLine: {'line': b'[ 57%] Built target cartographer_print_configuration\n'}
[218.189412] (-) TimerEvent: {}
[218.274883] (cartographer) StdoutLine: {'line': b'[ 58%] \x1b[32m\x1b[1mLinking CXX executable cartographer_autogenerate_ground_truth\x1b[0m\n'}
[218.290133] (-) TimerEvent: {}
[218.390537] (-) TimerEvent: {}
[218.490932] (-) TimerEvent: {}
[218.591409] (-) TimerEvent: {}
[218.655147] (cartographer) StdoutLine: {'line': b'[ 58%] Built target cartographer_autogenerate_ground_truth\n'}
[218.691533] (-) TimerEvent: {}
[218.791896] (-) TimerEvent: {}
[218.892298] (-) TimerEvent: {}
[218.992666] (-) TimerEvent: {}
[219.093027] (-) TimerEvent: {}
[219.193426] (-) TimerEvent: {}
[219.293792] (-) TimerEvent: {}
[219.394154] (-) TimerEvent: {}
[219.400973] (cartographer) StdoutLine: {'line': b'[ 58%] \x1b[32m\x1b[1mLinking CXX executable cartographer_compute_relations_metrics\x1b[0m\n'}
[219.494259] (-) TimerEvent: {}
[219.594586] (-) TimerEvent: {}
[219.638274] (cartographer) StdoutLine: {'line': b'[ 58%] Built target cartographer_compute_relations_metrics\n'}
[219.694738] (-) TimerEvent: {}
[219.795089] (-) TimerEvent: {}
[219.895417] (-) TimerEvent: {}
[219.995743] (-) TimerEvent: {}
[220.096114] (-) TimerEvent: {}
[220.196450] (-) TimerEvent: {}
[220.296787] (-) TimerEvent: {}
[220.397121] (-) TimerEvent: {}
[220.497451] (-) TimerEvent: {}
[220.597796] (-) TimerEvent: {}
[220.698124] (-) TimerEvent: {}
[220.798448] (-) TimerEvent: {}
[220.898765] (-) TimerEvent: {}
[220.999107] (-) TimerEvent: {}
[221.099409] (-) TimerEvent: {}
[221.199724] (-) TimerEvent: {}
[221.278176] (cartographer) StdoutLine: {'line': b'[ 58%] \x1b[32m\x1b[1mLinking CXX static library libcartographer_test_library.a\x1b[0m\n'}
[221.299865] (-) TimerEvent: {}
[221.319764] (cartographer) StdoutLine: {'line': b'[ 58%] Built target cartographer_test_library\n'}
[221.346246] (cartographer) StdoutLine: {'line': b'[ 58%] \x1b[32mBuilding CXX object CMakeFiles/cartographer.common.internal.blocking_queue_test.dir/cartographer/common/internal/blocking_queue_test.cc.o\x1b[0m\n'}
[221.348592] (cartographer) StdoutLine: {'line': b'[ 58%] \x1b[32mBuilding CXX object CMakeFiles/cartographer.common.configuration_files_test.dir/cartographer/common/configuration_files_test.cc.o\x1b[0m\n'}
[221.348947] (cartographer) StdoutLine: {'line': b'[ 58%] \x1b[32mBuilding CXX object CMakeFiles/cartographer.common.fixed_ratio_sampler_test.dir/cartographer/common/fixed_ratio_sampler_test.cc.o\x1b[0m\n'}
[221.349997] (cartographer) StdoutLine: {'line': b'[ 58%] \x1b[32mBuilding CXX object CMakeFiles/cartographer.common.internal.rate_timer_test.dir/cartographer/common/internal/rate_timer_test.cc.o\x1b[0m\n'}
[221.351198] (cartographer) StdoutLine: {'line': b'[ 58%] \x1b[32mBuilding CXX object CMakeFiles/cartographer.common.lua_parameter_dictionary_test.dir/cartographer/common/lua_parameter_dictionary_test.cc.o\x1b[0m\n'}
[221.399997] (-) TimerEvent: {}
[221.500399] (-) TimerEvent: {}
[221.600741] (-) TimerEvent: {}
[221.701079] (-) TimerEvent: {}
[221.801418] (-) TimerEvent: {}
[221.901745] (-) TimerEvent: {}
[222.002083] (-) TimerEvent: {}
[222.102421] (-) TimerEvent: {}
[222.202791] (-) TimerEvent: {}
[222.303155] (-) TimerEvent: {}
[222.380931] (cartographer) StdoutLine: {'line': b'[ 58%] \x1b[32mBuilding CXX object CMakeFiles/cartographer.common.thread_pool_test.dir/cartographer/common/thread_pool_test.cc.o\x1b[0m\n'}
[222.390194] (cartographer) StdoutLine: {'line': b'[ 58%] \x1b[32mBuilding CXX object CMakeFiles/cartographer.common.math_test.dir/cartographer/common/math_test.cc.o\x1b[0m\n'}
[222.396992] (cartographer) StdoutLine: {'line': b'[ 58%] \x1b[32mBuilding CXX object CMakeFiles/cartographer.common.task_test.dir/cartographer/common/task_test.cc.o\x1b[0m\n'}
[222.403264] (-) TimerEvent: {}
[222.503674] (-) TimerEvent: {}
[222.606484] (-) TimerEvent: {}
[222.706832] (-) TimerEvent: {}
[222.807193] (-) TimerEvent: {}
[222.907549] (-) TimerEvent: {}
[223.008012] (-) TimerEvent: {}
[223.108505] (-) TimerEvent: {}
[223.209134] (-) TimerEvent: {}
[223.310142] (-) TimerEvent: {}
[223.410531] (-) TimerEvent: {}
[223.511132] (-) TimerEvent: {}
[223.612426] (-) TimerEvent: {}
[223.712815] (-) TimerEvent: {}
[223.813916] (-) TimerEvent: {}
[223.915135] (-) TimerEvent: {}
[224.015606] (-) TimerEvent: {}
[224.115971] (-) TimerEvent: {}
[224.217132] (-) TimerEvent: {}
[224.317505] (-) TimerEvent: {}
[224.417889] (-) TimerEvent: {}
[224.519141] (-) TimerEvent: {}
[224.619546] (-) TimerEvent: {}
[224.719941] (-) TimerEvent: {}
[224.821140] (-) TimerEvent: {}
[224.921528] (-) TimerEvent: {}
[225.021920] (-) TimerEvent: {}
[225.123144] (-) TimerEvent: {}
[225.223551] (-) TimerEvent: {}
[225.323945] (-) TimerEvent: {}
[225.425135] (-) TimerEvent: {}
[225.525528] (-) TimerEvent: {}
[225.625927] (-) TimerEvent: {}
[225.727138] (-) TimerEvent: {}
[225.827532] (-) TimerEvent: {}
[225.849748] (cartographer) StdoutLine: {'line': b'[ 59%] \x1b[32m\x1b[1mLinking CXX executable cartographer.common.fixed_ratio_sampler_test\x1b[0m\n'}
[225.927659] (-) TimerEvent: {}
[226.028075] (-) TimerEvent: {}
[226.129136] (-) TimerEvent: {}
[226.162229] (cartographer) StdoutLine: {'line': b'[ 59%] Built target cartographer.common.fixed_ratio_sampler_test\n'}
[226.211229] (cartographer) StdoutLine: {'line': b'[ 59%] \x1b[32mBuilding CXX object CMakeFiles/cartographer.io.fake_file_writer_test.dir/cartographer/io/fake_file_writer_test.cc.o\x1b[0m\n'}
[226.230137] (-) TimerEvent: {}
[226.330574] (-) TimerEvent: {}
[226.431008] (-) TimerEvent: {}
[226.532499] (-) TimerEvent: {}
[226.632889] (-) TimerEvent: {}
[226.734136] (-) TimerEvent: {}
[226.834535] (-) TimerEvent: {}
[226.934928] (-) TimerEvent: {}
[227.038514] (-) TimerEvent: {}
[227.138913] (-) TimerEvent: {}
[227.239414] (-) TimerEvent: {}
[227.339880] (-) TimerEvent: {}
[227.440334] (-) TimerEvent: {}
[227.540724] (-) TimerEvent: {}
[227.641211] (-) TimerEvent: {}
[227.741706] (-) TimerEvent: {}
[227.842134] (-) TimerEvent: {}
[227.944147] (-) TimerEvent: {}
[228.044557] (-) TimerEvent: {}
[228.144974] (-) TimerEvent: {}
[228.245394] (-) TimerEvent: {}
[228.345802] (-) TimerEvent: {}
[228.415230] (cartographer) StdoutLine: {'line': b'[ 60%] \x1b[32m\x1b[1mLinking CXX executable cartographer.common.thread_pool_test\x1b[0m\n'}
[228.445933] (-) TimerEvent: {}
[228.546346] (-) TimerEvent: {}
[228.648148] (-) TimerEvent: {}
[228.686824] (cartographer) StdoutLine: {'line': b'[ 61%] \x1b[32m\x1b[1mLinking CXX executable cartographer.common.internal.rate_timer_test\x1b[0m\n'}
[228.724721] (cartographer) StdoutLine: {'line': b'[ 61%] Built target cartographer.common.thread_pool_test\n'}
[228.749143] (-) TimerEvent: {}
[228.776215] (cartographer) StdoutLine: {'line': b'[ 61%] \x1b[32mBuilding CXX object CMakeFiles/cartographer.io.internal.in_memory_proto_stream_test.dir/cartographer/io/internal/in_memory_proto_stream_test.cc.o\x1b[0m\n'}
[228.849269] (-) TimerEvent: {}
[228.949637] (-) TimerEvent: {}
[228.982246] (cartographer) StdoutLine: {'line': b'[ 61%] Built target cartographer.common.internal.rate_timer_test\n'}
[229.041042] (cartographer) StdoutLine: {'line': b'[ 61%] \x1b[32mBuilding CXX object CMakeFiles/cartographer.io.points_processor_pipeline_builder_test.dir/cartographer/io/points_processor_pipeline_builder_test.cc.o\x1b[0m\n'}
[229.049769] (-) TimerEvent: {}
[229.150311] (-) TimerEvent: {}
[229.251137] (-) TimerEvent: {}
[229.351514] (-) TimerEvent: {}
[229.452136] (-) TimerEvent: {}
[229.553134] (-) TimerEvent: {}
[229.607566] (cartographer) StdoutLine: {'line': b'[ 61%] \x1b[32m\x1b[1mLinking CXX executable cartographer.common.internal.blocking_queue_test\x1b[0m\n'}
[229.653265] (-) TimerEvent: {}
[229.754137] (-) TimerEvent: {}
[229.822860] (cartographer) StdoutLine: {'line': b'[ 61%] \x1b[32m\x1b[1mLinking CXX executable cartographer.common.lua_parameter_dictionary_test\x1b[0m\n'}
[229.855138] (-) TimerEvent: {}
[229.924961] (cartographer) StdoutLine: {'line': b'[ 61%] Built target cartographer.common.internal.blocking_queue_test\n'}
[229.955256] (-) TimerEvent: {}
[229.974561] (cartographer) StdoutLine: {'line': b'[ 61%] \x1b[32mBuilding CXX object CMakeFiles/cartographer.io.probability_grid_points_processor_test.dir/cartographer/io/probability_grid_points_processor_test.cc.o\x1b[0m\n'}
[230.056131] (-) TimerEvent: {}
[230.076691] (cartographer) StdoutLine: {'line': b'[ 62%] \x1b[32m\x1b[1mLinking CXX executable cartographer.common.math_test\x1b[0m\n'}
[230.148871] (cartographer) StdoutLine: {'line': b'[ 62%] Built target cartographer.common.lua_parameter_dictionary_test\n'}
[230.157141] (-) TimerEvent: {}
[230.197576] (cartographer) StdoutLine: {'line': b'[ 62%] \x1b[32mBuilding CXX object CMakeFiles/cartographer.io.proto_stream_deserializer_test.dir/cartographer/io/proto_stream_deserializer_test.cc.o\x1b[0m\n'}
[230.258144] (-) TimerEvent: {}
[230.358603] (-) TimerEvent: {}
[230.366025] (cartographer) StdoutLine: {'line': b'[ 62%] Built target cartographer.common.math_test\n'}
[230.412854] (cartographer) StdoutLine: {'line': b'[ 63%] \x1b[32mBuilding CXX object CMakeFiles/cartographer.io.proto_stream_test.dir/cartographer/io/proto_stream_test.cc.o\x1b[0m\n'}
[230.459095] (-) TimerEvent: {}
[230.559591] (-) TimerEvent: {}
[230.572780] (cartographer) StdoutLine: {'line': b'[ 63%] \x1b[32m\x1b[1mLinking CXX executable cartographer.common.configuration_files_test\x1b[0m\n'}
[230.659724] (-) TimerEvent: {}
[230.760544] (-) TimerEvent: {}
[230.860951] (-) TimerEvent: {}
[230.961378] (-) TimerEvent: {}
[231.061760] (-) TimerEvent: {}
[231.162152] (-) TimerEvent: {}
[231.201990] (cartographer) StdoutLine: {'line': b'[ 63%] Built target cartographer.common.configuration_files_test\n'}
[231.250096] (cartographer) StdoutLine: {'line': b'[ 63%] \x1b[32mBuilding CXX object CMakeFiles/cartographer.io.serialization_format_migration_test.dir/cartographer/io/serialization_format_migration_test.cc.o\x1b[0m\n'}
[231.262273] (-) TimerEvent: {}
[231.363136] (-) TimerEvent: {}
[231.463523] (-) TimerEvent: {}
[231.564135] (-) TimerEvent: {}
[231.665134] (-) TimerEvent: {}
[231.765520] (-) TimerEvent: {}
[231.865948] (-) TimerEvent: {}
[231.967136] (-) TimerEvent: {}
[231.981124] (cartographer) StdoutLine: {'line': b'[ 63%] \x1b[32m\x1b[1mLinking CXX executable cartographer.common.task_test\x1b[0m\n'}
[232.067262] (-) TimerEvent: {}
[232.167643] (-) TimerEvent: {}
[232.268133] (-) TimerEvent: {}
[232.286447] (cartographer) StdoutLine: {'line': b'[ 63%] Built target cartographer.common.task_test\n'}
[232.332583] (cartographer) StdoutLine: {'line': b'[ 64%] \x1b[32mBuilding CXX object CMakeFiles/cartographer.mapping.2d.map_limits_test.dir/cartographer/mapping/2d/map_limits_test.cc.o\x1b[0m\n'}
[232.368256] (-) TimerEvent: {}
[232.469035] (-) TimerEvent: {}
[232.570146] (-) TimerEvent: {}
[232.671132] (-) TimerEvent: {}
[232.771505] (-) TimerEvent: {}
[232.879155] (-) TimerEvent: {}
[232.979585] (-) TimerEvent: {}
[233.079974] (-) TimerEvent: {}
[233.181138] (-) TimerEvent: {}
[233.281540] (-) TimerEvent: {}
[233.381930] (-) TimerEvent: {}
[233.483141] (-) TimerEvent: {}
[233.541197] (cartographer) StdoutLine: {'line': b'[ 64%] \x1b[32m\x1b[1mLinking CXX executable cartographer.io.fake_file_writer_test\x1b[0m\n'}
[233.583277] (-) TimerEvent: {}
[233.683785] (-) TimerEvent: {}
[233.786380] (-) TimerEvent: {}
[233.845955] (cartographer) StdoutLine: {'line': b'[ 64%] Built target cartographer.io.fake_file_writer_test\n'}
[233.886508] (-) TimerEvent: {}
[233.893623] (cartographer) StdoutLine: {'line': b'[ 64%] \x1b[32mBuilding CXX object CMakeFiles/cartographer.mapping.2d.probability_grid_test.dir/cartographer/mapping/2d/probability_grid_test.cc.o\x1b[0m\n'}
[233.987152] (-) TimerEvent: {}
[234.087815] (-) TimerEvent: {}
[234.189139] (-) TimerEvent: {}
[234.289539] (-) TimerEvent: {}
[234.389927] (-) TimerEvent: {}
[234.491153] (-) TimerEvent: {}
[234.591559] (-) TimerEvent: {}
[234.691996] (-) TimerEvent: {}
[234.793135] (-) TimerEvent: {}
[234.893525] (-) TimerEvent: {}
[234.993925] (-) TimerEvent: {}
[235.095136] (-) TimerEvent: {}
[235.195527] (-) TimerEvent: {}
[235.295919] (-) TimerEvent: {}
[235.397136] (-) TimerEvent: {}
[235.497530] (-) TimerEvent: {}
[235.597921] (-) TimerEvent: {}
[235.699135] (-) TimerEvent: {}
[235.799533] (-) TimerEvent: {}
[235.899930] (-) TimerEvent: {}
[236.001433] (-) TimerEvent: {}
[236.101866] (-) TimerEvent: {}
[236.202320] (-) TimerEvent: {}
[236.303141] (-) TimerEvent: {}
[236.403540] (-) TimerEvent: {}
[236.504138] (-) TimerEvent: {}
[236.605140] (-) TimerEvent: {}
[236.705540] (-) TimerEvent: {}
[236.773231] (cartographer) StdoutLine: {'line': b'[ 64%] \x1b[32m\x1b[1mLinking CXX executable cartographer.io.proto_stream_test\x1b[0m\n'}
[236.805712] (-) TimerEvent: {}
[236.848490] (cartographer) StdoutLine: {'line': b'[ 65%] \x1b[32m\x1b[1mLinking CXX executable cartographer.io.internal.in_memory_proto_stream_test\x1b[0m\n'}
[236.905844] (-) TimerEvent: {}
[237.006268] (-) TimerEvent: {}
[237.106677] (-) TimerEvent: {}
[237.150722] (cartographer) StdoutLine: {'line': b'[ 65%] Built target cartographer.io.proto_stream_test\n'}
[237.200201] (cartographer) StdoutLine: {'line': b'[ 66%] \x1b[32mBuilding CXX object CMakeFiles/cartographer.mapping.2d.range_data_inserter_2d_test.dir/cartographer/mapping/2d/range_data_inserter_2d_test.cc.o\x1b[0m\n'}
[237.206799] (-) TimerEvent: {}
[237.292720] (cartographer) StdoutLine: {'line': b'[ 66%] Built target cartographer.io.internal.in_memory_proto_stream_test\n'}
[237.306929] (-) TimerEvent: {}
[237.340666] (cartographer) StdoutLine: {'line': b'[ 66%] \x1b[32mBuilding CXX object CMakeFiles/cartographer.mapping.2d.submap_2d_test.dir/cartographer/mapping/2d/submap_2d_test.cc.o\x1b[0m\n'}
[237.407070] (-) TimerEvent: {}
[237.507446] (-) TimerEvent: {}
[237.607833] (-) TimerEvent: {}
[237.709137] (-) TimerEvent: {}
[237.809523] (-) TimerEvent: {}
[237.909892] (-) TimerEvent: {}
[238.012143] (-) TimerEvent: {}
[238.112533] (-) TimerEvent: {}
[238.212931] (-) TimerEvent: {}
[238.313314] (-) TimerEvent: {}
[238.414133] (-) TimerEvent: {}
[238.514511] (-) TimerEvent: {}
[238.615133] (-) TimerEvent: {}
[238.716138] (-) TimerEvent: {}
[238.794673] (cartographer) StdoutLine: {'line': b'[ 66%] \x1b[32m\x1b[1mLinking CXX executable cartographer.io.points_processor_pipeline_builder_test\x1b[0m\n'}
[238.816263] (-) TimerEvent: {}
[238.917291] (-) TimerEvent: {}
[239.018144] (-) TimerEvent: {}
[239.119136] (-) TimerEvent: {}
[239.219661] (-) TimerEvent: {}
[239.281218] (cartographer) StdoutLine: {'line': b'[ 66%] Built target cartographer.io.points_processor_pipeline_builder_test\n'}
[239.320138] (-) TimerEvent: {}
[239.330229] (cartographer) StdoutLine: {'line': b'[ 67%] \x1b[32mBuilding CXX object CMakeFiles/cartographer.mapping.2d.xy_index_test.dir/cartographer/mapping/2d/xy_index_test.cc.o\x1b[0m\n'}
[239.421132] (-) TimerEvent: {}
[239.521990] (-) TimerEvent: {}
[239.622381] (-) TimerEvent: {}
[239.632825] (cartographer) StdoutLine: {'line': b'[ 67%] \x1b[32m\x1b[1mLinking CXX executable cartographer.io.proto_stream_deserializer_test\x1b[0m\n'}
[239.723132] (-) TimerEvent: {}
[239.823509] (-) TimerEvent: {}
[239.924132] (-) TimerEvent: {}
[240.025146] (-) TimerEvent: {}
[240.084739] (cartographer) StdoutLine: {'line': b'[ 67%] Built target cartographer.io.proto_stream_deserializer_test\n'}
[240.126140] (-) TimerEvent: {}
[240.133383] (cartographer) StdoutLine: {'line': b'[ 67%] \x1b[32mBuilding CXX object CMakeFiles/cartographer.mapping.3d.hybrid_grid_test.dir/cartographer/mapping/3d/hybrid_grid_test.cc.o\x1b[0m\n'}
[240.227135] (-) TimerEvent: {}
[240.327553] (-) TimerEvent: {}
[240.427988] (-) TimerEvent: {}
[240.529135] (-) TimerEvent: {}
[240.629507] (-) TimerEvent: {}
[240.729883] (-) TimerEvent: {}
[240.831133] (-) TimerEvent: {}
[240.931515] (-) TimerEvent: {}
[241.031894] (-) TimerEvent: {}
[241.133134] (-) TimerEvent: {}
[241.233508] (-) TimerEvent: {}
[241.333883] (-) TimerEvent: {}
[241.435132] (-) TimerEvent: {}
[241.535527] (-) TimerEvent: {}
[241.635907] (-) TimerEvent: {}
[241.737138] (-) TimerEvent: {}
[241.837521] (-) TimerEvent: {}
[241.937904] (-) TimerEvent: {}
[242.039138] (-) TimerEvent: {}
[242.088247] (cartographer) StdoutLine: {'line': b'[ 67%] \x1b[32m\x1b[1mLinking CXX executable cartographer.mapping.2d.map_limits_test\x1b[0m\n'}
[242.139274] (-) TimerEvent: {}
[242.240138] (-) TimerEvent: {}
[242.340511] (-) TimerEvent: {}
[242.441136] (-) TimerEvent: {}
[242.472224] (cartographer) StdoutLine: {'line': b'[ 67%] Built target cartographer.mapping.2d.map_limits_test\n'}
[242.522203] (cartographer) StdoutLine: {'line': b'[ 68%] \x1b[32mBuilding CXX object CMakeFiles/cartographer.mapping.3d.range_data_inserter_3d_test.dir/cartographer/mapping/3d/range_data_inserter_3d_test.cc.o\x1b[0m\n'}
[242.542135] (-) TimerEvent: {}
[242.642641] (-) TimerEvent: {}
[242.743041] (-) TimerEvent: {}
[242.844135] (-) TimerEvent: {}
[242.944506] (-) TimerEvent: {}
[243.044895] (-) TimerEvent: {}
[243.146137] (-) TimerEvent: {}
[243.246538] (-) TimerEvent: {}
[243.346936] (-) TimerEvent: {}
[243.448140] (-) TimerEvent: {}
[243.500210] (cartographer) StdoutLine: {'line': b'[ 68%] \x1b[32m\x1b[1mLinking CXX executable cartographer.io.serialization_format_migration_test\x1b[0m\n'}
[243.548270] (-) TimerEvent: {}
[243.648674] (-) TimerEvent: {}
[243.749108] (-) TimerEvent: {}
[243.850142] (-) TimerEvent: {}
[243.950548] (-) TimerEvent: {}
[244.051135] (-) TimerEvent: {}
[244.141213] (cartographer) StdoutLine: {'line': b'[ 68%] Built target cartographer.io.serialization_format_migration_test\n'}
[244.151263] (-) TimerEvent: {}
[244.190114] (cartographer) StdoutLine: {'line': b'[ 68%] \x1b[32mBuilding CXX object CMakeFiles/cartographer.mapping.3d.submap_3d_test.dir/cartographer/mapping/3d/submap_3d_test.cc.o\x1b[0m\n'}
[244.214117] (cartographer) StdoutLine: {'line': b'[ 69%] \x1b[32m\x1b[1mLinking CXX executable cartographer.io.probability_grid_points_processor_test\x1b[0m\n'}
[244.252132] (-) TimerEvent: {}
[244.352576] (-) TimerEvent: {}
[244.453014] (-) TimerEvent: {}
[244.554462] (-) TimerEvent: {}
[244.654855] (-) TimerEvent: {}
[244.695123] (cartographer) StdoutLine: {'line': b'[ 69%] Built target cartographer.io.probability_grid_points_processor_test\n'}
[244.754960] (cartographer) StdoutLine: {'line': b'[ 70%] \x1b[32mBuilding CXX object CMakeFiles/cartographer.mapping.id_test.dir/cartographer/mapping/id_test.cc.o\x1b[0m\n'}
[244.755350] (-) TimerEvent: {}
[244.856130] (-) TimerEvent: {}
[244.956515] (-) TimerEvent: {}
[245.057135] (-) TimerEvent: {}
[245.158131] (-) TimerEvent: {}
[245.258525] (-) TimerEvent: {}
[245.359141] (-) TimerEvent: {}
[245.460137] (-) TimerEvent: {}
[245.560532] (-) TimerEvent: {}
[245.661139] (-) TimerEvent: {}
[245.762146] (-) TimerEvent: {}
[245.862541] (-) TimerEvent: {}
[245.962939] (-) TimerEvent: {}
[246.064070] (-) TimerEvent: {}
[246.164670] (-) TimerEvent: {}
[246.265661] (-) TimerEvent: {}
[246.367406] (-) TimerEvent: {}
[246.467888] (-) TimerEvent: {}
[246.569136] (-) TimerEvent: {}
[246.659217] (cartographer) StdoutLine: {'line': b'[ 70%] \x1b[32m\x1b[1mLinking CXX executable cartographer.mapping.2d.probability_grid_test\x1b[0m\n'}
[246.670140] (-) TimerEvent: {}
[246.770547] (-) TimerEvent: {}
[246.871000] (-) TimerEvent: {}
[246.972064] (-) TimerEvent: {}
[247.057123] (cartographer) StdoutLine: {'line': b'[ 70%] Built target cartographer.mapping.2d.probability_grid_test\n'}
[247.073136] (-) TimerEvent: {}
[247.103674] (cartographer) StdoutLine: {'line': b'[ 70%] \x1b[32mBuilding CXX object CMakeFiles/cartographer.mapping.imu_tracker_test.dir/cartographer/mapping/imu_tracker_test.cc.o\x1b[0m\n'}
[247.173277] (-) TimerEvent: {}
[247.273716] (-) TimerEvent: {}
[247.375721] (-) TimerEvent: {}
[247.476362] (-) TimerEvent: {}
[247.576861] (-) TimerEvent: {}
[247.678329] (-) TimerEvent: {}
[247.779017] (-) TimerEvent: {}
[247.880139] (-) TimerEvent: {}
[247.980710] (-) TimerEvent: {}
[248.082150] (-) TimerEvent: {}
[248.182802] (-) TimerEvent: {}
[248.187113] (cartographer) StdoutLine: {'line': b'[ 70%] \x1b[32m\x1b[1mLinking CXX executable cartographer.mapping.2d.xy_index_test\x1b[0m\n'}
[248.282936] (-) TimerEvent: {}
[248.347884] (cartographer) StdoutLine: {'line': b'[ 70%] \x1b[32m\x1b[1mLinking CXX executable cartographer.mapping.2d.range_data_inserter_2d_test\x1b[0m\n'}
[248.383553] (-) TimerEvent: {}
[248.483986] (-) TimerEvent: {}
[248.558224] (cartographer) StdoutLine: {'line': b'[ 70%] Built target cartographer.mapping.2d.xy_index_test\n'}
[248.584123] (-) TimerEvent: {}
[248.622014] (cartographer) StdoutLine: {'line': b'[ 71%] \x1b[32mBuilding CXX object CMakeFiles/cartographer.mapping.internal.2d.normal_estimation_2d_test.dir/cartographer/mapping/internal/2d/normal_estimation_2d_test.cc.o\x1b[0m\n'}
[248.684248] (-) TimerEvent: {}
[248.764214] (cartographer) StdoutLine: {'line': b'[ 71%] Built target cartographer.mapping.2d.range_data_inserter_2d_test\n'}
[248.784371] (-) TimerEvent: {}
[248.812110] (cartographer) StdoutLine: {'line': b'[ 71%] \x1b[32mBuilding CXX object CMakeFiles/cartographer.mapping.internal.2d.overlapping_submaps_trimmer_2d_test.dir/cartographer/mapping/internal/2d/overlapping_submaps_trimmer_2d_test.cc.o\x1b[0m\n'}
[248.885139] (-) TimerEvent: {}
[248.985531] (-) TimerEvent: {}
[249.086133] (-) TimerEvent: {}
[249.187151] (-) TimerEvent: {}
[249.287547] (-) TimerEvent: {}
[249.388134] (-) TimerEvent: {}
[249.489137] (-) TimerEvent: {}
[249.589539] (-) TimerEvent: {}
[249.690131] (-) TimerEvent: {}
[249.791134] (-) TimerEvent: {}
[249.891510] (-) TimerEvent: {}
[249.992136] (-) TimerEvent: {}
[250.093134] (-) TimerEvent: {}
[250.193521] (-) TimerEvent: {}
[250.294143] (-) TimerEvent: {}
[250.395142] (-) TimerEvent: {}
[250.495550] (-) TimerEvent: {}
[250.596134] (-) TimerEvent: {}
[250.697136] (-) TimerEvent: {}
[250.797532] (-) TimerEvent: {}
[250.892131] (cartographer) StdoutLine: {'line': b'[ 71%] \x1b[32m\x1b[1mLinking CXX executable cartographer.mapping.2d.submap_2d_test\x1b[0m\n'}
[250.897665] (-) TimerEvent: {}
[250.998099] (-) TimerEvent: {}
[251.099133] (-) TimerEvent: {}
[251.200140] (-) TimerEvent: {}
[251.300671] (-) TimerEvent: {}
[251.377139] (cartographer) StdoutLine: {'line': b'[ 71%] Built target cartographer.mapping.2d.submap_2d_test\n'}
[251.400804] (-) TimerEvent: {}
[251.425640] (cartographer) StdoutLine: {'line': b'[ 72%] \x1b[32mBuilding CXX object CMakeFiles/cartographer.mapping.internal.2d.pose_graph_2d_test.dir/cartographer/mapping/internal/2d/pose_graph_2d_test.cc.o\x1b[0m\n'}
[251.500933] (-) TimerEvent: {}
[251.602136] (-) TimerEvent: {}
[251.702565] (-) TimerEvent: {}
[251.803147] (-) TimerEvent: {}
[251.904139] (-) TimerEvent: {}
[252.004530] (-) TimerEvent: {}
[252.105137] (-) TimerEvent: {}
[252.206140] (-) TimerEvent: {}
[252.306547] (-) TimerEvent: {}
[252.406954] (-) TimerEvent: {}
[252.508138] (-) TimerEvent: {}
[252.608534] (-) TimerEvent: {}
[252.708944] (-) TimerEvent: {}
[252.810142] (-) TimerEvent: {}
[252.910563] (-) TimerEvent: {}
[253.010959] (-) TimerEvent: {}
[253.112139] (-) TimerEvent: {}
[253.212545] (-) TimerEvent: {}
[253.312930] (-) TimerEvent: {}
[253.414142] (-) TimerEvent: {}
[253.514551] (-) TimerEvent: {}
[253.615490] (-) TimerEvent: {}
[253.716134] (-) TimerEvent: {}
[253.817138] (-) TimerEvent: {}
[253.917539] (-) TimerEvent: {}
[254.018639] (-) TimerEvent: {}
[254.121407] (-) TimerEvent: {}
[254.221939] (-) TimerEvent: {}
[254.322851] (-) TimerEvent: {}
[254.423652] (-) TimerEvent: {}
[254.524068] (-) TimerEvent: {}
[254.625142] (-) TimerEvent: {}
[254.725532] (-) TimerEvent: {}
[254.825909] (-) TimerEvent: {}
[254.852121] (cartographer) StdoutLine: {'line': b'[ 72%] \x1b[32m\x1b[1mLinking CXX executable cartographer.mapping.imu_tracker_test\x1b[0m\n'}
[254.926041] (-) TimerEvent: {}
[255.027138] (-) TimerEvent: {}
[255.127530] (-) TimerEvent: {}
[255.153605] (cartographer) StdoutLine: {'line': b'[ 72%] Built target cartographer.mapping.imu_tracker_test\n'}
[255.201128] (cartographer) StdoutLine: {'line': b'[ 72%] \x1b[32mBuilding CXX object CMakeFiles/cartographer.mapping.internal.2d.ray_to_pixel_mask_test.dir/cartographer/mapping/internal/2d/ray_to_pixel_mask_test.cc.o\x1b[0m\n'}
[255.227650] (-) TimerEvent: {}
[255.248132] (cartographer) StdoutLine: {'line': b'[ 72%] \x1b[32m\x1b[1mLinking CXX executable cartographer.mapping.3d.range_data_inserter_3d_test\x1b[0m\n'}
[255.327788] (-) TimerEvent: {}
[255.428207] (-) TimerEvent: {}
[255.528610] (-) TimerEvent: {}
[255.601565] (cartographer) StdoutLine: {'line': b'[ 72%] Built target cartographer.mapping.3d.range_data_inserter_3d_test\n'}
[255.628735] (-) TimerEvent: {}
[255.648336] (cartographer) StdoutLine: {'line': b'[ 73%] \x1b[32mBuilding CXX object CMakeFiles/cartographer.mapping.internal.2d.scan_matching.ceres_scan_matcher_2d_test.dir/cartographer/mapping/internal/2d/scan_matching/ceres_scan_matcher_2d_test.cc.o\x1b[0m\n'}
[255.728866] (-) TimerEvent: {}
[255.829272] (-) TimerEvent: {}
[255.930138] (-) TimerEvent: {}
[256.030537] (-) TimerEvent: {}
[256.131136] (-) TimerEvent: {}
[256.232134] (-) TimerEvent: {}
[256.332525] (-) TimerEvent: {}
[256.435139] (-) TimerEvent: {}
[256.535541] (-) TimerEvent: {}
[256.635934] (-) TimerEvent: {}
[256.736338] (-) TimerEvent: {}
[256.836728] (-) TimerEvent: {}
[256.937135] (-) TimerEvent: {}
[257.037532] (-) TimerEvent: {}
[257.138142] (-) TimerEvent: {}
[257.239135] (-) TimerEvent: {}
[257.320908] (cartographer) StdoutLine: {'line': b'[ 73%] \x1b[32m\x1b[1mLinking CXX executable cartographer.mapping.3d.submap_3d_test\x1b[0m\n'}
[257.323444] (cartographer) StdoutLine: {'line': b'[ 73%] \x1b[32m\x1b[1mLinking CXX executable cartographer.mapping.3d.hybrid_grid_test\x1b[0m\n'}
[257.339262] (-) TimerEvent: {}
[257.440153] (-) TimerEvent: {}
[257.540576] (-) TimerEvent: {}
[257.640962] (-) TimerEvent: {}
[257.693128] (cartographer) StdoutLine: {'line': b'[ 73%] Built target cartographer.mapping.3d.hybrid_grid_test\n'}
[257.698114] (cartographer) StdoutLine: {'line': b'[ 73%] \x1b[32m\x1b[1mLinking CXX executable cartographer.mapping.id_test\x1b[0m\n'}
[257.740335] (cartographer) StdoutLine: {'line': b'[ 73%] \x1b[32mBuilding CXX object CMakeFiles/cartographer.mapping.internal.2d.scan_matching.correlative_scan_matcher_test.dir/cartographer/mapping/internal/2d/scan_matching/correlative_scan_matcher_test.cc.o\x1b[0m\n'}
[257.741050] (-) TimerEvent: {}
[257.832153] (cartographer) StdoutLine: {'line': b'[ 73%] Built target cartographer.mapping.3d.submap_3d_test\n'}
[257.841151] (-) TimerEvent: {}
[257.927080] (cartographer) StdoutLine: {'line': b'[ 74%] \x1b[32mBuilding CXX object CMakeFiles/cartographer.mapping.internal.2d.scan_matching.fast_correlative_scan_matcher_2d_test.dir/cartographer/mapping/internal/2d/scan_matching/fast_correlative_scan_matcher_2d_test.cc.o\x1b[0m\n'}
[257.941276] (-) TimerEvent: {}
[258.002368] (cartographer) StdoutLine: {'line': b'[ 74%] Built target cartographer.mapping.id_test\n'}
[258.041411] (-) TimerEvent: {}
[258.051135] (cartographer) StdoutLine: {'line': b'[ 74%] \x1b[32mBuilding CXX object CMakeFiles/cartographer.mapping.internal.2d.scan_matching.interpolated_tsdf_2d_test.dir/cartographer/mapping/internal/2d/scan_matching/interpolated_tsdf_2d_test.cc.o\x1b[0m\n'}
[258.141543] (-) TimerEvent: {}
[258.242670] (-) TimerEvent: {}
[258.343069] (-) TimerEvent: {}
[258.444146] (-) TimerEvent: {}
[258.544550] (-) TimerEvent: {}
[258.644983] (-) TimerEvent: {}
[258.746139] (-) TimerEvent: {}
[258.846522] (-) TimerEvent: {}
[258.946906] (-) TimerEvent: {}
[259.048135] (-) TimerEvent: {}
[259.148567] (-) TimerEvent: {}
[259.248986] (-) TimerEvent: {}
[259.350136] (-) TimerEvent: {}
[259.451367] (-) TimerEvent: {}
[259.554684] (-) TimerEvent: {}
[259.655728] (-) TimerEvent: {}
[259.756778] (-) TimerEvent: {}
[259.857860] (-) TimerEvent: {}
[259.958926] (-) TimerEvent: {}
[260.061671] (-) TimerEvent: {}
[260.162702] (-) TimerEvent: {}
[260.263767] (-) TimerEvent: {}
[260.364816] (-) TimerEvent: {}
[260.468700] (-) TimerEvent: {}
[260.569686] (-) TimerEvent: {}
[260.670700] (-) TimerEvent: {}
[260.771726] (-) TimerEvent: {}
[260.872846] (-) TimerEvent: {}
[260.973942] (-) TimerEvent: {}
[261.075115] (-) TimerEvent: {}
[261.157212] (cartographer) StdoutLine: {'line': b'[ 74%] \x1b[32m\x1b[1mLinking CXX executable cartographer.mapping.internal.2d.normal_estimation_2d_test\x1b[0m\n'}
[261.175235] (-) TimerEvent: {}
[261.276345] (-) TimerEvent: {}
[261.376737] (-) TimerEvent: {}
[261.477147] (-) TimerEvent: {}
[261.525199] (cartographer) StdoutLine: {'line': b'[ 74%] Built target cartographer.mapping.internal.2d.normal_estimation_2d_test\n'}
[261.573208] (cartographer) StdoutLine: {'line': b'[ 74%] \x1b[32mBuilding CXX object CMakeFiles/cartographer.mapping.internal.2d.scan_matching.occupied_space_cost_function_2d_test.dir/cartographer/mapping/internal/2d/scan_matching/occupied_space_cost_function_2d_test.cc.o\x1b[0m\n'}
[261.577274] (-) TimerEvent: {}
[261.677654] (-) TimerEvent: {}
[261.778045] (-) TimerEvent: {}
[261.879136] (-) TimerEvent: {}
[261.979527] (-) TimerEvent: {}
[262.079908] (-) TimerEvent: {}
[262.181139] (-) TimerEvent: {}
[262.281540] (-) TimerEvent: {}
[262.381939] (-) TimerEvent: {}
[262.483135] (-) TimerEvent: {}
[262.583529] (-) TimerEvent: {}
[262.683958] (-) TimerEvent: {}
[262.785425] (-) TimerEvent: {}
[262.885844] (-) TimerEvent: {}
[262.987016] (-) TimerEvent: {}
[263.087431] (-) TimerEvent: {}
[263.188132] (-) TimerEvent: {}
[263.289136] (-) TimerEvent: {}
[263.389530] (-) TimerEvent: {}
[263.490133] (-) TimerEvent: {}
[263.591138] (-) TimerEvent: {}
[263.691529] (-) TimerEvent: {}
[263.792135] (-) TimerEvent: {}
[263.893135] (-) TimerEvent: {}
[263.993521] (-) TimerEvent: {}
[264.094134] (-) TimerEvent: {}
[264.195136] (-) TimerEvent: {}
[264.295526] (-) TimerEvent: {}
[264.396132] (-) TimerEvent: {}
[264.497137] (-) TimerEvent: {}
[264.597520] (-) TimerEvent: {}
[264.698135] (-) TimerEvent: {}
[264.799135] (-) TimerEvent: {}
[264.899509] (-) TimerEvent: {}
[265.000134] (-) TimerEvent: {}
[265.101136] (-) TimerEvent: {}
[265.201530] (-) TimerEvent: {}
[265.302135] (-) TimerEvent: {}
[265.403141] (-) TimerEvent: {}
[265.503549] (-) TimerEvent: {}
[265.604134] (-) TimerEvent: {}
[265.705135] (-) TimerEvent: {}
[265.805510] (-) TimerEvent: {}
[265.906134] (-) TimerEvent: {}
[266.007140] (-) TimerEvent: {}
[266.107543] (-) TimerEvent: {}
[266.207943] (-) TimerEvent: {}
[266.309137] (-) TimerEvent: {}
[266.409532] (-) TimerEvent: {}
[266.509943] (-) TimerEvent: {}
[266.542191] (cartographer) StdoutLine: {'line': b'[ 74%] \x1b[32m\x1b[1mLinking CXX executable cartographer.mapping.internal.2d.overlapping_submaps_trimmer_2d_test\x1b[0m\n'}
[266.610134] (-) TimerEvent: {}
[266.711146] (-) TimerEvent: {}
[266.811563] (-) TimerEvent: {}
[266.911970] (-) TimerEvent: {}
[267.013138] (-) TimerEvent: {}
[267.051192] (cartographer) StdoutLine: {'line': b'[ 74%] Built target cartographer.mapping.internal.2d.overlapping_submaps_trimmer_2d_test\n'}
[267.100120] (cartographer) StdoutLine: {'line': b'[ 74%] \x1b[32mBuilding CXX object CMakeFiles/cartographer.mapping.internal.2d.scan_matching.real_time_correlative_scan_matcher_2d_test.dir/cartographer/mapping/internal/2d/scan_matching/real_time_correlative_scan_matcher_2d_test.cc.o\x1b[0m\n'}
[267.113267] (-) TimerEvent: {}
[267.214346] (-) TimerEvent: {}
[267.314717] (-) TimerEvent: {}
[267.419333] (-) TimerEvent: {}
[267.519738] (-) TimerEvent: {}
[267.620138] (-) TimerEvent: {}
[267.720527] (-) TimerEvent: {}
[267.820920] (-) TimerEvent: {}
[267.921323] (-) TimerEvent: {}
[268.021727] (-) TimerEvent: {}
[268.122132] (-) TimerEvent: {}
[268.222538] (-) TimerEvent: {}
[268.322944] (-) TimerEvent: {}
[268.391142] (cartographer) StdoutLine: {'line': b'[ 74%] \x1b[32m\x1b[1mLinking CXX executable cartographer.mapping.internal.2d.scan_matching.correlative_scan_matcher_test\x1b[0m\n'}
[268.423087] (-) TimerEvent: {}
[268.523516] (-) TimerEvent: {}
[268.624141] (-) TimerEvent: {}
[268.686130] (cartographer) StdoutLine: {'line': b'[ 74%] Built target cartographer.mapping.internal.2d.scan_matching.correlative_scan_matcher_test\n'}
[268.724272] (-) TimerEvent: {}
[268.735944] (cartographer) StdoutLine: {'line': b'[ 74%] \x1b[32mBuilding CXX object CMakeFiles/cartographer.mapping.internal.2d.scan_matching.tsdf_match_cost_function_2d_test.dir/cartographer/mapping/internal/2d/scan_matching/tsdf_match_cost_function_2d_test.cc.o\x1b[0m\n'}
[268.825139] (-) TimerEvent: {}
[268.873312] (cartographer) StdoutLine: {'line': b'[ 75%] \x1b[32m\x1b[1mLinking CXX executable cartographer.mapping.internal.2d.scan_matching.interpolated_tsdf_2d_test\x1b[0m\n'}
[268.925265] (-) TimerEvent: {}
[269.028136] (-) TimerEvent: {}
[269.128645] (-) TimerEvent: {}
[269.158219] (cartographer) StdoutLine: {'line': b'[ 75%] \x1b[32m\x1b[1mLinking CXX executable cartographer.mapping.internal.2d.ray_to_pixel_mask_test\x1b[0m\n'}
[269.186221] (cartographer) StdoutLine: {'line': b'[ 75%] \x1b[32m\x1b[1mLinking CXX executable cartographer.mapping.internal.2d.scan_matching.ceres_scan_matcher_2d_test\x1b[0m\n'}
[269.228771] (-) TimerEvent: {}
[269.283367] (cartographer) StdoutLine: {'line': b'[ 75%] Built target cartographer.mapping.internal.2d.scan_matching.interpolated_tsdf_2d_test\n'}
[269.328920] (-) TimerEvent: {}
[269.335147] (cartographer) StdoutLine: {'line': b'[ 75%] \x1b[32mBuilding CXX object CMakeFiles/cartographer.mapping.internal.2d.tsd_value_converter_test.dir/cartographer/mapping/internal/2d/tsd_value_converter_test.cc.o\x1b[0m\n'}
[269.429135] (-) TimerEvent: {}
[269.457170] (cartographer) StdoutLine: {'line': b'[ 75%] Built target cartographer.mapping.internal.2d.ray_to_pixel_mask_test\n'}
[269.505839] (cartographer) StdoutLine: {'line': b'[ 75%] \x1b[32mBuilding CXX object CMakeFiles/cartographer.mapping.internal.2d.tsdf_2d_test.dir/cartographer/mapping/internal/2d/tsdf_2d_test.cc.o\x1b[0m\n'}
[269.529253] (-) TimerEvent: {}
[269.630264] (-) TimerEvent: {}
[269.645967] (cartographer) StdoutLine: {'line': b'[ 75%] Built target cartographer.mapping.internal.2d.scan_matching.ceres_scan_matcher_2d_test\n'}
[269.693000] (cartographer) StdoutLine: {'line': b'[ 75%] \x1b[32mBuilding CXX object CMakeFiles/cartographer.mapping.internal.2d.tsdf_range_data_inserter_2d_test.dir/cartographer/mapping/internal/2d/tsdf_range_data_inserter_2d_test.cc.o\x1b[0m\n'}
[269.731140] (-) TimerEvent: {}
[269.831629] (-) TimerEvent: {}
[269.932114] (-) TimerEvent: {}
[270.033125] (-) TimerEvent: {}
[270.133494] (-) TimerEvent: {}
[270.234131] (-) TimerEvent: {}
[270.335135] (-) TimerEvent: {}
[270.435530] (-) TimerEvent: {}
[270.536131] (-) TimerEvent: {}
[270.637132] (-) TimerEvent: {}
[270.737521] (-) TimerEvent: {}
[270.838133] (-) TimerEvent: {}
[270.939140] (-) TimerEvent: {}
[271.039583] (-) TimerEvent: {}
[271.140135] (-) TimerEvent: {}
[271.241136] (-) TimerEvent: {}
[271.341524] (-) TimerEvent: {}
[271.442135] (-) TimerEvent: {}
[271.544148] (-) TimerEvent: {}
[271.644560] (-) TimerEvent: {}
[271.744976] (-) TimerEvent: {}
[271.845481] (-) TimerEvent: {}
[271.945973] (-) TimerEvent: {}
[272.048534] (-) TimerEvent: {}
[272.148932] (-) TimerEvent: {}
[272.249434] (-) TimerEvent: {}
[272.349831] (-) TimerEvent: {}
[272.450252] (-) TimerEvent: {}
[272.551138] (-) TimerEvent: {}
[272.651545] (-) TimerEvent: {}
[272.752138] (-) TimerEvent: {}
[272.853139] (-) TimerEvent: {}
[272.979644] (-) TimerEvent: {}
[273.080135] (-) TimerEvent: {}
[273.181134] (-) TimerEvent: {}
[273.281520] (-) TimerEvent: {}
[273.382138] (-) TimerEvent: {}
[273.483136] (-) TimerEvent: {}
[273.583550] (-) TimerEvent: {}
[273.684135] (-) TimerEvent: {}
[273.695112] (cartographer) StdoutLine: {'line': b'[ 75%] \x1b[32m\x1b[1mLinking CXX executable cartographer.mapping.internal.2d.pose_graph_2d_test\x1b[0m\n'}
[273.784255] (-) TimerEvent: {}
[273.885197] (-) TimerEvent: {}
[273.986466] (-) TimerEvent: {}
[273.989195] (cartographer) StdoutLine: {'line': b'[ 75%] \x1b[32m\x1b[1mLinking CXX executable cartographer.mapping.internal.2d.scan_matching.occupied_space_cost_function_2d_test\x1b[0m\n'}
[274.086609] (-) TimerEvent: {}
[274.113853] (cartographer) StdoutLine: {'line': b'[ 75%] \x1b[32m\x1b[1mLinking CXX executable cartographer.mapping.internal.2d.scan_matching.fast_correlative_scan_matcher_2d_test\x1b[0m\n'}
[274.186733] (-) TimerEvent: {}
[274.287129] (-) TimerEvent: {}
[274.324117] (cartographer) StdoutLine: {'line': b'[ 75%] Built target cartographer.mapping.internal.2d.pose_graph_2d_test\n'}
[274.375120] (cartographer) StdoutLine: {'line': b'[ 75%] \x1b[32mBuilding CXX object CMakeFiles/cartographer.mapping.internal.3d.local_trajectory_builder_3d_test.dir/cartographer/mapping/internal/3d/local_trajectory_builder_3d_test.cc.o\x1b[0m\n'}
[274.387251] (-) TimerEvent: {}
[274.434131] (cartographer) StdoutLine: {'line': b'[ 75%] Built target cartographer.mapping.internal.2d.scan_matching.occupied_space_cost_function_2d_test\n'}
[274.483652] (cartographer) StdoutLine: {'line': b'[ 75%] \x1b[32mBuilding CXX object CMakeFiles/cartographer.mapping.internal.3d.pose_graph_3d_test.dir/cartographer/mapping/internal/3d/pose_graph_3d_test.cc.o\x1b[0m\n'}
[274.487381] (-) TimerEvent: {}
[274.538117] (cartographer) StdoutLine: {'line': b'[ 75%] Built target cartographer.mapping.internal.2d.scan_matching.fast_correlative_scan_matcher_2d_test\n'}
[274.583213] (cartographer) StdoutLine: {'line': b'[ 75%] \x1b[32mBuilding CXX object CMakeFiles/cartographer.mapping.internal.3d.rotation_parameterization_test.dir/cartographer/mapping/internal/3d/rotation_parameterization_test.cc.o\x1b[0m\n'}
[274.587500] (-) TimerEvent: {}
[274.626699] (cartographer) StdoutLine: {'line': b'[ 75%] \x1b[32m\x1b[1mLinking CXX executable cartographer.mapping.internal.3d.rotation_parameterization_test\x1b[0m\n'}
[274.688130] (-) TimerEvent: {}
[274.788600] (-) TimerEvent: {}
[274.889696] (-) TimerEvent: {}
[274.918414] (cartographer) StdoutLine: {'line': b'[ 75%] Built target cartographer.mapping.internal.3d.rotation_parameterization_test\n'}
[274.971166] (cartographer) StdoutLine: {'line': b'[ 75%] \x1b[32mBuilding CXX object CMakeFiles/cartographer.mapping.internal.3d.scan_matching.ceres_scan_matcher_3d_test.dir/cartographer/mapping/internal/3d/scan_matching/ceres_scan_matcher_3d_test.cc.o\x1b[0m\n'}
[274.989816] (-) TimerEvent: {}
[275.090316] (-) TimerEvent: {}
[275.190803] (-) TimerEvent: {}
[275.291312] (-) TimerEvent: {}
[275.391796] (-) TimerEvent: {}
[275.495365] (-) TimerEvent: {}
[275.595850] (-) TimerEvent: {}
[275.696249] (-) TimerEvent: {}
[275.796635] (-) TimerEvent: {}
[275.897035] (-) TimerEvent: {}
[275.997446] (-) TimerEvent: {}
[276.097841] (-) TimerEvent: {}
[276.198242] (-) TimerEvent: {}
[276.299135] (-) TimerEvent: {}
[276.399522] (-) TimerEvent: {}
[276.500133] (-) TimerEvent: {}
[276.601139] (-) TimerEvent: {}
[276.701534] (-) TimerEvent: {}
[276.802138] (-) TimerEvent: {}
[276.903139] (-) TimerEvent: {}
[277.003530] (-) TimerEvent: {}
[277.104136] (-) TimerEvent: {}
[277.205133] (-) TimerEvent: {}
[277.305525] (-) TimerEvent: {}
[277.406138] (-) TimerEvent: {}
[277.507140] (-) TimerEvent: {}
[277.607525] (-) TimerEvent: {}
[277.708137] (-) TimerEvent: {}
[277.809133] (-) TimerEvent: {}
[277.909508] (-) TimerEvent: {}
[277.982278] (cartographer) StdoutLine: {'line': b'[ 76%] \x1b[32m\x1b[1mLinking CXX executable cartographer.mapping.internal.2d.tsd_value_converter_test\x1b[0m\n'}
[278.009640] (-) TimerEvent: {}
[278.111140] (-) TimerEvent: {}
[278.211535] (-) TimerEvent: {}
[278.284900] (cartographer) StdoutLine: {'line': b'[ 76%] Built target cartographer.mapping.internal.2d.tsd_value_converter_test\n'}
[278.311668] (-) TimerEvent: {}
[278.339307] (cartographer) StdoutLine: {'line': b'[ 76%] \x1b[32mBuilding CXX object CMakeFiles/cartographer.mapping.internal.3d.scan_matching.fast_correlative_scan_matcher_3d_test.dir/cartographer/mapping/internal/3d/scan_matching/fast_correlative_scan_matcher_3d_test.cc.o\x1b[0m\n'}
[278.411789] (-) TimerEvent: {}
[278.512211] (-) TimerEvent: {}
[278.613143] (-) TimerEvent: {}
[278.713556] (-) TimerEvent: {}
[278.814141] (-) TimerEvent: {}
[278.915136] (-) TimerEvent: {}
[279.015644] (-) TimerEvent: {}
[279.117145] (-) TimerEvent: {}
[279.210478] (cartographer) StdoutLine: {'line': b'[ 77%] \x1b[32m\x1b[1mLinking CXX executable cartographer.mapping.internal.2d.scan_matching.real_time_correlative_scan_matcher_2d_test\x1b[0m\n'}
[279.217274] (-) TimerEvent: {}
[279.317774] (-) TimerEvent: {}
[279.419140] (-) TimerEvent: {}
[279.519531] (-) TimerEvent: {}
[279.619920] (-) TimerEvent: {}
[279.632131] (cartographer) StdoutLine: {'line': b'[ 77%] Built target cartographer.mapping.internal.2d.scan_matching.real_time_correlative_scan_matcher_2d_test\n'}
[279.679706] (cartographer) StdoutLine: {'line': b'[ 77%] \x1b[32mBuilding CXX object CMakeFiles/cartographer.mapping.internal.3d.scan_matching.intensity_cost_function_3d_test.dir/cartographer/mapping/internal/3d/scan_matching/intensity_cost_function_3d_test.cc.o\x1b[0m\n'}
[279.720063] (-) TimerEvent: {}
[279.821140] (-) TimerEvent: {}
[279.921539] (-) TimerEvent: {}
[280.021932] (-) TimerEvent: {}
[280.123144] (-) TimerEvent: {}
[280.223558] (-) TimerEvent: {}
[280.323949] (-) TimerEvent: {}
[280.425145] (-) TimerEvent: {}
[280.525549] (-) TimerEvent: {}
[280.625958] (-) TimerEvent: {}
[280.727139] (-) TimerEvent: {}
[280.827547] (-) TimerEvent: {}
[280.927959] (-) TimerEvent: {}
[281.029138] (-) TimerEvent: {}
[281.129536] (-) TimerEvent: {}
[281.229944] (-) TimerEvent: {}
[281.331139] (-) TimerEvent: {}
[281.431553] (-) TimerEvent: {}
[281.481128] (cartographer) StdoutLine: {'line': b'[ 77%] \x1b[32m\x1b[1mLinking CXX executable cartographer.mapping.internal.2d.tsdf_2d_test\x1b[0m\n'}
[281.531686] (-) TimerEvent: {}
[281.632135] (-) TimerEvent: {}
[281.733143] (-) TimerEvent: {}
[281.833571] (-) TimerEvent: {}
[281.883138] (cartographer) StdoutLine: {'line': b'[ 77%] Built target cartographer.mapping.internal.2d.tsdf_2d_test\n'}
[281.929124] (cartographer) StdoutLine: {'line': b'[ 77%] \x1b[32mBuilding CXX object CMakeFiles/cartographer.mapping.internal.3d.scan_matching.interpolated_grid_test.dir/cartographer/mapping/internal/3d/scan_matching/interpolated_grid_test.cc.o\x1b[0m\n'}
[281.933692] (-) TimerEvent: {}
[282.034143] (-) TimerEvent: {}
[282.134694] (-) TimerEvent: {}
[282.235201] (-) TimerEvent: {}
[282.337484] (-) TimerEvent: {}
[282.437974] (-) TimerEvent: {}
[282.538472] (-) TimerEvent: {}
[282.638982] (-) TimerEvent: {}
[282.740150] (-) TimerEvent: {}
[282.840573] (-) TimerEvent: {}
[282.941330] (-) TimerEvent: {}
[283.042134] (-) TimerEvent: {}
[283.142534] (-) TimerEvent: {}
[283.232127] (cartographer) StdoutLine: {'line': b'[ 77%] \x1b[32m\x1b[1mLinking CXX executable cartographer.mapping.internal.2d.scan_matching.tsdf_match_cost_function_2d_test\x1b[0m\n'}
[283.242663] (-) TimerEvent: {}
[283.343078] (-) TimerEvent: {}
[283.444141] (-) TimerEvent: {}
[283.544546] (-) TimerEvent: {}
[283.645135] (-) TimerEvent: {}
[283.676136] (cartographer) StdoutLine: {'line': b'[ 77%] Built target cartographer.mapping.internal.2d.scan_matching.tsdf_match_cost_function_2d_test\n'}
[283.720123] (cartographer) StdoutLine: {'line': b'[ 77%] \x1b[32mBuilding CXX object CMakeFiles/cartographer.mapping.internal.3d.scan_matching.precomputation_grid_3d_test.dir/cartographer/mapping/internal/3d/scan_matching/precomputation_grid_3d_test.cc.o\x1b[0m\n'}
[283.745261] (-) TimerEvent: {}
[283.845678] (-) TimerEvent: {}
[283.946083] (-) TimerEvent: {}
[284.046469] (-) TimerEvent: {}
[284.146844] (-) TimerEvent: {}
[284.247229] (-) TimerEvent: {}
[284.348448] (-) TimerEvent: {}
[284.449137] (-) TimerEvent: {}
[284.549544] (-) TimerEvent: {}
[284.650894] (-) TimerEvent: {}
[284.751336] (-) TimerEvent: {}
[284.853299] (-) TimerEvent: {}
[284.953729] (-) TimerEvent: {}
[284.971125] (cartographer) StdoutLine: {'line': b'[ 78%] \x1b[32m\x1b[1mLinking CXX executable cartographer.mapping.internal.2d.tsdf_range_data_inserter_2d_test\x1b[0m\n'}
[285.056148] (-) TimerEvent: {}
[285.156623] (-) TimerEvent: {}
[285.257044] (-) TimerEvent: {}
[285.357530] (-) TimerEvent: {}
[285.375225] (cartographer) StdoutLine: {'line': b'[ 78%] Built target cartographer.mapping.internal.2d.tsdf_range_data_inserter_2d_test\n'}
[285.424074] (cartographer) StdoutLine: {'line': b'[ 78%] \x1b[32mBuilding CXX object CMakeFiles/cartographer.mapping.internal.3d.scan_matching.real_time_correlative_scan_matcher_3d_test.dir/cartographer/mapping/internal/3d/scan_matching/real_time_correlative_scan_matcher_3d_test.cc.o\x1b[0m\n'}
[285.457655] (-) TimerEvent: {}
[285.558639] (-) TimerEvent: {}
[285.659752] (-) TimerEvent: {}
[285.761138] (-) TimerEvent: {}
[285.861525] (-) TimerEvent: {}
[285.961924] (-) TimerEvent: {}
[286.062322] (-) TimerEvent: {}
[286.163131] (-) TimerEvent: {}
[286.263505] (-) TimerEvent: {}
[286.364139] (-) TimerEvent: {}
[286.465134] (-) TimerEvent: {}
[286.565518] (-) TimerEvent: {}
[286.666132] (-) TimerEvent: {}
[286.767142] (-) TimerEvent: {}
[286.867524] (-) TimerEvent: {}
[286.968145] (-) TimerEvent: {}
[287.069134] (-) TimerEvent: {}
[287.169522] (-) TimerEvent: {}
[287.270145] (-) TimerEvent: {}
[287.371145] (-) TimerEvent: {}
[287.471534] (-) TimerEvent: {}
[287.572134] (-) TimerEvent: {}
[287.673136] (-) TimerEvent: {}
[287.773545] (-) TimerEvent: {}
[287.874134] (-) TimerEvent: {}
[287.975139] (-) TimerEvent: {}
[288.075535] (-) TimerEvent: {}
[288.176132] (-) TimerEvent: {}
[288.277136] (-) TimerEvent: {}
[288.377530] (-) TimerEvent: {}
[288.478134] (-) TimerEvent: {}
[288.579135] (-) TimerEvent: {}
[288.679533] (-) TimerEvent: {}
[288.783136] (-) TimerEvent: {}
[288.883532] (-) TimerEvent: {}
[288.983939] (-) TimerEvent: {}
[289.084355] (-) TimerEvent: {}
[289.184760] (-) TimerEvent: {}
[289.285294] (-) TimerEvent: {}
[289.385800] (-) TimerEvent: {}
[289.486309] (-) TimerEvent: {}
[289.586816] (-) TimerEvent: {}
[289.687328] (-) TimerEvent: {}
[289.790323] (-) TimerEvent: {}
[289.890724] (-) TimerEvent: {}
[289.991134] (-) TimerEvent: {}
[290.091541] (-) TimerEvent: {}
[290.191945] (-) TimerEvent: {}
[290.292356] (-) TimerEvent: {}
[290.392740] (-) TimerEvent: {}
[290.494140] (-) TimerEvent: {}
[290.594544] (-) TimerEvent: {}
[290.694945] (-) TimerEvent: {}
[290.796145] (-) TimerEvent: {}
[290.896556] (-) TimerEvent: {}
[290.996954] (-) TimerEvent: {}
[291.098142] (-) TimerEvent: {}
[291.198544] (-) TimerEvent: {}
[291.298951] (-) TimerEvent: {}
[291.400138] (-) TimerEvent: {}
[291.500532] (-) TimerEvent: {}
[291.600928] (-) TimerEvent: {}
[291.688131] (cartographer) StdoutLine: {'line': b'[ 79%] \x1b[32m\x1b[1mLinking CXX executable cartographer.mapping.internal.3d.scan_matching.ceres_scan_matcher_3d_test\x1b[0m\n'}
[291.701071] (-) TimerEvent: {}
[291.801469] (-) TimerEvent: {}
[291.902133] (-) TimerEvent: {}
[292.003155] (-) TimerEvent: {}
[292.097799] (cartographer) StdoutLine: {'line': b'[ 79%] Built target cartographer.mapping.internal.3d.scan_matching.ceres_scan_matcher_3d_test\n'}
[292.104141] (-) TimerEvent: {}
[292.150251] (cartographer) StdoutLine: {'line': b'[ 79%] \x1b[32mBuilding CXX object CMakeFiles/cartographer.mapping.internal.3d.scan_matching.rotation_delta_cost_functor_3d_test.dir/cartographer/mapping/internal/3d/scan_matching/rotation_delta_cost_functor_3d_test.cc.o\x1b[0m\n'}
[292.204271] (-) TimerEvent: {}
[292.306200] (-) TimerEvent: {}
[292.332170] (cartographer) StdoutLine: {'line': b'[ 79%] \x1b[32m\x1b[1mLinking CXX executable cartographer.mapping.internal.3d.local_trajectory_builder_3d_test\x1b[0m\n'}
[292.352542] (cartographer) StdoutLine: {'line': b'[ 80%] \x1b[32m\x1b[1mLinking CXX executable cartographer.mapping.internal.3d.scan_matching.intensity_cost_function_3d_test\x1b[0m\n'}
[292.406323] (-) TimerEvent: {}
[292.506753] (-) TimerEvent: {}
[292.607237] (-) TimerEvent: {}
[292.707675] (-) TimerEvent: {}
[292.712573] (cartographer) StdoutLine: {'line': b'[ 80%] Built target cartographer.mapping.internal.3d.scan_matching.intensity_cost_function_3d_test\n'}
[292.762220] (cartographer) StdoutLine: {'line': b'[ 80%] \x1b[32mBuilding CXX object CMakeFiles/cartographer.mapping.internal.3d.scan_matching.rotational_scan_matcher_test.dir/cartographer/mapping/internal/3d/scan_matching/rotational_scan_matcher_test.cc.o\x1b[0m\n'}
[292.807805] (-) TimerEvent: {}
[292.901304] (cartographer) StdoutLine: {'line': b'[ 80%] Built target cartographer.mapping.internal.3d.local_trajectory_builder_3d_test\n'}
[292.909953] (-) TimerEvent: {}
[292.961984] (cartographer) StdoutLine: {'line': b'[ 80%] \x1b[32mBuilding CXX object CMakeFiles/cartographer.mapping.internal.connected_components_test.dir/cartographer/mapping/internal/connected_components_test.cc.o\x1b[0m\n'}
[292.976447] (cartographer) StdoutLine: {'line': b'[ 80%] \x1b[32m\x1b[1mLinking CXX executable cartographer.mapping.internal.3d.scan_matching.interpolated_grid_test\x1b[0m\n'}
[293.010090] (-) TimerEvent: {}
[293.111504] (-) TimerEvent: {}
[293.211976] (-) TimerEvent: {}
[293.270698] (cartographer) StdoutLine: {'line': b'[ 80%] Built target cartographer.mapping.internal.3d.scan_matching.interpolated_grid_test\n'}
[293.312125] (-) TimerEvent: {}
[293.318196] (cartographer) StdoutLine: {'line': b'[ 80%] \x1b[32mBuilding CXX object CMakeFiles/cartographer.mapping.internal.constraints.constraint_builder_2d_test.dir/cartographer/mapping/internal/constraints/constraint_builder_2d_test.cc.o\x1b[0m\n'}
[293.412254] (-) TimerEvent: {}
[293.513301] (-) TimerEvent: {}
[293.614138] (-) TimerEvent: {}
[293.629108] (cartographer) StdoutLine: {'line': b'[ 81%] \x1b[32m\x1b[1mLinking CXX executable cartographer.mapping.internal.3d.pose_graph_3d_test\x1b[0m\n'}
[293.715133] (-) TimerEvent: {}
[293.815519] (-) TimerEvent: {}
[293.915903] (-) TimerEvent: {}
[294.017135] (-) TimerEvent: {}
[294.117519] (-) TimerEvent: {}
[294.217915] (-) TimerEvent: {}
[294.254120] (cartographer) StdoutLine: {'line': b'[ 81%] Built target cartographer.mapping.internal.3d.pose_graph_3d_test\n'}
[294.302113] (cartographer) StdoutLine: {'line': b'[ 82%] \x1b[32mBuilding CXX object CMakeFiles/cartographer.mapping.internal.constraints.constraint_builder_3d_test.dir/cartographer/mapping/internal/constraints/constraint_builder_3d_test.cc.o\x1b[0m\n'}
[294.318133] (-) TimerEvent: {}
[294.419137] (-) TimerEvent: {}
[294.519546] (-) TimerEvent: {}
[294.620134] (-) TimerEvent: {}
[294.721136] (-) TimerEvent: {}
[294.821571] (-) TimerEvent: {}
[294.826674] (cartographer) StdoutLine: {'line': b'[ 83%] \x1b[32m\x1b[1mLinking CXX executable cartographer.mapping.internal.3d.scan_matching.precomputation_grid_3d_test\x1b[0m\n'}
[294.922137] (-) TimerEvent: {}
[295.022627] (-) TimerEvent: {}
[295.123761] (-) TimerEvent: {}
[295.125523] (cartographer) StdoutLine: {'line': b'[ 83%] Built target cartographer.mapping.internal.3d.scan_matching.precomputation_grid_3d_test\n'}
[295.171296] (cartographer) StdoutLine: {'line': b'[ 83%] \x1b[32mBuilding CXX object CMakeFiles/cartographer.mapping.internal.motion_filter_test.dir/cartographer/mapping/internal/motion_filter_test.cc.o\x1b[0m\n'}
[295.224135] (-) TimerEvent: {}
[295.325138] (-) TimerEvent: {}
[295.425533] (-) TimerEvent: {}
[295.526259] (-) TimerEvent: {}
[295.627132] (-) TimerEvent: {}
[295.728131] (-) TimerEvent: {}
[295.828518] (-) TimerEvent: {}
[295.929134] (-) TimerEvent: {}
[296.030135] (-) TimerEvent: {}
[296.130530] (-) TimerEvent: {}
[296.231131] (-) TimerEvent: {}
[296.332138] (-) TimerEvent: {}
[296.432525] (-) TimerEvent: {}
[296.533137] (-) TimerEvent: {}
[296.634134] (-) TimerEvent: {}
[296.707749] (cartographer) StdoutLine: {'line': b'[ 83%] \x1b[32m\x1b[1mLinking CXX executable cartographer.mapping.internal.3d.scan_matching.fast_correlative_scan_matcher_3d_test\x1b[0m\n'}
[296.734255] (-) TimerEvent: {}
[296.835138] (-) TimerEvent: {}
[296.935537] (-) TimerEvent: {}
[297.036133] (-) TimerEvent: {}
[297.100123] (cartographer) StdoutLine: {'line': b'[ 83%] Built target cartographer.mapping.internal.3d.scan_matching.fast_correlative_scan_matcher_3d_test\n'}
[297.136265] (-) TimerEvent: {}
[297.150137] (cartographer) StdoutLine: {'line': b'[ 84%] \x1b[32mBuilding CXX object CMakeFiles/cartographer.mapping.internal.optimization.cost_functions.landmark_cost_function_2d_test.dir/cartographer/mapping/internal/optimization/cost_functions/landmark_cost_function_2d_test.cc.o\x1b[0m\n'}
[297.236387] (-) TimerEvent: {}
[297.337131] (-) TimerEvent: {}
[297.437509] (-) TimerEvent: {}
[297.538132] (-) TimerEvent: {}
[297.639134] (-) TimerEvent: {}
[297.739515] (-) TimerEvent: {}
[297.840132] (-) TimerEvent: {}
[297.941480] (-) TimerEvent: {}
[298.041996] (-) TimerEvent: {}
[298.143133] (-) TimerEvent: {}
[298.243512] (-) TimerEvent: {}
[298.343909] (-) TimerEvent: {}
[298.445134] (-) TimerEvent: {}
[298.545522] (-) TimerEvent: {}
[298.645950] (-) TimerEvent: {}
[298.747125] (-) TimerEvent: {}
[298.847560] (-) TimerEvent: {}
[298.948886] (-) TimerEvent: {}
[299.049321] (-) TimerEvent: {}
[299.150136] (-) TimerEvent: {}
[299.250526] (-) TimerEvent: {}
[299.351134] (-) TimerEvent: {}
[299.452138] (-) TimerEvent: {}
[299.552530] (-) TimerEvent: {}
[299.653130] (-) TimerEvent: {}
[299.754133] (-) TimerEvent: {}
[299.854522] (-) TimerEvent: {}
[299.955135] (-) TimerEvent: {}
[300.056137] (-) TimerEvent: {}
[300.156540] (-) TimerEvent: {}
[300.256947] (-) TimerEvent: {}
[300.358140] (-) TimerEvent: {}
[300.458544] (-) TimerEvent: {}
[300.558954] (-) TimerEvent: {}
[300.660135] (-) TimerEvent: {}
[300.760541] (-) TimerEvent: {}
[300.860789] (cartographer) StdoutLine: {'line': b'[ 85%] \x1b[32m\x1b[1mLinking CXX executable cartographer.mapping.internal.3d.scan_matching.rotation_delta_cost_functor_3d_test\x1b[0m\n'}
[300.861193] (-) TimerEvent: {}
[300.962392] (-) TimerEvent: {}
[301.062821] (-) TimerEvent: {}
[301.164403] (-) TimerEvent: {}
[301.193955] (cartographer) StdoutLine: {'line': b'[ 85%] Built target cartographer.mapping.internal.3d.scan_matching.rotation_delta_cost_functor_3d_test\n'}
[301.236131] (cartographer) StdoutLine: {'line': b'[ 85%] \x1b[32mBuilding CXX object CMakeFiles/cartographer.mapping.internal.optimization.cost_functions.landmark_cost_function_3d_test.dir/cartographer/mapping/internal/optimization/cost_functions/landmark_cost_function_3d_test.cc.o\x1b[0m\n'}
[301.264528] (-) TimerEvent: {}
[301.344243] (cartographer) StdoutLine: {'line': b'[ 85%] \x1b[32m\x1b[1mLinking CXX executable cartographer.mapping.internal.3d.scan_matching.real_time_correlative_scan_matcher_3d_test\x1b[0m\n'}
[301.364650] (-) TimerEvent: {}
[301.465041] (-) TimerEvent: {}
[301.565473] (-) TimerEvent: {}
[301.666142] (-) TimerEvent: {}
[301.709206] (cartographer) StdoutLine: {'line': b'[ 85%] Built target cartographer.mapping.internal.3d.scan_matching.real_time_correlative_scan_matcher_3d_test\n'}
[301.757119] (cartographer) StdoutLine: {'line': b'[ 86%] \x1b[32mBuilding CXX object CMakeFiles/cartographer.mapping.internal.optimization.cost_functions.spa_cost_function_2d_test.dir/cartographer/mapping/internal/optimization/cost_functions/spa_cost_function_2d_test.cc.o\x1b[0m\n'}
[301.766262] (-) TimerEvent: {}
[301.867509] (-) TimerEvent: {}
[301.967894] (-) TimerEvent: {}
[302.069477] (-) TimerEvent: {}
[302.169870] (-) TimerEvent: {}
[302.273119] (-) TimerEvent: {}
[302.373508] (-) TimerEvent: {}
[302.473891] (-) TimerEvent: {}
[302.574294] (-) TimerEvent: {}
[302.674729] (-) TimerEvent: {}
[302.768096] (cartographer) StdoutLine: {'line': b'[ 86%] \x1b[32m\x1b[1mLinking CXX executable cartographer.mapping.internal.3d.scan_matching.rotational_scan_matcher_test\x1b[0m\n'}
[302.774860] (-) TimerEvent: {}
[302.877135] (-) TimerEvent: {}
[302.977520] (-) TimerEvent: {}
[303.077904] (-) TimerEvent: {}
[303.082834] (cartographer) StdoutLine: {'line': b'[ 86%] Built target cartographer.mapping.internal.3d.scan_matching.rotational_scan_matcher_test\n'}
[303.132329] (cartographer) StdoutLine: {'line': b'[ 86%] \x1b[32mBuilding CXX object CMakeFiles/cartographer.mapping.internal.optimization.optimization_problem_3d_test.dir/cartographer/mapping/internal/optimization/optimization_problem_3d_test.cc.o\x1b[0m\n'}
[303.178027] (-) TimerEvent: {}
[303.278411] (-) TimerEvent: {}
[303.379142] (-) TimerEvent: {}
[303.480137] (-) TimerEvent: {}
[303.580534] (-) TimerEvent: {}
[303.681135] (-) TimerEvent: {}
[303.782133] (-) TimerEvent: {}
[303.882528] (-) TimerEvent: {}
[303.983134] (-) TimerEvent: {}
[304.084138] (-) TimerEvent: {}
[304.184559] (-) TimerEvent: {}
[304.284956] (-) TimerEvent: {}
[304.386138] (-) TimerEvent: {}
[304.486541] (-) TimerEvent: {}
[304.587038] (-) TimerEvent: {}
[304.691280] (-) TimerEvent: {}
[304.791714] (-) TimerEvent: {}
[304.892121] (-) TimerEvent: {}
[304.992510] (-) TimerEvent: {}
[305.019127] (cartographer) StdoutLine: {'line': b'[ 86%] \x1b[32m\x1b[1mLinking CXX executable cartographer.mapping.internal.motion_filter_test\x1b[0m\n'}
[305.092650] (-) TimerEvent: {}
[305.193213] (-) TimerEvent: {}
[305.293757] (-) TimerEvent: {}
[305.377138] (cartographer) StdoutLine: {'line': b'[ 86%] Built target cartographer.mapping.internal.motion_filter_test\n'}
[305.394138] (-) TimerEvent: {}
[305.423226] (cartographer) StdoutLine: {'line': b'[ 87%] \x1b[32mBuilding CXX object CMakeFiles/cartographer.mapping.internal.range_data_collator_test.dir/cartographer/mapping/internal/range_data_collator_test.cc.o\x1b[0m\n'}
[305.494268] (-) TimerEvent: {}
[305.546167] (cartographer) StdoutLine: {'line': b'[ 88%] \x1b[32m\x1b[1mLinking CXX executable cartographer.mapping.internal.connected_components_test\x1b[0m\n'}
[305.594401] (-) TimerEvent: {}
[305.694899] (-) TimerEvent: {}
[305.795394] (-) TimerEvent: {}
[305.895788] (-) TimerEvent: {}
[305.906751] (cartographer) StdoutLine: {'line': b'[ 88%] Built target cartographer.mapping.internal.connected_components_test\n'}
[305.957890] (cartographer) StdoutLine: {'line': b'[ 88%] \x1b[32mBuilding CXX object CMakeFiles/cartographer.mapping.internal.trajectory_connectivity_state_test.dir/cartographer/mapping/internal/trajectory_connectivity_state_test.cc.o\x1b[0m\n'}
[305.995918] (-) TimerEvent: {}
[306.096421] (-) TimerEvent: {}
[306.196898] (-) TimerEvent: {}
[306.298140] (-) TimerEvent: {}
[306.398554] (-) TimerEvent: {}
[306.498986] (-) TimerEvent: {}
[306.600989] (-) TimerEvent: {}
[306.701486] (-) TimerEvent: {}
[306.801874] (-) TimerEvent: {}
[306.902351] (-) TimerEvent: {}
[307.003135] (-) TimerEvent: {}
[307.103610] (-) TimerEvent: {}
[307.204135] (-) TimerEvent: {}
[307.305137] (-) TimerEvent: {}
[307.405609] (-) TimerEvent: {}
[307.506136] (-) TimerEvent: {}
[307.607657] (-) TimerEvent: {}
[307.708145] (-) TimerEvent: {}
[307.810498] (-) TimerEvent: {}
[307.910883] (-) TimerEvent: {}
[308.011383] (-) TimerEvent: {}
[308.111869] (-) TimerEvent: {}
[308.212276] (-) TimerEvent: {}
[308.313138] (-) TimerEvent: {}
[308.413540] (-) TimerEvent: {}
[308.514133] (-) TimerEvent: {}
[308.615135] (-) TimerEvent: {}
[308.715589] (-) TimerEvent: {}
[308.816132] (-) TimerEvent: {}
[308.918494] (-) TimerEvent: {}
[309.018883] (-) TimerEvent: {}
[309.119363] (-) TimerEvent: {}
[309.219760] (-) TimerEvent: {}
[309.320144] (-) TimerEvent: {}
[309.424272] (-) TimerEvent: {}
[309.524663] (-) TimerEvent: {}
[309.625087] (-) TimerEvent: {}
[309.725586] (-) TimerEvent: {}
[309.826078] (-) TimerEvent: {}
[309.926576] (-) TimerEvent: {}
[310.027070] (-) TimerEvent: {}
[310.127539] (-) TimerEvent: {}
[310.228035] (-) TimerEvent: {}
[310.328559] (-) TimerEvent: {}
[310.429133] (-) TimerEvent: {}
[310.471278] (cartographer) StdoutLine: {'line': b'[ 88%] \x1b[32m\x1b[1mLinking CXX executable cartographer.mapping.internal.constraints.constraint_builder_2d_test\x1b[0m\n'}
[310.529261] (-) TimerEvent: {}
[310.630145] (-) TimerEvent: {}
[310.731139] (-) TimerEvent: {}
[310.831542] (-) TimerEvent: {}
[310.932139] (-) TimerEvent: {}
[311.033803] (-) TimerEvent: {}
[311.063176] (cartographer) StdoutLine: {'line': b'[ 88%] Built target cartographer.mapping.internal.constraints.constraint_builder_2d_test\n'}
[311.110198] (cartographer) StdoutLine: {'line': b'[ 89%] \x1b[32mBuilding CXX object CMakeFiles/cartographer.mapping.map_builder_test.dir/cartographer/mapping/map_builder_test.cc.o\x1b[0m\n'}
[311.133930] (-) TimerEvent: {}
[311.234472] (-) TimerEvent: {}
[311.335070] (-) TimerEvent: {}
[311.436764] (-) TimerEvent: {}
[311.537208] (-) TimerEvent: {}
[311.638144] (-) TimerEvent: {}
[311.738544] (-) TimerEvent: {}
[311.839137] (-) TimerEvent: {}
[311.940132] (-) TimerEvent: {}
[312.040527] (-) TimerEvent: {}
[312.141132] (-) TimerEvent: {}
[312.242140] (-) TimerEvent: {}
[312.342539] (-) TimerEvent: {}
[312.443135] (-) TimerEvent: {}
[312.544138] (-) TimerEvent: {}
[312.644539] (-) TimerEvent: {}
[312.745135] (-) TimerEvent: {}
[312.846130] (-) TimerEvent: {}
[312.928192] (cartographer) StdoutLine: {'line': b'[ 89%] \x1b[32m\x1b[1mLinking CXX executable cartographer.mapping.internal.constraints.constraint_builder_3d_test\x1b[0m\n'}
[312.946258] (-) TimerEvent: {}
[313.047739] (-) TimerEvent: {}
[313.152375] (-) TimerEvent: {}
[313.252887] (-) TimerEvent: {}
[313.353312] (-) TimerEvent: {}
[313.453724] (-) TimerEvent: {}
[313.523228] (cartographer) StdoutLine: {'line': b'[ 89%] Built target cartographer.mapping.internal.constraints.constraint_builder_3d_test\n'}
[313.553847] (-) TimerEvent: {}
[313.578066] (cartographer) StdoutLine: {'line': b'[ 89%] \x1b[32mBuilding CXX object CMakeFiles/cartographer.mapping.pose_extrapolator_test.dir/cartographer/mapping/pose_extrapolator_test.cc.o\x1b[0m\n'}
[313.653980] (-) TimerEvent: {}
[313.754393] (-) TimerEvent: {}
[313.854784] (-) TimerEvent: {}
[313.955163] (-) TimerEvent: {}
[314.056134] (-) TimerEvent: {}
[314.156521] (-) TimerEvent: {}
[314.257136] (-) TimerEvent: {}
[314.358318] (-) TimerEvent: {}
[314.458740] (-) TimerEvent: {}
[314.560498] (-) TimerEvent: {}
[314.660885] (-) TimerEvent: {}
[314.761293] (-) TimerEvent: {}
[314.862338] (-) TimerEvent: {}
[314.964235] (-) TimerEvent: {}
[315.065304] (-) TimerEvent: {}
[315.165798] (-) TimerEvent: {}
[315.266890] (-) TimerEvent: {}
[315.368140] (-) TimerEvent: {}
[315.468532] (-) TimerEvent: {}
[315.568934] (-) TimerEvent: {}
[315.670135] (-) TimerEvent: {}
[315.752591] (cartographer) StdoutLine: {'line': b'[ 89%] \x1b[32m\x1b[1mLinking CXX executable cartographer.mapping.internal.optimization.cost_functions.landmark_cost_function_2d_test\x1b[0m\n'}
[315.770263] (-) TimerEvent: {}
[315.870653] (-) TimerEvent: {}
[315.971140] (-) TimerEvent: {}
[316.072137] (-) TimerEvent: {}
[316.089710] (cartographer) StdoutLine: {'line': b'[ 89%] Built target cartographer.mapping.internal.optimization.cost_functions.landmark_cost_function_2d_test\n'}
[316.137808] (cartographer) StdoutLine: {'line': b'[ 90%] \x1b[32mBuilding CXX object CMakeFiles/cartographer.mapping.pose_graph_test.dir/cartographer/mapping/pose_graph_test.cc.o\x1b[0m\n'}
[316.172264] (-) TimerEvent: {}
[316.274138] (-) TimerEvent: {}
[316.374631] (-) TimerEvent: {}
[316.475033] (-) TimerEvent: {}
[316.576139] (-) TimerEvent: {}
[316.676523] (-) TimerEvent: {}
[316.776900] (-) TimerEvent: {}
[316.878137] (-) TimerEvent: {}
[316.978528] (-) TimerEvent: {}
[317.078926] (-) TimerEvent: {}
[317.180133] (-) TimerEvent: {}
[317.280529] (-) TimerEvent: {}
[317.380925] (-) TimerEvent: {}
[317.482135] (-) TimerEvent: {}
[317.570202] (cartographer) StdoutLine: {'line': b'[ 90%] \x1b[32m\x1b[1mLinking CXX executable cartographer.mapping.internal.optimization.optimization_problem_3d_test\x1b[0m\n'}
[317.582265] (-) TimerEvent: {}
[317.683146] (-) TimerEvent: {}
[317.783553] (-) TimerEvent: {}
[317.899145] (-) TimerEvent: {}
[317.951279] (cartographer) StdoutLine: {'line': b'[ 90%] \x1b[32m\x1b[1mLinking CXX executable cartographer.mapping.internal.trajectory_connectivity_state_test\x1b[0m\n'}
[317.998187] (cartographer) StdoutLine: {'line': b'[ 90%] Built target cartographer.mapping.internal.optimization.optimization_problem_3d_test\n'}
[317.999250] (-) TimerEvent: {}
[318.045123] (cartographer) StdoutLine: {'line': b'[ 90%] \x1b[32mBuilding CXX object CMakeFiles/cartographer.mapping.pose_graph_trimmer_test.dir/cartographer/mapping/pose_graph_trimmer_test.cc.o\x1b[0m\n'}
[318.099379] (-) TimerEvent: {}
[318.118333] (cartographer) StdoutLine: {'line': b'[ 90%] \x1b[32m\x1b[1mLinking CXX executable cartographer.mapping.internal.optimization.cost_functions.spa_cost_function_2d_test\x1b[0m\n'}
[318.199517] (-) TimerEvent: {}
[318.300597] (-) TimerEvent: {}
[318.320235] (cartographer) StdoutLine: {'line': b'[ 90%] Built target cartographer.mapping.internal.trajectory_connectivity_state_test\n'}
[318.369464] (cartographer) StdoutLine: {'line': b'[ 91%] \x1b[32mBuilding CXX object CMakeFiles/cartographer.mapping.probability_values_test.dir/cartographer/mapping/probability_values_test.cc.o\x1b[0m\n'}
[318.400728] (-) TimerEvent: {}
[318.466138] (cartographer) StdoutLine: {'line': b'[ 91%] Built target cartographer.mapping.internal.optimization.cost_functions.spa_cost_function_2d_test\n'}
[318.500864] (-) TimerEvent: {}
[318.515854] (cartographer) StdoutLine: {'line': b'[ 91%] \x1b[32mBuilding CXX object CMakeFiles/cartographer.mapping.submaps_test.dir/cartographer/mapping/submaps_test.cc.o\x1b[0m\n'}
[318.550878] (cartographer) StdoutLine: {'line': b'[ 91%] \x1b[32m\x1b[1mLinking CXX executable cartographer.mapping.internal.range_data_collator_test\x1b[0m\n'}
[318.600989] (-) TimerEvent: {}
[318.701381] (-) TimerEvent: {}
[318.801757] (-) TimerEvent: {}
[318.854558] (cartographer) StdoutLine: {'line': b'[ 91%] Built target cartographer.mapping.internal.range_data_collator_test\n'}
[318.901114] (cartographer) StdoutLine: {'line': b'[ 92%] \x1b[32mBuilding CXX object CMakeFiles/cartographer.mapping.trajectory_node_test.dir/cartographer/mapping/trajectory_node_test.cc.o\x1b[0m\n'}
[318.901842] (-) TimerEvent: {}
[319.004637] (-) TimerEvent: {}
[319.105708] (-) TimerEvent: {}
[319.206084] (-) TimerEvent: {}
[319.306475] (-) TimerEvent: {}
[319.406840] (-) TimerEvent: {}
[319.508138] (-) TimerEvent: {}
[319.608537] (-) TimerEvent: {}
[319.708943] (-) TimerEvent: {}
[319.785120] (cartographer) StdoutLine: {'line': b'[ 92%] \x1b[32m\x1b[1mLinking CXX executable cartographer.mapping.internal.optimization.cost_functions.landmark_cost_function_3d_test\x1b[0m\n'}
[319.809074] (-) TimerEvent: {}
[319.913316] (-) TimerEvent: {}
[320.013721] (-) TimerEvent: {}
[320.114144] (-) TimerEvent: {}
[320.118153] (cartographer) StdoutLine: {'line': b'[ 92%] Built target cartographer.mapping.internal.optimization.cost_functions.landmark_cost_function_3d_test\n'}
[320.163070] (cartographer) StdoutLine: {'line': b'[ 92%] \x1b[32mBuilding CXX object CMakeFiles/cartographer.mapping.value_conversion_tables_test.dir/cartographer/mapping/value_conversion_tables_test.cc.o\x1b[0m\n'}
[320.214274] (-) TimerEvent: {}
[320.314667] (-) TimerEvent: {}
[320.415087] (-) TimerEvent: {}
[320.515471] (-) TimerEvent: {}
[320.615875] (-) TimerEvent: {}
[320.717140] (-) TimerEvent: {}
[320.817539] (-) TimerEvent: {}
[320.917971] (-) TimerEvent: {}
[321.019133] (-) TimerEvent: {}
[321.119682] (-) TimerEvent: {}
[321.220086] (-) TimerEvent: {}
[321.321139] (-) TimerEvent: {}
[321.421535] (-) TimerEvent: {}
[321.524141] (-) TimerEvent: {}
[321.624541] (-) TimerEvent: {}
[321.724938] (-) TimerEvent: {}
[321.826134] (-) TimerEvent: {}
[321.926519] (-) TimerEvent: {}
[322.026923] (-) TimerEvent: {}
[322.128135] (-) TimerEvent: {}
[322.228525] (-) TimerEvent: {}
[322.328906] (-) TimerEvent: {}
[322.430133] (-) TimerEvent: {}
[322.530561] (-) TimerEvent: {}
[322.630951] (-) TimerEvent: {}
[322.732143] (-) TimerEvent: {}
[322.832573] (-) TimerEvent: {}
[322.933001] (-) TimerEvent: {}
[323.034135] (-) TimerEvent: {}
[323.134680] (-) TimerEvent: {}
[323.236135] (-) TimerEvent: {}
[323.336659] (-) TimerEvent: {}
[323.438134] (-) TimerEvent: {}
[323.538506] (-) TimerEvent: {}
[323.638888] (-) TimerEvent: {}
[323.740136] (-) TimerEvent: {}
[323.840523] (-) TimerEvent: {}
[323.940916] (-) TimerEvent: {}
[324.042315] (-) TimerEvent: {}
[324.142750] (-) TimerEvent: {}
[324.243145] (-) TimerEvent: {}
[324.345482] (-) TimerEvent: {}
[324.445903] (-) TimerEvent: {}
[324.546298] (-) TimerEvent: {}
[324.646684] (-) TimerEvent: {}
[324.747149] (-) TimerEvent: {}
[324.848135] (-) TimerEvent: {}
[324.948523] (-) TimerEvent: {}
[325.050460] (-) TimerEvent: {}
[325.150947] (-) TimerEvent: {}
[325.251439] (-) TimerEvent: {}
[325.351939] (-) TimerEvent: {}
[325.453899] (-) TimerEvent: {}
[325.554395] (-) TimerEvent: {}
[325.654890] (-) TimerEvent: {}
[325.757522] (-) TimerEvent: {}
[325.849584] (cartographer) StdoutLine: {'line': b'[ 92%] \x1b[32m\x1b[1mLinking CXX executable cartographer.mapping.value_conversion_tables_test\x1b[0m\n'}
[325.857652] (-) TimerEvent: {}
[325.958151] (-) TimerEvent: {}
[326.058650] (-) TimerEvent: {}
[326.150653] (cartographer) StdoutLine: {'line': b'[ 92%] Built target cartographer.mapping.value_conversion_tables_test\n'}
[326.158779] (-) TimerEvent: {}
[326.198441] (cartographer) StdoutLine: {'line': b'[ 93%] \x1b[32mBuilding CXX object CMakeFiles/cartographer.sensor.compressed_point_cloud_test.dir/cartographer/sensor/compressed_point_cloud_test.cc.o\x1b[0m\n'}
[326.258914] (-) TimerEvent: {}
[326.359414] (-) TimerEvent: {}
[326.447122] (cartographer) StdoutLine: {'line': b'[ 93%] \x1b[32m\x1b[1mLinking CXX executable cartographer.mapping.probability_values_test\x1b[0m\n'}
[326.460137] (-) TimerEvent: {}
[326.560556] (-) TimerEvent: {}
[326.661134] (-) TimerEvent: {}
[326.746111] (cartographer) StdoutLine: {'line': b'[ 93%] Built target cartographer.mapping.probability_values_test\n'}
[326.762135] (-) TimerEvent: {}
[326.792677] (cartographer) StdoutLine: {'line': b'[ 93%] \x1b[32mBuilding CXX object CMakeFiles/cartographer.sensor.internal.collator_test.dir/cartographer/sensor/internal/collator_test.cc.o\x1b[0m\n'}
[326.862260] (-) TimerEvent: {}
[326.963148] (-) TimerEvent: {}
[327.063580] (-) TimerEvent: {}
[327.164133] (-) TimerEvent: {}
[327.267146] (-) TimerEvent: {}
[327.367554] (-) TimerEvent: {}
[327.467974] (-) TimerEvent: {}
[327.568415] (-) TimerEvent: {}
[327.668813] (-) TimerEvent: {}
[327.714111] (cartographer) StdoutLine: {'line': b'[ 93%] \x1b[32m\x1b[1mLinking CXX executable cartographer.mapping.pose_graph_test\x1b[0m\n'}
[327.768948] (-) TimerEvent: {}
[327.869473] (-) TimerEvent: {}
[327.971361] (-) TimerEvent: {}
[328.071773] (-) TimerEvent: {}
[328.075122] (cartographer) StdoutLine: {'line': b'[ 93%] \x1b[32m\x1b[1mLinking CXX executable cartographer.mapping.submaps_test\x1b[0m\n'}
[328.171903] (-) TimerEvent: {}
[328.272311] (-) TimerEvent: {}
[328.307115] (cartographer) StdoutLine: {'line': b'[ 93%] Built target cartographer.mapping.pose_graph_test\n'}
[328.360129] (cartographer) StdoutLine: {'line': b'[ 94%] \x1b[32mBuilding CXX object CMakeFiles/cartographer.sensor.internal.ordered_multi_queue_test.dir/cartographer/sensor/internal/ordered_multi_queue_test.cc.o\x1b[0m\n'}
[328.372129] (cartographer) StdoutLine: {'line': b'[ 94%] Built target cartographer.mapping.submaps_test\n'}
[328.372498] (-) TimerEvent: {}
[328.421122] (cartographer) StdoutLine: {'line': b'[ 94%] \x1b[32mBuilding CXX object CMakeFiles/cartographer.sensor.internal.trajectory_collator_test.dir/cartographer/sensor/internal/trajectory_collator_test.cc.o\x1b[0m\n'}
[328.472642] (-) TimerEvent: {}
[328.573081] (-) TimerEvent: {}
[328.673460] (-) TimerEvent: {}
[328.773841] (-) TimerEvent: {}
[328.875137] (-) TimerEvent: {}
[328.975549] (-) TimerEvent: {}
[329.075928] (-) TimerEvent: {}
[329.177318] (-) TimerEvent: {}
[329.277755] (-) TimerEvent: {}
[329.378149] (-) TimerEvent: {}
[329.478995] (-) TimerEvent: {}
[329.562115] (cartographer) StdoutLine: {'line': b'[ 94%] \x1b[32m\x1b[1mLinking CXX executable cartographer.mapping.pose_graph_trimmer_test\x1b[0m\n'}
[329.579133] (-) TimerEvent: {}
[329.683490] (-) TimerEvent: {}
[329.783891] (-) TimerEvent: {}
[329.859121] (cartographer) StdoutLine: {'line': b'[ 94%] Built target cartographer.mapping.pose_graph_trimmer_test\n'}
[329.884032] (-) TimerEvent: {}
[329.910115] (cartographer) StdoutLine: {'line': b'[ 94%] \x1b[32mBuilding CXX object CMakeFiles/cartographer.sensor.internal.voxel_filter_test.dir/cartographer/sensor/internal/voxel_filter_test.cc.o\x1b[0m\n'}
[329.984155] (-) TimerEvent: {}
[330.084561] (-) TimerEvent: {}
[330.185044] (-) TimerEvent: {}
[330.286138] (-) TimerEvent: {}
[330.386583] (-) TimerEvent: {}
[330.389704] (cartographer) StdoutLine: {'line': b'[ 94%] \x1b[32m\x1b[1mLinking CXX executable cartographer.mapping.pose_extrapolator_test\x1b[0m\n'}
[330.486723] (-) TimerEvent: {}
[330.587140] (-) TimerEvent: {}
[330.687523] (-) TimerEvent: {}
[330.701722] (cartographer) StdoutLine: {'line': b'[ 94%] Built target cartographer.mapping.pose_extrapolator_test\n'}
[330.749918] (cartographer) StdoutLine: {'line': b'[ 94%] \x1b[32mBuilding CXX object CMakeFiles/cartographer.sensor.landmark_data_test.dir/cartographer/sensor/landmark_data_test.cc.o\x1b[0m\n'}
[330.787651] (-) TimerEvent: {}
[330.888882] (-) TimerEvent: {}
[330.989360] (-) TimerEvent: {}
[331.090134] (-) TimerEvent: {}
[331.190496] (-) TimerEvent: {}
[331.291137] (-) TimerEvent: {}
[331.392142] (-) TimerEvent: {}
[331.492562] (-) TimerEvent: {}
[331.593138] (-) TimerEvent: {}
[331.694138] (-) TimerEvent: {}
[331.794547] (-) TimerEvent: {}
[331.895139] (-) TimerEvent: {}
[331.996138] (-) TimerEvent: {}
[332.096517] (-) TimerEvent: {}
[332.197134] (-) TimerEvent: {}
[332.298139] (-) TimerEvent: {}
[332.398534] (-) TimerEvent: {}
[332.499136] (-) TimerEvent: {}
[332.600133] (-) TimerEvent: {}
[332.700545] (-) TimerEvent: {}
[332.714120] (cartographer) StdoutLine: {'line': b'[ 94%] \x1b[32m\x1b[1mLinking CXX executable cartographer.mapping.trajectory_node_test\x1b[0m\n'}
[332.801368] (-) TimerEvent: {}
[332.901812] (-) TimerEvent: {}
[333.003676] (-) TimerEvent: {}
[333.091890] (cartographer) StdoutLine: {'line': b'[ 94%] Built target cartographer.mapping.trajectory_node_test\n'}
[333.104139] (-) TimerEvent: {}
[333.141135] (cartographer) StdoutLine: {'line': b'[ 94%] \x1b[32mBuilding CXX object CMakeFiles/cartographer.sensor.map_by_time_test.dir/cartographer/sensor/map_by_time_test.cc.o\x1b[0m\n'}
[333.204278] (-) TimerEvent: {}
[333.304740] (-) TimerEvent: {}
[333.406285] (-) TimerEvent: {}
[333.506667] (-) TimerEvent: {}
[333.607137] (-) TimerEvent: {}
[333.708135] (-) TimerEvent: {}
[333.808526] (-) TimerEvent: {}
[333.829116] (cartographer) StdoutLine: {'line': b'[ 94%] \x1b[32m\x1b[1mLinking CXX executable cartographer.mapping.map_builder_test\x1b[0m\n'}
[333.908646] (-) TimerEvent: {}
[334.009143] (-) TimerEvent: {}
[334.110140] (-) TimerEvent: {}
[334.210532] (-) TimerEvent: {}
[334.311136] (-) TimerEvent: {}
[334.412133] (-) TimerEvent: {}
[334.512522] (-) TimerEvent: {}
[334.516512] (cartographer) StdoutLine: {'line': b'[ 94%] Built target cartographer.mapping.map_builder_test\n'}
[334.563115] (cartographer) StdoutLine: {'line': b'[ 94%] \x1b[32mBuilding CXX object CMakeFiles/cartographer.sensor.point_cloud_test.dir/cartographer/sensor/point_cloud_test.cc.o\x1b[0m\n'}
[334.613134] (-) TimerEvent: {}
[334.713552] (-) TimerEvent: {}
[334.814412] (-) TimerEvent: {}
[334.915404] (-) TimerEvent: {}
[335.016137] (-) TimerEvent: {}
[335.117134] (-) TimerEvent: {}
[335.217528] (-) TimerEvent: {}
[335.318948] (-) TimerEvent: {}
[335.423382] (-) TimerEvent: {}
[335.523889] (-) TimerEvent: {}
[335.624379] (-) TimerEvent: {}
[335.724810] (-) TimerEvent: {}
[335.825261] (-) TimerEvent: {}
[335.925691] (-) TimerEvent: {}
[336.026134] (-) TimerEvent: {}
[336.126564] (-) TimerEvent: {}
[336.226990] (-) TimerEvent: {}
[336.328142] (-) TimerEvent: {}
[336.428538] (-) TimerEvent: {}
[336.528935] (-) TimerEvent: {}
[336.630138] (-) TimerEvent: {}
[336.730536] (-) TimerEvent: {}
[336.830931] (-) TimerEvent: {}
[336.932136] (-) TimerEvent: {}
[337.032528] (-) TimerEvent: {}
[337.132925] (-) TimerEvent: {}
[337.234138] (-) TimerEvent: {}
[337.334532] (-) TimerEvent: {}
[337.434932] (-) TimerEvent: {}
[337.536138] (-) TimerEvent: {}
[337.636537] (-) TimerEvent: {}
[337.736931] (-) TimerEvent: {}
[337.838137] (-) TimerEvent: {}
[337.938529] (-) TimerEvent: {}
[338.038919] (-) TimerEvent: {}
[338.140136] (-) TimerEvent: {}
[338.240527] (-) TimerEvent: {}
[338.340923] (-) TimerEvent: {}
[338.442140] (-) TimerEvent: {}
[338.542527] (-) TimerEvent: {}
[338.642922] (-) TimerEvent: {}
[338.744139] (-) TimerEvent: {}
[338.844534] (-) TimerEvent: {}
[338.944921] (-) TimerEvent: {}
[339.046141] (-) TimerEvent: {}
[339.120124] (cartographer) StdoutLine: {'line': b'[ 94%] \x1b[32m\x1b[1mLinking CXX executable cartographer.sensor.compressed_point_cloud_test\x1b[0m\n'}
[339.146271] (-) TimerEvent: {}
[339.247143] (-) TimerEvent: {}
[339.347551] (-) TimerEvent: {}
[339.448135] (-) TimerEvent: {}
[339.496138] (cartographer) StdoutLine: {'line': b'[ 94%] Built target cartographer.sensor.compressed_point_cloud_test\n'}
[339.543124] (cartographer) StdoutLine: {'line': b'[ 94%] \x1b[32mBuilding CXX object CMakeFiles/cartographer.sensor.range_data_test.dir/cartographer/sensor/range_data_test.cc.o\x1b[0m\n'}
[339.548255] (-) TimerEvent: {}
[339.649143] (-) TimerEvent: {}
[339.749546] (-) TimerEvent: {}
[339.850137] (-) TimerEvent: {}
[339.951137] (-) TimerEvent: {}
[340.051531] (-) TimerEvent: {}
[340.152141] (-) TimerEvent: {}
[340.253141] (-) TimerEvent: {}
[340.353547] (-) TimerEvent: {}
[340.455345] (-) TimerEvent: {}
[340.555792] (-) TimerEvent: {}
[340.656241] (-) TimerEvent: {}
[340.756665] (-) TimerEvent: {}
[340.857793] (-) TimerEvent: {}
[340.959492] (-) TimerEvent: {}
[340.975130] (cartographer) StdoutLine: {'line': b'[ 94%] \x1b[32m\x1b[1mLinking CXX executable cartographer.sensor.internal.ordered_multi_queue_test\x1b[0m\n'}
[341.059635] (-) TimerEvent: {}
[341.160113] (-) TimerEvent: {}
[341.261139] (-) TimerEvent: {}
[341.286133] (cartographer) StdoutLine: {'line': b'[ 94%] Built target cartographer.sensor.internal.ordered_multi_queue_test\n'}
[341.335130] (cartographer) StdoutLine: {'line': b'[ 94%] \x1b[32mBuilding CXX object CMakeFiles/cartographer.transform.rigid_transform_test.dir/cartographer/transform/rigid_transform_test.cc.o\x1b[0m\n'}
[341.361274] (-) TimerEvent: {}
[341.461753] (-) TimerEvent: {}
[341.562229] (-) TimerEvent: {}
[341.664479] (-) TimerEvent: {}
[341.764874] (-) TimerEvent: {}
[341.865317] (-) TimerEvent: {}
[341.965748] (-) TimerEvent: {}
[342.066147] (-) TimerEvent: {}
[342.167141] (-) TimerEvent: {}
[342.267621] (-) TimerEvent: {}
[342.312233] (cartographer) StdoutLine: {'line': b'[ 94%] \x1b[32m\x1b[1mLinking CXX executable cartographer.sensor.map_by_time_test\x1b[0m\n'}
[342.367755] (-) TimerEvent: {}
[342.394225] (cartographer) StdoutLine: {'line': b'[ 94%] \x1b[32m\x1b[1mLinking CXX executable cartographer.sensor.internal.collator_test\x1b[0m\n'}
[342.467887] (-) TimerEvent: {}
[342.528020] (cartographer) StdoutLine: {'line': b'[ 94%] \x1b[32m\x1b[1mLinking CXX executable cartographer.sensor.internal.voxel_filter_test\x1b[0m\n'}
[342.568020] (-) TimerEvent: {}
[342.615126] (cartographer) StdoutLine: {'line': b'[ 94%] Built target cartographer.sensor.map_by_time_test\n'}
[342.667531] (cartographer) StdoutLine: {'line': b'[ 94%] \x1b[32mBuilding CXX object CMakeFiles/cartographer.transform.timestamped_transform_test.dir/cartographer/transform/timestamped_transform_test.cc.o\x1b[0m\n'}
[342.668101] (-) TimerEvent: {}
[342.720319] (cartographer) StdoutLine: {'line': b'[ 94%] Built target cartographer.sensor.internal.collator_test\n'}
[342.769142] (-) TimerEvent: {}
[342.770347] (cartographer) StdoutLine: {'line': b'[ 94%] \x1b[32mBuilding CXX object CMakeFiles/cartographer.transform.transform_interpolation_buffer_test.dir/cartographer/transform/transform_interpolation_buffer_test.cc.o\x1b[0m\n'}
[342.871771] (-) TimerEvent: {}
[342.907154] (cartographer) StdoutLine: {'line': b'[ 94%] Built target cartographer.sensor.internal.voxel_filter_test\n'}
[342.935860] (cartographer) StdoutLine: {'line': b'[ 95%] \x1b[32m\x1b[1mLinking CXX executable cartographer.sensor.internal.trajectory_collator_test\x1b[0m\n'}
[342.954895] (cartographer) StdoutLine: {'line': b'[ 95%] \x1b[32mBuilding CXX object CMakeFiles/cartographer.transform.transform_test.dir/cartographer/transform/transform_test.cc.o\x1b[0m\n'}
[342.971893] (-) TimerEvent: {}
[343.072632] (-) TimerEvent: {}
[343.173931] (-) TimerEvent: {}
[343.255205] (cartographer) StdoutLine: {'line': b'[ 95%] Built target cartographer.sensor.internal.trajectory_collator_test\n'}
[343.274049] (-) TimerEvent: {}
[343.375130] (-) TimerEvent: {}
[343.475501] (-) TimerEvent: {}
[343.575884] (-) TimerEvent: {}
[343.676283] (-) TimerEvent: {}
[343.776993] (-) TimerEvent: {}
[343.877989] (-) TimerEvent: {}
[343.979043] (-) TimerEvent: {}
[344.082279] (-) TimerEvent: {}
[344.183754] (-) TimerEvent: {}
[344.285282] (-) TimerEvent: {}
[344.386805] (-) TimerEvent: {}
[344.488843] (-) TimerEvent: {}
[344.589424] (-) TimerEvent: {}
[344.689815] (-) TimerEvent: {}
[344.790931] (-) TimerEvent: {}
[344.891338] (-) TimerEvent: {}
[344.992376] (-) TimerEvent: {}
[345.093463] (-) TimerEvent: {}
[345.194447] (-) TimerEvent: {}
[345.295829] (-) TimerEvent: {}
[345.397125] (-) TimerEvent: {}
[345.497827] (-) TimerEvent: {}
[345.598132] (-) TimerEvent: {}
[345.698472] (-) TimerEvent: {}
[345.798879] (-) TimerEvent: {}
[345.899910] (-) TimerEvent: {}
[346.000975] (-) TimerEvent: {}
[346.101371] (-) TimerEvent: {}
[346.202319] (-) TimerEvent: {}
[346.303373] (-) TimerEvent: {}
[346.404163] (-) TimerEvent: {}
[346.505148] (-) TimerEvent: {}
[346.606240] (-) TimerEvent: {}
[346.707202] (-) TimerEvent: {}
[346.808288] (-) TimerEvent: {}
[346.909272] (-) TimerEvent: {}
[347.007167] (cartographer) StdoutLine: {'line': b'[ 96%] \x1b[32m\x1b[1mLinking CXX executable cartographer.sensor.landmark_data_test\x1b[0m\n'}
[347.009395] (-) TimerEvent: {}
[347.109813] (-) TimerEvent: {}
[347.210211] (-) TimerEvent: {}
[347.262097] (cartographer) StdoutLine: {'line': b'[ 96%] Built target cartographer.sensor.landmark_data_test\n'}
[347.310314] (-) TimerEvent: {}
[347.410645] (-) TimerEvent: {}
[347.511049] (-) TimerEvent: {}
[347.611462] (-) TimerEvent: {}
[347.712574] (-) TimerEvent: {}
[347.812973] (-) TimerEvent: {}
[347.913507] (-) TimerEvent: {}
[348.009311] (cartographer) StdoutLine: {'line': b'[ 97%] \x1b[32m\x1b[1mLinking CXX executable cartographer.sensor.point_cloud_test\x1b[0m\n'}
[348.014130] (-) TimerEvent: {}
[348.114506] (-) TimerEvent: {}
[348.214886] (-) TimerEvent: {}
[348.300755] (cartographer) StdoutLine: {'line': b'[ 97%] Built target cartographer.sensor.point_cloud_test\n'}
[348.315012] (-) TimerEvent: {}
[348.415424] (-) TimerEvent: {}
[348.515804] (-) TimerEvent: {}
[348.616140] (-) TimerEvent: {}
[348.716508] (-) TimerEvent: {}
[348.816902] (-) TimerEvent: {}
[348.917300] (-) TimerEvent: {}
[349.017664] (-) TimerEvent: {}
[349.118032] (-) TimerEvent: {}
[349.218425] (-) TimerEvent: {}
[349.318821] (-) TimerEvent: {}
[349.419220] (-) TimerEvent: {}
[349.519596] (-) TimerEvent: {}
[349.619967] (-) TimerEvent: {}
[349.720366] (-) TimerEvent: {}
[349.813140] (cartographer) StdoutLine: {'line': b'[ 97%] \x1b[32m\x1b[1mLinking CXX executable cartographer.sensor.range_data_test\x1b[0m\n'}
[349.820487] (-) TimerEvent: {}
[349.920866] (-) TimerEvent: {}
[349.996278] (cartographer) StdoutLine: {'line': b'[ 97%] Built target cartographer.sensor.range_data_test\n'}
[350.020991] (-) TimerEvent: {}
[350.121376] (-) TimerEvent: {}
[350.221731] (-) TimerEvent: {}
[350.322089] (-) TimerEvent: {}
[350.422436] (-) TimerEvent: {}
[350.522790] (-) TimerEvent: {}
[350.623158] (-) TimerEvent: {}
[350.723531] (-) TimerEvent: {}
[350.823907] (-) TimerEvent: {}
[350.924284] (-) TimerEvent: {}
[351.024653] (-) TimerEvent: {}
[351.125022] (-) TimerEvent: {}
[351.225389] (-) TimerEvent: {}
[351.325771] (-) TimerEvent: {}
[351.426135] (-) TimerEvent: {}
[351.526500] (-) TimerEvent: {}
[351.626859] (-) TimerEvent: {}
[351.727239] (-) TimerEvent: {}
[351.827608] (-) TimerEvent: {}
[351.927978] (-) TimerEvent: {}
[352.028354] (-) TimerEvent: {}
[352.128728] (-) TimerEvent: {}
[352.229112] (-) TimerEvent: {}
[352.265979] (cartographer) StdoutLine: {'line': b'[ 97%] \x1b[32m\x1b[1mLinking CXX executable cartographer.transform.timestamped_transform_test\x1b[0m\n'}
[352.329236] (-) TimerEvent: {}
[352.429622] (-) TimerEvent: {}
[352.498740] (cartographer) StdoutLine: {'line': b'[ 97%] Built target cartographer.transform.timestamped_transform_test\n'}
[352.529740] (-) TimerEvent: {}
[352.630102] (-) TimerEvent: {}
[352.730455] (-) TimerEvent: {}
[352.830819] (-) TimerEvent: {}
[352.931141] (-) TimerEvent: {}
[353.031491] (-) TimerEvent: {}
[353.040459] (cartographer) StdoutLine: {'line': b'[ 98%] \x1b[32m\x1b[1mLinking CXX executable cartographer.transform.transform_interpolation_buffer_test\x1b[0m\n'}
[353.131613] (-) TimerEvent: {}
[353.231964] (-) TimerEvent: {}
[353.262320] (cartographer) StdoutLine: {'line': b'[ 98%] Built target cartographer.transform.transform_interpolation_buffer_test\n'}
[353.332095] (-) TimerEvent: {}
[353.432448] (-) TimerEvent: {}
[353.532797] (-) TimerEvent: {}
[353.633140] (-) TimerEvent: {}
[353.733524] (-) TimerEvent: {}
[353.833831] (-) TimerEvent: {}
[353.863113] (cartographer) StdoutLine: {'line': b'[ 98%] \x1b[32m\x1b[1mLinking CXX executable cartographer.transform.transform_test\x1b[0m\n'}
[353.933971] (-) TimerEvent: {}
[354.034295] (-) TimerEvent: {}
[354.040287] (cartographer) StdoutLine: {'line': b'[ 98%] Built target cartographer.transform.transform_test\n'}
[354.134414] (-) TimerEvent: {}
[354.234753] (-) TimerEvent: {}
[354.335086] (-) TimerEvent: {}
[354.435410] (-) TimerEvent: {}
[354.535744] (-) TimerEvent: {}
[354.636084] (-) TimerEvent: {}
[354.736422] (-) TimerEvent: {}
[354.836758] (-) TimerEvent: {}
[354.937096] (-) TimerEvent: {}
[355.037426] (-) TimerEvent: {}
[355.137767] (-) TimerEvent: {}
[355.238118] (-) TimerEvent: {}
[355.338457] (-) TimerEvent: {}
[355.438792] (-) TimerEvent: {}
[355.539135] (-) TimerEvent: {}
[355.610413] (cartographer) StdoutLine: {'line': b'[100%] \x1b[32m\x1b[1mLinking CXX executable cartographer.transform.rigid_transform_test\x1b[0m\n'}
[355.639234] (-) TimerEvent: {}
[355.739563] (-) TimerEvent: {}
[355.769927] (cartographer) StdoutLine: {'line': b'[100%] Built target cartographer.transform.rigid_transform_test\n'}
[355.787864] (cartographer) CommandEnded: {'returncode': 0}
[355.788928] (cartographer) JobProgress: {'identifier': 'cartographer', 'progress': 'install'}
[355.789625] (cartographer) Command: {'cmd': ['/usr/bin/cmake', '--install', '/root/distr_slam_ws/build/cartographer'], 'cwd': '/root/distr_slam_ws/build/cartographer', 'env': OrderedDict({'HOSTNAME': 'user-dynabook-G83-DN', 'SHLVL': '1', 'LIBGL_ALWAYS_SOFTWARE': '1', 'LD_LIBRARY_PATH': '/opt/ros/jazzy/opt/rviz_ogre_vendor/lib:/opt/ros/jazzy/lib/x86_64-linux-gnu:/opt/ros/jazzy/opt/gz_math_vendor/lib:/opt/ros/jazzy/opt/gz_utils_vendor/lib:/opt/ros/jazzy/opt/gz_cmake_vendor/lib:/opt/ros/jazzy/lib', 'HOME': '/root', 'OLDPWD': '/root', 'ROS_PYTHON_VERSION': '3', 'ROS_DISTRO': 'jazzy', '_': '/usr/bin/colcon', 'ROS_VERSION': '2', 'TERM': 'xterm', 'ROS_LOCALHOST_ONLY': '1', 'QT_X11_NO_MITSHM': '1', 'PATH': '/opt/ros/jazzy/bin:/usr/local/sbin:/usr/local/bin:/usr/sbin:/usr/bin:/sbin:/bin', 'DISPLAY': ':0', 'LANG': 'en_US.UTF-8', 'XAUTHORITY': '/root/.Xauthority', 'LS_COLORS': 'rs=0:di=01;34:ln=01;36:mh=00:pi=40;33:so=01;35:do=01;35:bd=40;33;01:cd=40;33;01:or=40;31;01:mi=00:su=37;41:sg=30;43:ca=00:tw=30;42:ow=34;42:st=37;44:ex=01;32:*.tar=01;31:*.tgz=01;31:*.arc=01;31:*.arj=01;31:*.taz=01;31:*.lha=01;31:*.lz4=01;31:*.lzh=01;31:*.lzma=01;31:*.tlz=01;31:*.txz=01;31:*.tzo=01;31:*.t7z=01;31:*.zip=01;31:*.z=01;31:*.dz=01;31:*.gz=01;31:*.lrz=01;31:*.lz=01;31:*.lzo=01;31:*.xz=01;31:*.zst=01;31:*.tzst=01;31:*.bz2=01;31:*.bz=01;31:*.tbz=01;31:*.tbz2=01;31:*.tz=01;31:*.deb=01;31:*.rpm=01;31:*.jar=01;31:*.war=01;31:*.ear=01;31:*.sar=01;31:*.rar=01;31:*.alz=01;31:*.ace=01;31:*.zoo=01;31:*.cpio=01;31:*.7z=01;31:*.rz=01;31:*.cab=01;31:*.wim=01;31:*.swm=01;31:*.dwm=01;31:*.esd=01;31:*.avif=01;35:*.jpg=01;35:*.jpeg=01;35:*.mjpg=01;35:*.mjpeg=01;35:*.gif=01;35:*.bmp=01;35:*.pbm=01;35:*.pgm=01;35:*.ppm=01;35:*.tga=01;35:*.xbm=01;35:*.xpm=01;35:*.tif=01;35:*.tiff=01;35:*.png=01;35:*.svg=01;35:*.svgz=01;35:*.mng=01;35:*.pcx=01;35:*.mov=01;35:*.mpg=01;35:*.mpeg=01;35:*.m2v=01;35:*.mkv=01;35:*.webm=01;35:*.webp=01;35:*.ogm=01;35:*.mp4=01;35:*.m4v=01;35:*.mp4v=01;35:*.vob=01;35:*.qt=01;35:*.nuv=01;35:*.wmv=01;35:*.asf=01;35:*.rm=01;35:*.rmvb=01;35:*.flc=01;35:*.avi=01;35:*.fli=01;35:*.flv=01;35:*.gl=01;35:*.dl=01;35:*.xcf=01;35:*.xwd=01;35:*.yuv=01;35:*.cgm=01;35:*.emf=01;35:*.ogv=01;35:*.ogx=01;35:*.aac=00;36:*.au=00;36:*.flac=00;36:*.m4a=00;36:*.mid=00;36:*.midi=00;36:*.mka=00;36:*.mp3=00;36:*.mpc=00;36:*.ogg=00;36:*.ra=00;36:*.wav=00;36:*.oga=00;36:*.opus=00;36:*.spx=00;36:*.xspf=00;36:*~=00;90:*#=00;90:*.bak=00;90:*.crdownload=00;90:*.dpkg-dist=00;90:*.dpkg-new=00;90:*.dpkg-old=00;90:*.dpkg-tmp=00;90:*.old=00;90:*.orig=00;90:*.part=00;90:*.rej=00;90:*.rpmnew=00;90:*.rpmorig=00;90:*.rpmsave=00;90:*.swp=00;90:*.tmp=00;90:*.ucf-dist=00;90:*.ucf-new=00;90:*.ucf-old=00;90:', 'AMENT_PREFIX_PATH': '/opt/ros/jazzy', 'DEBIAN_FRONTEND': 'noninteractive', 'ROS_AUTOMATIC_DISCOVERY_RANGE': 'SUBNET', 'PWD': '/root/distr_slam_ws/build/cartographer', 'TURTLEBOT3_MODEL': 'burger', 'LC_ALL': 'en_US.UTF-8', 'PYTHONPATH': '/opt/ros/jazzy/lib/python3.12/site-packages', 'COLCON': '1', 'CMAKE_PREFIX_PATH': '/opt/ros/jazzy/opt/gz_math_vendor:/opt/ros/jazzy/opt/gz_utils_vendor:/opt/ros/jazzy/opt/gz_cmake_vendor:/opt/ros/jazzy'}), 'shell': False}
[355.800920] (cartographer) StdoutLine: {'line': b'-- Install configuration: "Release"\n'}
[355.801212] (cartographer) StdoutLine: {'line': b'-- Installing: /root/distr_slam_ws/install/cartographer/share/cartographer/package.xml\n'}
[355.801457] (cartographer) StdoutLine: {'line': b'-- Installing: /root/distr_slam_ws/install/cartographer/share/cartographer//configuration_files\n'}
[355.801679] (cartographer) StdoutLine: {'line': b'-- Installing: /root/distr_slam_ws/install/cartographer/share/cartographer//configuration_files/trajectory_builder_2d.lua\n'}
[355.801918] (cartographer) StdoutLine: {'line': b'-- Installing: /root/distr_slam_ws/install/cartographer/share/cartographer//configuration_files/trajectory_builder_3d.lua\n'}
[355.802135] (cartographer) StdoutLine: {'line': b'-- Installing: /root/distr_slam_ws/install/cartographer/share/cartographer//configuration_files/pose_graph.lua\n'}
[355.802328] (cartographer) StdoutLine: {'line': b'-- Installing: /root/distr_slam_ws/install/cartographer/share/cartographer//configuration_files/map_builder.lua\n'}
[355.802538] (cartographer) StdoutLine: {'line': b'-- Installing: /root/distr_slam_ws/install/cartographer/share/cartographer//configuration_files/map_builder_server.lua\n'}
[355.802761] (cartographer) StdoutLine: {'line': b'-- Installing: /root/distr_slam_ws/install/cartographer/share/cartographer//configuration_files/trajectory_builder.lua\n'}
[355.803015] (cartographer) StdoutLine: {'line': b'-- Installing: /root/distr_slam_ws/install/cartographer/share/cartographer//cmake\n'}
[355.803403] (cartographer) StdoutLine: {'line': b'-- Installing: /root/distr_slam_ws/install/cartographer/share/cartographer//cmake/modules\n'}
[355.803623] (cartographer) StdoutLine: {'line': b'-- Installing: /root/distr_slam_ws/install/cartographer/share/cartographer//cmake/modules/FindLuaGoogle.cmake\n'}
[355.803839] (cartographer) StdoutLine: {'line': b'-- Installing: /root/distr_slam_ws/install/cartographer/share/cartographer//cmake/modules/FindSphinx.cmake\n'}
[355.804077] (cartographer) StdoutLine: {'line': b'-- Installing: /root/distr_slam_ws/install/cartographer/share/cartographer//cmake/modules/FindEigen3.cmake\n'}
[355.804264] (cartographer) StdoutLine: {'line': b'-- Installing: /root/distr_slam_ws/install/cartographer/share/cartographer//cmake/modules/FindGMock.cmake\n'}
[355.804484] (cartographer) StdoutLine: {'line': b'-- Installing: /root/distr_slam_ws/install/cartographer/share/cartographer//cmake/functions.cmake\n'}
[355.804647] (cartographer) StdoutLine: {'line': b'-- Installing: /root/distr_slam_ws/install/cartographer/bin/cartographer_autogenerate_ground_truth\n'}
[355.805519] (cartographer) StdoutLine: {'line': b'-- Installing: /root/distr_slam_ws/install/cartographer/bin/cartographer_compute_relations_metrics\n'}
[355.806861] (cartographer) StdoutLine: {'line': b'-- Installing: /root/distr_slam_ws/install/cartographer/bin/cartographer_pbstream\n'}
[355.809394] (cartographer) StdoutLine: {'line': b'-- Installing: /root/distr_slam_ws/install/cartographer/bin/cartographer_print_configuration\n'}
[355.809828] (cartographer) StdoutLine: {'line': b'-- Installing: /root/distr_slam_ws/install/cartographer/lib/libcartographer.a\n'}
[355.818606] (cartographer) StdoutLine: {'line': b'-- Installing: /root/distr_slam_ws/install/cartographer/include/cartographer/common/configuration_file_resolver.h\n'}
[355.818888] (cartographer) StdoutLine: {'line': b'-- Installing: /root/distr_slam_ws/install/cartographer/include/cartographer/common/fixed_ratio_sampler.h\n'}
[355.819100] (cartographer) StdoutLine: {'line': b'-- Installing: /root/distr_slam_ws/install/cartographer/include/cartographer/common/histogram.h\n'}
[355.819267] (cartographer) StdoutLine: {'line': b'-- Installing: /root/distr_slam_ws/install/cartographer/include/cartographer/common/lua.h\n'}
[355.819530] (cartographer) StdoutLine: {'line': b'-- Installing: /root/distr_slam_ws/install/cartographer/include/cartographer/common/lua_parameter_dictionary.h\n'}
[355.819727] (cartographer) StdoutLine: {'line': b'-- Installing: /root/distr_slam_ws/install/cartographer/include/cartographer/common/math.h\n'}
[355.819950] (cartographer) StdoutLine: {'line': b'-- Installing: /root/distr_slam_ws/install/cartographer/include/cartographer/common/port.h\n'}
[355.820188] (cartographer) StdoutLine: {'line': b'-- Installing: /root/distr_slam_ws/install/cartographer/include/cartographer/common/task.h\n'}
[355.820410] (cartographer) StdoutLine: {'line': b'-- Installing: /root/distr_slam_ws/install/cartographer/include/cartographer/common/thread_pool.h\n'}
[355.820655] (cartographer) StdoutLine: {'line': b'-- Installing: /root/distr_slam_ws/install/cartographer/include/cartographer/common/time.h\n'}
[355.820974] (cartographer) StdoutLine: {'line': b'-- Installing: /root/distr_slam_ws/install/cartographer/include/cartographer/ground_truth/autogenerate_ground_truth.h\n'}
[355.821190] (cartographer) StdoutLine: {'line': b'-- Installing: /root/distr_slam_ws/install/cartographer/include/cartographer/ground_truth/relations_text_file.h\n'}
[355.821498] (cartographer) StdoutLine: {'line': b'-- Installing: /root/distr_slam_ws/install/cartographer/include/cartographer/io/color.h\n'}
[355.821728] (cartographer) StdoutLine: {'line': b'-- Installing: /root/distr_slam_ws/install/cartographer/include/cartographer/io/coloring_points_processor.h\n'}
[355.821934] (cartographer) StdoutLine: {'line': b'-- Installing: /root/distr_slam_ws/install/cartographer/include/cartographer/io/counting_points_processor.h\n'}
[355.822146] (cartographer) StdoutLine: {'line': b'-- Installing: /root/distr_slam_ws/install/cartographer/include/cartographer/io/draw_trajectories.h\n'}
[355.822376] (cartographer) StdoutLine: {'line': b'-- Installing: /root/distr_slam_ws/install/cartographer/include/cartographer/io/file_writer.h\n'}
[355.822607] (cartographer) StdoutLine: {'line': b'-- Installing: /root/distr_slam_ws/install/cartographer/include/cartographer/io/fixed_ratio_sampling_points_processor.h\n'}
[355.822809] (cartographer) StdoutLine: {'line': b'-- Installing: /root/distr_slam_ws/install/cartographer/include/cartographer/io/frame_id_filtering_points_processor.h\n'}
[355.823005] (cartographer) StdoutLine: {'line': b'-- Installing: /root/distr_slam_ws/install/cartographer/include/cartographer/io/hybrid_grid_points_processor.h\n'}
[355.823239] (cartographer) StdoutLine: {'line': b'-- Installing: /root/distr_slam_ws/install/cartographer/include/cartographer/io/image.h\n'}
[355.823452] (cartographer) StdoutLine: {'line': b'-- Installing: /root/distr_slam_ws/install/cartographer/include/cartographer/io/intensity_to_color_points_processor.h\n'}
[355.823675] (cartographer) StdoutLine: {'line': b'-- Installing: /root/distr_slam_ws/install/cartographer/include/cartographer/io/min_max_range_filtering_points_processor.h\n'}
[355.823944] (cartographer) StdoutLine: {'line': b'-- Installing: /root/distr_slam_ws/install/cartographer/include/cartographer/io/null_points_processor.h\n'}
[355.824141] (cartographer) StdoutLine: {'line': b'-- Installing: /root/distr_slam_ws/install/cartographer/include/cartographer/io/outlier_removing_points_processor.h\n'}
[355.824404] (cartographer) StdoutLine: {'line': b'-- Installing: /root/distr_slam_ws/install/cartographer/include/cartographer/io/pcd_writing_points_processor.h\n'}
[355.824631] (cartographer) StdoutLine: {'line': b'-- Installing: /root/distr_slam_ws/install/cartographer/include/cartographer/io/ply_writing_points_processor.h\n'}
[355.824840] (cartographer) StdoutLine: {'line': b'-- Installing: /root/distr_slam_ws/install/cartographer/include/cartographer/io/points_batch.h\n'}
[355.825031] (cartographer) StdoutLine: {'line': b'-- Installing: /root/distr_slam_ws/install/cartographer/include/cartographer/io/points_processor.h\n'}
[355.825306] (cartographer) StdoutLine: {'line': b'-- Installing: /root/distr_slam_ws/install/cartographer/include/cartographer/io/points_processor_pipeline_builder.h\n'}
[355.825491] (cartographer) StdoutLine: {'line': b'-- Installing: /root/distr_slam_ws/install/cartographer/include/cartographer/io/probability_grid_points_processor.h\n'}
[355.825764] (cartographer) StdoutLine: {'line': b'-- Installing: /root/distr_slam_ws/install/cartographer/include/cartographer/io/proto_stream.h\n'}
[355.825950] (cartographer) StdoutLine: {'line': b'-- Installing: /root/distr_slam_ws/install/cartographer/include/cartographer/io/proto_stream_deserializer.h\n'}
[355.826235] (cartographer) StdoutLine: {'line': b'-- Installing: /root/distr_slam_ws/install/cartographer/include/cartographer/io/proto_stream_interface.h\n'}
[355.826416] (cartographer) StdoutLine: {'line': b'-- Installing: /root/distr_slam_ws/install/cartographer/include/cartographer/io/serialization_format_migration.h\n'}
[355.826690] (cartographer) StdoutLine: {'line': b'-- Installing: /root/distr_slam_ws/install/cartographer/include/cartographer/io/submap_painter.h\n'}
[355.826878] (cartographer) StdoutLine: {'line': b'-- Installing: /root/distr_slam_ws/install/cartographer/include/cartographer/io/vertical_range_filtering_points_processor.h\n'}
[355.827096] (cartographer) StdoutLine: {'line': b'-- Installing: /root/distr_slam_ws/install/cartographer/include/cartographer/io/xray_points_processor.h\n'}
[355.827374] (cartographer) StdoutLine: {'line': b'-- Installing: /root/distr_slam_ws/install/cartographer/include/cartographer/io/xyz_writing_points_processor.h\n'}
[355.827685] (cartographer) StdoutLine: {'line': b'-- Installing: /root/distr_slam_ws/install/cartographer/include/cartographer/mapping/2d/grid_2d.h\n'}
[355.827928] (cartographer) StdoutLine: {'line': b'-- Installing: /root/distr_slam_ws/install/cartographer/include/cartographer/mapping/2d/map_limits.h\n'}
[355.828157] (cartographer) StdoutLine: {'line': b'-- Installing: /root/distr_slam_ws/install/cartographer/include/cartographer/mapping/2d/probability_grid.h\n'}
[355.828389] (cartographer) StdoutLine: {'line': b'-- Installing: /root/distr_slam_ws/install/cartographer/include/cartographer/mapping/2d/probability_grid_range_data_inserter_2d.h\n'}
[355.828571] (cartographer) StdoutLine: {'line': b'-- Installing: /root/distr_slam_ws/install/cartographer/include/cartographer/mapping/2d/submap_2d.h\n'}
[355.828835] (cartographer) StdoutLine: {'line': b'-- Installing: /root/distr_slam_ws/install/cartographer/include/cartographer/mapping/2d/xy_index.h\n'}
[355.829088] (cartographer) StdoutLine: {'line': b'-- Installing: /root/distr_slam_ws/install/cartographer/include/cartographer/mapping/3d/hybrid_grid.h\n'}
[355.829378] (cartographer) StdoutLine: {'line': b'-- Installing: /root/distr_slam_ws/install/cartographer/include/cartographer/mapping/3d/range_data_inserter_3d.h\n'}
[355.829569] (cartographer) StdoutLine: {'line': b'-- Installing: /root/distr_slam_ws/install/cartographer/include/cartographer/mapping/3d/submap_3d.h\n'}
[355.829835] (cartographer) StdoutLine: {'line': b'-- Installing: /root/distr_slam_ws/install/cartographer/include/cartographer/mapping/detect_floors.h\n'}
[355.830028] (cartographer) StdoutLine: {'line': b'-- Installing: /root/distr_slam_ws/install/cartographer/include/cartographer/mapping/grid_interface.h\n'}
[355.830299] (cartographer) StdoutLine: {'line': b'-- Installing: /root/distr_slam_ws/install/cartographer/include/cartographer/mapping/id.h\n'}
[355.830489] (cartographer) StdoutLine: {'line': b'-- Installing: /root/distr_slam_ws/install/cartographer/include/cartographer/mapping/imu_tracker.h\n'}
[355.830756] (cartographer) StdoutLine: {'line': b'-- Installing: /root/distr_slam_ws/install/cartographer/include/cartographer/mapping/map_builder.h\n'}
[355.830985] (cartographer) StdoutLine: {'line': b'-- Installing: /root/distr_slam_ws/install/cartographer/include/cartographer/mapping/map_builder_interface.h\n'}
[355.831189] (cartographer) StdoutLine: {'line': b'-- Installing: /root/distr_slam_ws/install/cartographer/include/cartographer/mapping/pose_extrapolator.h\n'}
[355.831396] (cartographer) StdoutLine: {'line': b'-- Installing: /root/distr_slam_ws/install/cartographer/include/cartographer/mapping/pose_extrapolator_interface.h\n'}
[355.831664] (cartographer) StdoutLine: {'line': b'-- Installing: /root/distr_slam_ws/install/cartographer/include/cartographer/mapping/pose_graph.h\n'}
[355.831861] (cartographer) StdoutLine: {'line': b'-- Installing: /root/distr_slam_ws/install/cartographer/include/cartographer/mapping/pose_graph_interface.h\n'}
[355.832084] (cartographer) StdoutLine: {'line': b'-- Installing: /root/distr_slam_ws/install/cartographer/include/cartographer/mapping/pose_graph_trimmer.h\n'}
[355.832398] (cartographer) StdoutLine: {'line': b'-- Installing: /root/distr_slam_ws/install/cartographer/include/cartographer/mapping/probability_values.h\n'}
[355.832590] (cartographer) StdoutLine: {'line': b'-- Installing: /root/distr_slam_ws/install/cartographer/include/cartographer/mapping/range_data_inserter_interface.h\n'}
[355.832852] (cartographer) StdoutLine: {'line': b'-- Installing: /root/distr_slam_ws/install/cartographer/include/cartographer/mapping/submaps.h\n'}
[355.833049] (cartographer) StdoutLine: {'line': b'-- Installing: /root/distr_slam_ws/install/cartographer/include/cartographer/mapping/trajectory_builder_interface.h\n'}
[355.833317] (cartographer) StdoutLine: {'line': b'-- Installing: /root/distr_slam_ws/install/cartographer/include/cartographer/mapping/trajectory_node.h\n'}
[355.833505] (cartographer) StdoutLine: {'line': b'-- Installing: /root/distr_slam_ws/install/cartographer/include/cartographer/mapping/value_conversion_tables.h\n'}
[355.833822] (cartographer) StdoutLine: {'line': b'-- Installing: /root/distr_slam_ws/install/cartographer/include/cartographer/metrics/counter.h\n'}
[355.834002] (cartographer) StdoutLine: {'line': b'-- Installing: /root/distr_slam_ws/install/cartographer/include/cartographer/metrics/family_factory.h\n'}
[355.834264] (cartographer) StdoutLine: {'line': b'-- Installing: /root/distr_slam_ws/install/cartographer/include/cartographer/metrics/gauge.h\n'}
[355.834444] (cartographer) StdoutLine: {'line': b'-- Installing: /root/distr_slam_ws/install/cartographer/include/cartographer/metrics/histogram.h\n'}
[355.834657] (cartographer) StdoutLine: {'line': b'-- Installing: /root/distr_slam_ws/install/cartographer/include/cartographer/metrics/register.h\n'}
[355.834932] (cartographer) StdoutLine: {'line': b'-- Installing: /root/distr_slam_ws/install/cartographer/include/cartographer/sensor/collator_interface.h\n'}
[355.835249] (cartographer) StdoutLine: {'line': b'-- Installing: /root/distr_slam_ws/install/cartographer/include/cartographer/sensor/compressed_point_cloud.h\n'}
[355.835434] (cartographer) StdoutLine: {'line': b'-- Installing: /root/distr_slam_ws/install/cartographer/include/cartographer/sensor/data.h\n'}
[355.835684] (cartographer) StdoutLine: {'line': b'-- Installing: /root/distr_slam_ws/install/cartographer/include/cartographer/sensor/fixed_frame_pose_data.h\n'}
[355.835906] (cartographer) StdoutLine: {'line': b'-- Installing: /root/distr_slam_ws/install/cartographer/include/cartographer/sensor/imu_data.h\n'}
[355.836124] (cartographer) StdoutLine: {'line': b'-- Installing: /root/distr_slam_ws/install/cartographer/include/cartographer/sensor/landmark_data.h\n'}
[355.836316] (cartographer) StdoutLine: {'line': b'-- Installing: /root/distr_slam_ws/install/cartographer/include/cartographer/sensor/map_by_time.h\n'}
[355.836539] (cartographer) StdoutLine: {'line': b'-- Installing: /root/distr_slam_ws/install/cartographer/include/cartographer/sensor/odometry_data.h\n'}
[355.836764] (cartographer) StdoutLine: {'line': b'-- Installing: /root/distr_slam_ws/install/cartographer/include/cartographer/sensor/point_cloud.h\n'}
[355.836987] (cartographer) StdoutLine: {'line': b'-- Installing: /root/distr_slam_ws/install/cartographer/include/cartographer/sensor/range_data.h\n'}
[355.837217] (cartographer) StdoutLine: {'line': b'-- Installing: /root/distr_slam_ws/install/cartographer/include/cartographer/sensor/rangefinder_point.h\n'}
[355.837442] (cartographer) StdoutLine: {'line': b'-- Installing: /root/distr_slam_ws/install/cartographer/include/cartographer/sensor/timed_point_cloud_data.h\n'}
[355.837726] (cartographer) StdoutLine: {'line': b'-- Installing: /root/distr_slam_ws/install/cartographer/include/cartographer/transform/rigid_transform.h\n'}
[355.837943] (cartographer) StdoutLine: {'line': b'-- Installing: /root/distr_slam_ws/install/cartographer/include/cartographer/transform/timestamped_transform.h\n'}
[355.838166] (cartographer) StdoutLine: {'line': b'-- Installing: /root/distr_slam_ws/install/cartographer/include/cartographer/transform/transform.h\n'}
[355.838387] (cartographer) StdoutLine: {'line': b'-- Installing: /root/distr_slam_ws/install/cartographer/include/cartographer/transform/transform_interpolation_buffer.h\n'}
[355.838572] (cartographer) StdoutLine: {'line': b'-- Installing: /root/distr_slam_ws/install/cartographer/include/cartographer/io/fake_file_writer.h\n'}
[355.838796] (cartographer) StdoutLine: {'line': b'-- Installing: /root/distr_slam_ws/install/cartographer/include/cartographer/transform/rigid_transform_test_helpers.h\n'}
[355.839073] (cartographer) StdoutLine: {'line': b'-- Installing: /root/distr_slam_ws/install/cartographer/include/cartographer/common/proto/ceres_solver_options.pb.h\n'}
[355.839403] (cartographer) StdoutLine: {'line': b'-- Installing: /root/distr_slam_ws/install/cartographer/include/cartographer/ground_truth/proto/relations.pb.h\n'}
[355.839587] (-) TimerEvent: {}
[355.839740] (cartographer) StdoutLine: {'line': b'-- Installing: /root/distr_slam_ws/install/cartographer/include/cartographer/mapping/proto/cell_limits_2d.pb.h\n'}
[355.839975] (cartographer) StdoutLine: {'line': b'-- Installing: /root/distr_slam_ws/install/cartographer/include/cartographer/mapping/proto/connected_components.pb.h\n'}
[355.840334] (cartographer) StdoutLine: {'line': b'-- Installing: /root/distr_slam_ws/install/cartographer/include/cartographer/mapping/proto/grid_2d.pb.h\n'}
[355.840565] (cartographer) StdoutLine: {'line': b'-- Installing: /root/distr_slam_ws/install/cartographer/include/cartographer/mapping/proto/grid_2d_options.pb.h\n'}
[355.840814] (cartographer) StdoutLine: {'line': b'-- Installing: /root/distr_slam_ws/install/cartographer/include/cartographer/mapping/proto/hybrid_grid.pb.h\n'}
[355.841063] (cartographer) StdoutLine: {'line': b'-- Installing: /root/distr_slam_ws/install/cartographer/include/cartographer/mapping/proto/local_trajectory_builder_options_2d.pb.h\n'}
[355.841388] (cartographer) StdoutLine: {'line': b'-- Installing: /root/distr_slam_ws/install/cartographer/include/cartographer/mapping/proto/local_trajectory_builder_options_3d.pb.h\n'}
[355.841635] (cartographer) StdoutLine: {'line': b'-- Installing: /root/distr_slam_ws/install/cartographer/include/cartographer/mapping/proto/map_builder_options.pb.h\n'}
[355.841897] (cartographer) StdoutLine: {'line': b'-- Installing: /root/distr_slam_ws/install/cartographer/include/cartographer/mapping/proto/map_limits.pb.h\n'}
[355.842108] (cartographer) StdoutLine: {'line': b'-- Installing: /root/distr_slam_ws/install/cartographer/include/cartographer/mapping/proto/motion_filter_options.pb.h\n'}
[355.842368] (cartographer) StdoutLine: {'line': b'-- Installing: /root/distr_slam_ws/install/cartographer/include/cartographer/mapping/proto/normal_estimation_options_2d.pb.h\n'}
[355.842597] (cartographer) StdoutLine: {'line': b'-- Installing: /root/distr_slam_ws/install/cartographer/include/cartographer/mapping/proto/pose_extrapolator_options.pb.h\n'}
[355.842946] (cartographer) StdoutLine: {'line': b'-- Installing: /root/distr_slam_ws/install/cartographer/include/cartographer/mapping/proto/pose_graph.pb.h\n'}
[355.843326] (cartographer) StdoutLine: {'line': b'-- Installing: /root/distr_slam_ws/install/cartographer/include/cartographer/mapping/proto/pose_graph/constraint_builder_options.pb.h\n'}
[355.843569] (cartographer) StdoutLine: {'line': b'-- Installing: /root/distr_slam_ws/install/cartographer/include/cartographer/mapping/proto/pose_graph/optimization_problem_options.pb.h\n'}
[355.843817] (cartographer) StdoutLine: {'line': b'-- Installing: /root/distr_slam_ws/install/cartographer/include/cartographer/mapping/proto/pose_graph_options.pb.h\n'}
[355.844061] (cartographer) StdoutLine: {'line': b'-- Installing: /root/distr_slam_ws/install/cartographer/include/cartographer/mapping/proto/probability_grid.pb.h\n'}
[355.844337] (cartographer) StdoutLine: {'line': b'-- Installing: /root/distr_slam_ws/install/cartographer/include/cartographer/mapping/proto/probability_grid_range_data_inserter_options_2d.pb.h\n'}
[355.844569] (cartographer) StdoutLine: {'line': b'-- Installing: /root/distr_slam_ws/install/cartographer/include/cartographer/mapping/proto/range_data_inserter_options.pb.h\n'}
[355.844830] (cartographer) StdoutLine: {'line': b'-- Installing: /root/distr_slam_ws/install/cartographer/include/cartographer/mapping/proto/range_data_inserter_options_3d.pb.h\n'}
[355.845111] (cartographer) StdoutLine: {'line': b'-- Installing: /root/distr_slam_ws/install/cartographer/include/cartographer/mapping/proto/scan_matching/ceres_scan_matcher_options_2d.pb.h\n'}
[355.845348] (cartographer) StdoutLine: {'line': b'-- Installing: /root/distr_slam_ws/install/cartographer/include/cartographer/mapping/proto/scan_matching/ceres_scan_matcher_options_3d.pb.h\n'}
[355.845706] (cartographer) StdoutLine: {'line': b'-- Installing: /root/distr_slam_ws/install/cartographer/include/cartographer/mapping/proto/scan_matching/fast_correlative_scan_matcher_options_2d.pb.h\n'}
[355.845929] (cartographer) StdoutLine: {'line': b'-- Installing: /root/distr_slam_ws/install/cartographer/include/cartographer/mapping/proto/scan_matching/fast_correlative_scan_matcher_options_3d.pb.h\n'}
[355.846220] (cartographer) StdoutLine: {'line': b'-- Installing: /root/distr_slam_ws/install/cartographer/include/cartographer/mapping/proto/scan_matching/real_time_correlative_scan_matcher_options.pb.h\n'}
[355.846460] (cartographer) StdoutLine: {'line': b'-- Installing: /root/distr_slam_ws/install/cartographer/include/cartographer/mapping/proto/serialization.pb.h\n'}
[355.846885] (cartographer) StdoutLine: {'line': b'-- Installing: /root/distr_slam_ws/install/cartographer/include/cartographer/mapping/proto/submap.pb.h\n'}
[355.847156] (cartographer) StdoutLine: {'line': b'-- Installing: /root/distr_slam_ws/install/cartographer/include/cartographer/mapping/proto/submap_visualization.pb.h\n'}
[355.847568] (cartographer) StdoutLine: {'line': b'-- Installing: /root/distr_slam_ws/install/cartographer/include/cartographer/mapping/proto/submaps_options_2d.pb.h\n'}
[355.847827] (cartographer) StdoutLine: {'line': b'-- Installing: /root/distr_slam_ws/install/cartographer/include/cartographer/mapping/proto/submaps_options_3d.pb.h\n'}
[355.848040] (cartographer) StdoutLine: {'line': b'-- Installing: /root/distr_slam_ws/install/cartographer/include/cartographer/mapping/proto/trajectory.pb.h\n'}
[355.848368] (cartographer) StdoutLine: {'line': b'-- Installing: /root/distr_slam_ws/install/cartographer/include/cartographer/mapping/proto/trajectory_builder_options.pb.h\n'}
[355.848694] (cartographer) StdoutLine: {'line': b'-- Installing: /root/distr_slam_ws/install/cartographer/include/cartographer/mapping/proto/trajectory_node_data.pb.h\n'}
[355.848949] (cartographer) StdoutLine: {'line': b'-- Installing: /root/distr_slam_ws/install/cartographer/include/cartographer/mapping/proto/tsdf_2d.pb.h\n'}
[355.849201] (cartographer) StdoutLine: {'line': b'-- Installing: /root/distr_slam_ws/install/cartographer/include/cartographer/mapping/proto/tsdf_range_data_inserter_options_2d.pb.h\n'}
[355.849551] (cartographer) StdoutLine: {'line': b'-- Installing: /root/distr_slam_ws/install/cartographer/include/cartographer/sensor/proto/adaptive_voxel_filter_options.pb.h\n'}
[355.849799] (cartographer) StdoutLine: {'line': b'-- Installing: /root/distr_slam_ws/install/cartographer/include/cartographer/sensor/proto/sensor.pb.h\n'}
[355.850225] (cartographer) StdoutLine: {'line': b'-- Installing: /root/distr_slam_ws/install/cartographer/include/cartographer/transform/proto/timestamped_transform.pb.h\n'}
[355.850416] (cartographer) StdoutLine: {'line': b'-- Installing: /root/distr_slam_ws/install/cartographer/include/cartographer/transform/proto/transform.pb.h\n'}
[355.850794] (cartographer) StdoutLine: {'line': b'-- Installing: /root/distr_slam_ws/install/cartographer/share/cartographer/cmake/CartographerTargets.cmake\n'}
[355.850998] (cartographer) StdoutLine: {'line': b'-- Installing: /root/distr_slam_ws/install/cartographer/share/cartographer/cmake/CartographerTargets-release.cmake\n'}
[355.851237] (cartographer) StdoutLine: {'line': b'-- Installing: /root/distr_slam_ws/install/cartographer/share/cartographer/cartographer-config.cmake\n'}
[355.853795] (cartographer) CommandEnded: {'returncode': 0}
[355.869861] (cartographer) JobEnded: {'identifier': 'cartographer', 'rc': 0}
[355.871006] (cartographer_ros) JobStarted: {'identifier': 'cartographer_ros'}
[355.882475] (cartographer_ros) JobProgress: {'identifier': 'cartographer_ros', 'progress': 'cmake'}
[355.883318] (cartographer_ros) Command: {'cmd': ['/usr/bin/cmake', '/root/distr_slam_ws/src/cartographer_ros/cartographer_ros', '-DCMAKE_INSTALL_PREFIX=/root/distr_slam_ws/install/cartographer_ros'], 'cwd': '/root/distr_slam_ws/build/cartographer_ros', 'env': OrderedDict({'HOSTNAME': 'user-dynabook-G83-DN', 'SHLVL': '1', 'LIBGL_ALWAYS_SOFTWARE': '1', 'LD_LIBRARY_PATH': '/root/distr_slam_ws/install/cartographer_ros_msgs/lib:/opt/ros/jazzy/opt/rviz_ogre_vendor/lib:/opt/ros/jazzy/lib/x86_64-linux-gnu:/opt/ros/jazzy/opt/gz_math_vendor/lib:/opt/ros/jazzy/opt/gz_utils_vendor/lib:/opt/ros/jazzy/opt/gz_cmake_vendor/lib:/opt/ros/jazzy/lib', 'HOME': '/root', 'OLDPWD': '/root', 'ROS_PYTHON_VERSION': '3', 'ROS_DISTRO': 'jazzy', '_': '/usr/bin/colcon', 'ROS_VERSION': '2', 'PKG_CONFIG_PATH': '/root/distr_slam_ws/install/cartographer/lib/x86_64-linux-gnu/pkgconfig:/root/distr_slam_ws/install/cartographer/lib/pkgconfig', 'TERM': 'xterm', 'ROS_LOCALHOST_ONLY': '1', 'QT_X11_NO_MITSHM': '1', 'PATH': '/root/distr_slam_ws/install/cartographer/bin:/opt/ros/jazzy/bin:/usr/local/sbin:/usr/local/bin:/usr/sbin:/usr/bin:/sbin:/bin', 'DISPLAY': ':0', 'LANG': 'en_US.UTF-8', 'XAUTHORITY': '/root/.Xauthority', 'LS_COLORS': 'rs=0:di=01;34:ln=01;36:mh=00:pi=40;33:so=01;35:do=01;35:bd=40;33;01:cd=40;33;01:or=40;31;01:mi=00:su=37;41:sg=30;43:ca=00:tw=30;42:ow=34;42:st=37;44:ex=01;32:*.tar=01;31:*.tgz=01;31:*.arc=01;31:*.arj=01;31:*.taz=01;31:*.lha=01;31:*.lz4=01;31:*.lzh=01;31:*.lzma=01;31:*.tlz=01;31:*.txz=01;31:*.tzo=01;31:*.t7z=01;31:*.zip=01;31:*.z=01;31:*.dz=01;31:*.gz=01;31:*.lrz=01;31:*.lz=01;31:*.lzo=01;31:*.xz=01;31:*.zst=01;31:*.tzst=01;31:*.bz2=01;31:*.bz=01;31:*.tbz=01;31:*.tbz2=01;31:*.tz=01;31:*.deb=01;31:*.rpm=01;31:*.jar=01;31:*.war=01;31:*.ear=01;31:*.sar=01;31:*.rar=01;31:*.alz=01;31:*.ace=01;31:*.zoo=01;31:*.cpio=01;31:*.7z=01;31:*.rz=01;31:*.cab=01;31:*.wim=01;31:*.swm=01;31:*.dwm=01;31:*.esd=01;31:*.avif=01;35:*.jpg=01;35:*.jpeg=01;35:*.mjpg=01;35:*.mjpeg=01;35:*.gif=01;35:*.bmp=01;35:*.pbm=01;35:*.pgm=01;35:*.ppm=01;35:*.tga=01;35:*.xbm=01;35:*.xpm=01;35:*.tif=01;35:*.tiff=01;35:*.png=01;35:*.svg=01;35:*.svgz=01;35:*.mng=01;35:*.pcx=01;35:*.mov=01;35:*.mpg=01;35:*.mpeg=01;35:*.m2v=01;35:*.mkv=01;35:*.webm=01;35:*.webp=01;35:*.ogm=01;35:*.mp4=01;35:*.m4v=01;35:*.mp4v=01;35:*.vob=01;35:*.qt=01;35:*.nuv=01;35:*.wmv=01;35:*.asf=01;35:*.rm=01;35:*.rmvb=01;35:*.flc=01;35:*.avi=01;35:*.fli=01;35:*.flv=01;35:*.gl=01;35:*.dl=01;35:*.xcf=01;35:*.xwd=01;35:*.yuv=01;35:*.cgm=01;35:*.emf=01;35:*.ogv=01;35:*.ogx=01;35:*.aac=00;36:*.au=00;36:*.flac=00;36:*.m4a=00;36:*.mid=00;36:*.midi=00;36:*.mka=00;36:*.mp3=00;36:*.mpc=00;36:*.ogg=00;36:*.ra=00;36:*.wav=00;36:*.oga=00;36:*.opus=00;36:*.spx=00;36:*.xspf=00;36:*~=00;90:*#=00;90:*.bak=00;90:*.crdownload=00;90:*.dpkg-dist=00;90:*.dpkg-new=00;90:*.dpkg-old=00;90:*.dpkg-tmp=00;90:*.old=00;90:*.orig=00;90:*.part=00;90:*.rej=00;90:*.rpmnew=00;90:*.rpmorig=00;90:*.rpmsave=00;90:*.swp=00;90:*.tmp=00;90:*.ucf-dist=00;90:*.ucf-new=00;90:*.ucf-old=00;90:', 'AMENT_PREFIX_PATH': '/root/distr_slam_ws/install/cartographer_ros_msgs:/opt/ros/jazzy', 'DEBIAN_FRONTEND': 'noninteractive', 'ROS_AUTOMATIC_DISCOVERY_RANGE': 'SUBNET', 'PWD': '/root/distr_slam_ws/build/cartographer_ros', 'TURTLEBOT3_MODEL': 'burger', 'LC_ALL': 'en_US.UTF-8', 'PYTHONPATH': '/root/distr_slam_ws/install/cartographer_ros_msgs/lib/python3.12/site-packages:/opt/ros/jazzy/lib/python3.12/site-packages', 'COLCON': '1', 'CMAKE_PREFIX_PATH': '/root/distr_slam_ws/install/cartographer_ros_msgs:/root/distr_slam_ws/install/cartographer:/opt/ros/jazzy/opt/gz_math_vendor:/opt/ros/jazzy/opt/gz_utils_vendor:/opt/ros/jazzy/opt/gz_cmake_vendor:/opt/ros/jazzy'}), 'shell': False}
[355.939738] (-) TimerEvent: {}
[355.950395] (cartographer_ros) StdoutLine: {'line': b'-- The C compiler identification is GNU 13.3.0\n'}
[356.022674] (cartographer_ros) StdoutLine: {'line': b'-- The CXX compiler identification is GNU 13.3.0\n'}
[356.039880] (-) TimerEvent: {}
[356.042029] (cartographer_ros) StdoutLine: {'line': b'-- Detecting C compiler ABI info\n'}
[356.140020] (-) TimerEvent: {}
[356.149617] (cartographer_ros) StdoutLine: {'line': b'-- Detecting C compiler ABI info - done\n'}
[356.161913] (cartographer_ros) StdoutLine: {'line': b'-- Check for working C compiler: /usr/bin/cc - skipped\n'}
[356.162260] (cartographer_ros) StdoutLine: {'line': b'-- Detecting C compile features\n'}
[356.162758] (cartographer_ros) StdoutLine: {'line': b'-- Detecting C compile features - done\n'}
[356.173779] (cartographer_ros) StdoutLine: {'line': b'-- Detecting CXX compiler ABI info\n'}
[356.240160] (-) TimerEvent: {}
[356.296349] (cartographer_ros) StdoutLine: {'line': b'-- Detecting CXX compiler ABI info - done\n'}
[356.308641] (cartographer_ros) StdoutLine: {'line': b'-- Check for working CXX compiler: /usr/bin/c++ - skipped\n'}
[356.309017] (cartographer_ros) StdoutLine: {'line': b'-- Detecting CXX compile features\n'}
[356.309684] (cartographer_ros) StdoutLine: {'line': b'-- Detecting CXX compile features - done\n'}
[356.313976] (cartographer_ros) StdoutLine: {'line': b'-- Found ament_cmake: 2.5.6 (/opt/ros/jazzy/share/ament_cmake/cmake)\n'}
[356.340290] (-) TimerEvent: {}
[356.440568] (-) TimerEvent: {}
[356.489830] (cartographer_ros) StdoutLine: {'line': b'-- Found Python3: /usr/bin/python3 (found version "3.12.3") found components: Interpreter \n'}
[356.540703] (-) TimerEvent: {}
[356.628254] (cartographer_ros) StdoutLine: {'line': b'-- Performing Test CMAKE_HAVE_LIBC_PTHREAD\n'}
[356.640851] (-) TimerEvent: {}
[356.735124] (cartographer_ros) StdoutLine: {'line': b'-- Performing Test CMAKE_HAVE_LIBC_PTHREAD - Success\n'}
[356.736254] (cartographer_ros) StdoutLine: {'line': b'-- Found Threads: TRUE  \n'}
[356.740953] (-) TimerEvent: {}
[356.747439] (cartographer_ros) StdoutLine: {'line': b'-- Found builtin_interfaces: 2.0.3 (/opt/ros/jazzy/share/builtin_interfaces/cmake)\n'}
[356.799482] (cartographer_ros) StdoutLine: {'line': b'-- Found rosidl_generator_c: 4.6.7 (/opt/ros/jazzy/share/rosidl_generator_c/cmake)\n'}
[356.817953] (cartographer_ros) StdoutLine: {'line': b'-- Found rosidl_generator_cpp: 4.6.7 (/opt/ros/jazzy/share/rosidl_generator_cpp/cmake)\n'}
[356.838489] (cartographer_ros) StdoutLine: {'line': b'-- Using all available rosidl_typesupport_c: rosidl_typesupport_fastrtps_c;rosidl_typesupport_introspection_c\n'}
[356.841066] (-) TimerEvent: {}
[356.862676] (cartographer_ros) StdoutLine: {'line': b'-- Using all available rosidl_typesupport_cpp: rosidl_typesupport_fastrtps_cpp;rosidl_typesupport_introspection_cpp\n'}
[356.941210] (-) TimerEvent: {}
[357.041506] (-) TimerEvent: {}
[357.141795] (-) TimerEvent: {}
[357.242105] (-) TimerEvent: {}
[357.342401] (-) TimerEvent: {}
[357.442682] (-) TimerEvent: {}
[357.517423] (cartographer_ros) StdoutLine: {'line': b'-- Found AMD headers in: /usr/include/suitesparse\n'}
[357.518598] (cartographer_ros) StdoutLine: {'line': b'-- Found AMD library: /usr/lib/x86_64-linux-gnu/libamd.so\n'}
[357.519110] (cartographer_ros) StdoutLine: {'line': b'-- Found CAMD headers in: /usr/include/suitesparse\n'}
[357.520084] (cartographer_ros) StdoutLine: {'line': b'-- Found CAMD library: /usr/lib/x86_64-linux-gnu/libcamd.so\n'}
[357.520610] (cartographer_ros) StdoutLine: {'line': b'-- Found CCOLAMD headers in: /usr/include/suitesparse\n'}
[357.521506] (cartographer_ros) StdoutLine: {'line': b'-- Found CCOLAMD library: /usr/lib/x86_64-linux-gnu/libccolamd.so\n'}
[357.522002] (cartographer_ros) StdoutLine: {'line': b'-- Found CHOLMOD headers in: /usr/include/suitesparse\n'}
[357.522904] (cartographer_ros) StdoutLine: {'line': b'-- Found CHOLMOD library: /usr/lib/x86_64-linux-gnu/libcholmod.so\n'}
[357.523444] (cartographer_ros) StdoutLine: {'line': b'-- Found COLAMD headers in: /usr/include/suitesparse\n'}
[357.524398] (cartographer_ros) StdoutLine: {'line': b'-- Found COLAMD library: /usr/lib/x86_64-linux-gnu/libcolamd.so\n'}
[357.524913] (cartographer_ros) StdoutLine: {'line': b'-- Found SPQR headers in: /usr/include/suitesparse\n'}
[357.525820] (cartographer_ros) StdoutLine: {'line': b'-- Found SPQR library: /usr/lib/x86_64-linux-gnu/libspqr.so\n'}
[357.526350] (cartographer_ros) StdoutLine: {'line': b'-- Found Config headers in: /usr/include/suitesparse\n'}
[357.527259] (cartographer_ros) StdoutLine: {'line': b'-- Found Config library: /usr/lib/x86_64-linux-gnu/libsuitesparseconfig.so\n'}
[357.531704] (cartographer_ros) StdoutLine: {'line': b'-- Found Intel Thread Building Blocks (TBB) library (2021.11 / ) include location: . Assuming SuiteSparseQR was compiled with TBB.\n'}
[357.531953] (cartographer_ros) StdoutLine: {'line': b'-- Looking for shm_open in rt\n'}
[357.542807] (-) TimerEvent: {}
[357.634208] (cartographer_ros) StdoutLine: {'line': b'-- Looking for shm_open in rt - found\n'}
[357.634445] (cartographer_ros) StdoutLine: {'line': b'-- Adding librt to SuiteSparse_config libraries (required on Linux & Unix [not OSX] if SuiteSparse is compiled with timing).\n'}
[357.640011] (cartographer_ros) StdoutLine: {'line': b'-- Could NOT find METIS (missing: METIS_INCLUDE_DIR METIS_LIBRARY) \n'}
[357.641392] (cartographer_ros) StdoutLine: {'line': b'-- Found SuiteSparse: /usr/include/suitesparse (found suitable version "7.6.1", minimum required is "7.6.1") found components: AMD CAMD CCOLAMD CHOLMOD COLAMD SPQR Config \n'}
[357.642908] (-) TimerEvent: {}
[357.653191] (cartographer_ros) StdoutLine: {'line': b'-- Found required Ceres dependency: Eigen version 3.4.0 in /usr/share/eigen3/cmake\n'}
[357.665180] (cartographer_ros) StdoutLine: {'line': b'-- Found required Ceres dependency: glog\n'}
[357.665907] (cartographer_ros) StdoutLine: {'line': b'-- Found required Ceres dependency: gflags\n'}
[357.666464] (cartographer_ros) StdoutLine: {'line': b'-- Found Ceres version: 2.2.0 installed in: /usr with components: [EigenSparse, SparseLinearAlgebraLibrary, LAPACK, SuiteSparse, SchurSpecializations]\n'}
[357.683800] (cartographer_ros) StdoutLine: {'line': b'-- Found Boost: /usr/lib/x86_64-linux-gnu/cmake/Boost-1.83.0/BoostConfig.cmake (found version "1.83.0") found components: iostreams \n'}
[357.685823] (cartographer_ros) StdoutLine: {'line': b'-- Found cartographer_ros_msgs: 2.0.9003 (/root/distr_slam_ws/install/cartographer_ros_msgs/share/cartographer_ros_msgs/cmake)\n'}
[357.743060] (-) TimerEvent: {}
[357.791182] (cartographer_ros) StdoutLine: {'line': b'-- Found Unwind: /usr/include/x86_64-linux-gnu (found suitable version "1.6.2", minimum required is "1.6.2") \n'}
[357.798176] (cartographer_ros) StdoutLine: {'line': b'-- Found nav_msgs: 5.3.7 (/opt/ros/jazzy/share/nav_msgs/cmake)\n'}
[357.843156] (-) TimerEvent: {}
[357.873732] (cartographer_ros) StdoutLine: {'line': b'-- Found Boost: /usr/lib/x86_64-linux-gnu/cmake/Boost-1.83.0/BoostConfig.cmake (found suitable version "1.83.0", minimum required is "1.65.0") found components: system filesystem iostreams serialization \n'}
[357.875309] (cartographer_ros) StdoutLine: {'line': b'-- looking for PCL_COMMON\n'}
[357.876663] (cartographer_ros) StdoutLine: {'line': b'-- Found PCL_COMMON: /usr/lib/x86_64-linux-gnu/libpcl_common.so  \n'}
[357.877311] (cartographer_ros) StdoutLine: {'line': b'-- Found PCL: pcl_common;Boost::system;Boost::filesystem;Boost::iostreams;Boost::serialization  \n'}
[357.881604] (cartographer_ros) StdoutLine: {'line': b'-- Found pcl_conversions: 2.6.4 (/opt/ros/jazzy/share/pcl_conversions/cmake)\n'}
[357.943270] (-) TimerEvent: {}
[357.970594] (cartographer_ros) StdoutLine: {'line': b'-- Found rmw_implementation_cmake: 7.3.3 (/opt/ros/jazzy/share/rmw_implementation_cmake/cmake)\n'}
[357.975556] (cartographer_ros) StdoutLine: {'line': b'-- Found rmw_fastrtps_cpp: 8.4.3 (/opt/ros/jazzy/share/rmw_fastrtps_cpp/cmake)\n'}
[358.043377] (-) TimerEvent: {}
[358.076156] (cartographer_ros) StdoutLine: {'line': b'-- Found OpenSSL: /usr/lib/x86_64-linux-gnu/libcrypto.so (found version "3.0.13")  \n'}
[358.097576] (cartographer_ros) StdoutLine: {'line': b'-- Found FastRTPS: /opt/ros/jazzy/include (Required is at least version "2.13") \n'}
[358.128086] (cartographer_ros) StdoutLine: {'line': b"-- Using RMW implementation 'rmw_fastrtps_cpp' as default\n"}
[358.143471] (-) TimerEvent: {}
[358.243744] (-) TimerEvent: {}
[358.317916] (cartographer_ros) StdoutLine: {'line': b'-- Found ros_environment: 4.2.1 (/opt/ros/jazzy/share/ros_environment/cmake)\n'}
[358.320841] (cartographer_ros) StdoutLine: {'line': b'-- Found rosbag2_cpp: 0.26.10 (/opt/ros/jazzy/share/rosbag2_cpp/cmake)\n'}
[358.343850] (-) TimerEvent: {}
[358.367246] (cartographer_ros) StdoutLine: {'line': b"-- Setting yaml-cpp_DIR to: '/opt/ros/jazzy/share/yaml_cpp_vendor/cmake/../../../opt/yaml_cpp_vendor/share/cmake/yaml-cpp'\n"}
[358.375776] (cartographer_ros) StdoutLine: {'line': b'-- Found tf2: 0.36.20 (/opt/ros/jazzy/share/tf2/cmake)\n'}
[358.383793] (cartographer_ros) StdoutLine: {'line': b'-- Found tf2_eigen: 0.36.20 (/opt/ros/jazzy/share/tf2_eigen/cmake)\n'}
[358.443964] (-) TimerEvent: {}
[358.544298] (-) TimerEvent: {}
[358.554972] (cartographer_ros) StdoutLine: {'line': b'-- Found urdf: 2.10.0 (/opt/ros/jazzy/share/urdf/cmake)\n'}
[358.573161] (cartographer_ros) StdoutLine: {'line': b'-- Found visualization_msgs: 5.3.7 (/opt/ros/jazzy/share/visualization_msgs/cmake)\n'}
[358.613228] (cartographer_ros) StdoutLine: {'line': b'-- Found std_srvs: 5.3.7 (/opt/ros/jazzy/share/std_srvs/cmake)\n'}
[358.640716] (cartographer_ros) StdoutLine: {'line': b'-- Found PkgConfig: /usr/bin/pkg-config (found version "1.8.1") \n'}
[358.641890] (cartographer_ros) StdoutLine: {'line': b"-- Checking for module 'hiredis'\n"}
[358.644406] (-) TimerEvent: {}
[358.659170] (cartographer_ros) StdoutLine: {'line': b'--   Found hiredis, version 1.2.0\n'}
[358.704692] (cartographer_ros) StdoutLine: {'line': b"-- Checking for one of the modules 'cairo>=1.12.16'\n"}
[358.744556] (-) TimerEvent: {}
[358.844855] (-) TimerEvent: {}
[358.919741] (cartographer_ros) StdoutLine: {'line': b'-- Configuring done (3.0s)\n'}
[358.944967] (-) TimerEvent: {}
[359.045315] (-) TimerEvent: {}
[359.072080] (cartographer_ros) StdoutLine: {'line': b'-- Generating done (0.1s)\n'}
[359.103270] (cartographer_ros) StdoutLine: {'line': b'-- Build files have been written to: /root/distr_slam_ws/build/cartographer_ros\n'}
[359.122066] (cartographer_ros) CommandEnded: {'returncode': 0}
[359.122874] (cartographer_ros) JobProgress: {'identifier': 'cartographer_ros', 'progress': 'build'}
[359.123612] (cartographer_ros) Command: {'cmd': ['/usr/bin/cmake', '--build', '/root/distr_slam_ws/build/cartographer_ros', '--', '-j8', '-l8'], 'cwd': '/root/distr_slam_ws/build/cartographer_ros', 'env': OrderedDict({'HOSTNAME': 'user-dynabook-G83-DN', 'SHLVL': '1', 'LIBGL_ALWAYS_SOFTWARE': '1', 'LD_LIBRARY_PATH': '/root/distr_slam_ws/install/cartographer_ros_msgs/lib:/opt/ros/jazzy/opt/rviz_ogre_vendor/lib:/opt/ros/jazzy/lib/x86_64-linux-gnu:/opt/ros/jazzy/opt/gz_math_vendor/lib:/opt/ros/jazzy/opt/gz_utils_vendor/lib:/opt/ros/jazzy/opt/gz_cmake_vendor/lib:/opt/ros/jazzy/lib', 'HOME': '/root', 'OLDPWD': '/root', 'ROS_PYTHON_VERSION': '3', 'ROS_DISTRO': 'jazzy', '_': '/usr/bin/colcon', 'ROS_VERSION': '2', 'PKG_CONFIG_PATH': '/root/distr_slam_ws/install/cartographer/lib/x86_64-linux-gnu/pkgconfig:/root/distr_slam_ws/install/cartographer/lib/pkgconfig', 'TERM': 'xterm', 'ROS_LOCALHOST_ONLY': '1', 'QT_X11_NO_MITSHM': '1', 'PATH': '/root/distr_slam_ws/install/cartographer/bin:/opt/ros/jazzy/bin:/usr/local/sbin:/usr/local/bin:/usr/sbin:/usr/bin:/sbin:/bin', 'DISPLAY': ':0', 'LANG': 'en_US.UTF-8', 'XAUTHORITY': '/root/.Xauthority', 'LS_COLORS': 'rs=0:di=01;34:ln=01;36:mh=00:pi=40;33:so=01;35:do=01;35:bd=40;33;01:cd=40;33;01:or=40;31;01:mi=00:su=37;41:sg=30;43:ca=00:tw=30;42:ow=34;42:st=37;44:ex=01;32:*.tar=01;31:*.tgz=01;31:*.arc=01;31:*.arj=01;31:*.taz=01;31:*.lha=01;31:*.lz4=01;31:*.lzh=01;31:*.lzma=01;31:*.tlz=01;31:*.txz=01;31:*.tzo=01;31:*.t7z=01;31:*.zip=01;31:*.z=01;31:*.dz=01;31:*.gz=01;31:*.lrz=01;31:*.lz=01;31:*.lzo=01;31:*.xz=01;31:*.zst=01;31:*.tzst=01;31:*.bz2=01;31:*.bz=01;31:*.tbz=01;31:*.tbz2=01;31:*.tz=01;31:*.deb=01;31:*.rpm=01;31:*.jar=01;31:*.war=01;31:*.ear=01;31:*.sar=01;31:*.rar=01;31:*.alz=01;31:*.ace=01;31:*.zoo=01;31:*.cpio=01;31:*.7z=01;31:*.rz=01;31:*.cab=01;31:*.wim=01;31:*.swm=01;31:*.dwm=01;31:*.esd=01;31:*.avif=01;35:*.jpg=01;35:*.jpeg=01;35:*.mjpg=01;35:*.mjpeg=01;35:*.gif=01;35:*.bmp=01;35:*.pbm=01;35:*.pgm=01;35:*.ppm=01;35:*.tga=01;35:*.xbm=01;35:*.xpm=01;35:*.tif=01;35:*.tiff=01;35:*.png=01;35:*.svg=01;35:*.svgz=01;35:*.mng=01;35:*.pcx=01;35:*.mov=01;35:*.mpg=01;35:*.mpeg=01;35:*.m2v=01;35:*.mkv=01;35:*.webm=01;35:*.webp=01;35:*.ogm=01;35:*.mp4=01;35:*.m4v=01;35:*.mp4v=01;35:*.vob=01;35:*.qt=01;35:*.nuv=01;35:*.wmv=01;35:*.asf=01;35:*.rm=01;35:*.rmvb=01;35:*.flc=01;35:*.avi=01;35:*.fli=01;35:*.flv=01;35:*.gl=01;35:*.dl=01;35:*.xcf=01;35:*.xwd=01;35:*.yuv=01;35:*.cgm=01;35:*.emf=01;35:*.ogv=01;35:*.ogx=01;35:*.aac=00;36:*.au=00;36:*.flac=00;36:*.m4a=00;36:*.mid=00;36:*.midi=00;36:*.mka=00;36:*.mp3=00;36:*.mpc=00;36:*.ogg=00;36:*.ra=00;36:*.wav=00;36:*.oga=00;36:*.opus=00;36:*.spx=00;36:*.xspf=00;36:*~=00;90:*#=00;90:*.bak=00;90:*.crdownload=00;90:*.dpkg-dist=00;90:*.dpkg-new=00;90:*.dpkg-old=00;90:*.dpkg-tmp=00;90:*.old=00;90:*.orig=00;90:*.part=00;90:*.rej=00;90:*.rpmnew=00;90:*.rpmorig=00;90:*.rpmsave=00;90:*.swp=00;90:*.tmp=00;90:*.ucf-dist=00;90:*.ucf-new=00;90:*.ucf-old=00;90:', 'AMENT_PREFIX_PATH': '/root/distr_slam_ws/install/cartographer_ros_msgs:/opt/ros/jazzy', 'DEBIAN_FRONTEND': 'noninteractive', 'ROS_AUTOMATIC_DISCOVERY_RANGE': 'SUBNET', 'PWD': '/root/distr_slam_ws/build/cartographer_ros', 'TURTLEBOT3_MODEL': 'burger', 'LC_ALL': 'en_US.UTF-8', 'PYTHONPATH': '/root/distr_slam_ws/install/cartographer_ros_msgs/lib/python3.12/site-packages:/opt/ros/jazzy/lib/python3.12/site-packages', 'COLCON': '1', 'CMAKE_PREFIX_PATH': '/root/distr_slam_ws/install/cartographer_ros_msgs:/root/distr_slam_ws/install/cartographer:/opt/ros/jazzy/opt/gz_math_vendor:/opt/ros/jazzy/opt/gz_utils_vendor:/opt/ros/jazzy/opt/gz_cmake_vendor:/opt/ros/jazzy'}), 'shell': False}
[359.145452] (-) TimerEvent: {}
[359.198115] (cartographer_ros) StdoutLine: {'line': b'[  5%] \x1b[32mBuilding CXX object CMakeFiles/cartographer_ros.dir/src/map_builder_bridge.cpp.o\x1b[0m\n'}
[359.198430] (cartographer_ros) StdoutLine: {'line': b'[  5%] \x1b[32mBuilding CXX object CMakeFiles/cartographer_ros.dir/src/msg_conversion.cpp.o\x1b[0m\n'}
[359.200405] (cartographer_ros) StdoutLine: {'line': b'[  8%] \x1b[32mBuilding CXX object CMakeFiles/cartographer_ros.dir/src/assets_writer.cpp.o\x1b[0m\n'}
[359.201904] (cartographer_ros) StdoutLine: {'line': b'[ 17%] \x1b[32mBuilding CXX object CMakeFiles/cartographer_ros.dir/src/node.cpp.o\x1b[0m\n'}
[359.202310] (cartographer_ros) StdoutLine: {'line': b'[ 17%] \x1b[32mBuilding CXX object CMakeFiles/cartographer_ros.dir/src/node_options.cpp.o\x1b[0m\n'}
[359.202540] (cartographer_ros) StdoutLine: {'line': b'[ 17%] \x1b[32mBuilding CXX object CMakeFiles/cartographer_ros.dir/src/node_constants.cpp.o\x1b[0m\n'}
[359.245568] (-) TimerEvent: {}
[359.345908] (-) TimerEvent: {}
[359.446293] (-) TimerEvent: {}
[359.546672] (-) TimerEvent: {}
[359.647080] (-) TimerEvent: {}
[359.747470] (-) TimerEvent: {}
[359.847818] (-) TimerEvent: {}
[359.949128] (-) TimerEvent: {}
[359.955307] (cartographer_ros) StdoutLine: {'line': b'[ 25%] \x1b[32mBuilding CXX object CMakeFiles/cartographer_ros.dir/src/playable_bag.cpp.o\x1b[0m\n'}
[359.955595] (cartographer_ros) StdoutLine: {'line': b'[ 25%] \x1b[32mBuilding CXX object CMakeFiles/cartographer_ros.dir/src/ros_log_sink.cpp.o\x1b[0m\n'}
[359.955771] (cartographer_ros) StdoutLine: {'line': b'[ 25%] \x1b[32mBuilding CXX object CMakeFiles/cartographer_ros.dir/src/offline_node.cpp.o\x1b[0m\n'}
[360.050128] (-) TimerEvent: {}
[360.150488] (-) TimerEvent: {}
[360.250815] (-) TimerEvent: {}
[360.351127] (-) TimerEvent: {}
[360.452004] (-) TimerEvent: {}
[360.552344] (-) TimerEvent: {}
[360.655117] (-) TimerEvent: {}
[360.756236] (-) TimerEvent: {}
[360.857608] (-) TimerEvent: {}
[360.958449] (-) TimerEvent: {}
[361.058856] (-) TimerEvent: {}
[361.159236] (-) TimerEvent: {}
[361.260547] (-) TimerEvent: {}
[361.360909] (-) TimerEvent: {}
[361.461319] (-) TimerEvent: {}
[361.561709] (-) TimerEvent: {}
[361.664318] (-) TimerEvent: {}
[361.764758] (-) TimerEvent: {}
[361.865167] (-) TimerEvent: {}
[361.966202] (-) TimerEvent: {}
[362.068218] (-) TimerEvent: {}
[362.168578] (-) TimerEvent: {}
[362.268933] (-) TimerEvent: {}
[362.369321] (-) TimerEvent: {}
[362.470307] (-) TimerEvent: {}
[362.570678] (-) TimerEvent: {}
[362.671436] (-) TimerEvent: {}
[362.775645] (-) TimerEvent: {}
[362.879202] (-) TimerEvent: {}
[362.979906] (-) TimerEvent: {}
[363.080302] (-) TimerEvent: {}
[363.180699] (-) TimerEvent: {}
[363.281090] (-) TimerEvent: {}
[363.381466] (-) TimerEvent: {}
[363.481880] (-) TimerEvent: {}
[363.582281] (-) TimerEvent: {}
[363.684136] (-) TimerEvent: {}
[363.784517] (-) TimerEvent: {}
[363.884884] (-) TimerEvent: {}
[363.985321] (-) TimerEvent: {}
[364.085732] (-) TimerEvent: {}
[364.187134] (-) TimerEvent: {}
[364.287549] (-) TimerEvent: {}
[364.388519] (-) TimerEvent: {}
[364.489127] (-) TimerEvent: {}
[364.590132] (-) TimerEvent: {}
[364.690508] (-) TimerEvent: {}
[364.790893] (-) TimerEvent: {}
[364.892133] (-) TimerEvent: {}
[364.992526] (-) TimerEvent: {}
[365.092957] (-) TimerEvent: {}
[365.194677] (-) TimerEvent: {}
[365.295073] (-) TimerEvent: {}
[365.395481] (-) TimerEvent: {}
[365.496133] (-) TimerEvent: {}
[365.597137] (-) TimerEvent: {}
[365.697533] (-) TimerEvent: {}
[365.798332] (-) TimerEvent: {}
[365.899144] (-) TimerEvent: {}
[366.000137] (-) TimerEvent: {}
[366.100531] (-) TimerEvent: {}
[366.201228] (-) TimerEvent: {}
[366.303134] (-) TimerEvent: {}
[366.403523] (-) TimerEvent: {}
[366.503954] (-) TimerEvent: {}
[366.605136] (-) TimerEvent: {}
[366.705532] (-) TimerEvent: {}
[366.805928] (-) TimerEvent: {}
[366.907152] (-) TimerEvent: {}
[367.007545] (-) TimerEvent: {}
[367.107972] (-) TimerEvent: {}
[367.210323] (-) TimerEvent: {}
[367.310748] (-) TimerEvent: {}
[367.411142] (-) TimerEvent: {}
[367.511560] (-) TimerEvent: {}
[367.611985] (-) TimerEvent: {}
[367.655126] (cartographer_ros) StdoutLine: {'line': b'[ 28%] \x1b[32mBuilding CXX object CMakeFiles/cartographer_ros.dir/src/ros_map.cpp.o\x1b[0m\n'}
[367.712122] (-) TimerEvent: {}
[367.812548] (-) TimerEvent: {}
[367.914003] (-) TimerEvent: {}
[368.017867] (-) TimerEvent: {}
[368.119254] (-) TimerEvent: {}
[368.220635] (-) TimerEvent: {}
[368.322009] (-) TimerEvent: {}
[368.423381] (-) TimerEvent: {}
[368.524763] (-) TimerEvent: {}
[368.627137] (-) TimerEvent: {}
[368.712064] (cartographer_ros) StdoutLine: {'line': b'[ 31%] \x1b[32mBuilding CXX object CMakeFiles/cartographer_ros.dir/src/ros_map_writing_points_processor.cpp.o\x1b[0m\n'}
[368.727277] (-) TimerEvent: {}
[368.829147] (-) TimerEvent: {}
[368.930257] (-) TimerEvent: {}
[369.032315] (-) TimerEvent: {}
[369.132706] (-) TimerEvent: {}
[369.233112] (-) TimerEvent: {}
[369.334142] (-) TimerEvent: {}
[369.434541] (-) TimerEvent: {}
[369.535134] (-) TimerEvent: {}
[369.636133] (-) TimerEvent: {}
[369.736519] (-) TimerEvent: {}
[369.837131] (-) TimerEvent: {}
[369.938136] (-) TimerEvent: {}
[370.038521] (-) TimerEvent: {}
[370.139132] (-) TimerEvent: {}
[370.240135] (-) TimerEvent: {}
[370.340536] (-) TimerEvent: {}
[370.441133] (-) TimerEvent: {}
[370.542129] (-) TimerEvent: {}
[370.642502] (-) TimerEvent: {}
[370.742860] (-) TimerEvent: {}
[370.844133] (-) TimerEvent: {}
[370.944504] (-) TimerEvent: {}
[371.044885] (-) TimerEvent: {}
[371.146100] (-) TimerEvent: {}
[371.248146] (-) TimerEvent: {}
[371.348623] (-) TimerEvent: {}
[371.449051] (-) TimerEvent: {}
[371.552332] (-) TimerEvent: {}
[371.652722] (-) TimerEvent: {}
[371.753125] (-) TimerEvent: {}
[371.853521] (-) TimerEvent: {}
[371.953922] (-) TimerEvent: {}
[372.054333] (-) TimerEvent: {}
[372.154738] (-) TimerEvent: {}
[372.255131] (-) TimerEvent: {}
[372.356135] (-) TimerEvent: {}
[372.456537] (-) TimerEvent: {}
[372.557080] (-) TimerEvent: {}
[372.658136] (-) TimerEvent: {}
[372.758512] (-) TimerEvent: {}
[372.858904] (-) TimerEvent: {}
[372.959751] (-) TimerEvent: {}
[373.061143] (-) TimerEvent: {}
[373.161699] (-) TimerEvent: {}
[373.263138] (-) TimerEvent: {}
[373.363679] (-) TimerEvent: {}
[373.464555] (-) TimerEvent: {}
[373.566135] (-) TimerEvent: {}
[373.666518] (-) TimerEvent: {}
[373.767138] (-) TimerEvent: {}
[373.868331] (-) TimerEvent: {}
[373.969154] (-) TimerEvent: {}
[374.069891] (-) TimerEvent: {}
[374.171138] (-) TimerEvent: {}
[374.271528] (-) TimerEvent: {}
[374.371932] (-) TimerEvent: {}
[374.472594] (-) TimerEvent: {}
[374.572983] (-) TimerEvent: {}
[374.674137] (-) TimerEvent: {}
[374.774536] (-) TimerEvent: {}
[374.874939] (-) TimerEvent: {}
[374.976141] (-) TimerEvent: {}
[375.076514] (-) TimerEvent: {}
[375.176909] (-) TimerEvent: {}
[375.278142] (-) TimerEvent: {}
[375.378548] (-) TimerEvent: {}
[375.478942] (-) TimerEvent: {}
[375.580134] (-) TimerEvent: {}
[375.680529] (-) TimerEvent: {}
[375.780931] (-) TimerEvent: {}
[375.882137] (-) TimerEvent: {}
[375.982525] (-) TimerEvent: {}
[376.082924] (-) TimerEvent: {}
[376.087278] (cartographer_ros) StdoutLine: {'line': b'[ 34%] \x1b[32mBuilding CXX object CMakeFiles/cartographer_ros.dir/src/sensor_bridge.cpp.o\x1b[0m\n'}
[376.183063] (-) TimerEvent: {}
[376.284046] (-) TimerEvent: {}
[376.385134] (-) TimerEvent: {}
[376.485988] (-) TimerEvent: {}
[376.587138] (-) TimerEvent: {}
[376.687640] (-) TimerEvent: {}
[376.788035] (-) TimerEvent: {}
[376.889137] (-) TimerEvent: {}
[376.989530] (-) TimerEvent: {}
[377.089925] (-) TimerEvent: {}
[377.191134] (-) TimerEvent: {}
[377.291534] (-) TimerEvent: {}
[377.391935] (-) TimerEvent: {}
[377.493136] (-) TimerEvent: {}
[377.593528] (-) TimerEvent: {}
[377.693921] (-) TimerEvent: {}
[377.795132] (-) TimerEvent: {}
[377.895518] (-) TimerEvent: {}
[377.995902] (-) TimerEvent: {}
[378.013071] (cartographer_ros) StdoutLine: {'line': b'[ 37%] \x1b[32mBuilding CXX object CMakeFiles/cartographer_ros.dir/src/submap.cpp.o\x1b[0m\n'}
[378.096035] (-) TimerEvent: {}
[378.197046] (-) TimerEvent: {}
[378.299403] (-) TimerEvent: {}
[378.399900] (-) TimerEvent: {}
[378.500412] (-) TimerEvent: {}
[378.601131] (-) TimerEvent: {}
[378.703615] (-) TimerEvent: {}
[378.804097] (-) TimerEvent: {}
[378.904492] (-) TimerEvent: {}
[379.004876] (-) TimerEvent: {}
[379.105264] (-) TimerEvent: {}
[379.206129] (-) TimerEvent: {}
[379.306495] (-) TimerEvent: {}
[379.407132] (-) TimerEvent: {}
[379.430206] (cartographer_ros) StdoutLine: {'line': b'[ 40%] \x1b[32mBuilding CXX object CMakeFiles/cartographer_ros.dir/src/tf_bridge.cpp.o\x1b[0m\n'}
[379.507264] (-) TimerEvent: {}
[379.607645] (-) TimerEvent: {}
[379.708131] (-) TimerEvent: {}
[379.809133] (-) TimerEvent: {}
[379.909522] (-) TimerEvent: {}
[380.010134] (-) TimerEvent: {}
[380.111134] (-) TimerEvent: {}
[380.211499] (-) TimerEvent: {}
[380.311900] (-) TimerEvent: {}
[380.413135] (-) TimerEvent: {}
[380.513495] (-) TimerEvent: {}
[380.613874] (-) TimerEvent: {}
[380.715132] (-) TimerEvent: {}
[380.815499] (-) TimerEvent: {}
[380.915868] (-) TimerEvent: {}
[381.016556] (-) TimerEvent: {}
[381.117133] (-) TimerEvent: {}
[381.218137] (-) TimerEvent: {}
[381.318502] (-) TimerEvent: {}
[381.418892] (-) TimerEvent: {}
[381.521454] (-) TimerEvent: {}
[381.622126] (-) TimerEvent: {}
[381.722687] (-) TimerEvent: {}
[381.824139] (-) TimerEvent: {}
[381.924629] (-) TimerEvent: {}
[382.025136] (-) TimerEvent: {}
[382.127352] (-) TimerEvent: {}
[382.228368] (-) TimerEvent: {}
[382.281796] (cartographer_ros) StdoutLine: {'line': b'[ 42%] \x1b[32mBuilding CXX object CMakeFiles/cartographer_ros.dir/src/time_conversion.cpp.o\x1b[0m\n'}
[382.328502] (-) TimerEvent: {}
[382.428984] (-) TimerEvent: {}
[382.530137] (-) TimerEvent: {}
[382.630521] (-) TimerEvent: {}
[382.730900] (-) TimerEvent: {}
[382.832137] (-) TimerEvent: {}
[382.932512] (-) TimerEvent: {}
[383.032902] (-) TimerEvent: {}
[383.134339] (-) TimerEvent: {}
[383.235141] (-) TimerEvent: {}
[383.338641] (-) TimerEvent: {}
[383.439142] (-) TimerEvent: {}
[383.539951] (-) TimerEvent: {}
[383.640738] (-) TimerEvent: {}
[383.741231] (-) TimerEvent: {}
[383.841720] (-) TimerEvent: {}
[383.942133] (-) TimerEvent: {}
[384.043148] (-) TimerEvent: {}
[384.143537] (-) TimerEvent: {}
[384.244134] (-) TimerEvent: {}
[384.345226] (-) TimerEvent: {}
[384.446135] (-) TimerEvent: {}
[384.469126] (cartographer_ros) StdoutLine: {'line': b'[ 45%] \x1b[32mBuilding CXX object CMakeFiles/cartographer_ros.dir/src/trajectory_options.cpp.o\x1b[0m\n'}
[384.546260] (-) TimerEvent: {}
[384.646642] (-) TimerEvent: {}
[384.747023] (-) TimerEvent: {}
[384.848135] (-) TimerEvent: {}
[384.948521] (-) TimerEvent: {}
[385.048913] (-) TimerEvent: {}
[385.150145] (-) TimerEvent: {}
[385.250530] (-) TimerEvent: {}
[385.350920] (-) TimerEvent: {}
[385.452136] (-) TimerEvent: {}
[385.552529] (-) TimerEvent: {}
[385.652926] (-) TimerEvent: {}
[385.754140] (-) TimerEvent: {}
[385.854513] (-) TimerEvent: {}
[385.954907] (-) TimerEvent: {}
[386.056143] (-) TimerEvent: {}
[386.156546] (-) TimerEvent: {}
[386.256932] (-) TimerEvent: {}
[386.358137] (-) TimerEvent: {}
[386.458552] (-) TimerEvent: {}
[386.558975] (-) TimerEvent: {}
[386.660141] (-) TimerEvent: {}
[386.760554] (-) TimerEvent: {}
[386.860945] (-) TimerEvent: {}
[386.962137] (-) TimerEvent: {}
[387.062510] (-) TimerEvent: {}
[387.162901] (-) TimerEvent: {}
[387.263804] (-) TimerEvent: {}
[387.365137] (-) TimerEvent: {}
[387.465558] (-) TimerEvent: {}
[387.565990] (-) TimerEvent: {}
[387.667229] (-) TimerEvent: {}
[387.767710] (-) TimerEvent: {}
[387.869136] (-) TimerEvent: {}
[387.969517] (-) TimerEvent: {}
[388.071137] (-) TimerEvent: {}
[388.172254] (-) TimerEvent: {}
[388.181393] (cartographer_ros) StdoutLine: {'line': b'[ 48%] \x1b[32mBuilding CXX object CMakeFiles/cartographer_ros.dir/src/urdf_reader.cpp.o\x1b[0m\n'}
[388.272390] (-) TimerEvent: {}
[388.373470] (-) TimerEvent: {}
[388.474541] (-) TimerEvent: {}
[388.575626] (-) TimerEvent: {}
[388.676699] (-) TimerEvent: {}
[388.777815] (-) TimerEvent: {}
[388.879264] (-) TimerEvent: {}
[388.982701] (-) TimerEvent: {}
[389.083093] (-) TimerEvent: {}
[389.183485] (-) TimerEvent: {}
[389.283875] (-) TimerEvent: {}
[389.384266] (-) TimerEvent: {}
[389.484663] (-) TimerEvent: {}
[389.585069] (-) TimerEvent: {}
[389.686149] (-) TimerEvent: {}
[389.786540] (-) TimerEvent: {}
[389.886914] (-) TimerEvent: {}
[389.988136] (-) TimerEvent: {}
[390.088556] (-) TimerEvent: {}
[390.188950] (-) TimerEvent: {}
[390.292820] (-) TimerEvent: {}
[390.394114] (-) TimerEvent: {}
[390.494591] (-) TimerEvent: {}
[390.594970] (-) TimerEvent: {}
[390.695354] (-) TimerEvent: {}
[390.795736] (-) TimerEvent: {}
[390.896131] (-) TimerEvent: {}
[390.997137] (-) TimerEvent: {}
[391.097519] (-) TimerEvent: {}
[391.198149] (-) TimerEvent: {}
[391.301332] (-) TimerEvent: {}
[391.401756] (-) TimerEvent: {}
[391.502148] (-) TimerEvent: {}
[391.602538] (-) TimerEvent: {}
[391.703927] (-) TimerEvent: {}
[391.805291] (-) TimerEvent: {}
[391.908273] (-) TimerEvent: {}
[392.009713] (-) TimerEvent: {}
[392.111087] (-) TimerEvent: {}
[392.212140] (-) TimerEvent: {}
[392.312964] (-) TimerEvent: {}
[392.414138] (-) TimerEvent: {}
[392.514556] (-) TimerEvent: {}
[392.555345] (cartographer_ros) StdoutLine: {'line': b'[ 51%] \x1b[32mBuilding CXX object CMakeFiles/cartographer_ros.dir/src/metrics/family_factory.cpp.o\x1b[0m\n'}
[392.614682] (-) TimerEvent: {}
[392.715364] (-) TimerEvent: {}
[392.816581] (-) TimerEvent: {}
[392.920269] (-) TimerEvent: {}
[393.020673] (-) TimerEvent: {}
[393.122024] (-) TimerEvent: {}
[393.223390] (-) TimerEvent: {}
[393.324743] (-) TimerEvent: {}
[393.426099] (-) TimerEvent: {}
[393.527429] (-) TimerEvent: {}
[393.628834] (-) TimerEvent: {}
[393.730138] (-) TimerEvent: {}
[393.831140] (-) TimerEvent: {}
[393.931533] (-) TimerEvent: {}
[394.032139] (-) TimerEvent: {}
[394.133138] (-) TimerEvent: {}
[394.233567] (-) TimerEvent: {}
[394.334952] (-) TimerEvent: {}
[394.435385] (-) TimerEvent: {}
[394.535812] (-) TimerEvent: {}
[394.637138] (-) TimerEvent: {}
[394.737520] (-) TimerEvent: {}
[394.837927] (-) TimerEvent: {}
[394.939134] (-) TimerEvent: {}
[395.039521] (-) TimerEvent: {}
[395.140575] (-) TimerEvent: {}
[395.240945] (-) TimerEvent: {}
[395.342477] (-) TimerEvent: {}
[395.442878] (-) TimerEvent: {}
[395.544136] (-) TimerEvent: {}
[395.644509] (-) TimerEvent: {}
[395.744877] (-) TimerEvent: {}
[395.845629] (-) TimerEvent: {}
[395.948136] (-) TimerEvent: {}
[396.003273] (cartographer_ros) StdoutLine: {'line': b'[ 54%] \x1b[32mBuilding CXX object CMakeFiles/cartographer_ros.dir/src/metrics/internal/family.cpp.o\x1b[0m\n'}
[396.048260] (-) TimerEvent: {}
[396.148929] (-) TimerEvent: {}
[396.249323] (-) TimerEvent: {}
[396.357438] (-) TimerEvent: {}
[396.458240] (-) TimerEvent: {}
[396.558608] (-) TimerEvent: {}
[396.623125] (cartographer_ros) StdoutLine: {'line': b'[ 57%] \x1b[32mBuilding CXX object CMakeFiles/cartographer_ros.dir/src/metrics/internal/histogram.cpp.o\x1b[0m\n'}
[396.658730] (-) TimerEvent: {}
[396.759119] (-) TimerEvent: {}
[396.860472] (-) TimerEvent: {}
[396.960854] (-) TimerEvent: {}
[397.062386] (-) TimerEvent: {}
[397.163338] (-) TimerEvent: {}
[397.263708] (-) TimerEvent: {}
[397.364092] (-) TimerEvent: {}
[397.464468] (-) TimerEvent: {}
[397.564836] (-) TimerEvent: {}
[397.665212] (-) TimerEvent: {}
[397.765584] (-) TimerEvent: {}
[397.865957] (-) TimerEvent: {}
[397.966375] (-) TimerEvent: {}
[398.066751] (-) TimerEvent: {}
[398.167135] (-) TimerEvent: {}
[398.267504] (-) TimerEvent: {}
[398.367897] (-) TimerEvent: {}
[398.468301] (-) TimerEvent: {}
[398.568665] (-) TimerEvent: {}
[398.669033] (-) TimerEvent: {}
[398.769436] (-) TimerEvent: {}
[398.869807] (-) TimerEvent: {}
[398.970147] (-) TimerEvent: {}
[399.070497] (-) TimerEvent: {}
[399.170895] (-) TimerEvent: {}
[399.271196] (-) TimerEvent: {}
[399.371507] (-) TimerEvent: {}
[399.471826] (-) TimerEvent: {}
[399.572154] (-) TimerEvent: {}
[399.672476] (-) TimerEvent: {}
[399.772793] (-) TimerEvent: {}
[399.873115] (-) TimerEvent: {}
[399.973444] (-) TimerEvent: {}
[400.073765] (-) TimerEvent: {}
[400.174097] (-) TimerEvent: {}
[400.274415] (-) TimerEvent: {}
[400.374738] (-) TimerEvent: {}
[400.475095] (-) TimerEvent: {}
[400.575446] (-) TimerEvent: {}
[400.675772] (-) TimerEvent: {}
[400.776095] (-) TimerEvent: {}
[400.876424] (-) TimerEvent: {}
[400.976764] (-) TimerEvent: {}
[401.077088] (-) TimerEvent: {}
[401.177404] (-) TimerEvent: {}
[401.277732] (-) TimerEvent: {}
[401.378088] (-) TimerEvent: {}
[401.478436] (-) TimerEvent: {}
[401.578773] (-) TimerEvent: {}
[401.679076] (-) TimerEvent: {}
[401.779408] (-) TimerEvent: {}
[401.879741] (-) TimerEvent: {}
[401.980105] (-) TimerEvent: {}
[402.080449] (-) TimerEvent: {}
[402.180776] (-) TimerEvent: {}
[402.281126] (-) TimerEvent: {}
[402.381445] (-) TimerEvent: {}
[402.481769] (-) TimerEvent: {}
[402.582118] (-) TimerEvent: {}
[402.682434] (-) TimerEvent: {}
[402.782751] (-) TimerEvent: {}
[402.883082] (-) TimerEvent: {}
[402.983422] (-) TimerEvent: {}
[403.083788] (-) TimerEvent: {}
[403.184207] (-) TimerEvent: {}
[403.284571] (-) TimerEvent: {}
[403.384927] (-) TimerEvent: {}
[403.485270] (-) TimerEvent: {}
[403.585595] (-) TimerEvent: {}
[403.685924] (-) TimerEvent: {}
[403.786271] (-) TimerEvent: {}
[403.886620] (-) TimerEvent: {}
[403.986970] (-) TimerEvent: {}
[404.087336] (-) TimerEvent: {}
[404.187650] (-) TimerEvent: {}
[404.287972] (-) TimerEvent: {}
[404.388344] (-) TimerEvent: {}
[404.488682] (-) TimerEvent: {}
[404.589004] (-) TimerEvent: {}
[404.689326] (-) TimerEvent: {}
[404.789662] (-) TimerEvent: {}
[404.890011] (-) TimerEvent: {}
[404.990398] (-) TimerEvent: {}
[405.090743] (-) TimerEvent: {}
[405.191113] (-) TimerEvent: {}
[405.291462] (-) TimerEvent: {}
[405.391811] (-) TimerEvent: {}
[405.492184] (-) TimerEvent: {}
[405.592596] (-) TimerEvent: {}
[405.693013] (-) TimerEvent: {}
[405.793480] (-) TimerEvent: {}
[405.893898] (-) TimerEvent: {}
[405.994289] (-) TimerEvent: {}
[406.094713] (-) TimerEvent: {}
[406.195147] (-) TimerEvent: {}
[406.295527] (-) TimerEvent: {}
[406.395834] (-) TimerEvent: {}
[406.496147] (-) TimerEvent: {}
[406.596430] (-) TimerEvent: {}
[406.696719] (-) TimerEvent: {}
[406.797014] (-) TimerEvent: {}
[406.897342] (-) TimerEvent: {}
[406.997646] (-) TimerEvent: {}
[407.097947] (-) TimerEvent: {}
[407.198271] (-) TimerEvent: {}
[407.298571] (-) TimerEvent: {}
[407.398876] (-) TimerEvent: {}
[407.499187] (-) TimerEvent: {}
[407.599480] (-) TimerEvent: {}
[407.699765] (-) TimerEvent: {}
[407.800018] (-) TimerEvent: {}
[407.900283] (-) TimerEvent: {}
[408.000596] (-) TimerEvent: {}
[408.100894] (-) TimerEvent: {}
[408.201197] (-) TimerEvent: {}
[408.301490] (-) TimerEvent: {}
[408.401798] (-) TimerEvent: {}
[408.502121] (-) TimerEvent: {}
[408.602421] (-) TimerEvent: {}
[408.702719] (-) TimerEvent: {}
[408.803014] (-) TimerEvent: {}
[408.903287] (-) TimerEvent: {}
[409.003588] (-) TimerEvent: {}
[409.103885] (-) TimerEvent: {}
[409.204182] (-) TimerEvent: {}
[409.304477] (-) TimerEvent: {}
[409.404770] (-) TimerEvent: {}
[409.505080] (-) TimerEvent: {}
[409.605380] (-) TimerEvent: {}
[409.705672] (-) TimerEvent: {}
[409.805960] (-) TimerEvent: {}
[409.906273] (-) TimerEvent: {}
[410.006569] (-) TimerEvent: {}
[410.106859] (-) TimerEvent: {}
[410.207153] (-) TimerEvent: {}
[410.307446] (-) TimerEvent: {}
[410.407738] (-) TimerEvent: {}
[410.508035] (-) TimerEvent: {}
[410.608394] (-) TimerEvent: {}
[410.708686] (-) TimerEvent: {}
[410.808971] (-) TimerEvent: {}
[410.909227] (-) TimerEvent: {}
[411.009520] (-) TimerEvent: {}
[411.109812] (-) TimerEvent: {}
[411.210117] (-) TimerEvent: {}
[411.310411] (-) TimerEvent: {}
[411.410709] (-) TimerEvent: {}
[411.511001] (-) TimerEvent: {}
[411.611335] (-) TimerEvent: {}
[411.711625] (-) TimerEvent: {}
[411.811929] (-) TimerEvent: {}
[411.912260] (-) TimerEvent: {}
[412.012552] (-) TimerEvent: {}
[412.112855] (-) TimerEvent: {}
[412.213145] (-) TimerEvent: {}
[412.313436] (-) TimerEvent: {}
[412.413724] (-) TimerEvent: {}
[412.514020] (-) TimerEvent: {}
[412.614340] (-) TimerEvent: {}
[412.714631] (-) TimerEvent: {}
[412.814923] (-) TimerEvent: {}
[412.915158] (-) TimerEvent: {}
[413.015454] (-) TimerEvent: {}
[413.115743] (-) TimerEvent: {}
[413.216034] (-) TimerEvent: {}
[413.316303] (-) TimerEvent: {}
[413.416604] (-) TimerEvent: {}
[413.516903] (-) TimerEvent: {}
[413.617195] (-) TimerEvent: {}
[413.717491] (-) TimerEvent: {}
[413.817791] (-) TimerEvent: {}
[413.918099] (-) TimerEvent: {}
[414.018391] (-) TimerEvent: {}
[414.118690] (-) TimerEvent: {}
[414.218983] (-) TimerEvent: {}
[414.319271] (-) TimerEvent: {}
[414.419608] (-) TimerEvent: {}
[414.519900] (-) TimerEvent: {}
[414.620189] (-) TimerEvent: {}
[414.720481] (-) TimerEvent: {}
[414.820783] (-) TimerEvent: {}
[414.921108] (-) TimerEvent: {}
[415.021396] (-) TimerEvent: {}
[415.121692] (-) TimerEvent: {}
[415.221990] (-) TimerEvent: {}
[415.322314] (-) TimerEvent: {}
[415.422604] (-) TimerEvent: {}
[415.522895] (-) TimerEvent: {}
[415.623145] (-) TimerEvent: {}
[415.723437] (-) TimerEvent: {}
[415.823730] (-) TimerEvent: {}
[415.924019] (-) TimerEvent: {}
[416.024293] (-) TimerEvent: {}
[416.124578] (-) TimerEvent: {}
[416.224868] (-) TimerEvent: {}
[416.325157] (-) TimerEvent: {}
[416.425448] (-) TimerEvent: {}
[416.525738] (-) TimerEvent: {}
[416.626030] (-) TimerEvent: {}
[416.726303] (-) TimerEvent: {}
[416.826597] (-) TimerEvent: {}
[416.926893] (-) TimerEvent: {}
[417.027198] (-) TimerEvent: {}
[417.127489] (-) TimerEvent: {}
[417.227778] (-) TimerEvent: {}
[417.328104] (-) TimerEvent: {}
[417.428398] (-) TimerEvent: {}
[417.528692] (-) TimerEvent: {}
[417.628979] (-) TimerEvent: {}
[417.729296] (-) TimerEvent: {}
[417.829583] (-) TimerEvent: {}
[417.929870] (-) TimerEvent: {}
[418.030167] (-) TimerEvent: {}
[418.130463] (-) TimerEvent: {}
[418.230760] (-) TimerEvent: {}
[418.331067] (-) TimerEvent: {}
[418.431360] (-) TimerEvent: {}
[418.531657] (-) TimerEvent: {}
[418.632661] (-) TimerEvent: {}
[418.732956] (-) TimerEvent: {}
[418.833265] (-) TimerEvent: {}
[418.933554] (-) TimerEvent: {}
[419.033855] (-) TimerEvent: {}
[419.134151] (-) TimerEvent: {}
[419.234448] (-) TimerEvent: {}
[419.334741] (-) TimerEvent: {}
[419.435050] (-) TimerEvent: {}
[419.535366] (-) TimerEvent: {}
[419.635657] (-) TimerEvent: {}
[419.735956] (-) TimerEvent: {}
[419.836271] (-) TimerEvent: {}
[419.936564] (-) TimerEvent: {}
[420.036856] (-) TimerEvent: {}
[420.137154] (-) TimerEvent: {}
[420.237451] (-) TimerEvent: {}
[420.337748] (-) TimerEvent: {}
[420.438047] (-) TimerEvent: {}
[420.538376] (-) TimerEvent: {}
[420.638665] (-) TimerEvent: {}
[420.738960] (-) TimerEvent: {}
[420.839255] (-) TimerEvent: {}
[420.939550] (-) TimerEvent: {}
[421.039842] (-) TimerEvent: {}
[421.140140] (-) TimerEvent: {}
[421.240466] (-) TimerEvent: {}
[421.340878] (-) TimerEvent: {}
[421.441179] (-) TimerEvent: {}
[421.541542] (-) TimerEvent: {}
[421.641862] (-) TimerEvent: {}
[421.742173] (-) TimerEvent: {}
[421.842476] (-) TimerEvent: {}
[421.942780] (-) TimerEvent: {}
[422.043101] (-) TimerEvent: {}
[422.143403] (-) TimerEvent: {}
[422.243710] (-) TimerEvent: {}
[422.344026] (-) TimerEvent: {}
[422.444355] (-) TimerEvent: {}
[422.544663] (-) TimerEvent: {}
[422.644962] (-) TimerEvent: {}
[422.745297] (-) TimerEvent: {}
[422.845606] (-) TimerEvent: {}
[422.945916] (-) TimerEvent: {}
[423.046234] (-) TimerEvent: {}
[423.146525] (-) TimerEvent: {}
[423.246828] (-) TimerEvent: {}
[423.347130] (-) TimerEvent: {}
[423.447427] (-) TimerEvent: {}
[423.547760] (-) TimerEvent: {}
[423.648137] (-) TimerEvent: {}
[423.748489] (-) TimerEvent: {}
[423.848867] (-) TimerEvent: {}
[423.949309] (-) TimerEvent: {}
[424.049691] (-) TimerEvent: {}
[424.150034] (-) TimerEvent: {}
[424.250365] (-) TimerEvent: {}
[424.350689] (-) TimerEvent: {}
[424.451018] (-) TimerEvent: {}
[424.551398] (-) TimerEvent: {}
[424.651739] (-) TimerEvent: {}
[424.752107] (-) TimerEvent: {}
[424.852437] (-) TimerEvent: {}
[424.952764] (-) TimerEvent: {}
[425.053141] (-) TimerEvent: {}
[425.123884] (cartographer_ros) StdoutLine: {'line': b'[ 60%] \x1b[32m\x1b[1mLinking CXX shared library libcartographer_ros.so\x1b[0m\n'}
[425.153269] (-) TimerEvent: {}
[425.253643] (-) TimerEvent: {}
[425.354014] (-) TimerEvent: {}
[425.454396] (-) TimerEvent: {}
[425.554781] (-) TimerEvent: {}
[425.655132] (-) TimerEvent: {}
[425.755513] (-) TimerEvent: {}
[425.855892] (-) TimerEvent: {}
[425.956279] (-) TimerEvent: {}
[426.056716] (-) TimerEvent: {}
[426.157222] (-) TimerEvent: {}
[426.257612] (-) TimerEvent: {}
[426.358009] (-) TimerEvent: {}
[426.458456] (-) TimerEvent: {}
[426.558861] (-) TimerEvent: {}
[426.659288] (-) TimerEvent: {}
[426.759692] (-) TimerEvent: {}
[426.860122] (-) TimerEvent: {}
[426.960538] (-) TimerEvent: {}
[427.060934] (-) TimerEvent: {}
[427.161338] (-) TimerEvent: {}
[427.261764] (-) TimerEvent: {}
[427.362187] (-) TimerEvent: {}
[427.462576] (-) TimerEvent: {}
[427.562967] (-) TimerEvent: {}
[427.663405] (-) TimerEvent: {}
[427.763804] (-) TimerEvent: {}
[427.864304] (-) TimerEvent: {}
[427.964675] (-) TimerEvent: {}
[428.065045] (-) TimerEvent: {}
[428.165431] (-) TimerEvent: {}
[428.265792] (-) TimerEvent: {}
[428.366147] (-) TimerEvent: {}
[428.466468] (-) TimerEvent: {}
[428.566812] (-) TimerEvent: {}
[428.667141] (-) TimerEvent: {}
[428.767478] (-) TimerEvent: {}
[428.867807] (-) TimerEvent: {}
[428.968110] (-) TimerEvent: {}
[429.068420] (-) TimerEvent: {}
[429.168768] (-) TimerEvent: {}
[429.269117] (-) TimerEvent: {}
[429.369451] (-) TimerEvent: {}
[429.469732] (-) TimerEvent: {}
[429.570124] (-) TimerEvent: {}
[429.670475] (-) TimerEvent: {}
[429.770816] (-) TimerEvent: {}
[429.822668] (cartographer_ros) StdoutLine: {'line': b'[ 60%] Built target cartographer_ros\n'}
[429.858255] (cartographer_ros) StdoutLine: {'line': b'[ 65%] \x1b[32mBuilding CXX object CMakeFiles/cartographer_pbstream_map_publisher.dir/src/pbstream_map_publisher_main.cpp.o\x1b[0m\n'}
[429.858576] (cartographer_ros) StdoutLine: {'line': b'[ 65%] \x1b[32mBuilding CXX object CMakeFiles/cartographer_assets_writer.dir/src/assets_writer_main.cpp.o\x1b[0m\n'}
[429.863335] (cartographer_ros) StdoutLine: {'line': b'[ 68%] \x1b[32mBuilding CXX object CMakeFiles/cartographer_node.dir/src/node_main.cpp.o\x1b[0m\n'}
[429.863704] (cartographer_ros) StdoutLine: {'line': b'[ 74%] \x1b[32mBuilding CXX object CMakeFiles/cartographer_occupancy_grid_node.dir/src/occupancy_grid_node_main.cpp.o\x1b[0m\n'}
[429.863979] (cartographer_ros) StdoutLine: {'line': b'[ 74%] \x1b[32mBuilding CXX object CMakeFiles/cartographer_offline_node.dir/src/offline_node_main.cpp.o\x1b[0m\n'}
[429.864311] (cartographer_ros) StdoutLine: {'line': b'[ 77%] \x1b[32mBuilding CXX object CMakeFiles/cartographer_pbstream_to_ros_map.dir/src/pbstream_to_ros_map_main.cpp.o\x1b[0m\n'}
[429.864545] (cartographer_ros) StdoutLine: {'line': b'[ 80%] \x1b[32mBuilding CXX object CMakeFiles/cartographer_rosbag_validate.dir/src/rosbag_validate_main.cpp.o\x1b[0m\n'}
[429.870929] (-) TimerEvent: {}
[429.971279] (-) TimerEvent: {}
[430.071655] (-) TimerEvent: {}
[430.172018] (-) TimerEvent: {}
[430.272359] (-) TimerEvent: {}
[430.372979] (-) TimerEvent: {}
[430.473312] (-) TimerEvent: {}
[430.573932] (-) TimerEvent: {}
[430.675129] (-) TimerEvent: {}
[430.775881] (-) TimerEvent: {}
[430.876945] (-) TimerEvent: {}
[430.977712] (-) TimerEvent: {}
[431.078565] (-) TimerEvent: {}
[431.179678] (-) TimerEvent: {}
[431.280577] (-) TimerEvent: {}
[431.381408] (-) TimerEvent: {}
[431.482121] (-) TimerEvent: {}
[431.582448] (-) TimerEvent: {}
[431.683087] (-) TimerEvent: {}
[431.784012] (-) TimerEvent: {}
[431.885022] (-) TimerEvent: {}
[431.985851] (-) TimerEvent: {}
[432.087318] (-) TimerEvent: {}
[432.188143] (-) TimerEvent: {}
[432.289138] (-) TimerEvent: {}
[432.390143] (-) TimerEvent: {}
[432.491210] (-) TimerEvent: {}
[432.591866] (-) TimerEvent: {}
[432.692256] (-) TimerEvent: {}
[432.793663] (-) TimerEvent: {}
[432.894138] (-) TimerEvent: {}
[432.994535] (-) TimerEvent: {}
[433.094922] (-) TimerEvent: {}
[433.195736] (-) TimerEvent: {}
[433.297145] (-) TimerEvent: {}
[433.398485] (-) TimerEvent: {}
[433.499432] (-) TimerEvent: {}
[433.600294] (-) TimerEvent: {}
[433.701639] (-) TimerEvent: {}
[433.803091] (-) TimerEvent: {}
[433.904160] (-) TimerEvent: {}
[434.005212] (-) TimerEvent: {}
[434.106254] (-) TimerEvent: {}
[434.206894] (-) TimerEvent: {}
[434.307859] (-) TimerEvent: {}
[434.408908] (-) TimerEvent: {}
[434.509303] (-) TimerEvent: {}
[434.610023] (-) TimerEvent: {}
[434.710977] (-) TimerEvent: {}
[434.812032] (-) TimerEvent: {}
[434.913533] (-) TimerEvent: {}
[435.014686] (-) TimerEvent: {}
[435.115609] (-) TimerEvent: {}
[435.216340] (-) TimerEvent: {}
[435.317396] (-) TimerEvent: {}
[435.418455] (-) TimerEvent: {}
[435.519223] (-) TimerEvent: {}
[435.620389] (-) TimerEvent: {}
[435.721593] (-) TimerEvent: {}
[435.823139] (-) TimerEvent: {}
[435.924220] (-) TimerEvent: {}
[436.025715] (-) TimerEvent: {}
[436.126950] (-) TimerEvent: {}
[436.227343] (-) TimerEvent: {}
[436.328051] (-) TimerEvent: {}
[436.429434] (-) TimerEvent: {}
[436.530100] (-) TimerEvent: {}
[436.630451] (-) TimerEvent: {}
[436.731977] (-) TimerEvent: {}
[436.832882] (-) TimerEvent: {}
[436.934020] (-) TimerEvent: {}
[437.035098] (-) TimerEvent: {}
[437.136137] (-) TimerEvent: {}
[437.237043] (-) TimerEvent: {}
[437.338147] (-) TimerEvent: {}
[437.439117] (-) TimerEvent: {}
[437.540144] (-) TimerEvent: {}
[437.640854] (-) TimerEvent: {}
[437.741651] (-) TimerEvent: {}
[437.842363] (-) TimerEvent: {}
[437.943267] (-) TimerEvent: {}
[438.044947] (-) TimerEvent: {}
[438.145980] (-) TimerEvent: {}
[438.246368] (-) TimerEvent: {}
[438.347192] (-) TimerEvent: {}
[438.448369] (-) TimerEvent: {}
[438.548770] (-) TimerEvent: {}
[438.649143] (-) TimerEvent: {}
[438.750146] (-) TimerEvent: {}
[438.851144] (-) TimerEvent: {}
[438.952471] (-) TimerEvent: {}
[439.054090] (-) TimerEvent: {}
[439.155173] (-) TimerEvent: {}
[439.255561] (-) TimerEvent: {}
[439.357418] (-) TimerEvent: {}
[439.458464] (-) TimerEvent: {}
[439.559507] (-) TimerEvent: {}
[439.660622] (-) TimerEvent: {}
[439.761650] (-) TimerEvent: {}
[439.864145] (-) TimerEvent: {}
[439.965226] (-) TimerEvent: {}
[440.066265] (-) TimerEvent: {}
[440.167715] (-) TimerEvent: {}
[440.268760] (-) TimerEvent: {}
[440.369797] (-) TimerEvent: {}
[440.470601] (-) TimerEvent: {}
[440.571717] (-) TimerEvent: {}
[440.672131] (-) TimerEvent: {}
[440.773267] (-) TimerEvent: {}
[440.874354] (-) TimerEvent: {}
[440.975738] (-) TimerEvent: {}
[441.077261] (-) TimerEvent: {}
[441.178143] (-) TimerEvent: {}
[441.279217] (-) TimerEvent: {}
[441.380431] (-) TimerEvent: {}
[441.480826] (-) TimerEvent: {}
[441.581231] (-) TimerEvent: {}
[441.682271] (-) TimerEvent: {}
[441.783705] (-) TimerEvent: {}
[441.884096] (-) TimerEvent: {}
[441.984903] (-) TimerEvent: {}
[442.085937] (-) TimerEvent: {}
[442.186856] (-) TimerEvent: {}
[442.287956] (-) TimerEvent: {}
[442.389012] (-) TimerEvent: {}
[442.489958] (-) TimerEvent: {}
[442.591043] (-) TimerEvent: {}
[442.691409] (-) TimerEvent: {}
[442.791792] (-) TimerEvent: {}
[442.892141] (-) TimerEvent: {}
[442.992509] (-) TimerEvent: {}
[443.032903] (cartographer_ros) StdoutLine: {'line': b'[ 82%] \x1b[32m\x1b[1mLinking CXX executable cartographer_pbstream_map_publisher\x1b[0m\n'}
[443.092635] (-) TimerEvent: {}
[443.193650] (-) TimerEvent: {}
[443.296162] (-) TimerEvent: {}
[443.397078] (-) TimerEvent: {}
[443.498422] (-) TimerEvent: {}
[443.599322] (-) TimerEvent: {}
[443.701366] (-) TimerEvent: {}
[443.802129] (-) TimerEvent: {}
[443.903364] (-) TimerEvent: {}
[444.004532] (-) TimerEvent: {}
[444.105681] (-) TimerEvent: {}
[444.206567] (-) TimerEvent: {}
[444.307832] (-) TimerEvent: {}
[444.408267] (-) TimerEvent: {}
[444.509829] (-) TimerEvent: {}
[444.610646] (-) TimerEvent: {}
[444.711748] (-) TimerEvent: {}
[444.812159] (-) TimerEvent: {}
[444.913259] (-) TimerEvent: {}
[445.014393] (-) TimerEvent: {}
[445.115375] (-) TimerEvent: {}
[445.216781] (-) TimerEvent: {}
[445.317707] (-) TimerEvent: {}
[445.418768] (-) TimerEvent: {}
[445.520750] (-) TimerEvent: {}
[445.599171] (cartographer_ros) StdoutLine: {'line': b'[ 85%] \x1b[32m\x1b[1mLinking CXX executable cartographer_offline_node\x1b[0m\n'}
[445.620887] (-) TimerEvent: {}
[445.721930] (-) TimerEvent: {}
[445.822760] (-) TimerEvent: {}
[445.923942] (-) TimerEvent: {}
[446.025068] (-) TimerEvent: {}
[446.121208] (cartographer_ros) StdoutLine: {'line': b'[ 85%] Built target cartographer_pbstream_map_publisher\n'}
[446.125153] (-) TimerEvent: {}
[446.225537] (-) TimerEvent: {}
[446.326506] (-) TimerEvent: {}
[446.427573] (-) TimerEvent: {}
[446.527965] (-) TimerEvent: {}
[446.571591] (cartographer_ros) StdoutLine: {'line': b'[ 88%] \x1b[32m\x1b[1mLinking CXX executable cartographer_pbstream_to_ros_map\x1b[0m\n'}
[446.628135] (-) TimerEvent: {}
[446.728534] (-) TimerEvent: {}
[446.829697] (-) TimerEvent: {}
[446.931109] (-) TimerEvent: {}
[447.032538] (-) TimerEvent: {}
[447.133820] (-) TimerEvent: {}
[447.235006] (-) TimerEvent: {}
[447.336268] (-) TimerEvent: {}
[447.438119] (-) TimerEvent: {}
[447.539443] (-) TimerEvent: {}
[447.640488] (-) TimerEvent: {}
[447.741605] (-) TimerEvent: {}
[447.843214] (-) TimerEvent: {}
[447.943641] (-) TimerEvent: {}
[448.044537] (-) TimerEvent: {}
[448.145029] (-) TimerEvent: {}
[448.246082] (-) TimerEvent: {}
[448.346550] (-) TimerEvent: {}
[448.447416] (-) TimerEvent: {}
[448.547927] (-) TimerEvent: {}
[448.648905] (-) TimerEvent: {}
[448.750803] (-) TimerEvent: {}
[448.824147] (cartographer_ros) StdoutLine: {'line': b'[ 91%] \x1b[32m\x1b[1mLinking CXX executable cartographer_assets_writer\x1b[0m\n'}
[448.850927] (-) TimerEvent: {}
[448.951386] (-) TimerEvent: {}
[449.051847] (-) TimerEvent: {}
[449.152334] (-) TimerEvent: {}
[449.252846] (-) TimerEvent: {}
[449.353435] (-) TimerEvent: {}
[449.455740] (-) TimerEvent: {}
[449.557952] (-) TimerEvent: {}
[449.659098] (-) TimerEvent: {}
[449.761277] (-) TimerEvent: {}
[449.862776] (-) TimerEvent: {}
[449.965182] (-) TimerEvent: {}
[450.066771] (-) TimerEvent: {}
[450.168700] (-) TimerEvent: {}
[450.269667] (-) TimerEvent: {}
[450.371227] (-) TimerEvent: {}
[450.472633] (-) TimerEvent: {}
[450.545437] (cartographer_ros) StdoutLine: {'line': b'[ 91%] Built target cartographer_offline_node\n'}
[450.572769] (-) TimerEvent: {}
[450.673209] (-) TimerEvent: {}
[450.773656] (-) TimerEvent: {}
[450.874093] (-) TimerEvent: {}
[450.968714] (cartographer_ros) StdoutLine: {'line': b'[ 91%] Built target cartographer_pbstream_to_ros_map\n'}
[450.974222] (-) TimerEvent: {}
[451.074617] (-) TimerEvent: {}
[451.175016] (-) TimerEvent: {}
[451.275408] (-) TimerEvent: {}
[451.375818] (-) TimerEvent: {}
[451.476228] (-) TimerEvent: {}
[451.576669] (-) TimerEvent: {}
[451.677104] (-) TimerEvent: {}
[451.722468] (cartographer_ros) StdoutLine: {'line': b'[ 94%] \x1b[32m\x1b[1mLinking CXX executable cartographer_node\x1b[0m\n'}
[451.777252] (-) TimerEvent: {}
[451.877690] (-) TimerEvent: {}
[451.978162] (-) TimerEvent: {}
[452.078605] (-) TimerEvent: {}
[452.179034] (-) TimerEvent: {}
[452.279461] (-) TimerEvent: {}
[452.379864] (-) TimerEvent: {}
[452.480284] (-) TimerEvent: {}
[452.580709] (-) TimerEvent: {}
[452.617519] (cartographer_ros) StdoutLine: {'line': b'[ 94%] Built target cartographer_assets_writer\n'}
[452.680837] (-) TimerEvent: {}
[452.781228] (-) TimerEvent: {}
[452.881604] (-) TimerEvent: {}
[452.982010] (-) TimerEvent: {}
[453.043471] (cartographer_ros) StdoutLine: {'line': b'[ 97%] \x1b[32m\x1b[1mLinking CXX executable cartographer_rosbag_validate\x1b[0m\n'}
[453.082147] (-) TimerEvent: {}
[453.182537] (-) TimerEvent: {}
[453.282954] (-) TimerEvent: {}
[453.383383] (-) TimerEvent: {}
[453.483808] (-) TimerEvent: {}
[453.584288] (-) TimerEvent: {}
[453.684763] (-) TimerEvent: {}
[453.785236] (-) TimerEvent: {}
[453.885731] (-) TimerEvent: {}
[453.986217] (-) TimerEvent: {}
[454.086696] (-) TimerEvent: {}
[454.187149] (-) TimerEvent: {}
[454.287629] (-) TimerEvent: {}
[454.388144] (-) TimerEvent: {}
[454.488611] (-) TimerEvent: {}
[454.589021] (-) TimerEvent: {}
[454.689430] (-) TimerEvent: {}
[454.789824] (-) TimerEvent: {}
[454.890262] (-) TimerEvent: {}
[454.973874] (cartographer_ros) StdoutLine: {'line': b'[ 97%] Built target cartographer_node\n'}
[454.990389] (-) TimerEvent: {}
[455.090784] (-) TimerEvent: {}
[455.191187] (-) TimerEvent: {}
[455.291588] (-) TimerEvent: {}
[455.391997] (-) TimerEvent: {}
[455.492391] (-) TimerEvent: {}
[455.592776] (-) TimerEvent: {}
[455.693124] (-) TimerEvent: {}
[455.793484] (-) TimerEvent: {}
[455.893844] (-) TimerEvent: {}
[455.961488] (cartographer_ros) StdoutLine: {'line': b'[ 97%] Built target cartographer_rosbag_validate\n'}
[455.993959] (-) TimerEvent: {}
[456.094299] (-) TimerEvent: {}
[456.194616] (-) TimerEvent: {}
[456.294924] (-) TimerEvent: {}
[456.395257] (-) TimerEvent: {}
[456.495564] (-) TimerEvent: {}
[456.595872] (-) TimerEvent: {}
[456.696124] (-) TimerEvent: {}
[456.796436] (-) TimerEvent: {}
[456.896741] (-) TimerEvent: {}
[456.997019] (-) TimerEvent: {}
[457.097399] (-) TimerEvent: {}
[457.197705] (-) TimerEvent: {}
[457.298016] (-) TimerEvent: {}
[457.398338] (-) TimerEvent: {}
[457.498650] (-) TimerEvent: {}
[457.598990] (-) TimerEvent: {}
[457.699357] (-) TimerEvent: {}
[457.789025] (cartographer_ros) StdoutLine: {'line': b'[100%] \x1b[32m\x1b[1mLinking CXX executable cartographer_occupancy_grid_node\x1b[0m\n'}
[457.799494] (-) TimerEvent: {}
[457.899807] (-) TimerEvent: {}
[458.000135] (-) TimerEvent: {}
[458.100491] (-) TimerEvent: {}
[458.200857] (-) TimerEvent: {}
[458.301257] (-) TimerEvent: {}
[458.401622] (-) TimerEvent: {}
[458.501990] (-) TimerEvent: {}
[458.602370] (-) TimerEvent: {}
[458.702747] (-) TimerEvent: {}
[458.803131] (-) TimerEvent: {}
[458.903498] (-) TimerEvent: {}
[459.003864] (-) TimerEvent: {}
[459.104245] (-) TimerEvent: {}
[459.204646] (-) TimerEvent: {}
[459.305026] (-) TimerEvent: {}
[459.405417] (-) TimerEvent: {}
[459.505786] (-) TimerEvent: {}
[459.606146] (-) TimerEvent: {}
[459.706473] (-) TimerEvent: {}
[459.806861] (-) TimerEvent: {}
[459.907259] (-) TimerEvent: {}
[460.007633] (-) TimerEvent: {}
[460.107991] (-) TimerEvent: {}
[460.208359] (-) TimerEvent: {}
[460.308719] (-) TimerEvent: {}
[460.409068] (-) TimerEvent: {}
[460.509409] (-) TimerEvent: {}
[460.609756] (-) TimerEvent: {}
[460.639267] (cartographer_ros) StdoutLine: {'line': b'[100%] Built target cartographer_occupancy_grid_node\n'}
[460.668253] (cartographer_ros) CommandEnded: {'returncode': 0}
[460.669087] (cartographer_ros) JobProgress: {'identifier': 'cartographer_ros', 'progress': 'install'}
[460.669900] (cartographer_ros) Command: {'cmd': ['/usr/bin/cmake', '--install', '/root/distr_slam_ws/build/cartographer_ros'], 'cwd': '/root/distr_slam_ws/build/cartographer_ros', 'env': OrderedDict({'HOSTNAME': 'user-dynabook-G83-DN', 'SHLVL': '1', 'LIBGL_ALWAYS_SOFTWARE': '1', 'LD_LIBRARY_PATH': '/root/distr_slam_ws/install/cartographer_ros_msgs/lib:/opt/ros/jazzy/opt/rviz_ogre_vendor/lib:/opt/ros/jazzy/lib/x86_64-linux-gnu:/opt/ros/jazzy/opt/gz_math_vendor/lib:/opt/ros/jazzy/opt/gz_utils_vendor/lib:/opt/ros/jazzy/opt/gz_cmake_vendor/lib:/opt/ros/jazzy/lib', 'HOME': '/root', 'OLDPWD': '/root', 'ROS_PYTHON_VERSION': '3', 'ROS_DISTRO': 'jazzy', '_': '/usr/bin/colcon', 'ROS_VERSION': '2', 'PKG_CONFIG_PATH': '/root/distr_slam_ws/install/cartographer/lib/x86_64-linux-gnu/pkgconfig:/root/distr_slam_ws/install/cartographer/lib/pkgconfig', 'TERM': 'xterm', 'ROS_LOCALHOST_ONLY': '1', 'QT_X11_NO_MITSHM': '1', 'PATH': '/root/distr_slam_ws/install/cartographer/bin:/opt/ros/jazzy/bin:/usr/local/sbin:/usr/local/bin:/usr/sbin:/usr/bin:/sbin:/bin', 'DISPLAY': ':0', 'LANG': 'en_US.UTF-8', 'XAUTHORITY': '/root/.Xauthority', 'LS_COLORS': 'rs=0:di=01;34:ln=01;36:mh=00:pi=40;33:so=01;35:do=01;35:bd=40;33;01:cd=40;33;01:or=40;31;01:mi=00:su=37;41:sg=30;43:ca=00:tw=30;42:ow=34;42:st=37;44:ex=01;32:*.tar=01;31:*.tgz=01;31:*.arc=01;31:*.arj=01;31:*.taz=01;31:*.lha=01;31:*.lz4=01;31:*.lzh=01;31:*.lzma=01;31:*.tlz=01;31:*.txz=01;31:*.tzo=01;31:*.t7z=01;31:*.zip=01;31:*.z=01;31:*.dz=01;31:*.gz=01;31:*.lrz=01;31:*.lz=01;31:*.lzo=01;31:*.xz=01;31:*.zst=01;31:*.tzst=01;31:*.bz2=01;31:*.bz=01;31:*.tbz=01;31:*.tbz2=01;31:*.tz=01;31:*.deb=01;31:*.rpm=01;31:*.jar=01;31:*.war=01;31:*.ear=01;31:*.sar=01;31:*.rar=01;31:*.alz=01;31:*.ace=01;31:*.zoo=01;31:*.cpio=01;31:*.7z=01;31:*.rz=01;31:*.cab=01;31:*.wim=01;31:*.swm=01;31:*.dwm=01;31:*.esd=01;31:*.avif=01;35:*.jpg=01;35:*.jpeg=01;35:*.mjpg=01;35:*.mjpeg=01;35:*.gif=01;35:*.bmp=01;35:*.pbm=01;35:*.pgm=01;35:*.ppm=01;35:*.tga=01;35:*.xbm=01;35:*.xpm=01;35:*.tif=01;35:*.tiff=01;35:*.png=01;35:*.svg=01;35:*.svgz=01;35:*.mng=01;35:*.pcx=01;35:*.mov=01;35:*.mpg=01;35:*.mpeg=01;35:*.m2v=01;35:*.mkv=01;35:*.webm=01;35:*.webp=01;35:*.ogm=01;35:*.mp4=01;35:*.m4v=01;35:*.mp4v=01;35:*.vob=01;35:*.qt=01;35:*.nuv=01;35:*.wmv=01;35:*.asf=01;35:*.rm=01;35:*.rmvb=01;35:*.flc=01;35:*.avi=01;35:*.fli=01;35:*.flv=01;35:*.gl=01;35:*.dl=01;35:*.xcf=01;35:*.xwd=01;35:*.yuv=01;35:*.cgm=01;35:*.emf=01;35:*.ogv=01;35:*.ogx=01;35:*.aac=00;36:*.au=00;36:*.flac=00;36:*.m4a=00;36:*.mid=00;36:*.midi=00;36:*.mka=00;36:*.mp3=00;36:*.mpc=00;36:*.ogg=00;36:*.ra=00;36:*.wav=00;36:*.oga=00;36:*.opus=00;36:*.spx=00;36:*.xspf=00;36:*~=00;90:*#=00;90:*.bak=00;90:*.crdownload=00;90:*.dpkg-dist=00;90:*.dpkg-new=00;90:*.dpkg-old=00;90:*.dpkg-tmp=00;90:*.old=00;90:*.orig=00;90:*.part=00;90:*.rej=00;90:*.rpmnew=00;90:*.rpmorig=00;90:*.rpmsave=00;90:*.swp=00;90:*.tmp=00;90:*.ucf-dist=00;90:*.ucf-new=00;90:*.ucf-old=00;90:', 'AMENT_PREFIX_PATH': '/root/distr_slam_ws/install/cartographer_ros_msgs:/opt/ros/jazzy', 'DEBIAN_FRONTEND': 'noninteractive', 'ROS_AUTOMATIC_DISCOVERY_RANGE': 'SUBNET', 'PWD': '/root/distr_slam_ws/build/cartographer_ros', 'TURTLEBOT3_MODEL': 'burger', 'LC_ALL': 'en_US.UTF-8', 'PYTHONPATH': '/root/distr_slam_ws/install/cartographer_ros_msgs/lib/python3.12/site-packages:/opt/ros/jazzy/lib/python3.12/site-packages', 'COLCON': '1', 'CMAKE_PREFIX_PATH': '/root/distr_slam_ws/install/cartographer_ros_msgs:/root/distr_slam_ws/install/cartographer:/opt/ros/jazzy/opt/gz_math_vendor:/opt/ros/jazzy/opt/gz_utils_vendor:/opt/ros/jazzy/opt/gz_cmake_vendor:/opt/ros/jazzy'}), 'shell': False}
[460.681431] (cartographer_ros) StdoutLine: {'line': b'-- Install configuration: ""\n'}
[460.681719] (cartographer_ros) StdoutLine: {'line': b'-- Installing: /root/distr_slam_ws/install/cartographer_ros/lib/libcartographer_ros.so\n'}
[460.709898] (-) TimerEvent: {}
[460.719776] (cartographer_ros) StdoutLine: {'line': b'-- Set non-toolchain portion of runtime path of "/root/distr_slam_ws/install/cartographer_ros/lib/libcartographer_ros.so" to ""\n'}
[460.720077] (cartographer_ros) StdoutLine: {'line': b'-- Installing: /root/distr_slam_ws/install/cartographer_ros/lib/cartographer_ros/cartographer_node\n'}
[460.721610] (cartographer_ros) StdoutLine: {'line': b'-- Set non-toolchain portion of runtime path of "/root/distr_slam_ws/install/cartographer_ros/lib/cartographer_ros/cartographer_node" to ""\n'}
[460.721810] (cartographer_ros) StdoutLine: {'line': b'-- Installing: /root/distr_slam_ws/install/cartographer_ros/lib/cartographer_ros/cartographer_occupancy_grid_node\n'}
[460.727389] (cartographer_ros) StdoutLine: {'line': b'-- Set non-toolchain portion of runtime path of "/root/distr_slam_ws/install/cartographer_ros/lib/cartographer_ros/cartographer_occupancy_grid_node" to ""\n'}
[460.727613] (cartographer_ros) StdoutLine: {'line': b'-- Installing: /root/distr_slam_ws/install/cartographer_ros/lib/cartographer_ros/cartographer_offline_node\n'}
[460.728443] (cartographer_ros) StdoutLine: {'line': b'-- Set non-toolchain portion of runtime path of "/root/distr_slam_ws/install/cartographer_ros/lib/cartographer_ros/cartographer_offline_node" to ""\n'}
[460.728641] (cartographer_ros) StdoutLine: {'line': b'-- Installing: /root/distr_slam_ws/install/cartographer_ros/lib/cartographer_ros/cartographer_assets_writer\n'}
[460.730078] (cartographer_ros) StdoutLine: {'line': b'-- Set non-toolchain portion of runtime path of "/root/distr_slam_ws/install/cartographer_ros/lib/cartographer_ros/cartographer_assets_writer" to ""\n'}
[460.730259] (cartographer_ros) StdoutLine: {'line': b'-- Installing: /root/distr_slam_ws/install/cartographer_ros/lib/cartographer_ros/cartographer_pbstream_map_publisher\n'}
[460.731809] (cartographer_ros) StdoutLine: {'line': b'-- Set non-toolchain portion of runtime path of "/root/distr_slam_ws/install/cartographer_ros/lib/cartographer_ros/cartographer_pbstream_map_publisher" to ""\n'}
[460.731989] (cartographer_ros) StdoutLine: {'line': b'-- Installing: /root/distr_slam_ws/install/cartographer_ros/lib/cartographer_ros/cartographer_pbstream_to_ros_map\n'}
[460.732644] (cartographer_ros) StdoutLine: {'line': b'-- Set non-toolchain portion of runtime path of "/root/distr_slam_ws/install/cartographer_ros/lib/cartographer_ros/cartographer_pbstream_to_ros_map" to ""\n'}
[460.732843] (cartographer_ros) StdoutLine: {'line': b'-- Installing: /root/distr_slam_ws/install/cartographer_ros/lib/cartographer_ros/cartographer_rosbag_validate\n'}
[460.734230] (cartographer_ros) StdoutLine: {'line': b'-- Set non-toolchain portion of runtime path of "/root/distr_slam_ws/install/cartographer_ros/lib/cartographer_ros/cartographer_rosbag_validate" to ""\n'}
[460.734476] (cartographer_ros) StdoutLine: {'line': b'-- Installing: /root/distr_slam_ws/install/cartographer_ros/include/cartographer_ros\n'}
[460.734690] (cartographer_ros) StdoutLine: {'line': b'-- Installing: /root/distr_slam_ws/install/cartographer_ros/include/cartographer_ros/cartographer_ros\n'}
[460.734933] (cartographer_ros) StdoutLine: {'line': b'-- Installing: /root/distr_slam_ws/install/cartographer_ros/include/cartographer_ros/cartographer_ros/time_conversion.h\n'}
[460.735115] (cartographer_ros) StdoutLine: {'line': b'-- Installing: /root/distr_slam_ws/install/cartographer_ros/include/cartographer_ros/cartographer_ros/metrics\n'}
[460.735324] (cartographer_ros) StdoutLine: {'line': b'-- Installing: /root/distr_slam_ws/install/cartographer_ros/include/cartographer_ros/cartographer_ros/metrics/family_factory.h\n'}
[460.735504] (cartographer_ros) StdoutLine: {'line': b'-- Installing: /root/distr_slam_ws/install/cartographer_ros/include/cartographer_ros/cartographer_ros/metrics/internal\n'}
[460.735639] (cartographer_ros) StdoutLine: {'line': b'-- Installing: /root/distr_slam_ws/install/cartographer_ros/include/cartographer_ros/cartographer_ros/metrics/internal/counter.h\n'}
[460.735743] (cartographer_ros) StdoutLine: {'line': b'-- Installing: /root/distr_slam_ws/install/cartographer_ros/include/cartographer_ros/cartographer_ros/metrics/internal/family.h\n'}
[460.735881] (cartographer_ros) StdoutLine: {'line': b'-- Installing: /root/distr_slam_ws/install/cartographer_ros/include/cartographer_ros/cartographer_ros/metrics/internal/gauge.h\n'}
[460.736035] (cartographer_ros) StdoutLine: {'line': b'-- Installing: /root/distr_slam_ws/install/cartographer_ros/include/cartographer_ros/cartographer_ros/metrics/internal/histogram.h\n'}
[460.736151] (cartographer_ros) StdoutLine: {'line': b'-- Installing: /root/distr_slam_ws/install/cartographer_ros/include/cartographer_ros/cartographer_ros/ros_log_sink.h\n'}
[460.736306] (cartographer_ros) StdoutLine: {'line': b'-- Installing: /root/distr_slam_ws/install/cartographer_ros/include/cartographer_ros/cartographer_ros/urdf_reader.h\n'}
[460.736453] (cartographer_ros) StdoutLine: {'line': b'-- Installing: /root/distr_slam_ws/install/cartographer_ros/include/cartographer_ros/cartographer_ros/ros_map_writing_points_processor.h\n'}
[460.736624] (cartographer_ros) StdoutLine: {'line': b'-- Installing: /root/distr_slam_ws/install/cartographer_ros/include/cartographer_ros/cartographer_ros/msg_conversion.h\n'}
[460.736774] (cartographer_ros) StdoutLine: {'line': b'-- Installing: /root/distr_slam_ws/install/cartographer_ros/include/cartographer_ros/cartographer_ros/assets_writer.h\n'}
[460.737005] (cartographer_ros) StdoutLine: {'line': b'-- Installing: /root/distr_slam_ws/install/cartographer_ros/include/cartographer_ros/cartographer_ros/node.h\n'}
[460.737217] (cartographer_ros) StdoutLine: {'line': b'-- Installing: /root/distr_slam_ws/install/cartographer_ros/include/cartographer_ros/cartographer_ros/offline_node.h\n'}
[460.737409] (cartographer_ros) StdoutLine: {'line': b'-- Installing: /root/distr_slam_ws/install/cartographer_ros/include/cartographer_ros/cartographer_ros/submap.h\n'}
[460.737607] (cartographer_ros) StdoutLine: {'line': b'-- Installing: /root/distr_slam_ws/install/cartographer_ros/include/cartographer_ros/cartographer_ros/sensor_bridge.h\n'}
[460.737794] (cartographer_ros) StdoutLine: {'line': b'-- Installing: /root/distr_slam_ws/install/cartographer_ros/include/cartographer_ros/cartographer_ros/node_options.h\n'}
[460.738000] (cartographer_ros) StdoutLine: {'line': b'-- Installing: /root/distr_slam_ws/install/cartographer_ros/include/cartographer_ros/cartographer_ros/playable_bag.h\n'}
[460.738247] (cartographer_ros) StdoutLine: {'line': b'-- Installing: /root/distr_slam_ws/install/cartographer_ros/include/cartographer_ros/cartographer_ros/trajectory_options.h\n'}
[460.738434] (cartographer_ros) StdoutLine: {'line': b'-- Installing: /root/distr_slam_ws/install/cartographer_ros/include/cartographer_ros/cartographer_ros/ros_map.h\n'}
[460.738603] (cartographer_ros) StdoutLine: {'line': b'-- Installing: /root/distr_slam_ws/install/cartographer_ros/include/cartographer_ros/cartographer_ros/node_constants.h\n'}
[460.738784] (cartographer_ros) StdoutLine: {'line': b'-- Installing: /root/distr_slam_ws/install/cartographer_ros/include/cartographer_ros/cartographer_ros/map_builder_bridge.h\n'}
[460.738987] (cartographer_ros) StdoutLine: {'line': b'-- Installing: /root/distr_slam_ws/install/cartographer_ros/include/cartographer_ros/cartographer_ros/tf_bridge.h\n'}
[460.739230] (cartographer_ros) StdoutLine: {'line': b'-- Installing: /root/distr_slam_ws/install/cartographer_ros/share/cartographer_ros//configuration_files\n'}
[460.739398] (cartographer_ros) StdoutLine: {'line': b'-- Installing: /root/distr_slam_ws/install/cartographer_ros/share/cartographer_ros//configuration_files/visualize_pbstream.lua\n'}
[460.739598] (cartographer_ros) StdoutLine: {'line': b'-- Installing: /root/distr_slam_ws/install/cartographer_ros/share/cartographer_ros//configuration_files/taurob_tracker.lua\n'}
[460.739792] (cartographer_ros) StdoutLine: {'line': b'-- Installing: /root/distr_slam_ws/install/cartographer_ros/share/cartographer_ros//configuration_files/backpack_2d_localization.lua\n'}
[460.739994] (cartographer_ros) StdoutLine: {'line': b'-- Installing: /root/distr_slam_ws/install/cartographer_ros/share/cartographer_ros//configuration_files/assets_writer_backpack_2d.lua\n'}
[460.740186] (cartographer_ros) StdoutLine: {'line': b'-- Installing: /root/distr_slam_ws/install/cartographer_ros/share/cartographer_ros//configuration_files/mir-100-mapping.lua\n'}
[460.740421] (cartographer_ros) StdoutLine: {'line': b'-- Installing: /root/distr_slam_ws/install/cartographer_ros/share/cartographer_ros//configuration_files/assets_writer_ros_map.lua\n'}
[460.740610] (cartographer_ros) StdoutLine: {'line': b'-- Installing: /root/distr_slam_ws/install/cartographer_ros/share/cartographer_ros//configuration_files/demo_3d.rviz\n'}
[460.740772] (cartographer_ros) StdoutLine: {'line': b'-- Installing: /root/distr_slam_ws/install/cartographer_ros/share/cartographer_ros//configuration_files/demo_2d.rviz\n'}
[460.740971] (cartographer_ros) StdoutLine: {'line': b'-- Installing: /root/distr_slam_ws/install/cartographer_ros/share/cartographer_ros//configuration_files/backpack_3d.lua\n'}
[460.741156] (cartographer_ros) StdoutLine: {'line': b'-- Installing: /root/distr_slam_ws/install/cartographer_ros/share/cartographer_ros//configuration_files/backpack_3d_localization.lua\n'}
[460.741338] (cartographer_ros) StdoutLine: {'line': b'-- Installing: /root/distr_slam_ws/install/cartographer_ros/share/cartographer_ros//configuration_files/my_robot.lua\n'}
[460.741534] (cartographer_ros) StdoutLine: {'line': b'-- Installing: /root/distr_slam_ws/install/cartographer_ros/share/cartographer_ros//configuration_files/assets_writer_backpack_3d.lua\n'}
[460.741727] (cartographer_ros) StdoutLine: {'line': b'-- Installing: /root/distr_slam_ws/install/cartographer_ros/share/cartographer_ros//configuration_files/revo_lds.lua\n'}
[460.741946] (cartographer_ros) StdoutLine: {'line': b'-- Installing: /root/distr_slam_ws/install/cartographer_ros/share/cartographer_ros//configuration_files/pr2.lua\n'}
[460.742218] (cartographer_ros) StdoutLine: {'line': b'-- Installing: /root/distr_slam_ws/install/cartographer_ros/share/cartographer_ros//configuration_files/backpack_2d_server.lua\n'}
[460.742418] (cartographer_ros) StdoutLine: {'line': b'-- Installing: /root/distr_slam_ws/install/cartographer_ros/share/cartographer_ros//configuration_files/assets_writer_backpack_2d_ci.lua\n'}
[460.742575] (cartographer_ros) StdoutLine: {'line': b'-- Installing: /root/distr_slam_ws/install/cartographer_ros/share/cartographer_ros//configuration_files/transform.lua\n'}
[460.742805] (cartographer_ros) StdoutLine: {'line': b'-- Installing: /root/distr_slam_ws/install/cartographer_ros/share/cartographer_ros//configuration_files/backpack_2d.lua\n'}
[460.743005] (cartographer_ros) StdoutLine: {'line': b'-- Installing: /root/distr_slam_ws/install/cartographer_ros/share/cartographer_ros//configuration_files/backpack_2d_localization_evaluation.lua\n'}
[460.743211] (cartographer_ros) StdoutLine: {'line': b'-- Installing: /root/distr_slam_ws/install/cartographer_ros/share/cartographer_ros//urdf\n'}
[460.743354] (cartographer_ros) StdoutLine: {'line': b'-- Installing: /root/distr_slam_ws/install/cartographer_ros/share/cartographer_ros//urdf/mir-100.urdf\n'}
[460.743512] (cartographer_ros) StdoutLine: {'line': b'-- Installing: /root/distr_slam_ws/install/cartographer_ros/share/cartographer_ros//urdf/my_robot.urdf\n'}
[460.743662] (cartographer_ros) StdoutLine: {'line': b'-- Installing: /root/distr_slam_ws/install/cartographer_ros/share/cartographer_ros//urdf/backpack_2d.urdf\n'}
[460.743823] (cartographer_ros) StdoutLine: {'line': b'-- Installing: /root/distr_slam_ws/install/cartographer_ros/share/cartographer_ros//urdf/backpack_3d.urdf\n'}
[460.744001] (cartographer_ros) StdoutLine: {'line': b'-- Installing: /root/distr_slam_ws/install/cartographer_ros/share/cartographer_ros//launch\n'}
[460.744181] (cartographer_ros) StdoutLine: {'line': b'-- Installing: /root/distr_slam_ws/install/cartographer_ros/share/cartographer_ros//launch/offline_mir_100_rviz.launch.py\n'}
[460.744335] (cartographer_ros) StdoutLine: {'line': b'-- Installing: /root/distr_slam_ws/install/cartographer_ros/share/cartographer_ros//launch/assets_writer_backpack_3d.launch.py\n'}
[460.744480] (cartographer_ros) StdoutLine: {'line': b'-- Installing: /root/distr_slam_ws/install/cartographer_ros/share/cartographer_ros//launch/taurob_tracker.launch.py\n'}
[460.744676] (cartographer_ros) StdoutLine: {'line': b'-- Installing: /root/distr_slam_ws/install/cartographer_ros/share/cartographer_ros//launch/demo_revo_lds.launch.py\n'}
[460.744889] (cartographer_ros) StdoutLine: {'line': b'-- Installing: /root/distr_slam_ws/install/cartographer_ros/share/cartographer_ros//launch/offline_node.launch.py\n'}
[460.745090] (cartographer_ros) StdoutLine: {'line': b'-- Installing: /root/distr_slam_ws/install/cartographer_ros/share/cartographer_ros//launch/assets_writer_ros_map.launch.py\n'}
[460.745298] (cartographer_ros) StdoutLine: {'line': b'-- Installing: /root/distr_slam_ws/install/cartographer_ros/share/cartographer_ros//launch/visualize_pbstream.launch.py\n'}
[460.745532] (cartographer_ros) StdoutLine: {'line': b'-- Installing: /root/distr_slam_ws/install/cartographer_ros/share/cartographer_ros//launch/demo_pr2.launch\n'}
[460.745775] (cartographer_ros) StdoutLine: {'line': b'-- Installing: /root/distr_slam_ws/install/cartographer_ros/share/cartographer_ros//launch/demo_taurob_tracker.launch.py\n'}
[460.745969] (cartographer_ros) StdoutLine: {'line': b'-- Installing: /root/distr_slam_ws/install/cartographer_ros/share/cartographer_ros//launch/assets_writer_backpack_2d.launch.py\n'}
[460.746183] (cartographer_ros) StdoutLine: {'line': b'-- Installing: /root/distr_slam_ws/install/cartographer_ros/share/cartographer_ros//launch/demo_backpack_3d.launch.py\n'}
[460.746374] (cartographer_ros) StdoutLine: {'line': b'-- Installing: /root/distr_slam_ws/install/cartographer_ros/share/cartographer_ros//launch/demo_backpack_2d_localization.launch.py\n'}
[460.746543] (cartographer_ros) StdoutLine: {'line': b'-- Installing: /root/distr_slam_ws/install/cartographer_ros/share/cartographer_ros//launch/grpc_demo_backpack_2d_localization.launch\n'}
[460.746739] (cartographer_ros) StdoutLine: {'line': b'-- Installing: /root/distr_slam_ws/install/cartographer_ros/share/cartographer_ros//launch/backpack_3d.launch.py\n'}
[460.746930] (cartographer_ros) StdoutLine: {'line': b'-- Installing: /root/distr_slam_ws/install/cartographer_ros/share/cartographer_ros//launch/my_robot.launch.py\n'}
[460.747128] (cartographer_ros) StdoutLine: {'line': b'-- Installing: /root/distr_slam_ws/install/cartographer_ros/share/cartographer_ros//launch/my_robot_handover.launch.py\n'}
[460.747309] (cartographer_ros) StdoutLine: {'line': b'-- Installing: /root/distr_slam_ws/install/cartographer_ros/share/cartographer_ros//launch/offline_backpack_3d.launch.py\n'}
[460.747505] (cartographer_ros) StdoutLine: {'line': b'-- Installing: /root/distr_slam_ws/install/cartographer_ros/share/cartographer_ros//launch/demo_backpack_3d_localization.launch.py\n'}
[460.747689] (cartographer_ros) StdoutLine: {'line': b'-- Installing: /root/distr_slam_ws/install/cartographer_ros/share/cartographer_ros//launch/backpack_2d.launch.py\n'}
[460.747875] (cartographer_ros) StdoutLine: {'line': b'-- Installing: /root/distr_slam_ws/install/cartographer_ros/share/cartographer_ros//launch/grpc_demo_backpack_2d.launch\n'}
[460.748072] (cartographer_ros) StdoutLine: {'line': b'-- Installing: /root/distr_slam_ws/install/cartographer_ros/share/cartographer_ros//launch/offline_backpack_2d.launch.py\n'}
[460.748264] (cartographer_ros) StdoutLine: {'line': b'-- Installing: /root/distr_slam_ws/install/cartographer_ros/share/cartographer_ros//launch/demo_backpack_2d.launch.py\n'}
[460.748568] (cartographer_ros) StdoutLine: {'line': b'-- Installing: /root/distr_slam_ws/install/cartographer_ros/share/cartographer_ros/environment/library_path.sh\n'}
[460.748801] (cartographer_ros) StdoutLine: {'line': b'-- Installing: /root/distr_slam_ws/install/cartographer_ros/share/cartographer_ros/environment/library_path.dsv\n'}
[460.749175] (cartographer_ros) StdoutLine: {'line': b'-- Installing: /root/distr_slam_ws/install/cartographer_ros/share/ament_index/resource_index/package_run_dependencies/cartographer_ros\n'}
[460.749483] (cartographer_ros) StdoutLine: {'line': b'-- Installing: /root/distr_slam_ws/install/cartographer_ros/share/ament_index/resource_index/parent_prefix_path/cartographer_ros\n'}
[460.749737] (cartographer_ros) StdoutLine: {'line': b'-- Installing: /root/distr_slam_ws/install/cartographer_ros/share/cartographer_ros/environment/ament_prefix_path.sh\n'}
[460.749916] (cartographer_ros) StdoutLine: {'line': b'-- Installing: /root/distr_slam_ws/install/cartographer_ros/share/cartographer_ros/environment/ament_prefix_path.dsv\n'}
[460.750236] (cartographer_ros) StdoutLine: {'line': b'-- Installing: /root/distr_slam_ws/install/cartographer_ros/share/cartographer_ros/environment/path.sh\n'}
[460.750420] (cartographer_ros) StdoutLine: {'line': b'-- Installing: /root/distr_slam_ws/install/cartographer_ros/share/cartographer_ros/environment/path.dsv\n'}
[460.750678] (cartographer_ros) StdoutLine: {'line': b'-- Installing: /root/distr_slam_ws/install/cartographer_ros/share/cartographer_ros/local_setup.bash\n'}
[460.750861] (cartographer_ros) StdoutLine: {'line': b'-- Installing: /root/distr_slam_ws/install/cartographer_ros/share/cartographer_ros/local_setup.sh\n'}
[460.751063] (cartographer_ros) StdoutLine: {'line': b'-- Installing: /root/distr_slam_ws/install/cartographer_ros/share/cartographer_ros/local_setup.zsh\n'}
[460.751283] (cartographer_ros) StdoutLine: {'line': b'-- Installing: /root/distr_slam_ws/install/cartographer_ros/share/cartographer_ros/local_setup.dsv\n'}
[460.751495] (cartographer_ros) StdoutLine: {'line': b'-- Installing: /root/distr_slam_ws/install/cartographer_ros/share/cartographer_ros/package.dsv\n'}
[460.751767] (cartographer_ros) StdoutLine: {'line': b'-- Installing: /root/distr_slam_ws/install/cartographer_ros/share/ament_index/resource_index/packages/cartographer_ros\n'}
[460.752092] (cartographer_ros) StdoutLine: {'line': b'-- Installing: /root/distr_slam_ws/install/cartographer_ros/share/cartographer_ros/cmake/cartographer_rosExport.cmake\n'}
[460.752361] (cartographer_ros) StdoutLine: {'line': b'-- Installing: /root/distr_slam_ws/install/cartographer_ros/share/cartographer_ros/cmake/cartographer_rosExport-noconfig.cmake\n'}
[460.752543] (cartographer_ros) StdoutLine: {'line': b'-- Installing: /root/distr_slam_ws/install/cartographer_ros/share/cartographer_ros/cmake/ament_cmake_export_targets-extras.cmake\n'}
[460.752798] (cartographer_ros) StdoutLine: {'line': b'-- Installing: /root/distr_slam_ws/install/cartographer_ros/share/cartographer_ros/cmake/ament_cmake_export_include_directories-extras.cmake\n'}
[460.752984] (cartographer_ros) StdoutLine: {'line': b'-- Installing: /root/distr_slam_ws/install/cartographer_ros/share/cartographer_ros/cmake/ament_cmake_export_libraries-extras.cmake\n'}
[460.753265] (cartographer_ros) StdoutLine: {'line': b'-- Installing: /root/distr_slam_ws/install/cartographer_ros/share/cartographer_ros/cmake/ament_cmake_export_dependencies-extras.cmake\n'}
[460.753450] (cartographer_ros) StdoutLine: {'line': b'-- Installing: /root/distr_slam_ws/install/cartographer_ros/share/cartographer_ros/cmake/cartographer_rosConfig.cmake\n'}
[460.753681] (cartographer_ros) StdoutLine: {'line': b'-- Installing: /root/distr_slam_ws/install/cartographer_ros/share/cartographer_ros/cmake/cartographer_rosConfig-version.cmake\n'}
[460.753904] (cartographer_ros) StdoutLine: {'line': b'-- Installing: /root/distr_slam_ws/install/cartographer_ros/share/cartographer_ros/package.xml\n'}
[460.756513] (cartographer_ros) CommandEnded: {'returncode': 0}
[460.774382] (cartographer_ros) JobEnded: {'identifier': 'cartographer_ros', 'rc': 0}
[460.775913] (cartographer_rviz) JobStarted: {'identifier': 'cartographer_rviz'}
[460.790681] (cartographer_rviz) JobProgress: {'identifier': 'cartographer_rviz', 'progress': 'cmake'}
[460.791487] (cartographer_rviz) Command: {'cmd': ['/usr/bin/cmake', '/root/distr_slam_ws/src/cartographer_ros/cartographer_rviz', '-DCMAKE_INSTALL_PREFIX=/root/distr_slam_ws/install/cartographer_rviz'], 'cwd': '/root/distr_slam_ws/build/cartographer_rviz', 'env': OrderedDict({'HOSTNAME': 'user-dynabook-G83-DN', 'SHLVL': '1', 'LIBGL_ALWAYS_SOFTWARE': '1', 'LD_LIBRARY_PATH': '/root/distr_slam_ws/install/cartographer_ros/lib:/root/distr_slam_ws/install/cartographer_ros_msgs/lib:/opt/ros/jazzy/opt/rviz_ogre_vendor/lib:/opt/ros/jazzy/lib/x86_64-linux-gnu:/opt/ros/jazzy/opt/gz_math_vendor/lib:/opt/ros/jazzy/opt/gz_utils_vendor/lib:/opt/ros/jazzy/opt/gz_cmake_vendor/lib:/opt/ros/jazzy/lib', 'HOME': '/root', 'OLDPWD': '/root', 'ROS_PYTHON_VERSION': '3', 'ROS_DISTRO': 'jazzy', '_': '/usr/bin/colcon', 'ROS_VERSION': '2', 'PKG_CONFIG_PATH': '/root/distr_slam_ws/install/cartographer/lib/x86_64-linux-gnu/pkgconfig:/root/distr_slam_ws/install/cartographer/lib/pkgconfig', 'TERM': 'xterm', 'ROS_LOCALHOST_ONLY': '1', 'QT_X11_NO_MITSHM': '1', 'PATH': '/root/distr_slam_ws/install/cartographer/bin:/opt/ros/jazzy/bin:/usr/local/sbin:/usr/local/bin:/usr/sbin:/usr/bin:/sbin:/bin', 'DISPLAY': ':0', 'LANG': 'en_US.UTF-8', 'XAUTHORITY': '/root/.Xauthority', 'LS_COLORS': 'rs=0:di=01;34:ln=01;36:mh=00:pi=40;33:so=01;35:do=01;35:bd=40;33;01:cd=40;33;01:or=40;31;01:mi=00:su=37;41:sg=30;43:ca=00:tw=30;42:ow=34;42:st=37;44:ex=01;32:*.tar=01;31:*.tgz=01;31:*.arc=01;31:*.arj=01;31:*.taz=01;31:*.lha=01;31:*.lz4=01;31:*.lzh=01;31:*.lzma=01;31:*.tlz=01;31:*.txz=01;31:*.tzo=01;31:*.t7z=01;31:*.zip=01;31:*.z=01;31:*.dz=01;31:*.gz=01;31:*.lrz=01;31:*.lz=01;31:*.lzo=01;31:*.xz=01;31:*.zst=01;31:*.tzst=01;31:*.bz2=01;31:*.bz=01;31:*.tbz=01;31:*.tbz2=01;31:*.tz=01;31:*.deb=01;31:*.rpm=01;31:*.jar=01;31:*.war=01;31:*.ear=01;31:*.sar=01;31:*.rar=01;31:*.alz=01;31:*.ace=01;31:*.zoo=01;31:*.cpio=01;31:*.7z=01;31:*.rz=01;31:*.cab=01;31:*.wim=01;31:*.swm=01;31:*.dwm=01;31:*.esd=01;31:*.avif=01;35:*.jpg=01;35:*.jpeg=01;35:*.mjpg=01;35:*.mjpeg=01;35:*.gif=01;35:*.bmp=01;35:*.pbm=01;35:*.pgm=01;35:*.ppm=01;35:*.tga=01;35:*.xbm=01;35:*.xpm=01;35:*.tif=01;35:*.tiff=01;35:*.png=01;35:*.svg=01;35:*.svgz=01;35:*.mng=01;35:*.pcx=01;35:*.mov=01;35:*.mpg=01;35:*.mpeg=01;35:*.m2v=01;35:*.mkv=01;35:*.webm=01;35:*.webp=01;35:*.ogm=01;35:*.mp4=01;35:*.m4v=01;35:*.mp4v=01;35:*.vob=01;35:*.qt=01;35:*.nuv=01;35:*.wmv=01;35:*.asf=01;35:*.rm=01;35:*.rmvb=01;35:*.flc=01;35:*.avi=01;35:*.fli=01;35:*.flv=01;35:*.gl=01;35:*.dl=01;35:*.xcf=01;35:*.xwd=01;35:*.yuv=01;35:*.cgm=01;35:*.emf=01;35:*.ogv=01;35:*.ogx=01;35:*.aac=00;36:*.au=00;36:*.flac=00;36:*.m4a=00;36:*.mid=00;36:*.midi=00;36:*.mka=00;36:*.mp3=00;36:*.mpc=00;36:*.ogg=00;36:*.ra=00;36:*.wav=00;36:*.oga=00;36:*.opus=00;36:*.spx=00;36:*.xspf=00;36:*~=00;90:*#=00;90:*.bak=00;90:*.crdownload=00;90:*.dpkg-dist=00;90:*.dpkg-new=00;90:*.dpkg-old=00;90:*.dpkg-tmp=00;90:*.old=00;90:*.orig=00;90:*.part=00;90:*.rej=00;90:*.rpmnew=00;90:*.rpmorig=00;90:*.rpmsave=00;90:*.swp=00;90:*.tmp=00;90:*.ucf-dist=00;90:*.ucf-new=00;90:*.ucf-old=00;90:', 'AMENT_PREFIX_PATH': '/root/distr_slam_ws/install/cartographer_ros:/root/distr_slam_ws/install/cartographer_ros_msgs:/opt/ros/jazzy', 'DEBIAN_FRONTEND': 'noninteractive', 'ROS_AUTOMATIC_DISCOVERY_RANGE': 'SUBNET', 'PWD': '/root/distr_slam_ws/build/cartographer_rviz', 'TURTLEBOT3_MODEL': 'burger', 'LC_ALL': 'en_US.UTF-8', 'PYTHONPATH': '/root/distr_slam_ws/install/cartographer_ros_msgs/lib/python3.12/site-packages:/opt/ros/jazzy/lib/python3.12/site-packages', 'COLCON': '1', 'CMAKE_PREFIX_PATH': '/root/distr_slam_ws/install/cartographer_ros:/root/distr_slam_ws/install/cartographer_ros_msgs:/root/distr_slam_ws/install/cartographer:/opt/ros/jazzy/opt/gz_math_vendor:/opt/ros/jazzy/opt/gz_utils_vendor:/opt/ros/jazzy/opt/gz_cmake_vendor:/opt/ros/jazzy'}), 'shell': False}
[460.810028] (-) TimerEvent: {}
[460.860892] (cartographer_rviz) StdoutLine: {'line': b'-- The C compiler identification is GNU 13.3.0\n'}
[460.910161] (-) TimerEvent: {}
[460.933303] (cartographer_rviz) StdoutLine: {'line': b'-- The CXX compiler identification is GNU 13.3.0\n'}
[460.952137] (cartographer_rviz) StdoutLine: {'line': b'-- Detecting C compiler ABI info\n'}
[461.010268] (-) TimerEvent: {}
[461.058437] (cartographer_rviz) StdoutLine: {'line': b'-- Detecting C compiler ABI info - done\n'}
[461.070680] (cartographer_rviz) StdoutLine: {'line': b'-- Check for working C compiler: /usr/bin/cc - skipped\n'}
[461.071017] (cartographer_rviz) StdoutLine: {'line': b'-- Detecting C compile features\n'}
[461.071560] (cartographer_rviz) StdoutLine: {'line': b'-- Detecting C compile features - done\n'}
[461.082893] (cartographer_rviz) StdoutLine: {'line': b'-- Detecting CXX compiler ABI info\n'}
[461.110418] (-) TimerEvent: {}
[461.205497] (cartographer_rviz) StdoutLine: {'line': b'-- Detecting CXX compiler ABI info - done\n'}
[461.210530] (-) TimerEvent: {}
[461.218318] (cartographer_rviz) StdoutLine: {'line': b'-- Check for working CXX compiler: /usr/bin/c++ - skipped\n'}
[461.218703] (cartographer_rviz) StdoutLine: {'line': b'-- Detecting CXX compile features\n'}
[461.219335] (cartographer_rviz) StdoutLine: {'line': b'-- Detecting CXX compile features - done\n'}
[461.223888] (cartographer_rviz) StdoutLine: {'line': b'-- Found ament_cmake: 2.5.6 (/opt/ros/jazzy/share/ament_cmake/cmake)\n'}
[461.310679] (-) TimerEvent: {}
[461.402347] (cartographer_rviz) StdoutLine: {'line': b'-- Found Python3: /usr/bin/python3 (found version "3.12.3") found components: Interpreter \n'}
[461.410809] (-) TimerEvent: {}
[461.511102] (-) TimerEvent: {}
[461.611389] (-) TimerEvent: {}
[461.663143] (cartographer_rviz) StdoutLine: {'line': b'-- Performing Test CMAKE_HAVE_LIBC_PTHREAD\n'}
[461.711530] (-) TimerEvent: {}
[461.774504] (cartographer_rviz) StdoutLine: {'line': b'-- Performing Test CMAKE_HAVE_LIBC_PTHREAD - Success\n'}
[461.775743] (cartographer_rviz) StdoutLine: {'line': b'-- Found Threads: TRUE  \n'}
[461.811664] (-) TimerEvent: {}
[461.911965] (-) TimerEvent: {}
[462.012281] (-) TimerEvent: {}
[462.112580] (-) TimerEvent: {}
[462.212884] (-) TimerEvent: {}
[462.293829] (cartographer_rviz) StdoutLine: {'line': b'-- Found AMD headers in: /usr/include/suitesparse\n'}
[462.295009] (cartographer_rviz) StdoutLine: {'line': b'-- Found AMD library: /usr/lib/x86_64-linux-gnu/libamd.so\n'}
[462.295594] (cartographer_rviz) StdoutLine: {'line': b'-- Found CAMD headers in: /usr/include/suitesparse\n'}
[462.296542] (cartographer_rviz) StdoutLine: {'line': b'-- Found CAMD library: /usr/lib/x86_64-linux-gnu/libcamd.so\n'}
[462.297007] (cartographer_rviz) StdoutLine: {'line': b'-- Found CCOLAMD headers in: /usr/include/suitesparse\n'}
[462.297962] (cartographer_rviz) StdoutLine: {'line': b'-- Found CCOLAMD library: /usr/lib/x86_64-linux-gnu/libccolamd.so\n'}
[462.298564] (cartographer_rviz) StdoutLine: {'line': b'-- Found CHOLMOD headers in: /usr/include/suitesparse\n'}
[462.299497] (cartographer_rviz) StdoutLine: {'line': b'-- Found CHOLMOD library: /usr/lib/x86_64-linux-gnu/libcholmod.so\n'}
[462.300007] (cartographer_rviz) StdoutLine: {'line': b'-- Found COLAMD headers in: /usr/include/suitesparse\n'}
[462.300911] (cartographer_rviz) StdoutLine: {'line': b'-- Found COLAMD library: /usr/lib/x86_64-linux-gnu/libcolamd.so\n'}
[462.301464] (cartographer_rviz) StdoutLine: {'line': b'-- Found SPQR headers in: /usr/include/suitesparse\n'}
[462.302379] (cartographer_rviz) StdoutLine: {'line': b'-- Found SPQR library: /usr/lib/x86_64-linux-gnu/libspqr.so\n'}
[462.302903] (cartographer_rviz) StdoutLine: {'line': b'-- Found Config headers in: /usr/include/suitesparse\n'}
[462.303835] (cartographer_rviz) StdoutLine: {'line': b'-- Found Config library: /usr/lib/x86_64-linux-gnu/libsuitesparseconfig.so\n'}
[462.308655] (cartographer_rviz) StdoutLine: {'line': b'-- Found Intel Thread Building Blocks (TBB) library (2021.11 / ) include location: . Assuming SuiteSparseQR was compiled with TBB.\n'}
[462.308805] (cartographer_rviz) StdoutLine: {'line': b'-- Looking for shm_open in rt\n'}
[462.313009] (-) TimerEvent: {}
[462.413264] (-) TimerEvent: {}
[462.413508] (cartographer_rviz) StdoutLine: {'line': b'-- Looking for shm_open in rt - found\n'}
[462.413709] (cartographer_rviz) StdoutLine: {'line': b'-- Adding librt to SuiteSparse_config libraries (required on Linux & Unix [not OSX] if SuiteSparse is compiled with timing).\n'}
[462.419140] (cartographer_rviz) StdoutLine: {'line': b'-- Could NOT find METIS (missing: METIS_INCLUDE_DIR METIS_LIBRARY) \n'}
[462.420538] (cartographer_rviz) StdoutLine: {'line': b'-- Found SuiteSparse: /usr/include/suitesparse (found suitable version "7.6.1", minimum required is "7.6.1") found components: AMD CAMD CCOLAMD CHOLMOD COLAMD SPQR Config \n'}
[462.433980] (cartographer_rviz) StdoutLine: {'line': b'-- Found required Ceres dependency: Eigen version 3.4.0 in /usr/share/eigen3/cmake\n'}
[462.445978] (cartographer_rviz) StdoutLine: {'line': b'-- Found required Ceres dependency: glog\n'}
[462.446700] (cartographer_rviz) StdoutLine: {'line': b'-- Found required Ceres dependency: gflags\n'}
[462.447218] (cartographer_rviz) StdoutLine: {'line': b'-- Found Ceres version: 2.2.0 installed in: /usr with components: [EigenSparse, SparseLinearAlgebraLibrary, LAPACK, SuiteSparse, SchurSpecializations]\n'}
[462.472469] (cartographer_rviz) StdoutLine: {'line': b'-- Found Boost: /usr/lib/x86_64-linux-gnu/cmake/Boost-1.83.0/BoostConfig.cmake (found version "1.83.0") found components: iostreams \n'}
[462.474329] (cartographer_rviz) StdoutLine: {'line': b'-- Build type: Release\n'}
[462.479098] (cartographer_rviz) StdoutLine: {'line': b'Files /root/distr_slam_ws/build/cartographer_rviz/AllFiles.cmake and - differ\n'}
[462.485881] (cartographer_rviz) StdoutLine: {'line': b'-- Found cartographer_ros: 2.0.9003 (/root/distr_slam_ws/install/cartographer_ros/share/cartographer_ros/cmake)\n'}
[462.513398] (-) TimerEvent: {}
[462.535363] (cartographer_rviz) StdoutLine: {'line': b'-- Found rosidl_generator_c: 4.6.7 (/opt/ros/jazzy/share/rosidl_generator_c/cmake)\n'}
[462.553879] (cartographer_rviz) StdoutLine: {'line': b'-- Found rosidl_generator_cpp: 4.6.7 (/opt/ros/jazzy/share/rosidl_generator_cpp/cmake)\n'}
[462.575153] (cartographer_rviz) StdoutLine: {'line': b'-- Using all available rosidl_typesupport_c: rosidl_typesupport_fastrtps_c;rosidl_typesupport_introspection_c\n'}
[462.598696] (cartographer_rviz) StdoutLine: {'line': b'-- Using all available rosidl_typesupport_cpp: rosidl_typesupport_fastrtps_cpp;rosidl_typesupport_introspection_cpp\n'}
[462.613515] (-) TimerEvent: {}
[462.713791] (-) TimerEvent: {}
[462.814120] (-) TimerEvent: {}
[462.817723] (cartographer_rviz) StdoutLine: {'line': b'-- Found rmw_implementation_cmake: 7.3.3 (/opt/ros/jazzy/share/rmw_implementation_cmake/cmake)\n'}
[462.822002] (cartographer_rviz) StdoutLine: {'line': b'-- Found rmw_fastrtps_cpp: 8.4.3 (/opt/ros/jazzy/share/rmw_fastrtps_cpp/cmake)\n'}
[462.914222] (-) TimerEvent: {}
[462.923539] (cartographer_rviz) StdoutLine: {'line': b'-- Found OpenSSL: /usr/lib/x86_64-linux-gnu/libcrypto.so (found version "3.0.13")  \n'}
[462.944217] (cartographer_rviz) StdoutLine: {'line': b'-- Found FastRTPS: /opt/ros/jazzy/include (Required is at least version "2.13") \n'}
[462.973788] (cartographer_rviz) StdoutLine: {'line': b"-- Using RMW implementation 'rmw_fastrtps_cpp' as default\n"}
[463.014356] (-) TimerEvent: {}
[463.105878] (cartographer_rviz) StdoutLine: {'line': b"-- Setting yaml-cpp_DIR to: '/opt/ros/jazzy/share/yaml_cpp_vendor/cmake/../../../opt/yaml_cpp_vendor/share/cmake/yaml-cpp'\n"}
[463.114470] (-) TimerEvent: {}
[463.214716] (-) TimerEvent: {}
[463.315004] (-) TimerEvent: {}
[463.383322] (cartographer_rviz) StdoutLine: {'line': b'-- Found rviz_common: 14.1.20 (/opt/ros/jazzy/share/rviz_common/cmake)\n'}
[463.415138] (-) TimerEvent: {}
[463.422366] (cartographer_rviz) StdoutLine: {'line': b"-- Setting OGRE_DIR to: '/opt/ros/jazzy/share/rviz_ogre_vendor/cmake/../../../opt/rviz_ogre_vendor/lib/OGRE/cmake'\n"}
[463.425171] (cartographer_rviz) StdoutLine: {'line': b'-- Found OGRE\n'}
[463.425307] (cartographer_rviz) StdoutLine: {'line': b'--   static     : OFF\n'}
[463.425399] (cartographer_rviz) StdoutLine: {'line': b'--   components : MeshLodGenerator;Overlay;Paging;Property;RTShaderSystem;Terrain;Volume\n'}
[463.425484] (cartographer_rviz) StdoutLine: {'line': b'--   plugins    : Plugin_BSPSceneManager;Plugin_OctreeSceneManager;Plugin_PCZSceneManager;Plugin_ParticleFX;RenderSystem_GL;RenderSystem_GL3Plus;Codec_STBI\n'}
[463.425581] (cartographer_rviz) StdoutLine: {'line': b'--   media      : /opt/ros/jazzy/opt/rviz_ogre_vendor/share/OGRE/Media\n'}
[463.425757] (cartographer_rviz) StdoutLine: {'line': b'-- OGRE_LIBRARIES: OgreMeshLodGenerator;OgreOverlay;OgrePaging;OgreProperty;OgreRTShaderSystem;OgreTerrain;OgreVolume;OgreMain\n'}
[463.425875] (cartographer_rviz) StdoutLine: {'line': b'-- OGRE_LIBRARY_DIRS: /opt/ros/jazzy/opt/rviz_ogre_vendor/lib\n'}
[463.425957] (cartographer_rviz) StdoutLine: {'line': b'-- OGRE_PLUGINS: Plugin_BSPSceneManager;Plugin_OctreeSceneManager;Plugin_PCZSceneManager;Plugin_ParticleFX;RenderSystem_GL;RenderSystem_GL3Plus;Codec_STBI\n'}
[463.426036] (cartographer_rviz) StdoutLine: {'line': b'-- OGRE_PLUGIN_DIR: /opt/ros/jazzy/opt/rviz_ogre_vendor/lib/OGRE\n'}
[463.426132] (cartographer_rviz) StdoutLine: {'line': b'-- rviz_ogre_vendor::OgreOverlay for IMPORTED_LOCATION_RELEASE: /opt/ros/jazzy/opt/rviz_ogre_vendor/lib/libOgreOverlay.so\n'}
[463.426214] (cartographer_rviz) StdoutLine: {'line': b'-- rviz_ogre_vendor::OgreOverlay for IMPORTED_LOCATION_DEBUG: /opt/ros/jazzy/opt/rviz_ogre_vendor/lib/libOgreOverlay.so\n'}
[463.426323] (cartographer_rviz) StdoutLine: {'line': b'-- rviz_ogre_vendor::OgreMain for IMPORTED_LOCATION_RELEASE: /opt/ros/jazzy/opt/rviz_ogre_vendor/lib/libOgreMain.so\n'}
[463.426407] (cartographer_rviz) StdoutLine: {'line': b'-- rviz_ogre_vendor::OgreMain for IMPORTED_LOCATION_DEBUG: /opt/ros/jazzy/opt/rviz_ogre_vendor/lib/libOgreMain.so\n'}
[463.427694] (cartographer_rviz) StdoutLine: {'line': b'-- Could not find freeimage library\n'}
[463.458977] (cartographer_rviz) StdoutLine: {'line': b'-- Found ZLIB: /usr/lib/x86_64-linux-gnu/libz.so (found version "1.3")  \n'}
[463.470573] (cartographer_rviz) StdoutLine: {'line': b'-- Found OpenGL: /usr/lib/x86_64-linux-gnu/libOpenGL.so   \n'}
[463.515234] (-) TimerEvent: {}
[463.615528] (-) TimerEvent: {}
[463.642856] (cartographer_rviz) StdoutLine: {'line': b'-- Found X11: /usr/include   \n'}
[463.643186] (cartographer_rviz) StdoutLine: {'line': b'-- Looking for XOpenDisplay in /usr/lib/x86_64-linux-gnu/libX11.so;/usr/lib/x86_64-linux-gnu/libXext.so\n'}
[463.715668] (-) TimerEvent: {}
[463.763766] (cartographer_rviz) StdoutLine: {'line': b'-- Looking for XOpenDisplay in /usr/lib/x86_64-linux-gnu/libX11.so;/usr/lib/x86_64-linux-gnu/libXext.so - found\n'}
[463.764008] (cartographer_rviz) StdoutLine: {'line': b'-- Looking for gethostbyname\n'}
[463.815808] (-) TimerEvent: {}
[463.868249] (cartographer_rviz) StdoutLine: {'line': b'-- Looking for gethostbyname - found\n'}
[463.868556] (cartographer_rviz) StdoutLine: {'line': b'-- Looking for connect\n'}
[463.915950] (-) TimerEvent: {}
[463.974322] (cartographer_rviz) StdoutLine: {'line': b'-- Looking for connect - found\n'}
[463.974528] (cartographer_rviz) StdoutLine: {'line': b'-- Looking for remove\n'}
[464.016110] (-) TimerEvent: {}
[464.083465] (cartographer_rviz) StdoutLine: {'line': b'-- Looking for remove - found\n'}
[464.083695] (cartographer_rviz) StdoutLine: {'line': b'-- Looking for shmat\n'}
[464.116215] (-) TimerEvent: {}
[464.194754] (cartographer_rviz) StdoutLine: {'line': b'-- Looking for shmat - found\n'}
[464.194992] (cartographer_rviz) StdoutLine: {'line': b'-- Looking for IceConnectionNumber in ICE\n'}
[464.216319] (-) TimerEvent: {}
[464.306171] (cartographer_rviz) StdoutLine: {'line': b'-- Looking for IceConnectionNumber in ICE - found\n'}
[464.316442] (-) TimerEvent: {}
[464.416733] (-) TimerEvent: {}
[464.455144] (cartographer_rviz) StdoutLine: {'line': b'-- Deploy OGRE media\n'}
[464.460423] (cartographer_rviz) StdoutLine: {'line': b'-- Configuring done (3.7s)\n'}
[464.516909] (-) TimerEvent: {}
[464.540099] (cartographer_rviz) StdoutLine: {'line': b'-- Generating done (0.0s)\n'}
[464.549618] (cartographer_rviz) StdoutLine: {'line': b'-- Build files have been written to: /root/distr_slam_ws/build/cartographer_rviz\n'}
[464.568843] (cartographer_rviz) CommandEnded: {'returncode': 0}
[464.569743] (cartographer_rviz) JobProgress: {'identifier': 'cartographer_rviz', 'progress': 'build'}
[464.570575] (cartographer_rviz) Command: {'cmd': ['/usr/bin/cmake', '--build', '/root/distr_slam_ws/build/cartographer_rviz', '--', '-j8', '-l8'], 'cwd': '/root/distr_slam_ws/build/cartographer_rviz', 'env': OrderedDict({'HOSTNAME': 'user-dynabook-G83-DN', 'SHLVL': '1', 'LIBGL_ALWAYS_SOFTWARE': '1', 'LD_LIBRARY_PATH': '/root/distr_slam_ws/install/cartographer_ros/lib:/root/distr_slam_ws/install/cartographer_ros_msgs/lib:/opt/ros/jazzy/opt/rviz_ogre_vendor/lib:/opt/ros/jazzy/lib/x86_64-linux-gnu:/opt/ros/jazzy/opt/gz_math_vendor/lib:/opt/ros/jazzy/opt/gz_utils_vendor/lib:/opt/ros/jazzy/opt/gz_cmake_vendor/lib:/opt/ros/jazzy/lib', 'HOME': '/root', 'OLDPWD': '/root', 'ROS_PYTHON_VERSION': '3', 'ROS_DISTRO': 'jazzy', '_': '/usr/bin/colcon', 'ROS_VERSION': '2', 'PKG_CONFIG_PATH': '/root/distr_slam_ws/install/cartographer/lib/x86_64-linux-gnu/pkgconfig:/root/distr_slam_ws/install/cartographer/lib/pkgconfig', 'TERM': 'xterm', 'ROS_LOCALHOST_ONLY': '1', 'QT_X11_NO_MITSHM': '1', 'PATH': '/root/distr_slam_ws/install/cartographer/bin:/opt/ros/jazzy/bin:/usr/local/sbin:/usr/local/bin:/usr/sbin:/usr/bin:/sbin:/bin', 'DISPLAY': ':0', 'LANG': 'en_US.UTF-8', 'XAUTHORITY': '/root/.Xauthority', 'LS_COLORS': 'rs=0:di=01;34:ln=01;36:mh=00:pi=40;33:so=01;35:do=01;35:bd=40;33;01:cd=40;33;01:or=40;31;01:mi=00:su=37;41:sg=30;43:ca=00:tw=30;42:ow=34;42:st=37;44:ex=01;32:*.tar=01;31:*.tgz=01;31:*.arc=01;31:*.arj=01;31:*.taz=01;31:*.lha=01;31:*.lz4=01;31:*.lzh=01;31:*.lzma=01;31:*.tlz=01;31:*.txz=01;31:*.tzo=01;31:*.t7z=01;31:*.zip=01;31:*.z=01;31:*.dz=01;31:*.gz=01;31:*.lrz=01;31:*.lz=01;31:*.lzo=01;31:*.xz=01;31:*.zst=01;31:*.tzst=01;31:*.bz2=01;31:*.bz=01;31:*.tbz=01;31:*.tbz2=01;31:*.tz=01;31:*.deb=01;31:*.rpm=01;31:*.jar=01;31:*.war=01;31:*.ear=01;31:*.sar=01;31:*.rar=01;31:*.alz=01;31:*.ace=01;31:*.zoo=01;31:*.cpio=01;31:*.7z=01;31:*.rz=01;31:*.cab=01;31:*.wim=01;31:*.swm=01;31:*.dwm=01;31:*.esd=01;31:*.avif=01;35:*.jpg=01;35:*.jpeg=01;35:*.mjpg=01;35:*.mjpeg=01;35:*.gif=01;35:*.bmp=01;35:*.pbm=01;35:*.pgm=01;35:*.ppm=01;35:*.tga=01;35:*.xbm=01;35:*.xpm=01;35:*.tif=01;35:*.tiff=01;35:*.png=01;35:*.svg=01;35:*.svgz=01;35:*.mng=01;35:*.pcx=01;35:*.mov=01;35:*.mpg=01;35:*.mpeg=01;35:*.m2v=01;35:*.mkv=01;35:*.webm=01;35:*.webp=01;35:*.ogm=01;35:*.mp4=01;35:*.m4v=01;35:*.mp4v=01;35:*.vob=01;35:*.qt=01;35:*.nuv=01;35:*.wmv=01;35:*.asf=01;35:*.rm=01;35:*.rmvb=01;35:*.flc=01;35:*.avi=01;35:*.fli=01;35:*.flv=01;35:*.gl=01;35:*.dl=01;35:*.xcf=01;35:*.xwd=01;35:*.yuv=01;35:*.cgm=01;35:*.emf=01;35:*.ogv=01;35:*.ogx=01;35:*.aac=00;36:*.au=00;36:*.flac=00;36:*.m4a=00;36:*.mid=00;36:*.midi=00;36:*.mka=00;36:*.mp3=00;36:*.mpc=00;36:*.ogg=00;36:*.ra=00;36:*.wav=00;36:*.oga=00;36:*.opus=00;36:*.spx=00;36:*.xspf=00;36:*~=00;90:*#=00;90:*.bak=00;90:*.crdownload=00;90:*.dpkg-dist=00;90:*.dpkg-new=00;90:*.dpkg-old=00;90:*.dpkg-tmp=00;90:*.old=00;90:*.orig=00;90:*.part=00;90:*.rej=00;90:*.rpmnew=00;90:*.rpmorig=00;90:*.rpmsave=00;90:*.swp=00;90:*.tmp=00;90:*.ucf-dist=00;90:*.ucf-new=00;90:*.ucf-old=00;90:', 'AMENT_PREFIX_PATH': '/root/distr_slam_ws/install/cartographer_ros:/root/distr_slam_ws/install/cartographer_ros_msgs:/opt/ros/jazzy', 'DEBIAN_FRONTEND': 'noninteractive', 'ROS_AUTOMATIC_DISCOVERY_RANGE': 'SUBNET', 'PWD': '/root/distr_slam_ws/build/cartographer_rviz', 'TURTLEBOT3_MODEL': 'burger', 'LC_ALL': 'en_US.UTF-8', 'PYTHONPATH': '/root/distr_slam_ws/install/cartographer_ros_msgs/lib/python3.12/site-packages:/opt/ros/jazzy/lib/python3.12/site-packages', 'COLCON': '1', 'CMAKE_PREFIX_PATH': '/root/distr_slam_ws/install/cartographer_ros:/root/distr_slam_ws/install/cartographer_ros_msgs:/root/distr_slam_ws/install/cartographer:/opt/ros/jazzy/opt/gz_math_vendor:/opt/ros/jazzy/opt/gz_utils_vendor:/opt/ros/jazzy/opt/gz_cmake_vendor:/opt/ros/jazzy'}), 'shell': False}
[464.617077] (-) TimerEvent: {}
[464.642881] (cartographer_rviz) StdoutLine: {'line': b'[  0%] Built target cartographer_rviz_autogen_timestamp_deps\n'}
[464.647130] (cartographer_rviz) StdoutLine: {'line': b'[  0%] Built target cartographer_rviz_detect_changes\n'}
[464.668437] (cartographer_rviz) StdoutLine: {'line': b'[ 14%] \x1b[34m\x1b[1mAutomatic MOC for target cartographer_rviz\x1b[0m\n'}
[464.717222] (-) TimerEvent: {}
[464.817527] (-) TimerEvent: {}
[464.917830] (-) TimerEvent: {}
[465.018142] (-) TimerEvent: {}
[465.118444] (-) TimerEvent: {}
[465.218761] (-) TimerEvent: {}
[465.319081] (-) TimerEvent: {}
[465.419383] (-) TimerEvent: {}
[465.519660] (-) TimerEvent: {}
[465.619979] (-) TimerEvent: {}
[465.720302] (-) TimerEvent: {}
[465.820583] (-) TimerEvent: {}
[465.920935] (-) TimerEvent: {}
[466.021205] (-) TimerEvent: {}
[466.121510] (-) TimerEvent: {}
[466.221832] (-) TimerEvent: {}
[466.322290] (-) TimerEvent: {}
[466.422889] (-) TimerEvent: {}
[466.523511] (-) TimerEvent: {}
[466.624137] (-) TimerEvent: {}
[466.724753] (-) TimerEvent: {}
[466.825400] (-) TimerEvent: {}
[466.926021] (-) TimerEvent: {}
[467.026638] (-) TimerEvent: {}
[467.127248] (-) TimerEvent: {}
[467.227863] (-) TimerEvent: {}
[467.328501] (-) TimerEvent: {}
[467.429134] (-) TimerEvent: {}
[467.529745] (-) TimerEvent: {}
[467.630324] (-) TimerEvent: {}
[467.730939] (-) TimerEvent: {}
[467.831574] (-) TimerEvent: {}
[467.932278] (-) TimerEvent: {}
[468.032779] (-) TimerEvent: {}
[468.133200] (-) TimerEvent: {}
[468.233540] (-) TimerEvent: {}
[468.299141] (cartographer_rviz) StdoutLine: {'line': b'[ 14%] Built target cartographer_rviz_autogen\n'}
[468.333687] (-) TimerEvent: {}
[468.366739] (cartographer_rviz) StdoutLine: {'line': b'[ 42%] \x1b[32mBuilding CXX object CMakeFiles/cartographer_rviz.dir/src/ogre_slice.cpp.o\x1b[0m\n'}
[468.366979] (cartographer_rviz) StdoutLine: {'line': b'[ 42%] \x1b[32mBuilding CXX object CMakeFiles/cartographer_rviz.dir/src/drawable_submap.cpp.o\x1b[0m\n'}
[468.369792] (cartographer_rviz) StdoutLine: {'line': b'[ 57%] \x1b[32mBuilding CXX object CMakeFiles/cartographer_rviz.dir/cartographer_rviz_autogen/mocs_compilation.cpp.o\x1b[0m\n'}
[468.371002] (cartographer_rviz) StdoutLine: {'line': b'[ 71%] \x1b[32mBuilding CXX object CMakeFiles/cartographer_rviz.dir/src/submaps_display.cpp.o\x1b[0m\n'}
[468.433813] (-) TimerEvent: {}
[468.534198] (-) TimerEvent: {}
[468.634564] (-) TimerEvent: {}
[468.734916] (-) TimerEvent: {}
[468.835236] (-) TimerEvent: {}
[468.935610] (-) TimerEvent: {}
[469.035960] (-) TimerEvent: {}
[469.136355] (-) TimerEvent: {}
[469.236698] (-) TimerEvent: {}
[469.337029] (-) TimerEvent: {}
[469.437360] (-) TimerEvent: {}
[469.537693] (-) TimerEvent: {}
[469.638028] (-) TimerEvent: {}
[469.738393] (-) TimerEvent: {}
[469.838733] (-) TimerEvent: {}
[469.939125] (-) TimerEvent: {}
[470.039541] (-) TimerEvent: {}
[470.139949] (-) TimerEvent: {}
[470.240337] (-) TimerEvent: {}
[470.340698] (-) TimerEvent: {}
[470.441124] (-) TimerEvent: {}
[470.541497] (-) TimerEvent: {}
[470.641910] (-) TimerEvent: {}
[470.742319] (-) TimerEvent: {}
[470.842704] (-) TimerEvent: {}
[470.943070] (-) TimerEvent: {}
[471.043422] (-) TimerEvent: {}
[471.143770] (-) TimerEvent: {}
[471.244126] (-) TimerEvent: {}
[471.344476] (-) TimerEvent: {}
[471.444836] (-) TimerEvent: {}
[471.545196] (-) TimerEvent: {}
[471.645554] (-) TimerEvent: {}
[471.745926] (-) TimerEvent: {}
[471.846296] (-) TimerEvent: {}
[471.946690] (-) TimerEvent: {}
[472.047088] (-) TimerEvent: {}
[472.147464] (-) TimerEvent: {}
[472.247833] (-) TimerEvent: {}
[472.348182] (-) TimerEvent: {}
[472.448540] (-) TimerEvent: {}
[472.548930] (-) TimerEvent: {}
[472.649304] (-) TimerEvent: {}
[472.749674] (-) TimerEvent: {}
[472.850048] (-) TimerEvent: {}
[472.950430] (-) TimerEvent: {}
[473.050792] (-) TimerEvent: {}
[473.151142] (-) TimerEvent: {}
[473.251519] (-) TimerEvent: {}
[473.351896] (-) TimerEvent: {}
[473.452285] (-) TimerEvent: {}
[473.552663] (-) TimerEvent: {}
[473.653027] (-) TimerEvent: {}
[473.753398] (-) TimerEvent: {}
[473.853776] (-) TimerEvent: {}
[473.954143] (-) TimerEvent: {}
[474.054513] (-) TimerEvent: {}
[474.154891] (-) TimerEvent: {}
[474.255276] (-) TimerEvent: {}
[474.355654] (-) TimerEvent: {}
[474.456036] (-) TimerEvent: {}
[474.556443] (-) TimerEvent: {}
[474.656808] (-) TimerEvent: {}
[474.757201] (-) TimerEvent: {}
[474.857569] (-) TimerEvent: {}
[474.957940] (-) TimerEvent: {}
[475.058314] (-) TimerEvent: {}
[475.158670] (-) TimerEvent: {}
[475.259029] (-) TimerEvent: {}
[475.359384] (-) TimerEvent: {}
[475.459753] (-) TimerEvent: {}
[475.560133] (-) TimerEvent: {}
[475.660497] (-) TimerEvent: {}
[475.760861] (-) TimerEvent: {}
[475.861214] (-) TimerEvent: {}
[475.961586] (-) TimerEvent: {}
[476.061957] (-) TimerEvent: {}
[476.162337] (-) TimerEvent: {}
[476.262709] (-) TimerEvent: {}
[476.363092] (-) TimerEvent: {}
[476.463469] (-) TimerEvent: {}
[476.563852] (-) TimerEvent: {}
[476.664249] (-) TimerEvent: {}
[476.764619] (-) TimerEvent: {}
[476.864990] (-) TimerEvent: {}
[476.965378] (-) TimerEvent: {}
[477.065755] (-) TimerEvent: {}
[477.166135] (-) TimerEvent: {}
[477.266508] (-) TimerEvent: {}
[477.366879] (-) TimerEvent: {}
[477.467279] (-) TimerEvent: {}
[477.567660] (-) TimerEvent: {}
[477.668050] (-) TimerEvent: {}
[477.768427] (-) TimerEvent: {}
[477.868810] (-) TimerEvent: {}
[477.969146] (-) TimerEvent: {}
[478.069531] (-) TimerEvent: {}
[478.169916] (-) TimerEvent: {}
[478.270321] (-) TimerEvent: {}
[478.370709] (-) TimerEvent: {}
[478.471100] (-) TimerEvent: {}
[478.571485] (-) TimerEvent: {}
[478.671841] (-) TimerEvent: {}
[478.772227] (-) TimerEvent: {}
[478.872602] (-) TimerEvent: {}
[478.972981] (-) TimerEvent: {}
[479.073393] (-) TimerEvent: {}
[479.173782] (-) TimerEvent: {}
[479.274204] (-) TimerEvent: {}
[479.374590] (-) TimerEvent: {}
[479.474964] (-) TimerEvent: {}
[479.575341] (-) TimerEvent: {}
[479.675689] (-) TimerEvent: {}
[479.776024] (-) TimerEvent: {}
[479.876406] (-) TimerEvent: {}
[479.976770] (-) TimerEvent: {}
[480.077128] (-) TimerEvent: {}
[480.177472] (-) TimerEvent: {}
[480.277823] (-) TimerEvent: {}
[480.378157] (-) TimerEvent: {}
[480.478566] (-) TimerEvent: {}
[480.578982] (-) TimerEvent: {}
[480.679398] (-) TimerEvent: {}
[480.779800] (-) TimerEvent: {}
[480.880143] (-) TimerEvent: {}
[480.980507] (-) TimerEvent: {}
[481.080891] (-) TimerEvent: {}
[481.181271] (-) TimerEvent: {}
[481.281637] (-) TimerEvent: {}
[481.382001] (-) TimerEvent: {}
[481.482369] (-) TimerEvent: {}
[481.582742] (-) TimerEvent: {}
[481.683125] (-) TimerEvent: {}
[481.783485] (-) TimerEvent: {}
[481.883846] (-) TimerEvent: {}
[481.984225] (-) TimerEvent: {}
[482.084591] (-) TimerEvent: {}
[482.184971] (-) TimerEvent: {}
[482.285367] (-) TimerEvent: {}
[482.385745] (-) TimerEvent: {}
[482.486114] (-) TimerEvent: {}
[482.586486] (-) TimerEvent: {}
[482.686867] (-) TimerEvent: {}
[482.787231] (-) TimerEvent: {}
[482.887595] (-) TimerEvent: {}
[482.987960] (-) TimerEvent: {}
[483.088347] (-) TimerEvent: {}
[483.188724] (-) TimerEvent: {}
[483.289126] (-) TimerEvent: {}
[483.389509] (-) TimerEvent: {}
[483.489873] (-) TimerEvent: {}
[483.590242] (-) TimerEvent: {}
[483.690606] (-) TimerEvent: {}
[483.790970] (-) TimerEvent: {}
[483.891324] (-) TimerEvent: {}
[483.991679] (-) TimerEvent: {}
[484.092038] (-) TimerEvent: {}
[484.192398] (-) TimerEvent: {}
[484.292743] (-) TimerEvent: {}
[484.393113] (-) TimerEvent: {}
[484.493472] (-) TimerEvent: {}
[484.593829] (-) TimerEvent: {}
[484.694217] (-) TimerEvent: {}
[484.794569] (-) TimerEvent: {}
[484.894939] (-) TimerEvent: {}
[484.995328] (-) TimerEvent: {}
[485.095679] (-) TimerEvent: {}
[485.196037] (-) TimerEvent: {}
[485.296409] (-) TimerEvent: {}
[485.396784] (-) TimerEvent: {}
[485.497130] (-) TimerEvent: {}
[485.597475] (-) TimerEvent: {}
[485.697844] (-) TimerEvent: {}
[485.798217] (-) TimerEvent: {}
[485.898587] (-) TimerEvent: {}
[485.998929] (-) TimerEvent: {}
[486.099283] (-) TimerEvent: {}
[486.199629] (-) TimerEvent: {}
[486.299987] (-) TimerEvent: {}
[486.400367] (-) TimerEvent: {}
[486.500741] (-) TimerEvent: {}
[486.601113] (-) TimerEvent: {}
[486.701474] (-) TimerEvent: {}
[486.801817] (-) TimerEvent: {}
[486.902130] (-) TimerEvent: {}
[487.002467] (-) TimerEvent: {}
[487.102810] (-) TimerEvent: {}
[487.203134] (-) TimerEvent: {}
[487.303477] (-) TimerEvent: {}
[487.403822] (-) TimerEvent: {}
[487.504132] (-) TimerEvent: {}
[487.604476] (-) TimerEvent: {}
[487.704823] (-) TimerEvent: {}
[487.805206] (-) TimerEvent: {}
[487.905572] (-) TimerEvent: {}
[488.005934] (-) TimerEvent: {}
[488.106301] (-) TimerEvent: {}
[488.206646] (-) TimerEvent: {}
[488.306988] (-) TimerEvent: {}
[488.407339] (-) TimerEvent: {}
[488.507681] (-) TimerEvent: {}
[488.608031] (-) TimerEvent: {}
[488.708393] (-) TimerEvent: {}
[488.808742] (-) TimerEvent: {}
[488.909114] (-) TimerEvent: {}
[489.009456] (-) TimerEvent: {}
[489.109812] (-) TimerEvent: {}
[489.210183] (-) TimerEvent: {}
[489.310559] (-) TimerEvent: {}
[489.410925] (-) TimerEvent: {}
[489.511306] (-) TimerEvent: {}
[489.611681] (-) TimerEvent: {}
[489.712038] (-) TimerEvent: {}
[489.812401] (-) TimerEvent: {}
[489.912757] (-) TimerEvent: {}
[490.013110] (-) TimerEvent: {}
[490.113463] (-) TimerEvent: {}
[490.213818] (-) TimerEvent: {}
[490.314167] (-) TimerEvent: {}
[490.414518] (-) TimerEvent: {}
[490.514868] (-) TimerEvent: {}
[490.615247] (-) TimerEvent: {}
[490.715598] (-) TimerEvent: {}
[490.815940] (-) TimerEvent: {}
[490.916288] (-) TimerEvent: {}
[491.016640] (-) TimerEvent: {}
[491.116992] (-) TimerEvent: {}
[491.217355] (-) TimerEvent: {}
[491.317698] (-) TimerEvent: {}
[491.418048] (-) TimerEvent: {}
[491.518399] (-) TimerEvent: {}
[491.618737] (-) TimerEvent: {}
[491.719085] (-) TimerEvent: {}
[491.819429] (-) TimerEvent: {}
[491.919772] (-) TimerEvent: {}
[492.020126] (-) TimerEvent: {}
[492.120480] (-) TimerEvent: {}
[492.220832] (-) TimerEvent: {}
[492.321189] (-) TimerEvent: {}
[492.421535] (-) TimerEvent: {}
[492.521887] (-) TimerEvent: {}
[492.622247] (-) TimerEvent: {}
[492.722600] (-) TimerEvent: {}
[492.822951] (-) TimerEvent: {}
[492.923313] (-) TimerEvent: {}
[493.023655] (-) TimerEvent: {}
[493.124008] (-) TimerEvent: {}
[493.224364] (-) TimerEvent: {}
[493.324716] (-) TimerEvent: {}
[493.425072] (-) TimerEvent: {}
[493.525414] (-) TimerEvent: {}
[493.625753] (-) TimerEvent: {}
[493.726116] (-) TimerEvent: {}
[493.826467] (-) TimerEvent: {}
[493.926813] (-) TimerEvent: {}
[494.027142] (-) TimerEvent: {}
[494.127497] (-) TimerEvent: {}
[494.227850] (-) TimerEvent: {}
[494.328212] (-) TimerEvent: {}
[494.428559] (-) TimerEvent: {}
[494.528864] (-) TimerEvent: {}
[494.629187] (-) TimerEvent: {}
[494.729498] (-) TimerEvent: {}
[494.829805] (-) TimerEvent: {}
[494.930111] (-) TimerEvent: {}
[495.030411] (-) TimerEvent: {}
[495.130714] (-) TimerEvent: {}
[495.231016] (-) TimerEvent: {}
[495.331298] (-) TimerEvent: {}
[495.431608] (-) TimerEvent: {}
[495.531912] (-) TimerEvent: {}
[495.632236] (-) TimerEvent: {}
[495.732555] (-) TimerEvent: {}
[495.832873] (-) TimerEvent: {}
[495.933178] (-) TimerEvent: {}
[496.033486] (-) TimerEvent: {}
[496.133786] (-) TimerEvent: {}
[496.234102] (-) TimerEvent: {}
[496.334397] (-) TimerEvent: {}
[496.434705] (-) TimerEvent: {}
[496.535023] (-) TimerEvent: {}
[496.635287] (-) TimerEvent: {}
[496.769473] (-) TimerEvent: {}
[496.869773] (-) TimerEvent: {}
[496.970112] (-) TimerEvent: {}
[497.070437] (-) TimerEvent: {}
[497.170741] (-) TimerEvent: {}
[497.257253] (cartographer_rviz) StdoutLine: {'line': b'[ 85%] \x1b[32m\x1b[1mLinking CXX shared library libcartographer_rviz.so\x1b[0m\n'}
[497.270878] (-) TimerEvent: {}
[497.371159] (-) TimerEvent: {}
[497.471501] (-) TimerEvent: {}
[497.571917] (-) TimerEvent: {}
[497.672307] (-) TimerEvent: {}
[497.772685] (-) TimerEvent: {}
[497.873072] (-) TimerEvent: {}
[497.973538] (-) TimerEvent: {}
[498.073896] (-) TimerEvent: {}
[498.174287] (-) TimerEvent: {}
[498.274662] (-) TimerEvent: {}
[498.375030] (-) TimerEvent: {}
[498.475402] (-) TimerEvent: {}
[498.575788] (-) TimerEvent: {}
[498.676137] (-) TimerEvent: {}
[498.776485] (-) TimerEvent: {}
[498.876859] (-) TimerEvent: {}
[498.977221] (-) TimerEvent: {}
[499.077577] (-) TimerEvent: {}
[499.177924] (-) TimerEvent: {}
[499.278292] (-) TimerEvent: {}
[499.378651] (-) TimerEvent: {}
[499.479013] (-) TimerEvent: {}
[499.579421] (-) TimerEvent: {}
[499.679781] (-) TimerEvent: {}
[499.780157] (-) TimerEvent: {}
[499.880539] (-) TimerEvent: {}
[499.980921] (-) TimerEvent: {}
[500.081324] (-) TimerEvent: {}
[500.181709] (-) TimerEvent: {}
[500.282079] (-) TimerEvent: {}
[500.382406] (-) TimerEvent: {}
[500.482731] (-) TimerEvent: {}
[500.561299] (cartographer_rviz) StdoutLine: {'line': b'[100%] Built target cartographer_rviz\n'}
[500.577449] (cartographer_rviz) CommandEnded: {'returncode': 0}
[500.578217] (cartographer_rviz) JobProgress: {'identifier': 'cartographer_rviz', 'progress': 'install'}
[500.579021] (cartographer_rviz) Command: {'cmd': ['/usr/bin/cmake', '--install', '/root/distr_slam_ws/build/cartographer_rviz'], 'cwd': '/root/distr_slam_ws/build/cartographer_rviz', 'env': OrderedDict({'HOSTNAME': 'user-dynabook-G83-DN', 'SHLVL': '1', 'LIBGL_ALWAYS_SOFTWARE': '1', 'LD_LIBRARY_PATH': '/root/distr_slam_ws/install/cartographer_ros/lib:/root/distr_slam_ws/install/cartographer_ros_msgs/lib:/opt/ros/jazzy/opt/rviz_ogre_vendor/lib:/opt/ros/jazzy/lib/x86_64-linux-gnu:/opt/ros/jazzy/opt/gz_math_vendor/lib:/opt/ros/jazzy/opt/gz_utils_vendor/lib:/opt/ros/jazzy/opt/gz_cmake_vendor/lib:/opt/ros/jazzy/lib', 'HOME': '/root', 'OLDPWD': '/root', 'ROS_PYTHON_VERSION': '3', 'ROS_DISTRO': 'jazzy', '_': '/usr/bin/colcon', 'ROS_VERSION': '2', 'PKG_CONFIG_PATH': '/root/distr_slam_ws/install/cartographer/lib/x86_64-linux-gnu/pkgconfig:/root/distr_slam_ws/install/cartographer/lib/pkgconfig', 'TERM': 'xterm', 'ROS_LOCALHOST_ONLY': '1', 'QT_X11_NO_MITSHM': '1', 'PATH': '/root/distr_slam_ws/install/cartographer/bin:/opt/ros/jazzy/bin:/usr/local/sbin:/usr/local/bin:/usr/sbin:/usr/bin:/sbin:/bin', 'DISPLAY': ':0', 'LANG': 'en_US.UTF-8', 'XAUTHORITY': '/root/.Xauthority', 'LS_COLORS': 'rs=0:di=01;34:ln=01;36:mh=00:pi=40;33:so=01;35:do=01;35:bd=40;33;01:cd=40;33;01:or=40;31;01:mi=00:su=37;41:sg=30;43:ca=00:tw=30;42:ow=34;42:st=37;44:ex=01;32:*.tar=01;31:*.tgz=01;31:*.arc=01;31:*.arj=01;31:*.taz=01;31:*.lha=01;31:*.lz4=01;31:*.lzh=01;31:*.lzma=01;31:*.tlz=01;31:*.txz=01;31:*.tzo=01;31:*.t7z=01;31:*.zip=01;31:*.z=01;31:*.dz=01;31:*.gz=01;31:*.lrz=01;31:*.lz=01;31:*.lzo=01;31:*.xz=01;31:*.zst=01;31:*.tzst=01;31:*.bz2=01;31:*.bz=01;31:*.tbz=01;31:*.tbz2=01;31:*.tz=01;31:*.deb=01;31:*.rpm=01;31:*.jar=01;31:*.war=01;31:*.ear=01;31:*.sar=01;31:*.rar=01;31:*.alz=01;31:*.ace=01;31:*.zoo=01;31:*.cpio=01;31:*.7z=01;31:*.rz=01;31:*.cab=01;31:*.wim=01;31:*.swm=01;31:*.dwm=01;31:*.esd=01;31:*.avif=01;35:*.jpg=01;35:*.jpeg=01;35:*.mjpg=01;35:*.mjpeg=01;35:*.gif=01;35:*.bmp=01;35:*.pbm=01;35:*.pgm=01;35:*.ppm=01;35:*.tga=01;35:*.xbm=01;35:*.xpm=01;35:*.tif=01;35:*.tiff=01;35:*.png=01;35:*.svg=01;35:*.svgz=01;35:*.mng=01;35:*.pcx=01;35:*.mov=01;35:*.mpg=01;35:*.mpeg=01;35:*.m2v=01;35:*.mkv=01;35:*.webm=01;35:*.webp=01;35:*.ogm=01;35:*.mp4=01;35:*.m4v=01;35:*.mp4v=01;35:*.vob=01;35:*.qt=01;35:*.nuv=01;35:*.wmv=01;35:*.asf=01;35:*.rm=01;35:*.rmvb=01;35:*.flc=01;35:*.avi=01;35:*.fli=01;35:*.flv=01;35:*.gl=01;35:*.dl=01;35:*.xcf=01;35:*.xwd=01;35:*.yuv=01;35:*.cgm=01;35:*.emf=01;35:*.ogv=01;35:*.ogx=01;35:*.aac=00;36:*.au=00;36:*.flac=00;36:*.m4a=00;36:*.mid=00;36:*.midi=00;36:*.mka=00;36:*.mp3=00;36:*.mpc=00;36:*.ogg=00;36:*.ra=00;36:*.wav=00;36:*.oga=00;36:*.opus=00;36:*.spx=00;36:*.xspf=00;36:*~=00;90:*#=00;90:*.bak=00;90:*.crdownload=00;90:*.dpkg-dist=00;90:*.dpkg-new=00;90:*.dpkg-old=00;90:*.dpkg-tmp=00;90:*.old=00;90:*.orig=00;90:*.part=00;90:*.rej=00;90:*.rpmnew=00;90:*.rpmorig=00;90:*.rpmsave=00;90:*.swp=00;90:*.tmp=00;90:*.ucf-dist=00;90:*.ucf-new=00;90:*.ucf-old=00;90:', 'AMENT_PREFIX_PATH': '/root/distr_slam_ws/install/cartographer_ros:/root/distr_slam_ws/install/cartographer_ros_msgs:/opt/ros/jazzy', 'DEBIAN_FRONTEND': 'noninteractive', 'ROS_AUTOMATIC_DISCOVERY_RANGE': 'SUBNET', 'PWD': '/root/distr_slam_ws/build/cartographer_rviz', 'TURTLEBOT3_MODEL': 'burger', 'LC_ALL': 'en_US.UTF-8', 'PYTHONPATH': '/root/distr_slam_ws/install/cartographer_ros_msgs/lib/python3.12/site-packages:/opt/ros/jazzy/lib/python3.12/site-packages', 'COLCON': '1', 'CMAKE_PREFIX_PATH': '/root/distr_slam_ws/install/cartographer_ros:/root/distr_slam_ws/install/cartographer_ros_msgs:/root/distr_slam_ws/install/cartographer:/opt/ros/jazzy/opt/gz_math_vendor:/opt/ros/jazzy/opt/gz_utils_vendor:/opt/ros/jazzy/opt/gz_cmake_vendor:/opt/ros/jazzy'}), 'shell': False}
[500.582857] (-) TimerEvent: {}
[500.589986] (cartographer_rviz) StdoutLine: {'line': b'-- Install configuration: "Release"\n'}
[500.590357] (cartographer_rviz) StdoutLine: {'line': b'-- Installing: /root/distr_slam_ws/install/cartographer_rviz/share/cartographer_rviz/rviz_plugin_description.xml\n'}
[500.590690] (cartographer_rviz) StdoutLine: {'line': b'-- Installing: /root/distr_slam_ws/install/cartographer_rviz/lib/libcartographer_rviz.so\n'}
[500.592797] (cartographer_rviz) StdoutLine: {'line': b'-- Set non-toolchain portion of runtime path of "/root/distr_slam_ws/install/cartographer_rviz/lib/libcartographer_rviz.so" to ""\n'}
[500.593013] (cartographer_rviz) StdoutLine: {'line': b'-- Installing: /root/distr_slam_ws/install/cartographer_rviz/include/cartographer_rviz\n'}
[500.593200] (cartographer_rviz) StdoutLine: {'line': b'-- Installing: /root/distr_slam_ws/install/cartographer_rviz/include/cartographer_rviz/cartographer_rviz\n'}
[500.593312] (cartographer_rviz) StdoutLine: {'line': b'-- Installing: /root/distr_slam_ws/install/cartographer_rviz/include/cartographer_rviz/cartographer_rviz/drawable_submap.h\n'}
[500.593465] (cartographer_rviz) StdoutLine: {'line': b'-- Installing: /root/distr_slam_ws/install/cartographer_rviz/include/cartographer_rviz/cartographer_rviz/ogre_slice.h\n'}
[500.593601] (cartographer_rviz) StdoutLine: {'line': b'-- Installing: /root/distr_slam_ws/install/cartographer_rviz/include/cartographer_rviz/cartographer_rviz/submaps_display.h\n'}
[500.593894] (cartographer_rviz) StdoutLine: {'line': b'-- Installing: /root/distr_slam_ws/install/cartographer_rviz/share/cartographer_rviz/environment/library_path.sh\n'}
[500.594252] (cartographer_rviz) StdoutLine: {'line': b'-- Installing: /root/distr_slam_ws/install/cartographer_rviz/share/cartographer_rviz/environment/library_path.dsv\n'}
[500.594608] (cartographer_rviz) StdoutLine: {'line': b'-- Installing: /root/distr_slam_ws/install/cartographer_rviz/share/ament_index/resource_index/package_run_dependencies/cartographer_rviz\n'}
[500.594915] (cartographer_rviz) StdoutLine: {'line': b'-- Installing: /root/distr_slam_ws/install/cartographer_rviz/share/ament_index/resource_index/parent_prefix_path/cartographer_rviz\n'}
[500.595107] (cartographer_rviz) StdoutLine: {'line': b'-- Installing: /root/distr_slam_ws/install/cartographer_rviz/share/cartographer_rviz/environment/ament_prefix_path.sh\n'}
[500.595491] (cartographer_rviz) StdoutLine: {'line': b'-- Installing: /root/distr_slam_ws/install/cartographer_rviz/share/cartographer_rviz/environment/ament_prefix_path.dsv\n'}
[500.595729] (cartographer_rviz) StdoutLine: {'line': b'-- Installing: /root/distr_slam_ws/install/cartographer_rviz/share/cartographer_rviz/environment/path.sh\n'}
[500.595929] (cartographer_rviz) StdoutLine: {'line': b'-- Installing: /root/distr_slam_ws/install/cartographer_rviz/share/cartographer_rviz/environment/path.dsv\n'}
[500.596244] (cartographer_rviz) StdoutLine: {'line': b'-- Installing: /root/distr_slam_ws/install/cartographer_rviz/share/cartographer_rviz/local_setup.bash\n'}
[500.596489] (cartographer_rviz) StdoutLine: {'line': b'-- Installing: /root/distr_slam_ws/install/cartographer_rviz/share/cartographer_rviz/local_setup.sh\n'}
[500.596716] (cartographer_rviz) StdoutLine: {'line': b'-- Installing: /root/distr_slam_ws/install/cartographer_rviz/share/cartographer_rviz/local_setup.zsh\n'}
[500.596934] (cartographer_rviz) StdoutLine: {'line': b'-- Installing: /root/distr_slam_ws/install/cartographer_rviz/share/cartographer_rviz/local_setup.dsv\n'}
[500.597233] (cartographer_rviz) StdoutLine: {'line': b'-- Installing: /root/distr_slam_ws/install/cartographer_rviz/share/cartographer_rviz/package.dsv\n'}
[500.597512] (cartographer_rviz) StdoutLine: {'line': b'-- Installing: /root/distr_slam_ws/install/cartographer_rviz/share/ament_index/resource_index/packages/cartographer_rviz\n'}
[500.597851] (cartographer_rviz) StdoutLine: {'line': b'-- Installing: /root/distr_slam_ws/install/cartographer_rviz/share/ament_index/resource_index/rviz_common__pluginlib__plugin/cartographer_rviz\n'}
[500.598039] (cartographer_rviz) StdoutLine: {'line': b'-- Installing: /root/distr_slam_ws/install/cartographer_rviz/share/cartographer_rviz/ogre_media/materials/glsl120\n'}
[500.598316] (cartographer_rviz) StdoutLine: {'line': b'-- Installing: /root/distr_slam_ws/install/cartographer_rviz/share/cartographer_rviz/ogre_media/materials/glsl120/submap.frag\n'}
[500.598573] (cartographer_rviz) StdoutLine: {'line': b'-- Installing: /root/distr_slam_ws/install/cartographer_rviz/share/cartographer_rviz/ogre_media/materials/glsl120/submap.vert\n'}
[500.598712] (cartographer_rviz) StdoutLine: {'line': b'-- Installing: /root/distr_slam_ws/install/cartographer_rviz/share/cartographer_rviz/ogre_media/materials/glsl120/glsl120.program\n'}
[500.598932] (cartographer_rviz) StdoutLine: {'line': b'-- Installing: /root/distr_slam_ws/install/cartographer_rviz/share/cartographer_rviz/ogre_media/materials/scripts\n'}
[500.599113] (cartographer_rviz) StdoutLine: {'line': b'-- Installing: /root/distr_slam_ws/install/cartographer_rviz/share/cartographer_rviz/ogre_media/materials/scripts/submap.material\n'}
[500.599535] (cartographer_rviz) StdoutLine: {'line': b'-- Installing: /root/distr_slam_ws/install/cartographer_rviz/share/ament_index/resource_index/rviz_ogre_media_exports/cartographer_rviz\n'}
[500.599804] (cartographer_rviz) StdoutLine: {'line': b'-- Installing: /root/distr_slam_ws/install/cartographer_rviz/share/cartographer_rviz/cmake/cartographer_rvizExport.cmake\n'}
[500.600027] (cartographer_rviz) StdoutLine: {'line': b'-- Installing: /root/distr_slam_ws/install/cartographer_rviz/share/cartographer_rviz/cmake/cartographer_rvizExport-release.cmake\n'}
[500.600375] (cartographer_rviz) StdoutLine: {'line': b'-- Installing: /root/distr_slam_ws/install/cartographer_rviz/share/cartographer_rviz/cmake/ament_cmake_export_include_directories-extras.cmake\n'}
[500.600595] (cartographer_rviz) StdoutLine: {'line': b'-- Installing: /root/distr_slam_ws/install/cartographer_rviz/share/cartographer_rviz/cmake/ament_cmake_export_libraries-extras.cmake\n'}
[500.600784] (cartographer_rviz) StdoutLine: {'line': b'-- Installing: /root/distr_slam_ws/install/cartographer_rviz/share/cartographer_rviz/cmake/ament_cmake_export_targets-extras.cmake\n'}
[500.600986] (cartographer_rviz) StdoutLine: {'line': b'-- Installing: /root/distr_slam_ws/install/cartographer_rviz/share/cartographer_rviz/cmake/ament_cmake_export_dependencies-extras.cmake\n'}
[500.601327] (cartographer_rviz) StdoutLine: {'line': b'-- Installing: /root/distr_slam_ws/install/cartographer_rviz/share/cartographer_rviz/cmake/cartographer_rvizConfig.cmake\n'}
[500.601536] (cartographer_rviz) StdoutLine: {'line': b'-- Installing: /root/distr_slam_ws/install/cartographer_rviz/share/cartographer_rviz/cmake/cartographer_rvizConfig-version.cmake\n'}
[500.601697] (cartographer_rviz) StdoutLine: {'line': b'-- Installing: /root/distr_slam_ws/install/cartographer_rviz/share/cartographer_rviz/package.xml\n'}
[500.604707] (cartographer_rviz) CommandEnded: {'returncode': 0}
[500.622274] (cartographer_rviz) JobEnded: {'identifier': 'cartographer_rviz', 'rc': 0}
[500.623225] (-) EventReactorShutdown: {}
