[0.000000] (-) TimerEvent: {}
[0.000444] (cartographer) JobQueued: {'identifier': 'cartographer', 'dependencies': OrderedDict()}
[0.000638] (cartographer_ros_msgs) JobQueued: {'identifier': 'cartographer_ros_msgs', 'dependencies': OrderedDict()}
[0.000920] (cartographer_ros) JobQueued: {'identifier': 'cartographer_ros', 'dependencies': OrderedDict([('cartographer', '/root/distr_slam_ws/install/cartographer'), ('cartographer_ros_msgs', '/root/distr_slam_ws/install/cartographer_ros_msgs')])}
[0.001125] (cartographer_rviz) JobQueued: {'identifier': 'cartographer_rviz', 'dependencies': OrderedDict([('cartographer', '/root/distr_slam_ws/install/cartographer'), ('cartographer_ros_msgs', '/root/distr_slam_ws/install/cartographer_ros_msgs'), ('cartographer_ros', '/root/distr_slam_ws/install/cartographer_ros')])}
[0.001360] (cartographer) JobStarted: {'identifier': 'cartographer'}
[0.025116] (cartographer_ros_msgs) JobStarted: {'identifier': 'cartographer_ros_msgs'}
[0.031863] (cartographer) JobProgress: {'identifier': 'cartographer', 'progress': 'cmake'}
[0.033180] (cartographer) Command: {'cmd': ['/usr/bin/cmake', '/root/distr_slam_ws/src/cartographer', '-DCMAKE_INSTALL_PREFIX=/root/distr_slam_ws/install/cartographer'], 'cwd': '/root/distr_slam_ws/build/cartographer', 'env': OrderedDict([('HOSTNAME', 'user-Virtual-Machine'), ('SHLVL', '1'), ('LIBGL_ALWAYS_SOFTWARE', '1'), ('LD_LIBRARY_PATH', '/usr/lib/x86_64-linux-gnu/gazebo-11/plugins:/opt/ros/humble/opt/rviz_ogre_vendor/lib:/opt/ros/humble/lib/x86_64-linux-gnu:/opt/ros/humble/lib'), ('HOME', '/root'), ('ROS_PYTHON_VERSION', '3'), ('ROS_DISTRO', 'humble'), ('_', '/usr/bin/colcon'), ('ROS_VERSION', '2'), ('TERM', 'xterm'), ('ROS_LOCALHOST_ONLY', '1'), ('QT_X11_NO_MITSHM', '1'), ('PATH', '/opt/ros/humble/bin:/usr/local/sbin:/usr/local/bin:/usr/sbin:/usr/bin:/sbin:/bin'), ('DISPLAY', ':0'), ('LANG', 'en_US.UTF-8'), ('XAUTHORITY', '/root/.Xauthority'), ('LS_COLORS', 'rs=0:di=01;34:ln=01;36:mh=00:pi=40;33:so=01;35:do=01;35:bd=40;33;01:cd=40;33;01:or=40;31;01:mi=00:su=37;41:sg=30;43:ca=30;41:tw=30;42:ow=34;42:st=37;44:ex=01;32:*.tar=01;31:*.tgz=01;31:*.arc=01;31:*.arj=01;31:*.taz=01;31:*.lha=01;31:*.lz4=01;31:*.lzh=01;31:*.lzma=01;31:*.tlz=01;31:*.txz=01;31:*.tzo=01;31:*.t7z=01;31:*.zip=01;31:*.z=01;31:*.dz=01;31:*.gz=01;31:*.lrz=01;31:*.lz=01;31:*.lzo=01;31:*.xz=01;31:*.zst=01;31:*.tzst=01;31:*.bz2=01;31:*.bz=01;31:*.tbz=01;31:*.tbz2=01;31:*.tz=01;31:*.deb=01;31:*.rpm=01;31:*.jar=01;31:*.war=01;31:*.ear=01;31:*.sar=01;31:*.rar=01;31:*.alz=01;31:*.ace=01;31:*.zoo=01;31:*.cpio=01;31:*.7z=01;31:*.rz=01;31:*.cab=01;31:*.wim=01;31:*.swm=01;31:*.dwm=01;31:*.esd=01;31:*.jpg=01;35:*.jpeg=01;35:*.mjpg=01;35:*.mjpeg=01;35:*.gif=01;35:*.bmp=01;35:*.pbm=01;35:*.pgm=01;35:*.ppm=01;35:*.tga=01;35:*.xbm=01;35:*.xpm=01;35:*.tif=01;35:*.tiff=01;35:*.png=01;35:*.svg=01;35:*.svgz=01;35:*.mng=01;35:*.pcx=01;35:*.mov=01;35:*.mpg=01;35:*.mpeg=01;35:*.m2v=01;35:*.mkv=01;35:*.webm=01;35:*.webp=01;35:*.ogm=01;35:*.mp4=01;35:*.m4v=01;35:*.mp4v=01;35:*.vob=01;35:*.qt=01;35:*.nuv=01;35:*.wmv=01;35:*.asf=01;35:*.rm=01;35:*.rmvb=01;35:*.flc=01;35:*.avi=01;35:*.fli=01;35:*.flv=01;35:*.gl=01;35:*.dl=01;35:*.xcf=01;35:*.xwd=01;35:*.yuv=01;35:*.cgm=01;35:*.emf=01;35:*.ogv=01;35:*.ogx=01;35:*.aac=00;36:*.au=00;36:*.flac=00;36:*.m4a=00;36:*.mid=00;36:*.midi=00;36:*.mka=00;36:*.mp3=00;36:*.mpc=00;36:*.ogg=00;36:*.ra=00;36:*.wav=00;36:*.oga=00;36:*.opus=00;36:*.spx=00;36:*.xspf=00;36:'), ('AMENT_PREFIX_PATH', '/opt/ros/humble'), ('DEBIAN_FRONTEND', 'noninteractive'), ('PWD', '/root/distr_slam_ws/build/cartographer'), ('TURTLEBOT3_MODEL', 'burger'), ('LC_ALL', 'en_US.UTF-8'), ('PYTHONPATH', '/opt/ros/humble/lib/python3.10/site-packages:/opt/ros/humble/local/lib/python3.10/dist-packages'), ('COLCON', '1'), ('CMAKE_PREFIX_PATH', '/opt/ros/humble')]), 'shell': False}
[0.045235] (cartographer_ros_msgs) JobProgress: {'identifier': 'cartographer_ros_msgs', 'progress': 'cmake'}
[0.046541] (cartographer_ros_msgs) Command: {'cmd': ['/usr/bin/cmake', '/root/distr_slam_ws/src/cartographer_ros/cartographer_ros_msgs', '-DCMAKE_INSTALL_PREFIX=/root/distr_slam_ws/install/cartographer_ros_msgs'], 'cwd': '/root/distr_slam_ws/build/cartographer_ros_msgs', 'env': OrderedDict([('HOSTNAME', 'user-Virtual-Machine'), ('SHLVL', '1'), ('LIBGL_ALWAYS_SOFTWARE', '1'), ('LD_LIBRARY_PATH', '/usr/lib/x86_64-linux-gnu/gazebo-11/plugins:/opt/ros/humble/opt/rviz_ogre_vendor/lib:/opt/ros/humble/lib/x86_64-linux-gnu:/opt/ros/humble/lib'), ('HOME', '/root'), ('ROS_PYTHON_VERSION', '3'), ('ROS_DISTRO', 'humble'), ('_', '/usr/bin/colcon'), ('ROS_VERSION', '2'), ('TERM', 'xterm'), ('ROS_LOCALHOST_ONLY', '1'), ('QT_X11_NO_MITSHM', '1'), ('PATH', '/opt/ros/humble/bin:/usr/local/sbin:/usr/local/bin:/usr/sbin:/usr/bin:/sbin:/bin'), ('DISPLAY', ':0'), ('LANG', 'en_US.UTF-8'), ('XAUTHORITY', '/root/.Xauthority'), ('LS_COLORS', 'rs=0:di=01;34:ln=01;36:mh=00:pi=40;33:so=01;35:do=01;35:bd=40;33;01:cd=40;33;01:or=40;31;01:mi=00:su=37;41:sg=30;43:ca=30;41:tw=30;42:ow=34;42:st=37;44:ex=01;32:*.tar=01;31:*.tgz=01;31:*.arc=01;31:*.arj=01;31:*.taz=01;31:*.lha=01;31:*.lz4=01;31:*.lzh=01;31:*.lzma=01;31:*.tlz=01;31:*.txz=01;31:*.tzo=01;31:*.t7z=01;31:*.zip=01;31:*.z=01;31:*.dz=01;31:*.gz=01;31:*.lrz=01;31:*.lz=01;31:*.lzo=01;31:*.xz=01;31:*.zst=01;31:*.tzst=01;31:*.bz2=01;31:*.bz=01;31:*.tbz=01;31:*.tbz2=01;31:*.tz=01;31:*.deb=01;31:*.rpm=01;31:*.jar=01;31:*.war=01;31:*.ear=01;31:*.sar=01;31:*.rar=01;31:*.alz=01;31:*.ace=01;31:*.zoo=01;31:*.cpio=01;31:*.7z=01;31:*.rz=01;31:*.cab=01;31:*.wim=01;31:*.swm=01;31:*.dwm=01;31:*.esd=01;31:*.jpg=01;35:*.jpeg=01;35:*.mjpg=01;35:*.mjpeg=01;35:*.gif=01;35:*.bmp=01;35:*.pbm=01;35:*.pgm=01;35:*.ppm=01;35:*.tga=01;35:*.xbm=01;35:*.xpm=01;35:*.tif=01;35:*.tiff=01;35:*.png=01;35:*.svg=01;35:*.svgz=01;35:*.mng=01;35:*.pcx=01;35:*.mov=01;35:*.mpg=01;35:*.mpeg=01;35:*.m2v=01;35:*.mkv=01;35:*.webm=01;35:*.webp=01;35:*.ogm=01;35:*.mp4=01;35:*.m4v=01;35:*.mp4v=01;35:*.vob=01;35:*.qt=01;35:*.nuv=01;35:*.wmv=01;35:*.asf=01;35:*.rm=01;35:*.rmvb=01;35:*.flc=01;35:*.avi=01;35:*.fli=01;35:*.flv=01;35:*.gl=01;35:*.dl=01;35:*.xcf=01;35:*.xwd=01;35:*.yuv=01;35:*.cgm=01;35:*.emf=01;35:*.ogv=01;35:*.ogx=01;35:*.aac=00;36:*.au=00;36:*.flac=00;36:*.m4a=00;36:*.mid=00;36:*.midi=00;36:*.mka=00;36:*.mp3=00;36:*.mpc=00;36:*.ogg=00;36:*.ra=00;36:*.wav=00;36:*.oga=00;36:*.opus=00;36:*.spx=00;36:*.xspf=00;36:'), ('AMENT_PREFIX_PATH', '/opt/ros/humble'), ('DEBIAN_FRONTEND', 'noninteractive'), ('PWD', '/root/distr_slam_ws/build/cartographer_ros_msgs'), ('TURTLEBOT3_MODEL', 'burger'), ('LC_ALL', 'en_US.UTF-8'), ('PYTHONPATH', '/opt/ros/humble/lib/python3.10/site-packages:/opt/ros/humble/local/lib/python3.10/dist-packages'), ('COLCON', '1'), ('CMAKE_PREFIX_PATH', '/opt/ros/humble')]), 'shell': False}
[0.098373] (-) TimerEvent: {}
[0.198737] (-) TimerEvent: {}
[0.299075] (-) TimerEvent: {}
[0.399446] (-) TimerEvent: {}
[0.499905] (-) TimerEvent: {}
[0.600350] (-) TimerEvent: {}
[0.700916] (-) TimerEvent: {}
[0.801363] (-) TimerEvent: {}
[0.883084] (cartographer) StdoutLine: {'line': b'-- The C compiler identification is GNU 11.4.0\n'}
[0.888507] (cartographer_ros_msgs) StdoutLine: {'line': b'-- The C compiler identification is GNU 11.4.0\n'}
[0.901492] (-) TimerEvent: {}
[1.001896] (-) TimerEvent: {}
[1.057766] (cartographer_ros_msgs) StdoutLine: {'line': b'-- The CXX compiler identification is GNU 11.4.0\n'}
[1.058083] (cartographer) StdoutLine: {'line': b'-- The CXX compiler identification is GNU 11.4.0\n'}
[1.102041] (-) TimerEvent: {}
[1.125318] (cartographer) StdoutLine: {'line': b'-- Detecting C compiler ABI info\n'}
[1.125673] (cartographer_ros_msgs) StdoutLine: {'line': b'-- Detecting C compiler ABI info\n'}
[1.202565] (-) TimerEvent: {}
[1.258537] (cartographer) StdoutLine: {'line': b'-- Detecting C compiler ABI info - done\n'}
[1.264635] (cartographer_ros_msgs) StdoutLine: {'line': b'-- Detecting C compiler ABI info - done\n'}
[1.281216] (cartographer) StdoutLine: {'line': b'-- Check for working C compiler: /usr/bin/cc - skipped\n'}
[1.283401] (cartographer_ros_msgs) StdoutLine: {'line': b'-- Check for working C compiler: /usr/bin/cc - skipped\n'}
[1.284191] (cartographer_ros_msgs) StdoutLine: {'line': b'-- Detecting C compile features\n'}
[1.284996] (cartographer) StdoutLine: {'line': b'-- Detecting C compile features\n'}
[1.302729] (-) TimerEvent: {}
[1.306590] (cartographer_ros_msgs) StdoutLine: {'line': b'-- Detecting C compile features - done\n'}
[1.307063] (cartographer) StdoutLine: {'line': b'-- Detecting C compile features - done\n'}
[1.371889] (cartographer) StdoutLine: {'line': b'-- Detecting CXX compiler ABI info\n'}
[1.373562] (cartographer_ros_msgs) StdoutLine: {'line': b'-- Detecting CXX compiler ABI info\n'}
[1.402858] (-) TimerEvent: {}
[1.462343] (cartographer_ros_msgs) StdoutLine: {'line': b'-- Detecting CXX compiler ABI info - done\n'}
[1.467179] (cartographer) StdoutLine: {'line': b'-- Detecting CXX compiler ABI info - done\n'}
[1.475183] (cartographer_ros_msgs) StdoutLine: {'line': b'-- Check for working CXX compiler: /usr/bin/c++ - skipped\n'}
[1.475648] (cartographer_ros_msgs) StdoutLine: {'line': b'-- Detecting CXX compile features\n'}
[1.476428] (cartographer_ros_msgs) StdoutLine: {'line': b'-- Detecting CXX compile features - done\n'}
[1.480493] (cartographer) StdoutLine: {'line': b'-- Check for working CXX compiler: /usr/bin/c++ - skipped\n'}
[1.480785] (cartographer) StdoutLine: {'line': b'-- Detecting CXX compile features\n'}
[1.481245] (cartographer) StdoutLine: {'line': b'-- Detecting CXX compile features - done\n'}
[1.502987] (-) TimerEvent: {}
[1.551957] (cartographer_ros_msgs) StdoutLine: {'line': b'-- Found ament_cmake: 1.3.14 (/opt/ros/humble/share/ament_cmake/cmake)\n'}
[1.556005] (cartographer) StdoutLine: {'line': b'-- Build type: Release\n'}
[1.583405] (cartographer) StdoutLine: {'line': b'Files /root/distr_slam_ws/build/cartographer/AllFiles.cmake and - differ\n'}
[1.603085] (-) TimerEvent: {}
[1.703364] (-) TimerEvent: {}
[1.804719] (-) TimerEvent: {}
[1.833023] (cartographer_ros_msgs) StdoutLine: {'line': b'-- Found Python3: /usr/bin/python3 (found version "3.10.12") found components: Interpreter \n'}
[1.886797] (cartographer) StdoutLine: {'line': b'-- Found Python: /usr/bin/python3.10 (found version "3.10.12") found components: Interpreter \n'}
[1.890885] (cartographer) StdoutLine: {'line': b'-- Looking for pthread.h\n'}
[1.904799] (-) TimerEvent: {}
[2.005099] (-) TimerEvent: {}
[2.009635] (cartographer_ros_msgs) StdoutLine: {'line': b'-- Found rosidl_default_generators: 1.2.1 (/opt/ros/humble/share/rosidl_default_generators/cmake)\n'}
[2.018512] (cartographer_ros_msgs) StdoutLine: {'line': b'-- Using all available rosidl_typesupport_c: rosidl_typesupport_fastrtps_c;rosidl_typesupport_introspection_c\n'}
[2.036790] (cartographer_ros_msgs) StdoutLine: {'line': b'-- Found rosidl_adapter: 3.1.8 (/opt/ros/humble/share/rosidl_adapter/cmake)\n'}
[2.060592] (cartographer) StdoutLine: {'line': b'-- Looking for pthread.h - found\n'}
[2.061126] (cartographer) StdoutLine: {'line': b'-- Performing Test CMAKE_HAVE_LIBC_PTHREAD\n'}
[2.105230] (-) TimerEvent: {}
[2.140268] (cartographer) StdoutLine: {'line': b'-- Performing Test CMAKE_HAVE_LIBC_PTHREAD - Success\n'}
[2.141789] (cartographer) StdoutLine: {'line': b'-- Found Threads: TRUE  \n'}
[2.149053] (cartographer) StdoutLine: {'line': b'-- Found GMock: gmock_main  \n'}
[2.196722] (cartographer_ros_msgs) StdoutLine: {'line': b'-- Using all available rosidl_typesupport_cpp: rosidl_typesupport_fastrtps_cpp;rosidl_typesupport_introspection_cpp\n'}
[2.205328] (-) TimerEvent: {}
[2.238129] (cartographer) StdoutLine: {'line': b'-- Found Boost: /usr/lib/x86_64-linux-gnu/cmake/Boost-1.74.0/BoostConfig.cmake (found version "1.74.0") found components: iostreams \n'}
[2.286239] (cartographer_ros_msgs) StdoutLine: {'line': b'-- Found builtin_interfaces: 1.2.2 (/opt/ros/humble/share/builtin_interfaces/cmake)\n'}
[2.301150] (cartographer) StdoutLine: {'line': b'-- Found required Ceres dependency: Eigen version 3.4.0 in /usr/include/eigen3\n'}
[2.305429] (-) TimerEvent: {}
[2.310625] (cartographer_ros_msgs) StdoutLine: {'line': b'-- Found geometry_msgs: 4.9.1 (/opt/ros/humble/share/geometry_msgs/cmake)\n'}
[2.323564] (cartographer) StdoutLine: {'line': b'-- Found required Ceres dependency: glog\n'}
[2.324229] (cartographer) StdoutLine: {'line': b'-- Found required Ceres dependency: gflags\n'}
[2.325243] (cartographer) StdoutLine: {'line': b'-- Found Ceres version: 2.0.0 installed in: /usr with components: [EigenSparse, SparseLinearAlgebraLibrary, LAPACK, SuiteSparse, CXSparse, SchurSpecializations, Multithreading]\n'}
[2.347633] (cartographer) StdoutLine: {'line': b'-- Found Lua: /usr/lib/x86_64-linux-gnu/liblua5.2.so;/usr/lib/x86_64-linux-gnu/libm.so (found version "5.2.4") \n'}
[2.405515] (-) TimerEvent: {}
[2.462667] (cartographer) StdoutLine: {'line': b'-- Found Protobuf: /usr/lib/x86_64-linux-gnu/libprotobuf.so (found suitable version "3.12.4", minimum required is "3.0.0") \n'}
[2.495657] (cartographer) StdoutLine: {'line': b'-- Found PkgConfig: /usr/bin/pkg-config (found version "0.29.2") \n'}
[2.496146] (cartographer) StdoutLine: {'line': b"-- Checking for one of the modules 'cairo>=1.12.16'\n"}
[2.505603] (-) TimerEvent: {}
[2.605855] (-) TimerEvent: {}
[2.707338] (-) TimerEvent: {}
[2.730227] (cartographer) StdoutLine: {'line': b'-- Found Sphinx: /usr/bin/sphinx-build  \n'}
[2.807432] (-) TimerEvent: {}
[2.907826] (-) TimerEvent: {}
[2.920397] (cartographer) StdoutLine: {'line': b'-- Configuring done\n'}
[2.987637] (cartographer_ros_msgs) StdoutLine: {'line': b'-- Found ament_cmake_cppcheck: 0.12.15 (/opt/ros/humble/share/ament_cmake_cppcheck/cmake)\n'}
[2.991377] (cartographer_ros_msgs) StdoutLine: {'line': b'-- Found ament_cmake_cpplint: 0.12.15 (/opt/ros/humble/share/ament_cmake_cpplint/cmake)\n'}
[2.995192] (cartographer_ros_msgs) StdoutLine: {'line': b'-- Found ament_cmake_uncrustify: 0.12.15 (/opt/ros/humble/share/ament_cmake_uncrustify/cmake)\n'}
[2.999478] (cartographer_ros_msgs) StdoutLine: {'line': b'-- Found ament_cmake_ros: 0.10.0 (/opt/ros/humble/share/ament_cmake_ros/cmake)\n'}
[3.007894] (-) TimerEvent: {}
[3.108166] (-) TimerEvent: {}
[3.208514] (-) TimerEvent: {}
[3.308852] (-) TimerEvent: {}
[3.319570] (cartographer_ros_msgs) StdoutLine: {'line': b'-- Using all available rosidl_typesupport_c: rosidl_typesupport_fastrtps_c;rosidl_typesupport_introspection_c\n'}
[3.356337] (cartographer) StdoutLine: {'line': b'-- Generating done\n'}
[3.408957] (-) TimerEvent: {}
[3.460245] (cartographer) StdoutLine: {'line': b'-- Build files have been written to: /root/distr_slam_ws/build/cartographer\n'}
[3.472965] (cartographer) CommandEnded: {'returncode': 0}
[3.473593] (cartographer) JobProgress: {'identifier': 'cartographer', 'progress': 'build'}
[3.474276] (cartographer) Command: {'cmd': ['/usr/bin/cmake', '--build', '/root/distr_slam_ws/build/cartographer', '--', '-j4', '-l4'], 'cwd': '/root/distr_slam_ws/build/cartographer', 'env': OrderedDict([('HOSTNAME', 'user-Virtual-Machine'), ('SHLVL', '1'), ('LIBGL_ALWAYS_SOFTWARE', '1'), ('LD_LIBRARY_PATH', '/usr/lib/x86_64-linux-gnu/gazebo-11/plugins:/opt/ros/humble/opt/rviz_ogre_vendor/lib:/opt/ros/humble/lib/x86_64-linux-gnu:/opt/ros/humble/lib'), ('HOME', '/root'), ('ROS_PYTHON_VERSION', '3'), ('ROS_DISTRO', 'humble'), ('_', '/usr/bin/colcon'), ('ROS_VERSION', '2'), ('TERM', 'xterm'), ('ROS_LOCALHOST_ONLY', '1'), ('QT_X11_NO_MITSHM', '1'), ('PATH', '/opt/ros/humble/bin:/usr/local/sbin:/usr/local/bin:/usr/sbin:/usr/bin:/sbin:/bin'), ('DISPLAY', ':0'), ('LANG', 'en_US.UTF-8'), ('XAUTHORITY', '/root/.Xauthority'), ('LS_COLORS', 'rs=0:di=01;34:ln=01;36:mh=00:pi=40;33:so=01;35:do=01;35:bd=40;33;01:cd=40;33;01:or=40;31;01:mi=00:su=37;41:sg=30;43:ca=30;41:tw=30;42:ow=34;42:st=37;44:ex=01;32:*.tar=01;31:*.tgz=01;31:*.arc=01;31:*.arj=01;31:*.taz=01;31:*.lha=01;31:*.lz4=01;31:*.lzh=01;31:*.lzma=01;31:*.tlz=01;31:*.txz=01;31:*.tzo=01;31:*.t7z=01;31:*.zip=01;31:*.z=01;31:*.dz=01;31:*.gz=01;31:*.lrz=01;31:*.lz=01;31:*.lzo=01;31:*.xz=01;31:*.zst=01;31:*.tzst=01;31:*.bz2=01;31:*.bz=01;31:*.tbz=01;31:*.tbz2=01;31:*.tz=01;31:*.deb=01;31:*.rpm=01;31:*.jar=01;31:*.war=01;31:*.ear=01;31:*.sar=01;31:*.rar=01;31:*.alz=01;31:*.ace=01;31:*.zoo=01;31:*.cpio=01;31:*.7z=01;31:*.rz=01;31:*.cab=01;31:*.wim=01;31:*.swm=01;31:*.dwm=01;31:*.esd=01;31:*.jpg=01;35:*.jpeg=01;35:*.mjpg=01;35:*.mjpeg=01;35:*.gif=01;35:*.bmp=01;35:*.pbm=01;35:*.pgm=01;35:*.ppm=01;35:*.tga=01;35:*.xbm=01;35:*.xpm=01;35:*.tif=01;35:*.tiff=01;35:*.png=01;35:*.svg=01;35:*.svgz=01;35:*.mng=01;35:*.pcx=01;35:*.mov=01;35:*.mpg=01;35:*.mpeg=01;35:*.m2v=01;35:*.mkv=01;35:*.webm=01;35:*.webp=01;35:*.ogm=01;35:*.mp4=01;35:*.m4v=01;35:*.mp4v=01;35:*.vob=01;35:*.qt=01;35:*.nuv=01;35:*.wmv=01;35:*.asf=01;35:*.rm=01;35:*.rmvb=01;35:*.flc=01;35:*.avi=01;35:*.fli=01;35:*.flv=01;35:*.gl=01;35:*.dl=01;35:*.xcf=01;35:*.xwd=01;35:*.yuv=01;35:*.cgm=01;35:*.emf=01;35:*.ogv=01;35:*.ogx=01;35:*.aac=00;36:*.au=00;36:*.flac=00;36:*.m4a=00;36:*.mid=00;36:*.midi=00;36:*.mka=00;36:*.mp3=00;36:*.mpc=00;36:*.ogg=00;36:*.ra=00;36:*.wav=00;36:*.oga=00;36:*.opus=00;36:*.spx=00;36:*.xspf=00;36:'), ('AMENT_PREFIX_PATH', '/opt/ros/humble'), ('DEBIAN_FRONTEND', 'noninteractive'), ('PWD', '/root/distr_slam_ws/build/cartographer'), ('TURTLEBOT3_MODEL', 'burger'), ('LC_ALL', 'en_US.UTF-8'), ('PYTHONPATH', '/opt/ros/humble/lib/python3.10/site-packages:/opt/ros/humble/local/lib/python3.10/dist-packages'), ('COLCON', '1'), ('CMAKE_PREFIX_PATH', '/opt/ros/humble')]), 'shell': False}
[3.509072] (-) TimerEvent: {}
[3.538033] (cartographer) StdoutLine: {'line': b'[  0%] \x1b[34m\x1b[1mRunning C++ protocol buffer compiler on /root/distr_slam_ws/src/cartographer/cartographer/transform/proto/transform.proto\x1b[0m\n'}
[3.552230] (cartographer) StdoutLine: {'line': b'[  0%] \x1b[34m\x1b[1mBuilding documentation.\x1b[0m\n'}
[3.560232] (cartographer) StdoutLine: {'line': b'[  1%] \x1b[32mBuilding CXX object googletest/CMakeFiles/gtest.dir/src/gtest-all.cc.o\x1b[0m\n'}
[3.569577] (cartographer) StdoutLine: {'line': b'[  1%] \x1b[34m\x1b[1mRunning C++ protocol buffer compiler on /root/distr_slam_ws/src/cartographer/cartographer/common/proto/ceres_solver_options.proto\x1b[0m\n'}
[3.589595] (cartographer) StdoutLine: {'line': b'[  1%] Built target cartographer_detect_changes\n'}
[3.601047] (cartographer) StdoutLine: {'line': b'[  1%] \x1b[34m\x1b[1mRunning C++ protocol buffer compiler on /root/distr_slam_ws/src/cartographer/cartographer/ground_truth/proto/relations.proto\x1b[0m\n'}
[3.606673] (cartographer) StdoutLine: {'line': b'[  2%] \x1b[34m\x1b[1mRunning C++ protocol buffer compiler on /root/distr_slam_ws/src/cartographer/cartographer/mapping/proto/cell_limits_2d.proto\x1b[0m\n'}
[3.609158] (-) TimerEvent: {}
[3.631699] (cartographer) StdoutLine: {'line': b'[  2%] \x1b[34m\x1b[1mRunning C++ protocol buffer compiler on /root/distr_slam_ws/src/cartographer/cartographer/mapping/proto/connected_components.proto\x1b[0m\n'}
[3.647146] (cartographer) StdoutLine: {'line': b'[  2%] \x1b[34m\x1b[1mRunning C++ protocol buffer compiler on /root/distr_slam_ws/src/cartographer/cartographer/mapping/proto/grid_2d.proto\x1b[0m\n'}
[3.659932] (cartographer) StdoutLine: {'line': b'[  2%] \x1b[34m\x1b[1mRunning C++ protocol buffer compiler on /root/distr_slam_ws/src/cartographer/cartographer/mapping/proto/grid_2d_options.proto\x1b[0m\n'}
[3.671560] (cartographer) StdoutLine: {'line': b'[  3%] \x1b[34m\x1b[1mRunning C++ protocol buffer compiler on /root/distr_slam_ws/src/cartographer/cartographer/mapping/proto/hybrid_grid.proto\x1b[0m\n'}
[3.681064] (cartographer) StdoutLine: {'line': b'[  3%] \x1b[34m\x1b[1mRunning C++ protocol buffer compiler on /root/distr_slam_ws/src/cartographer/cartographer/mapping/proto/local_trajectory_builder_options_2d.proto\x1b[0m\n'}
[3.691058] (cartographer) StdoutLine: {'line': b'[  3%] \x1b[34m\x1b[1mRunning C++ protocol buffer compiler on /root/distr_slam_ws/src/cartographer/cartographer/mapping/proto/local_trajectory_builder_options_3d.proto\x1b[0m\n'}
[3.709370] (-) TimerEvent: {}
[3.717946] (cartographer) StdoutLine: {'line': b'[  4%] \x1b[34m\x1b[1mRunning C++ protocol buffer compiler on /root/distr_slam_ws/src/cartographer/cartographer/mapping/proto/map_limits.proto\x1b[0m\n'}
[3.719816] (cartographer) StdoutLine: {'line': b'[  4%] \x1b[34m\x1b[1mRunning C++ protocol buffer compiler on /root/distr_slam_ws/src/cartographer/cartographer/mapping/proto/map_builder_options.proto\x1b[0m\n'}
[3.736746] (cartographer) StdoutLine: {'line': b'[  4%] \x1b[34m\x1b[1mRunning C++ protocol buffer compiler on /root/distr_slam_ws/src/cartographer/cartographer/mapping/proto/motion_filter_options.proto\x1b[0m\n'}
[3.741395] (cartographer) StdoutLine: {'line': b'[  4%] \x1b[34m\x1b[1mRunning C++ protocol buffer compiler on /root/distr_slam_ws/src/cartographer/cartographer/mapping/proto/normal_estimation_options_2d.proto\x1b[0m\n'}
[3.753995] (cartographer) StdoutLine: {'line': b'[  4%] \x1b[34m\x1b[1mRunning C++ protocol buffer compiler on /root/distr_slam_ws/src/cartographer/cartographer/mapping/proto/pose_extrapolator_options.proto\x1b[0m\n'}
[3.759177] (cartographer) StdoutLine: {'line': b'[  5%] \x1b[34m\x1b[1mRunning C++ protocol buffer compiler on /root/distr_slam_ws/src/cartographer/cartographer/mapping/proto/pose_graph.proto\x1b[0m\n'}
[3.777366] (cartographer) StdoutLine: {'line': b'[  5%] \x1b[34m\x1b[1mRunning C++ protocol buffer compiler on /root/distr_slam_ws/src/cartographer/cartographer/mapping/proto/pose_graph/constraint_builder_options.proto\x1b[0m\n'}
[3.782291] (cartographer) StdoutLine: {'line': b'[  5%] \x1b[34m\x1b[1mRunning C++ protocol buffer compiler on /root/distr_slam_ws/src/cartographer/cartographer/mapping/proto/pose_graph/optimization_problem_options.proto\x1b[0m\n'}
[3.799434] (cartographer) StdoutLine: {'line': b'[  5%] \x1b[34m\x1b[1mRunning C++ protocol buffer compiler on /root/distr_slam_ws/src/cartographer/cartographer/mapping/proto/pose_graph_options.proto\x1b[0m\n'}
[3.805525] (cartographer) StdoutLine: {'line': b'[  6%] \x1b[34m\x1b[1mRunning C++ protocol buffer compiler on /root/distr_slam_ws/src/cartographer/cartographer/mapping/proto/probability_grid.proto\x1b[0m\n'}
[3.809488] (-) TimerEvent: {}
[3.820314] (cartographer) StdoutLine: {'line': b'[  6%] \x1b[34m\x1b[1mRunning C++ protocol buffer compiler on /root/distr_slam_ws/src/cartographer/cartographer/mapping/proto/probability_grid_range_data_inserter_options_2d.proto\x1b[0m\n'}
[3.824745] (cartographer) StdoutLine: {'line': b'[  6%] \x1b[34m\x1b[1mRunning C++ protocol buffer compiler on /root/distr_slam_ws/src/cartographer/cartographer/mapping/proto/range_data_inserter_options.proto\x1b[0m\n'}
[3.835642] (cartographer) StdoutLine: {'line': b'[  6%] \x1b[34m\x1b[1mRunning C++ protocol buffer compiler on /root/distr_slam_ws/src/cartographer/cartographer/mapping/proto/range_data_inserter_options_3d.proto\x1b[0m\n'}
[3.842213] (cartographer) StdoutLine: {'line': b'[  7%] \x1b[34m\x1b[1mRunning C++ protocol buffer compiler on /root/distr_slam_ws/src/cartographer/cartographer/mapping/proto/scan_matching/ceres_scan_matcher_options_2d.proto\x1b[0m\n'}
[3.858965] (cartographer) StdoutLine: {'line': b'[  7%] \x1b[34m\x1b[1mRunning C++ protocol buffer compiler on /root/distr_slam_ws/src/cartographer/cartographer/mapping/proto/scan_matching/ceres_scan_matcher_options_3d.proto\x1b[0m\n'}
[3.862624] (cartographer) StdoutLine: {'line': b'[  7%] \x1b[34m\x1b[1mRunning C++ protocol buffer compiler on /root/distr_slam_ws/src/cartographer/cartographer/mapping/proto/scan_matching/fast_correlative_scan_matcher_options_2d.proto\x1b[0m\n'}
[3.869383] (cartographer_ros_msgs) StdoutLine: {'line': b'-- Using all available rosidl_typesupport_cpp: rosidl_typesupport_fastrtps_cpp;rosidl_typesupport_introspection_cpp\n'}
[3.880562] (cartographer) StdoutLine: {'line': b'[  7%] \x1b[34m\x1b[1mRunning C++ protocol buffer compiler on /root/distr_slam_ws/src/cartographer/cartographer/mapping/proto/scan_matching/fast_correlative_scan_matcher_options_3d.proto\x1b[0m\n'}
[3.884400] (cartographer) StdoutLine: {'line': b'[  8%] \x1b[34m\x1b[1mRunning C++ protocol buffer compiler on /root/distr_slam_ws/src/cartographer/cartographer/mapping/proto/scan_matching/real_time_correlative_scan_matcher_options.proto\x1b[0m\n'}
[3.895931] (cartographer) StdoutLine: {'line': b'[  8%] \x1b[34m\x1b[1mRunning C++ protocol buffer compiler on /root/distr_slam_ws/src/cartographer/cartographer/mapping/proto/serialization.proto\x1b[0m\n'}
[3.902316] (cartographer) StdoutLine: {'line': b'[  8%] \x1b[34m\x1b[1mRunning C++ protocol buffer compiler on /root/distr_slam_ws/src/cartographer/cartographer/mapping/proto/submap.proto\x1b[0m\n'}
[3.909595] (-) TimerEvent: {}
[3.922988] (cartographer) StdoutLine: {'line': b'[  8%] \x1b[34m\x1b[1mRunning C++ protocol buffer compiler on /root/distr_slam_ws/src/cartographer/cartographer/mapping/proto/submap_visualization.proto\x1b[0m\n'}
[3.926884] (cartographer) StdoutLine: {'line': b'[  9%] \x1b[34m\x1b[1mRunning C++ protocol buffer compiler on /root/distr_slam_ws/src/cartographer/cartographer/mapping/proto/submaps_options_2d.proto\x1b[0m\n'}
[3.938427] (cartographer_ros_msgs) StdoutLine: {'line': b'-- Found PythonInterp: /usr/bin/python3 (found suitable version "3.10.12", minimum required is "3.6") \n'}
[3.942446] (cartographer_ros_msgs) StdoutLine: {'line': b'-- Found python_cmake_module: 0.10.0 (/opt/ros/humble/share/python_cmake_module/cmake)\n'}
[3.945814] (cartographer) StdoutLine: {'line': b'[  9%] \x1b[34m\x1b[1mRunning C++ protocol buffer compiler on /root/distr_slam_ws/src/cartographer/cartographer/mapping/proto/submaps_options_3d.proto\x1b[0m\n'}
[3.948122] (cartographer) StdoutLine: {'line': b'[  9%] \x1b[34m\x1b[1mRunning C++ protocol buffer compiler on /root/distr_slam_ws/src/cartographer/cartographer/mapping/proto/trajectory.proto\x1b[0m\n'}
[3.966177] (cartographer) StdoutLine: {'line': b'[  9%] \x1b[34m\x1b[1mRunning C++ protocol buffer compiler on /root/distr_slam_ws/src/cartographer/cartographer/mapping/proto/trajectory_builder_options.proto\x1b[0m\n'}
[3.967985] (cartographer) StdoutLine: {'line': b'[ 10%] \x1b[34m\x1b[1mRunning C++ protocol buffer compiler on /root/distr_slam_ws/src/cartographer/cartographer/mapping/proto/trajectory_node_data.proto\x1b[0m\n'}
[3.989208] (cartographer) StdoutLine: {'line': b'[ 10%] \x1b[34m\x1b[1mRunning C++ protocol buffer compiler on /root/distr_slam_ws/src/cartographer/cartographer/mapping/proto/tsdf_2d.proto\x1b[0m\n'}
[3.989854] (cartographer) StdoutLine: {'line': b'[ 10%] \x1b[34m\x1b[1mRunning C++ protocol buffer compiler on /root/distr_slam_ws/src/cartographer/cartographer/mapping/proto/tsdf_range_data_inserter_options_2d.proto\x1b[0m\n'}
[3.998927] (cartographer_ros_msgs) StdoutLine: {'line': b'-- Found PythonLibs: /usr/lib/x86_64-linux-gnu/libpython3.10.so (found suitable version "3.10.12", minimum required is "3.5") \n'}
[3.999214] (cartographer_ros_msgs) StdoutLine: {'line': b'-- Using PYTHON_EXECUTABLE: /usr/bin/python3\n'}
[3.999352] (cartographer_ros_msgs) StdoutLine: {'line': b'-- Using PYTHON_INCLUDE_DIRS: /usr/include/python3.10\n'}
[3.999519] (cartographer_ros_msgs) StdoutLine: {'line': b'-- Using PYTHON_LIBRARIES: /usr/lib/x86_64-linux-gnu/libpython3.10.so\n'}
[4.003886] (cartographer) StdoutLine: {'line': b'[ 10%] \x1b[34m\x1b[1mRunning C++ protocol buffer compiler on /root/distr_slam_ws/src/cartographer/cartographer/sensor/proto/sensor.proto\x1b[0m\n'}
[4.004791] (cartographer) StdoutLine: {'line': b'[ 11%] \x1b[34m\x1b[1mRunning C++ protocol buffer compiler on /root/distr_slam_ws/src/cartographer/cartographer/sensor/proto/adaptive_voxel_filter_options.proto\x1b[0m\n'}
[4.009700] (-) TimerEvent: {}
[4.023710] (cartographer) StdoutLine: {'line': b'[ 11%] \x1b[34m\x1b[1mRunning C++ protocol buffer compiler on /root/distr_slam_ws/src/cartographer/cartographer/transform/proto/timestamped_transform.proto\x1b[0m\n'}
[4.035602] (cartographer_ros_msgs) StdoutLine: {'line': b'-- Found PythonExtra: .so  \n'}
[4.109819] (-) TimerEvent: {}
[4.159638] (cartographer_ros_msgs) StdoutLine: {'line': b'-- Found ament_cmake_flake8: 0.12.15 (/opt/ros/humble/share/ament_cmake_flake8/cmake)\n'}
[4.167587] (cartographer_ros_msgs) StdoutLine: {'line': b'-- Found ament_cmake_pep257: 0.12.15 (/opt/ros/humble/share/ament_cmake_pep257/cmake)\n'}
[4.210154] (-) TimerEvent: {}
[4.285517] (cartographer) StdoutLine: {'line': b'[ 12%] \x1b[32mBuilding CXX object CMakeFiles/cartographer.dir/cartographer/common/configuration_file_resolver.cc.o\x1b[0m\n'}
[4.289034] (cartographer) StdoutLine: {'line': b'[ 12%] \x1b[32mBuilding CXX object CMakeFiles/cartographer.dir/cartographer/common/fixed_ratio_sampler.cc.o\x1b[0m\n'}
[4.312522] (-) TimerEvent: {}
[4.363741] (cartographer_ros_msgs) StdoutLine: {'line': b'-- Configuring done\n'}
[4.412618] (-) TimerEvent: {}
[4.513528] (-) TimerEvent: {}
[4.547591] (cartographer_ros_msgs) StdoutLine: {'line': b'-- Generating done\n'}
[4.575649] (cartographer_ros_msgs) StdoutLine: {'line': b'-- Build files have been written to: /root/distr_slam_ws/build/cartographer_ros_msgs\n'}
[4.591124] (cartographer_ros_msgs) CommandEnded: {'returncode': 0}
[4.591997] (cartographer_ros_msgs) JobProgress: {'identifier': 'cartographer_ros_msgs', 'progress': 'build'}
[4.592450] (cartographer_ros_msgs) Command: {'cmd': ['/usr/bin/cmake', '--build', '/root/distr_slam_ws/build/cartographer_ros_msgs', '--', '-j4', '-l4'], 'cwd': '/root/distr_slam_ws/build/cartographer_ros_msgs', 'env': OrderedDict([('HOSTNAME', 'user-Virtual-Machine'), ('SHLVL', '1'), ('LIBGL_ALWAYS_SOFTWARE', '1'), ('LD_LIBRARY_PATH', '/usr/lib/x86_64-linux-gnu/gazebo-11/plugins:/opt/ros/humble/opt/rviz_ogre_vendor/lib:/opt/ros/humble/lib/x86_64-linux-gnu:/opt/ros/humble/lib'), ('HOME', '/root'), ('ROS_PYTHON_VERSION', '3'), ('ROS_DISTRO', 'humble'), ('_', '/usr/bin/colcon'), ('ROS_VERSION', '2'), ('TERM', 'xterm'), ('ROS_LOCALHOST_ONLY', '1'), ('QT_X11_NO_MITSHM', '1'), ('PATH', '/opt/ros/humble/bin:/usr/local/sbin:/usr/local/bin:/usr/sbin:/usr/bin:/sbin:/bin'), ('DISPLAY', ':0'), ('LANG', 'en_US.UTF-8'), ('XAUTHORITY', '/root/.Xauthority'), ('LS_COLORS', 'rs=0:di=01;34:ln=01;36:mh=00:pi=40;33:so=01;35:do=01;35:bd=40;33;01:cd=40;33;01:or=40;31;01:mi=00:su=37;41:sg=30;43:ca=30;41:tw=30;42:ow=34;42:st=37;44:ex=01;32:*.tar=01;31:*.tgz=01;31:*.arc=01;31:*.arj=01;31:*.taz=01;31:*.lha=01;31:*.lz4=01;31:*.lzh=01;31:*.lzma=01;31:*.tlz=01;31:*.txz=01;31:*.tzo=01;31:*.t7z=01;31:*.zip=01;31:*.z=01;31:*.dz=01;31:*.gz=01;31:*.lrz=01;31:*.lz=01;31:*.lzo=01;31:*.xz=01;31:*.zst=01;31:*.tzst=01;31:*.bz2=01;31:*.bz=01;31:*.tbz=01;31:*.tbz2=01;31:*.tz=01;31:*.deb=01;31:*.rpm=01;31:*.jar=01;31:*.war=01;31:*.ear=01;31:*.sar=01;31:*.rar=01;31:*.alz=01;31:*.ace=01;31:*.zoo=01;31:*.cpio=01;31:*.7z=01;31:*.rz=01;31:*.cab=01;31:*.wim=01;31:*.swm=01;31:*.dwm=01;31:*.esd=01;31:*.jpg=01;35:*.jpeg=01;35:*.mjpg=01;35:*.mjpeg=01;35:*.gif=01;35:*.bmp=01;35:*.pbm=01;35:*.pgm=01;35:*.ppm=01;35:*.tga=01;35:*.xbm=01;35:*.xpm=01;35:*.tif=01;35:*.tiff=01;35:*.png=01;35:*.svg=01;35:*.svgz=01;35:*.mng=01;35:*.pcx=01;35:*.mov=01;35:*.mpg=01;35:*.mpeg=01;35:*.m2v=01;35:*.mkv=01;35:*.webm=01;35:*.webp=01;35:*.ogm=01;35:*.mp4=01;35:*.m4v=01;35:*.mp4v=01;35:*.vob=01;35:*.qt=01;35:*.nuv=01;35:*.wmv=01;35:*.asf=01;35:*.rm=01;35:*.rmvb=01;35:*.flc=01;35:*.avi=01;35:*.fli=01;35:*.flv=01;35:*.gl=01;35:*.dl=01;35:*.xcf=01;35:*.xwd=01;35:*.yuv=01;35:*.cgm=01;35:*.emf=01;35:*.ogv=01;35:*.ogx=01;35:*.aac=00;36:*.au=00;36:*.flac=00;36:*.m4a=00;36:*.mid=00;36:*.midi=00;36:*.mka=00;36:*.mp3=00;36:*.mpc=00;36:*.ogg=00;36:*.ra=00;36:*.wav=00;36:*.oga=00;36:*.opus=00;36:*.spx=00;36:*.xspf=00;36:'), ('AMENT_PREFIX_PATH', '/opt/ros/humble'), ('DEBIAN_FRONTEND', 'noninteractive'), ('PWD', '/root/distr_slam_ws/build/cartographer_ros_msgs'), ('TURTLEBOT3_MODEL', 'burger'), ('LC_ALL', 'en_US.UTF-8'), ('PYTHONPATH', '/opt/ros/humble/lib/python3.10/site-packages:/opt/ros/humble/local/lib/python3.10/dist-packages'), ('COLCON', '1'), ('CMAKE_PREFIX_PATH', '/opt/ros/humble')]), 'shell': False}
[4.613628] (-) TimerEvent: {}
[4.695752] (cartographer_ros_msgs) StdoutLine: {'line': b'[  0%] \x1b[34m\x1b[1mGenerating C code for ROS interfaces\x1b[0m\n'}
[4.709092] (cartographer_ros_msgs) StdoutLine: {'line': b'[  1%] \x1b[34m\x1b[1mGenerating Rust code for ROS interfaces\x1b[0m\n'}
[4.713954] (-) TimerEvent: {}
[4.721249] (cartographer_ros_msgs) StdoutLine: {'line': b'[  1%] \x1b[34m\x1b[1mGenerating C++ code for ROS interfaces\x1b[0m\n'}
[4.737165] (cartographer_ros_msgs) StdoutLine: {'line': b'[  1%] Built target ament_cmake_python_copy_cartographer_ros_msgs\n'}
[4.814188] (-) TimerEvent: {}
[4.915722] (-) TimerEvent: {}
[5.008119] (cartographer) StdoutLine: {'line': b'\x1b[01mRunning Sphinx v4.3.2\x1b[39;49;00m\n'}
[5.016497] (-) TimerEvent: {}
[5.120542] (-) TimerEvent: {}
[5.221748] (-) TimerEvent: {}
[5.307047] (cartographer_ros_msgs) StdoutLine: {'line': b'running egg_info\n'}
[5.308735] (cartographer_ros_msgs) StdoutLine: {'line': b'creating cartographer_ros_msgs.egg-info\n'}
[5.308910] (cartographer_ros_msgs) StdoutLine: {'line': b'writing cartographer_ros_msgs.egg-info/PKG-INFO\n'}
[5.309153] (cartographer_ros_msgs) StdoutLine: {'line': b'writing dependency_links to cartographer_ros_msgs.egg-info/dependency_links.txt\n'}
[5.309386] (cartographer_ros_msgs) StdoutLine: {'line': b'writing top-level names to cartographer_ros_msgs.egg-info/top_level.txt\n'}
[5.314537] (cartographer_ros_msgs) StdoutLine: {'line': b"writing manifest file 'cartographer_ros_msgs.egg-info/SOURCES.txt'\n"}
[5.321766] (cartographer_ros_msgs) StdoutLine: {'line': b"reading manifest file 'cartographer_ros_msgs.egg-info/SOURCES.txt'\n"}
[5.322165] (-) TimerEvent: {}
[5.324875] (cartographer_ros_msgs) StdoutLine: {'line': b"writing manifest file 'cartographer_ros_msgs.egg-info/SOURCES.txt'\n"}
[5.405608] (cartographer_ros_msgs) StdoutLine: {'line': b'[  1%] Built target ament_cmake_python_build_cartographer_ros_msgs_egg\n'}
[5.423504] (-) TimerEvent: {}
[5.523848] (-) TimerEvent: {}
[5.625528] (-) TimerEvent: {}
[5.725942] (-) TimerEvent: {}
[5.828528] (-) TimerEvent: {}
[5.928888] (-) TimerEvent: {}
[6.029248] (-) TimerEvent: {}
[6.132019] (-) TimerEvent: {}
[6.217511] (cartographer) StdoutLine: {'line': b'\x1b[01mmaking output directory... \x1b[39;49;00mdone\n'}
[6.232102] (-) TimerEvent: {}
[6.269573] (cartographer) StdoutLine: {'line': b'\x1b[01mbuilding [mo]: \x1b[39;49;00mtargets for 0 po files that are out of date\n'}
[6.330557] (cartographer) StdoutLine: {'line': b'\x1b[01mbuilding [html]: \x1b[39;49;00mtargets for 6 source files that are out of date\n'}
[6.332194] (-) TimerEvent: {}
[6.332948] (cartographer) StdoutLine: {'line': b'\x1b[01mupdating environment: \x1b[39;49;00m[new config] 6 added, 0 changed, 0 removed\n'}
[6.432314] (-) TimerEvent: {}
[6.532776] (-) TimerEvent: {}
[6.634527] (-) TimerEvent: {}
[6.637083] (cartographer) StdoutLine: {'line': b'\x1b[01mreading sources... \x1b[39;49;00m[ 16%] \x1b[35mconfiguration\x1b[39;49;00m                                        \n'}
[6.698625] (cartographer) StdoutLine: {'line': b'\x1b[01mreading sources... \x1b[39;49;00m[ 33%] \x1b[35mcost_functions\x1b[39;49;00m                                       \n'}
[6.736530] (-) TimerEvent: {}
[6.772606] (cartographer) StdoutLine: {'line': b'\x1b[01mreading sources... \x1b[39;49;00m[ 50%] \x1b[35mevaluation\x1b[39;49;00m                                           \n'}
[6.836641] (-) TimerEvent: {}
[6.859492] (cartographer) StdoutLine: {'line': b'\x1b[01mreading sources... \x1b[39;49;00m[ 66%] \x1b[35mindex\x1b[39;49;00m                                                \n'}
[6.884840] (cartographer) StdoutLine: {'line': b'\x1b[01mreading sources... \x1b[39;49;00m[ 83%] \x1b[35mpbstream_migration\x1b[39;49;00m                                   \n'}
[6.926595] (cartographer) StdoutLine: {'line': b'\x1b[01mreading sources... \x1b[39;49;00m[100%] \x1b[35mterminology\x1b[39;49;00m                                          \n'}
[6.926861] (cartographer) StdoutLine: {'line': b'\n'}
[6.928475] (cartographer) StdoutLine: {'line': b'\x1b[01mlooking for now-outdated files... \x1b[39;49;00mnone found\n'}
[6.932772] (cartographer) StdoutLine: {'line': b'\x1b[01mpickling environment... \x1b[39;49;00mdone\n'}
[6.933057] (cartographer) StdoutLine: {'line': b'\x1b[01mchecking consistency... \x1b[39;49;00mdone\n'}
[6.936717] (-) TimerEvent: {}
[6.937506] (cartographer) StdoutLine: {'line': b'\x1b[01mpreparing documents... \x1b[39;49;00mdone\n'}
[7.036840] (-) TimerEvent: {}
[7.140523] (-) TimerEvent: {}
[7.209368] (cartographer) StdoutLine: {'line': b'\x1b[01mwriting output... \x1b[39;49;00m[ 16%] \x1b[32mconfiguration\x1b[39;49;00m                                         \n'}
[7.240624] (-) TimerEvent: {}
[7.264528] (cartographer) StdoutLine: {'line': b'\x1b[01mwriting output... \x1b[39;49;00m[ 33%] \x1b[32mcost_functions\x1b[39;49;00m                                        \n'}
[7.342526] (-) TimerEvent: {}
[7.348887] (cartographer) StdoutLine: {'line': b'\x1b[01mwriting output... \x1b[39;49;00m[ 50%] \x1b[32mevaluation\x1b[39;49;00m                                            \n'}
[7.408059] (cartographer) StdoutLine: {'line': b'\x1b[01mwriting output... \x1b[39;49;00m[ 66%] \x1b[32mindex\x1b[39;49;00m                                                 \n'}
[7.442631] (-) TimerEvent: {}
[7.545525] (-) TimerEvent: {}
[7.547556] (cartographer) StdoutLine: {'line': b'\x1b[01mwriting output... \x1b[39;49;00m[ 83%] \x1b[32mpbstream_migration\x1b[39;49;00m                                    \n'}
[7.594373] (cartographer) StdoutLine: {'line': b'\x1b[01mwriting output... \x1b[39;49;00m[100%] \x1b[32mterminology\x1b[39;49;00m                                           \n'}
[7.594653] (cartographer) StdoutLine: {'line': b'\n'}
[7.638010] (cartographer) StdoutLine: {'line': b'\x1b[01mgenerating indices... \x1b[39;49;00mgenindex done\n'}
[7.645604] (-) TimerEvent: {}
[7.670126] (cartographer) StdoutLine: {'line': b'\x1b[01mwriting additional pages... \x1b[39;49;00msearch done\n'}
[7.673589] (cartographer) StdoutLine: {'line': b'\x1b[01mcopying images... \x1b[39;49;00m[ 50%] \x1b[33mautogenerate_groundtruth.png\x1b[39;49;00m                          \n'}
[7.677734] (cartographer) StdoutLine: {'line': b'\x1b[01mcopying images... \x1b[39;49;00m[100%] \x1b[33mhigh_level_system_overview.png\x1b[39;49;00m                        \n'}
[7.677924] (cartographer) StdoutLine: {'line': b'\n'}
[7.745723] (-) TimerEvent: {}
[7.780882] (cartographer) StdoutLine: {'line': b'\x1b[01mcopying static files... \x1b[39;49;00mdone\n'}
[7.781201] (cartographer) StdoutLine: {'line': b'\x1b[01mcopying extra files... \x1b[39;49;00mdone\n'}
[7.788755] (cartographer) StdoutLine: {'line': b'\x1b[01mdumping search index in English (code: en)... \x1b[39;49;00mdone\n'}
[7.789503] (cartographer) StdoutLine: {'line': b'\x1b[01mdumping object inventory... \x1b[39;49;00mdone\n'}
[7.792624] (cartographer) StdoutLine: {'line': b'\x1b[01mbuild succeeded.\x1b[39;49;00m\n'}
[7.792913] (cartographer) StdoutLine: {'line': b'\n'}
[7.793046] (cartographer) StdoutLine: {'line': b'The HTML pages are in html.\n'}
[7.847526] (-) TimerEvent: {}
[7.947964] (-) TimerEvent: {}
[8.048410] (-) TimerEvent: {}
[8.108244] (cartographer) StdoutLine: {'line': b'[ 12%] Built target build_doc\n'}
[8.144996] (cartographer) StdoutLine: {'line': b'[ 12%] \x1b[32mBuilding CXX object CMakeFiles/cartographer.dir/cartographer/common/histogram.cc.o\x1b[0m\n'}
[8.148497] (-) TimerEvent: {}
[8.251528] (-) TimerEvent: {}
[8.355527] (-) TimerEvent: {}
[8.455866] (-) TimerEvent: {}
[8.556209] (-) TimerEvent: {}
[8.656591] (-) TimerEvent: {}
[8.737519] (cartographer_ros_msgs) StdoutLine: {'line': b'[  1%] Built target cartographer_ros_msgs__rs\n'}
[8.756698] (-) TimerEvent: {}
[8.858599] (-) TimerEvent: {}
[8.958969] (-) TimerEvent: {}
[9.059616] (-) TimerEvent: {}
[9.162528] (-) TimerEvent: {}
[9.263448] (-) TimerEvent: {}
[9.364350] (-) TimerEvent: {}
[9.465242] (-) TimerEvent: {}
[9.566522] (-) TimerEvent: {}
[9.667704] (-) TimerEvent: {}
[9.773529] (-) TimerEvent: {}
[9.874435] (-) TimerEvent: {}
[9.975614] (-) TimerEvent: {}
[10.047594] (cartographer) StdoutLine: {'line': b'[ 12%] \x1b[32mBuilding CXX object CMakeFiles/cartographer.dir/cartographer/common/internal/ceres_solver_options.cc.o\x1b[0m\n'}
[10.075980] (-) TimerEvent: {}
[10.176394] (-) TimerEvent: {}
[10.279532] (-) TimerEvent: {}
[10.379990] (-) TimerEvent: {}
[10.480493] (-) TimerEvent: {}
[10.545578] (cartographer) StdoutLine: {'line': b'[ 13%] \x1b[32mBuilding CXX object CMakeFiles/cartographer.dir/cartographer/common/internal/testing/thread_pool_for_testing.cc.o\x1b[0m\n'}
[10.580528] (-) TimerEvent: {}
[10.680885] (-) TimerEvent: {}
[10.781350] (-) TimerEvent: {}
[10.881834] (-) TimerEvent: {}
[10.982304] (-) TimerEvent: {}
[11.082791] (-) TimerEvent: {}
[11.186712] (-) TimerEvent: {}
[11.287122] (-) TimerEvent: {}
[11.387523] (-) TimerEvent: {}
[11.487993] (-) TimerEvent: {}
[11.588493] (-) TimerEvent: {}
[11.690580] (-) TimerEvent: {}
[11.791053] (-) TimerEvent: {}
[11.891725] (-) TimerEvent: {}
[11.993011] (-) TimerEvent: {}
[12.096110] (-) TimerEvent: {}
[12.197672] (-) TimerEvent: {}
[12.298101] (-) TimerEvent: {}
[12.399131] (-) TimerEvent: {}
[12.500260] (-) TimerEvent: {}
[12.602560] (-) TimerEvent: {}
[12.675954] (cartographer) StdoutLine: {'line': b'[ 13%] \x1b[32mBuilding CXX object CMakeFiles/cartographer.dir/cartographer/common/lua_parameter_dictionary.cc.o\x1b[0m\n'}
[12.681541] (cartographer_ros_msgs) StdoutLine: {'line': b'[  1%] \x1b[32mBuilding C object CMakeFiles/cartographer_ros_msgs__rosidl_generator_c.dir/rosidl_generator_c/cartographer_ros_msgs/msg/detail/histogram_bucket__functions.c.o\x1b[0m\n'}
[12.686363] (cartographer_ros_msgs) StdoutLine: {'line': b'[  2%] \x1b[32mBuilding C object CMakeFiles/cartographer_ros_msgs__rosidl_generator_c.dir/rosidl_generator_c/cartographer_ros_msgs/msg/detail/bagfile_progress__functions.c.o\x1b[0m\n'}
[12.702673] (-) TimerEvent: {}
[12.706421] (cartographer_ros_msgs) StdoutLine: {'line': b'[  3%] \x1b[32mBuilding C object CMakeFiles/cartographer_ros_msgs__rosidl_generator_c.dir/rosidl_generator_c/cartographer_ros_msgs/msg/detail/landmark_entry__functions.c.o\x1b[0m\n'}
[12.805547] (-) TimerEvent: {}
[12.889281] (cartographer_ros_msgs) StdoutLine: {'line': b'[  3%] \x1b[32mBuilding C object CMakeFiles/cartographer_ros_msgs__rosidl_generator_c.dir/rosidl_generator_c/cartographer_ros_msgs/msg/detail/landmark_list__functions.c.o\x1b[0m\n'}
[12.904582] (cartographer_ros_msgs) StdoutLine: {'line': b'[  4%] \x1b[32mBuilding C object CMakeFiles/cartographer_ros_msgs__rosidl_generator_c.dir/rosidl_generator_c/cartographer_ros_msgs/msg/detail/metric_family__functions.c.o\x1b[0m\n'}
[12.905622] (-) TimerEvent: {}
[12.942014] (cartographer_ros_msgs) StdoutLine: {'line': b'[  4%] \x1b[32mBuilding C object CMakeFiles/cartographer_ros_msgs__rosidl_generator_c.dir/rosidl_generator_c/cartographer_ros_msgs/msg/detail/metric_label__functions.c.o\x1b[0m\n'}
[13.006341] (-) TimerEvent: {}
[13.087603] (cartographer_ros_msgs) StdoutLine: {'line': b'[  5%] \x1b[32mBuilding C object CMakeFiles/cartographer_ros_msgs__rosidl_generator_c.dir/rosidl_generator_c/cartographer_ros_msgs/msg/detail/metric__functions.c.o\x1b[0m\n'}
[13.103613] (cartographer_ros_msgs) StdoutLine: {'line': b'[  5%] \x1b[32mBuilding C object CMakeFiles/cartographer_ros_msgs__rosidl_generator_c.dir/rosidl_generator_c/cartographer_ros_msgs/msg/detail/status_code__functions.c.o\x1b[0m\n'}
[13.106421] (-) TimerEvent: {}
[13.113617] (cartographer_ros_msgs) StdoutLine: {'line': b'[  6%] \x1b[32mBuilding C object CMakeFiles/cartographer_ros_msgs__rosidl_generator_c.dir/rosidl_generator_c/cartographer_ros_msgs/msg/detail/status_response__functions.c.o\x1b[0m\n'}
[13.206547] (-) TimerEvent: {}
[13.251521] (cartographer_ros_msgs) StdoutLine: {'line': b'[  6%] \x1b[32mBuilding C object CMakeFiles/cartographer_ros_msgs__rosidl_generator_c.dir/rosidl_generator_c/cartographer_ros_msgs/msg/detail/submap_entry__functions.c.o\x1b[0m\n'}
[13.258695] (cartographer_ros_msgs) StdoutLine: {'line': b'[  7%] \x1b[32mBuilding C object CMakeFiles/cartographer_ros_msgs__rosidl_generator_c.dir/rosidl_generator_c/cartographer_ros_msgs/msg/detail/submap_list__functions.c.o\x1b[0m\n'}
[13.275619] (cartographer_ros_msgs) StdoutLine: {'line': b'[  7%] \x1b[32mBuilding C object CMakeFiles/cartographer_ros_msgs__rosidl_generator_c.dir/rosidl_generator_c/cartographer_ros_msgs/msg/detail/submap_texture__functions.c.o\x1b[0m\n'}
[13.308545] (-) TimerEvent: {}
[13.410535] (-) TimerEvent: {}
[13.433631] (cartographer_ros_msgs) StdoutLine: {'line': b'[  8%] \x1b[32mBuilding C object CMakeFiles/cartographer_ros_msgs__rosidl_generator_c.dir/rosidl_generator_c/cartographer_ros_msgs/msg/detail/trajectory_states__functions.c.o\x1b[0m\n'}
[13.433891] (cartographer_ros_msgs) StdoutLine: {'line': b'[  8%] \x1b[32mBuilding C object CMakeFiles/cartographer_ros_msgs__rosidl_generator_c.dir/rosidl_generator_c/cartographer_ros_msgs/srv/detail/finish_trajectory__functions.c.o\x1b[0m\n'}
[13.459606] (cartographer_ros_msgs) StdoutLine: {'line': b'[  9%] \x1b[32mBuilding C object CMakeFiles/cartographer_ros_msgs__rosidl_generator_c.dir/rosidl_generator_c/cartographer_ros_msgs/srv/detail/get_trajectory_states__functions.c.o\x1b[0m\n'}
[13.510659] (-) TimerEvent: {}
[13.611560] (-) TimerEvent: {}
[13.615433] (cartographer_ros_msgs) StdoutLine: {'line': b'[  9%] \x1b[32mBuilding C object CMakeFiles/cartographer_ros_msgs__rosidl_generator_c.dir/rosidl_generator_c/cartographer_ros_msgs/srv/detail/read_metrics__functions.c.o\x1b[0m\n'}
[13.652706] (cartographer_ros_msgs) StdoutLine: {'line': b'[ 10%] \x1b[32mBuilding C object CMakeFiles/cartographer_ros_msgs__rosidl_generator_c.dir/rosidl_generator_c/cartographer_ros_msgs/srv/detail/start_trajectory__functions.c.o\x1b[0m\n'}
[13.680691] (cartographer_ros_msgs) StdoutLine: {'line': b'[ 10%] \x1b[32mBuilding C object CMakeFiles/cartographer_ros_msgs__rosidl_generator_c.dir/rosidl_generator_c/cartographer_ros_msgs/srv/detail/trajectory_query__functions.c.o\x1b[0m\n'}
[13.711687] (-) TimerEvent: {}
[13.801564] (cartographer_ros_msgs) StdoutLine: {'line': b'[ 11%] \x1b[32mBuilding C object CMakeFiles/cartographer_ros_msgs__rosidl_generator_c.dir/rosidl_generator_c/cartographer_ros_msgs/srv/detail/submap_query__functions.c.o\x1b[0m\n'}
[13.811788] (-) TimerEvent: {}
[13.905523] (cartographer_ros_msgs) StdoutLine: {'line': b'[ 11%] \x1b[32mBuilding C object CMakeFiles/cartographer_ros_msgs__rosidl_generator_c.dir/rosidl_generator_c/cartographer_ros_msgs/srv/detail/write_state__functions.c.o\x1b[0m\n'}
[13.911886] (-) TimerEvent: {}
[13.940604] (cartographer_ros_msgs) StdoutLine: {'line': b'[ 12%] \x1b[32mBuilding C object CMakeFiles/cartographer_ros_msgs__rosidl_generator_c.dir/rosidl_generator_c/cartographer_ros_msgs/srv/detail/get_slam_state__functions.c.o\x1b[0m\n'}
[13.945815] (cartographer_ros_msgs) StdoutLine: {'line': b'[ 12%] \x1b[32mBuilding C object CMakeFiles/cartographer_ros_msgs__rosidl_generator_c.dir/rosidl_generator_c/cartographer_ros_msgs/srv/detail/set_slam_state__functions.c.o\x1b[0m\n'}
[14.014543] (-) TimerEvent: {}
[14.115519] (-) TimerEvent: {}
[14.158626] (cartographer_ros_msgs) StdoutLine: {'line': b'[ 13%] \x1b[32m\x1b[1mLinking C shared library libcartographer_ros_msgs__rosidl_generator_c.so\x1b[0m\n'}
[14.215643] (-) TimerEvent: {}
[14.316145] (-) TimerEvent: {}
[14.340783] (cartographer_ros_msgs) StdoutLine: {'line': b'[ 13%] Built target cartographer_ros_msgs__rosidl_generator_c\n'}
[14.374621] (cartographer_ros_msgs) StdoutLine: {'line': b'[ 14%] \x1b[34m\x1b[1mGenerating C type support for eProsima Fast-RTPS\x1b[0m\n'}
[14.381003] (cartographer_ros_msgs) StdoutLine: {'line': b'[ 15%] \x1b[34m\x1b[1mGenerating C type support dispatch for ROS interfaces\x1b[0m\n'}
[14.381251] (cartographer_ros_msgs) StdoutLine: {'line': b'[ 16%] \x1b[34m\x1b[1mGenerating C introspection for ROS interfaces\x1b[0m\n'}
[14.394625] (cartographer_ros_msgs) StdoutLine: {'line': b'[ 16%] Built target cartographer_ros_msgs__cpp\n'}
[14.416253] (-) TimerEvent: {}
[14.433580] (cartographer_ros_msgs) StdoutLine: {'line': b'[ 17%] \x1b[34m\x1b[1mGenerating C++ type support for eProsima Fast-RTPS\x1b[0m\n'}
[14.516542] (-) TimerEvent: {}
[14.619529] (-) TimerEvent: {}
[14.722525] (-) TimerEvent: {}
[14.823215] (-) TimerEvent: {}
[14.923898] (-) TimerEvent: {}
[15.024396] (-) TimerEvent: {}
[15.124949] (-) TimerEvent: {}
[15.225493] (-) TimerEvent: {}
[15.325978] (-) TimerEvent: {}
[15.429529] (-) TimerEvent: {}
[15.531526] (-) TimerEvent: {}
[15.631982] (-) TimerEvent: {}
[15.733525] (-) TimerEvent: {}
[15.833991] (-) TimerEvent: {}
[15.934490] (-) TimerEvent: {}
[16.036526] (-) TimerEvent: {}
[16.137022] (-) TimerEvent: {}
[16.237494] (-) TimerEvent: {}
[16.337970] (-) TimerEvent: {}
[16.440034] (-) TimerEvent: {}
[16.540386] (-) TimerEvent: {}
[16.642527] (-) TimerEvent: {}
[16.742885] (-) TimerEvent: {}
[16.845581] (-) TimerEvent: {}
[16.945937] (-) TimerEvent: {}
[17.046354] (-) TimerEvent: {}
[17.148526] (-) TimerEvent: {}
[17.248930] (-) TimerEvent: {}
[17.349276] (-) TimerEvent: {}
[17.449698] (-) TimerEvent: {}
[17.550097] (-) TimerEvent: {}
[17.650469] (-) TimerEvent: {}
[17.752527] (-) TimerEvent: {}
[17.852866] (-) TimerEvent: {}
[17.953198] (-) TimerEvent: {}
[18.056542] (-) TimerEvent: {}
[18.106595] (cartographer) StdoutLine: {'line': b'[ 13%] \x1b[32mBuilding CXX object CMakeFiles/cartographer.dir/cartographer/common/task.cc.o\x1b[0m\n'}
[18.156652] (-) TimerEvent: {}
[18.259536] (-) TimerEvent: {}
[18.360380] (-) TimerEvent: {}
[18.461151] (-) TimerEvent: {}
[18.561515] (-) TimerEvent: {}
[18.662192] (-) TimerEvent: {}
[18.765528] (-) TimerEvent: {}
[18.866421] (-) TimerEvent: {}
[18.967328] (-) TimerEvent: {}
[19.069527] (-) TimerEvent: {}
[19.169864] (-) TimerEvent: {}
[19.270511] (-) TimerEvent: {}
[19.370984] (-) TimerEvent: {}
[19.473527] (-) TimerEvent: {}
[19.575365] (-) TimerEvent: {}
[19.675786] (-) TimerEvent: {}
[19.776162] (-) TimerEvent: {}
[19.876801] (-) TimerEvent: {}
[19.979523] (-) TimerEvent: {}
[20.081526] (-) TimerEvent: {}
[20.164510] (cartographer) StdoutLine: {'line': b'[ 13%] \x1b[32mBuilding CXX object CMakeFiles/cartographer.dir/cartographer/common/thread_pool.cc.o\x1b[0m\n'}
[20.182039] (-) TimerEvent: {}
[20.284534] (-) TimerEvent: {}
[20.385449] (-) TimerEvent: {}
[20.487538] (-) TimerEvent: {}
[20.589858] (-) TimerEvent: {}
[20.690776] (-) TimerEvent: {}
[20.793532] (-) TimerEvent: {}
[20.847718] (cartographer) StdoutLine: {'line': b'[ 14%] \x1b[32mBuilding CXX object CMakeFiles/cartographer.dir/cartographer/common/time.cc.o\x1b[0m\n'}
[20.872618] (cartographer_ros_msgs) StdoutLine: {'line': b'[ 17%] \x1b[32mBuilding CXX object CMakeFiles/cartographer_ros_msgs__rosidl_typesupport_c.dir/rosidl_typesupport_c/cartographer_ros_msgs/msg/bagfile_progress__type_support.cpp.o\x1b[0m\n'}
[20.895524] (-) TimerEvent: {}
[20.996497] (-) TimerEvent: {}
[21.022011] (cartographer_ros_msgs) StdoutLine: {'line': b'[ 18%] \x1b[32mBuilding CXX object CMakeFiles/cartographer_ros_msgs__rosidl_typesupport_c.dir/rosidl_typesupport_c/cartographer_ros_msgs/msg/histogram_bucket__type_support.cpp.o\x1b[0m\n'}
[21.096588] (-) TimerEvent: {}
[21.123578] (cartographer_ros_msgs) StdoutLine: {'line': b'[ 18%] \x1b[32mBuilding CXX object CMakeFiles/cartographer_ros_msgs__rosidl_typesupport_c.dir/rosidl_typesupport_c/cartographer_ros_msgs/msg/landmark_entry__type_support.cpp.o\x1b[0m\n'}
[21.198424] (-) TimerEvent: {}
[21.226574] (cartographer_ros_msgs) StdoutLine: {'line': b'[ 19%] \x1b[32mBuilding CXX object CMakeFiles/cartographer_ros_msgs__rosidl_typesupport_c.dir/rosidl_typesupport_c/cartographer_ros_msgs/msg/landmark_list__type_support.cpp.o\x1b[0m\n'}
[21.298531] (-) TimerEvent: {}
[21.359586] (cartographer_ros_msgs) StdoutLine: {'line': b'[ 19%] \x1b[32mBuilding CXX object CMakeFiles/cartographer_ros_msgs__rosidl_typesupport_c.dir/rosidl_typesupport_c/cartographer_ros_msgs/msg/metric_family__type_support.cpp.o\x1b[0m\n'}
[21.400525] (-) TimerEvent: {}
[21.467419] (cartographer_ros_msgs) StdoutLine: {'line': b'[ 20%] \x1b[32mBuilding CXX object CMakeFiles/cartographer_ros_msgs__rosidl_typesupport_c.dir/rosidl_typesupport_c/cartographer_ros_msgs/msg/metric_label__type_support.cpp.o\x1b[0m\n'}
[21.500637] (-) TimerEvent: {}
[21.573512] (cartographer_ros_msgs) StdoutLine: {'line': b'[ 20%] \x1b[32mBuilding CXX object CMakeFiles/cartographer_ros_msgs__rosidl_typesupport_c.dir/rosidl_typesupport_c/cartographer_ros_msgs/msg/metric__type_support.cpp.o\x1b[0m\n'}
[21.600749] (-) TimerEvent: {}
[21.665773] (cartographer_ros_msgs) StdoutLine: {'line': b'[ 21%] \x1b[32mBuilding CXX object CMakeFiles/cartographer_ros_msgs__rosidl_typesupport_c.dir/rosidl_typesupport_c/cartographer_ros_msgs/msg/status_code__type_support.cpp.o\x1b[0m\n'}
[21.700868] (-) TimerEvent: {}
[21.776646] (cartographer_ros_msgs) StdoutLine: {'line': b'[ 21%] \x1b[32mBuilding CXX object CMakeFiles/cartographer_ros_msgs__rosidl_typesupport_c.dir/rosidl_typesupport_c/cartographer_ros_msgs/msg/status_response__type_support.cpp.o\x1b[0m\n'}
[21.800974] (-) TimerEvent: {}
[21.878503] (cartographer_ros_msgs) StdoutLine: {'line': b'[ 22%] \x1b[32mBuilding CXX object CMakeFiles/cartographer_ros_msgs__rosidl_typesupport_c.dir/rosidl_typesupport_c/cartographer_ros_msgs/msg/submap_entry__type_support.cpp.o\x1b[0m\n'}
[21.902526] (-) TimerEvent: {}
[21.991610] (cartographer_ros_msgs) StdoutLine: {'line': b'[ 22%] \x1b[32mBuilding CXX object CMakeFiles/cartographer_ros_msgs__rosidl_typesupport_c.dir/rosidl_typesupport_c/cartographer_ros_msgs/msg/submap_list__type_support.cpp.o\x1b[0m\n'}
[22.002619] (-) TimerEvent: {}
[22.102952] (-) TimerEvent: {}
[22.110781] (cartographer_ros_msgs) StdoutLine: {'line': b'[ 23%] \x1b[32mBuilding CXX object CMakeFiles/cartographer_ros_msgs__rosidl_typesupport_c.dir/rosidl_typesupport_c/cartographer_ros_msgs/msg/submap_texture__type_support.cpp.o\x1b[0m\n'}
[22.203068] (-) TimerEvent: {}
[22.219058] (cartographer_ros_msgs) StdoutLine: {'line': b'[ 23%] \x1b[32mBuilding CXX object CMakeFiles/cartographer_ros_msgs__rosidl_typesupport_c.dir/rosidl_typesupport_c/cartographer_ros_msgs/msg/trajectory_states__type_support.cpp.o\x1b[0m\n'}
[22.305531] (-) TimerEvent: {}
[22.319851] (cartographer_ros_msgs) StdoutLine: {'line': b'[ 24%] \x1b[32mBuilding CXX object CMakeFiles/cartographer_ros_msgs__rosidl_typesupport_c.dir/rosidl_typesupport_c/cartographer_ros_msgs/srv/finish_trajectory__type_support.cpp.o\x1b[0m\n'}
[22.405643] (-) TimerEvent: {}
[22.419813] (cartographer_ros_msgs) StdoutLine: {'line': b'[ 24%] \x1b[32mBuilding CXX object CMakeFiles/cartographer_ros_msgs__rosidl_typesupport_c.dir/rosidl_typesupport_c/cartographer_ros_msgs/srv/get_trajectory_states__type_support.cpp.o\x1b[0m\n'}
[22.508532] (-) TimerEvent: {}
[22.525074] (cartographer_ros_msgs) StdoutLine: {'line': b'[ 25%] \x1b[32mBuilding CXX object CMakeFiles/cartographer_ros_msgs__rosidl_typesupport_c.dir/rosidl_typesupport_c/cartographer_ros_msgs/srv/read_metrics__type_support.cpp.o\x1b[0m\n'}
[22.582648] (cartographer) StdoutLine: {'line': b'[ 14%] \x1b[32mBuilding CXX object CMakeFiles/cartographer.dir/cartographer/ground_truth/autogenerate_ground_truth.cc.o\x1b[0m\n'}
[22.608698] (-) TimerEvent: {}
[22.619630] (cartographer_ros_msgs) StdoutLine: {'line': b'[ 25%] \x1b[32mBuilding CXX object CMakeFiles/cartographer_ros_msgs__rosidl_typesupport_c.dir/rosidl_typesupport_c/cartographer_ros_msgs/srv/start_trajectory__type_support.cpp.o\x1b[0m\n'}
[22.710703] (-) TimerEvent: {}
[22.745600] (cartographer_ros_msgs) StdoutLine: {'line': b'[ 26%] \x1b[32mBuilding CXX object CMakeFiles/cartographer_ros_msgs__rosidl_typesupport_c.dir/rosidl_typesupport_c/cartographer_ros_msgs/srv/trajectory_query__type_support.cpp.o\x1b[0m\n'}
[22.812538] (-) TimerEvent: {}
[22.828702] (cartographer_ros_msgs) StdoutLine: {'line': b'[ 26%] \x1b[32mBuilding CXX object CMakeFiles/cartographer_ros_msgs__rosidl_typesupport_c.dir/rosidl_typesupport_c/cartographer_ros_msgs/srv/submap_query__type_support.cpp.o\x1b[0m\n'}
[22.914570] (-) TimerEvent: {}
[22.940608] (cartographer_ros_msgs) StdoutLine: {'line': b'[ 27%] \x1b[32mBuilding CXX object CMakeFiles/cartographer_ros_msgs__rosidl_typesupport_c.dir/rosidl_typesupport_c/cartographer_ros_msgs/srv/write_state__type_support.cpp.o\x1b[0m\n'}
[23.014698] (-) TimerEvent: {}
[23.021826] (cartographer_ros_msgs) StdoutLine: {'line': b'[ 27%] \x1b[32mBuilding CXX object CMakeFiles/cartographer_ros_msgs__rosidl_typesupport_c.dir/rosidl_typesupport_c/cartographer_ros_msgs/srv/get_slam_state__type_support.cpp.o\x1b[0m\n'}
[23.114829] (-) TimerEvent: {}
[23.139613] (cartographer_ros_msgs) StdoutLine: {'line': b'[ 28%] \x1b[32mBuilding CXX object CMakeFiles/cartographer_ros_msgs__rosidl_typesupport_c.dir/rosidl_typesupport_c/cartographer_ros_msgs/srv/set_slam_state__type_support.cpp.o\x1b[0m\n'}
[23.214951] (-) TimerEvent: {}
[23.241973] (cartographer_ros_msgs) StdoutLine: {'line': b'[ 28%] \x1b[32m\x1b[1mLinking CXX shared library libcartographer_ros_msgs__rosidl_typesupport_c.so\x1b[0m\n'}
[23.315114] (-) TimerEvent: {}
[23.349990] (cartographer_ros_msgs) StdoutLine: {'line': b'[ 28%] \x1b[32mBuilding C object CMakeFiles/cartographer_ros_msgs__rosidl_typesupport_introspection_c.dir/rosidl_typesupport_introspection_c/cartographer_ros_msgs/msg/detail/bagfile_progress__type_support.c.o\x1b[0m\n'}
[23.408786] (cartographer_ros_msgs) StdoutLine: {'line': b'[ 28%] Built target cartographer_ros_msgs__rosidl_typesupport_c\n'}
[23.415197] (-) TimerEvent: {}
[23.447002] (cartographer_ros_msgs) StdoutLine: {'line': b'[ 29%] \x1b[34m\x1b[1mGenerating C++ introspection for ROS interfaces\x1b[0m\n'}
[23.488815] (cartographer_ros_msgs) StdoutLine: {'line': b'[ 30%] \x1b[32mBuilding CXX object CMakeFiles/cartographer_ros_msgs__rosidl_typesupport_fastrtps_c.dir/rosidl_typesupport_fastrtps_c/cartographer_ros_msgs/msg/detail/bagfile_progress__type_support_c.cpp.o\x1b[0m\n'}
[23.489086] (cartographer_ros_msgs) StdoutLine: {'line': b'[ 30%] \x1b[32mBuilding C object CMakeFiles/cartographer_ros_msgs__rosidl_typesupport_introspection_c.dir/rosidl_typesupport_introspection_c/cartographer_ros_msgs/msg/detail/histogram_bucket__type_support.c.o\x1b[0m\n'}
[23.515322] (-) TimerEvent: {}
[23.620536] (cartographer_ros_msgs) StdoutLine: {'line': b'[ 30%] \x1b[32mBuilding C object CMakeFiles/cartographer_ros_msgs__rosidl_typesupport_introspection_c.dir/rosidl_typesupport_introspection_c/cartographer_ros_msgs/msg/detail/landmark_entry__type_support.c.o\x1b[0m\n'}
[23.620811] (-) TimerEvent: {}
[23.721924] (-) TimerEvent: {}
[23.742571] (cartographer_ros_msgs) StdoutLine: {'line': b'[ 31%] \x1b[32mBuilding C object CMakeFiles/cartographer_ros_msgs__rosidl_typesupport_introspection_c.dir/rosidl_typesupport_introspection_c/cartographer_ros_msgs/msg/detail/landmark_list__type_support.c.o\x1b[0m\n'}
[23.822055] (-) TimerEvent: {}
[23.925533] (-) TimerEvent: {}
[23.936577] (cartographer_ros_msgs) StdoutLine: {'line': b'[ 31%] \x1b[32mBuilding C object CMakeFiles/cartographer_ros_msgs__rosidl_typesupport_introspection_c.dir/rosidl_typesupport_introspection_c/cartographer_ros_msgs/msg/detail/metric_family__type_support.c.o\x1b[0m\n'}
[24.025645] (-) TimerEvent: {}
[24.105522] (cartographer_ros_msgs) StdoutLine: {'line': b'[ 32%] \x1b[32mBuilding C object CMakeFiles/cartographer_ros_msgs__rosidl_typesupport_introspection_c.dir/rosidl_typesupport_introspection_c/cartographer_ros_msgs/msg/detail/metric_label__type_support.c.o\x1b[0m\n'}
[24.128528] (-) TimerEvent: {}
[24.200611] (cartographer_ros_msgs) StdoutLine: {'line': b'[ 32%] \x1b[32mBuilding C object CMakeFiles/cartographer_ros_msgs__rosidl_typesupport_introspection_c.dir/rosidl_typesupport_introspection_c/cartographer_ros_msgs/msg/detail/metric__type_support.c.o\x1b[0m\n'}
[24.228651] (-) TimerEvent: {}
[24.295418] (cartographer_ros_msgs) StdoutLine: {'line': b'[ 32%] \x1b[32mBuilding CXX object CMakeFiles/cartographer_ros_msgs__rosidl_typesupport_fastrtps_cpp.dir/rosidl_typesupport_fastrtps_cpp/cartographer_ros_msgs/msg/detail/dds_fastrtps/bagfile_progress__type_support.cpp.o\x1b[0m\n'}
[24.328765] (-) TimerEvent: {}
[24.337603] (cartographer_ros_msgs) StdoutLine: {'line': b'[ 33%] \x1b[32mBuilding C object CMakeFiles/cartographer_ros_msgs__rosidl_typesupport_introspection_c.dir/rosidl_typesupport_introspection_c/cartographer_ros_msgs/msg/detail/status_code__type_support.c.o\x1b[0m\n'}
[24.431233] (-) TimerEvent: {}
[24.457491] (cartographer_ros_msgs) StdoutLine: {'line': b'[ 33%] \x1b[32mBuilding C object CMakeFiles/cartographer_ros_msgs__rosidl_typesupport_introspection_c.dir/rosidl_typesupport_introspection_c/cartographer_ros_msgs/msg/detail/status_response__type_support.c.o\x1b[0m\n'}
[24.533037] (-) TimerEvent: {}
[24.573719] (cartographer_ros_msgs) StdoutLine: {'line': b'[ 34%] \x1b[32mBuilding C object CMakeFiles/cartographer_ros_msgs__rosidl_typesupport_introspection_c.dir/rosidl_typesupport_introspection_c/cartographer_ros_msgs/msg/detail/submap_entry__type_support.c.o\x1b[0m\n'}
[24.633154] (-) TimerEvent: {}
[24.698581] (cartographer_ros_msgs) StdoutLine: {'line': b'[ 34%] \x1b[32mBuilding C object CMakeFiles/cartographer_ros_msgs__rosidl_typesupport_introspection_c.dir/rosidl_typesupport_introspection_c/cartographer_ros_msgs/msg/detail/submap_list__type_support.c.o\x1b[0m\n'}
[24.733268] (-) TimerEvent: {}
[24.833890] (-) TimerEvent: {}
[24.845872] (cartographer_ros_msgs) StdoutLine: {'line': b'[ 35%] \x1b[32mBuilding C object CMakeFiles/cartographer_ros_msgs__rosidl_typesupport_introspection_c.dir/rosidl_typesupport_introspection_c/cartographer_ros_msgs/msg/detail/submap_texture__type_support.c.o\x1b[0m\n'}
[24.930527] (cartographer_ros_msgs) StdoutLine: {'line': b'[ 36%] \x1b[32mBuilding CXX object CMakeFiles/cartographer_ros_msgs__rosidl_typesupport_fastrtps_c.dir/rosidl_typesupport_fastrtps_c/cartographer_ros_msgs/msg/detail/histogram_bucket__type_support_c.cpp.o\x1b[0m\n'}
[24.933972] (-) TimerEvent: {}
[24.981516] (cartographer_ros_msgs) StdoutLine: {'line': b'[ 36%] \x1b[32mBuilding C object CMakeFiles/cartographer_ros_msgs__rosidl_typesupport_introspection_c.dir/rosidl_typesupport_introspection_c/cartographer_ros_msgs/msg/detail/trajectory_states__type_support.c.o\x1b[0m\n'}
[25.034097] (-) TimerEvent: {}
[25.116234] (cartographer_ros_msgs) StdoutLine: {'line': b'[ 37%] \x1b[32mBuilding C object CMakeFiles/cartographer_ros_msgs__rosidl_typesupport_introspection_c.dir/rosidl_typesupport_introspection_c/cartographer_ros_msgs/srv/detail/finish_trajectory__type_support.c.o\x1b[0m\n'}
[25.135523] (-) TimerEvent: {}
[25.237534] (-) TimerEvent: {}
[25.248583] (cartographer_ros_msgs) StdoutLine: {'line': b'[ 37%] \x1b[32mBuilding C object CMakeFiles/cartographer_ros_msgs__rosidl_typesupport_introspection_c.dir/rosidl_typesupport_introspection_c/cartographer_ros_msgs/srv/detail/get_trajectory_states__type_support.c.o\x1b[0m\n'}
[25.340538] (-) TimerEvent: {}
[25.381610] (cartographer_ros_msgs) StdoutLine: {'line': b'[ 38%] \x1b[32mBuilding C object CMakeFiles/cartographer_ros_msgs__rosidl_typesupport_introspection_c.dir/rosidl_typesupport_introspection_c/cartographer_ros_msgs/srv/detail/read_metrics__type_support.c.o\x1b[0m\n'}
[25.440646] (-) TimerEvent: {}
[25.528759] (cartographer_ros_msgs) StdoutLine: {'line': b'[ 38%] \x1b[32mBuilding C object CMakeFiles/cartographer_ros_msgs__rosidl_typesupport_introspection_c.dir/rosidl_typesupport_introspection_c/cartographer_ros_msgs/srv/detail/start_trajectory__type_support.c.o\x1b[0m\n'}
[25.540751] (-) TimerEvent: {}
[25.641229] (-) TimerEvent: {}
[25.657758] (cartographer_ros_msgs) StdoutLine: {'line': b'[ 39%] \x1b[32mBuilding C object CMakeFiles/cartographer_ros_msgs__rosidl_typesupport_introspection_c.dir/rosidl_typesupport_introspection_c/cartographer_ros_msgs/srv/detail/trajectory_query__type_support.c.o\x1b[0m\n'}
[25.741351] (-) TimerEvent: {}
[25.814837] (cartographer_ros_msgs) StdoutLine: {'line': b'[ 39%] \x1b[32mBuilding C object CMakeFiles/cartographer_ros_msgs__rosidl_typesupport_introspection_c.dir/rosidl_typesupport_introspection_c/cartographer_ros_msgs/srv/detail/submap_query__type_support.c.o\x1b[0m\n'}
[25.841489] (-) TimerEvent: {}
[25.866884] (cartographer) StdoutLine: {'line': b'[ 14%] \x1b[32mBuilding CXX object CMakeFiles/cartographer.dir/cartographer/ground_truth/relations_text_file.cc.o\x1b[0m\n'}
[25.943529] (-) TimerEvent: {}
[25.957123] (cartographer_ros_msgs) StdoutLine: {'line': b'[ 40%] \x1b[32mBuilding C object CMakeFiles/cartographer_ros_msgs__rosidl_typesupport_introspection_c.dir/rosidl_typesupport_introspection_c/cartographer_ros_msgs/srv/detail/write_state__type_support.c.o\x1b[0m\n'}
[25.974540] (cartographer_ros_msgs) StdoutLine: {'line': b'[ 41%] \x1b[32mBuilding CXX object CMakeFiles/cartographer_ros_msgs__rosidl_typesupport_fastrtps_cpp.dir/rosidl_typesupport_fastrtps_cpp/cartographer_ros_msgs/msg/detail/dds_fastrtps/histogram_bucket__type_support.cpp.o\x1b[0m\n'}
[26.046533] (-) TimerEvent: {}
[26.057273] (cartographer) StdoutLine: {'line': b'[ 14%] \x1b[32mBuilding CXX object CMakeFiles/cartographer.dir/cartographer/io/color.cc.o\x1b[0m\n'}
[26.093736] (cartographer_ros_msgs) StdoutLine: {'line': b'[ 41%] \x1b[32mBuilding C object CMakeFiles/cartographer_ros_msgs__rosidl_typesupport_introspection_c.dir/rosidl_typesupport_introspection_c/cartographer_ros_msgs/srv/detail/get_slam_state__type_support.c.o\x1b[0m\n'}
[26.140596] (cartographer_ros_msgs) StdoutLine: {'line': b'[ 41%] \x1b[32mBuilding CXX object CMakeFiles/cartographer_ros_msgs__rosidl_typesupport_fastrtps_c.dir/rosidl_typesupport_fastrtps_c/cartographer_ros_msgs/msg/detail/landmark_entry__type_support_c.cpp.o\x1b[0m\n'}
[26.146611] (-) TimerEvent: {}
[26.220245] (cartographer_ros_msgs) StdoutLine: {'line': b'[ 42%] \x1b[32mBuilding C object CMakeFiles/cartographer_ros_msgs__rosidl_typesupport_introspection_c.dir/rosidl_typesupport_introspection_c/cartographer_ros_msgs/srv/detail/set_slam_state__type_support.c.o\x1b[0m\n'}
[26.246733] (-) TimerEvent: {}
[26.347199] (-) TimerEvent: {}
[26.358509] (cartographer_ros_msgs) StdoutLine: {'line': b'[ 42%] \x1b[32m\x1b[1mLinking C shared library libcartographer_ros_msgs__rosidl_typesupport_introspection_c.so\x1b[0m\n'}
[26.448660] (-) TimerEvent: {}
[26.550577] (-) TimerEvent: {}
[26.648818] (cartographer_ros_msgs) StdoutLine: {'line': b'[ 42%] Built target cartographer_ros_msgs__rosidl_typesupport_introspection_c\n'}
[26.650659] (-) TimerEvent: {}
[26.700142] (cartographer_ros_msgs) StdoutLine: {'line': b'[ 43%] \x1b[34m\x1b[1mGenerating C++ type support dispatch for ROS interfaces\x1b[0m\n'}
[26.750781] (-) TimerEvent: {}
[26.851546] (-) TimerEvent: {}
[26.951942] (-) TimerEvent: {}
[27.053529] (-) TimerEvent: {}
[27.156527] (-) TimerEvent: {}
[27.257037] (-) TimerEvent: {}
[27.303043] (cartographer_ros_msgs) StdoutLine: {'line': b'[ 43%] \x1b[32mBuilding CXX object CMakeFiles/cartographer_ros_msgs__rosidl_typesupport_fastrtps_cpp.dir/rosidl_typesupport_fastrtps_cpp/cartographer_ros_msgs/msg/detail/dds_fastrtps/landmark_entry__type_support.cpp.o\x1b[0m\n'}
[27.307542] (cartographer_ros_msgs) StdoutLine: {'line': b'[ 44%] \x1b[32mBuilding CXX object CMakeFiles/cartographer_ros_msgs__rosidl_typesupport_fastrtps_c.dir/rosidl_typesupport_fastrtps_c/cartographer_ros_msgs/msg/detail/landmark_list__type_support_c.cpp.o\x1b[0m\n'}
[27.357146] (-) TimerEvent: {}
[27.457530] (-) TimerEvent: {}
[27.557965] (-) TimerEvent: {}
[27.658413] (-) TimerEvent: {}
[27.763530] (-) TimerEvent: {}
[27.863996] (-) TimerEvent: {}
[27.964505] (-) TimerEvent: {}
[28.066530] (-) TimerEvent: {}
[28.166983] (-) TimerEvent: {}
[28.267356] (-) TimerEvent: {}
[28.368048] (-) TimerEvent: {}
[28.468541] (-) TimerEvent: {}
[28.568918] (-) TimerEvent: {}
[28.671535] (-) TimerEvent: {}
[28.672562] (cartographer_ros_msgs) StdoutLine: {'line': b'[ 44%] \x1b[32mBuilding CXX object CMakeFiles/cartographer_ros_msgs__rosidl_typesupport_fastrtps_c.dir/rosidl_typesupport_fastrtps_c/cartographer_ros_msgs/msg/detail/metric_family__type_support_c.cpp.o\x1b[0m\n'}
[28.773585] (-) TimerEvent: {}
[28.796239] (cartographer_ros_msgs) StdoutLine: {'line': b'[ 45%] \x1b[32mBuilding CXX object CMakeFiles/cartographer_ros_msgs__rosidl_typesupport_fastrtps_cpp.dir/rosidl_typesupport_fastrtps_cpp/cartographer_ros_msgs/msg/detail/dds_fastrtps/landmark_list__type_support.cpp.o\x1b[0m\n'}
[28.873703] (-) TimerEvent: {}
[28.974210] (-) TimerEvent: {}
[29.077530] (-) TimerEvent: {}
[29.177989] (-) TimerEvent: {}
[29.278482] (-) TimerEvent: {}
[29.378954] (-) TimerEvent: {}
[29.483532] (-) TimerEvent: {}
[29.584020] (-) TimerEvent: {}
[29.684503] (-) TimerEvent: {}
[29.784986] (-) TimerEvent: {}
[29.885479] (-) TimerEvent: {}
[29.985919] (-) TimerEvent: {}
[29.988554] (cartographer_ros_msgs) StdoutLine: {'line': b'[ 46%] \x1b[32mBuilding CXX object CMakeFiles/cartographer_ros_msgs__rosidl_typesupport_fastrtps_c.dir/rosidl_typesupport_fastrtps_c/cartographer_ros_msgs/msg/detail/metric_label__type_support_c.cpp.o\x1b[0m\n'}
[30.088168] (-) TimerEvent: {}
[30.188589] (-) TimerEvent: {}
[30.289069] (-) TimerEvent: {}
[30.389534] (-) TimerEvent: {}
[30.492533] (-) TimerEvent: {}
[30.506613] (cartographer_ros_msgs) StdoutLine: {'line': b'[ 46%] \x1b[32mBuilding CXX object CMakeFiles/cartographer_ros_msgs__rosidl_typesupport_fastrtps_cpp.dir/rosidl_typesupport_fastrtps_cpp/cartographer_ros_msgs/msg/detail/dds_fastrtps/metric_family__type_support.cpp.o\x1b[0m\n'}
[30.595544] (-) TimerEvent: {}
[30.695921] (-) TimerEvent: {}
[30.796268] (-) TimerEvent: {}
[30.896932] (-) TimerEvent: {}
[30.997555] (-) TimerEvent: {}
[31.097615] (cartographer_ros_msgs) StdoutLine: {'line': b'[ 46%] \x1b[32mBuilding CXX object CMakeFiles/cartographer_ros_msgs__rosidl_typesupport_fastrtps_c.dir/rosidl_typesupport_fastrtps_c/cartographer_ros_msgs/msg/detail/metric__type_support_c.cpp.o\x1b[0m\n'}
[31.097904] (-) TimerEvent: {}
[31.200530] (-) TimerEvent: {}
[31.300950] (-) TimerEvent: {}
[31.403534] (-) TimerEvent: {}
[31.503946] (-) TimerEvent: {}
[31.606533] (-) TimerEvent: {}
[31.648020] (cartographer_ros_msgs) StdoutLine: {'line': b'[ 46%] \x1b[32mBuilding CXX object CMakeFiles/cartographer_ros_msgs__rosidl_typesupport_introspection_cpp.dir/rosidl_typesupport_introspection_cpp/cartographer_ros_msgs/msg/detail/bagfile_progress__type_support.cpp.o\x1b[0m\n'}
[31.706651] (-) TimerEvent: {}
[31.807079] (-) TimerEvent: {}
[31.908538] (-) TimerEvent: {}
[32.011535] (-) TimerEvent: {}
[32.111930] (-) TimerEvent: {}
[32.212318] (-) TimerEvent: {}
[32.261840] (cartographer_ros_msgs) StdoutLine: {'line': b'[ 47%] \x1b[32mBuilding CXX object CMakeFiles/cartographer_ros_msgs__rosidl_typesupport_fastrtps_cpp.dir/rosidl_typesupport_fastrtps_cpp/cartographer_ros_msgs/msg/detail/dds_fastrtps/metric_label__type_support.cpp.o\x1b[0m\n'}
[32.313529] (-) TimerEvent: {}
[32.413931] (-) TimerEvent: {}
[32.514381] (-) TimerEvent: {}
[32.540323] (cartographer_ros_msgs) StdoutLine: {'line': b'[ 48%] \x1b[32mBuilding CXX object CMakeFiles/cartographer_ros_msgs__rosidl_typesupport_fastrtps_c.dir/rosidl_typesupport_fastrtps_c/cartographer_ros_msgs/msg/detail/status_code__type_support_c.cpp.o\x1b[0m\n'}
[32.614519] (-) TimerEvent: {}
[32.715042] (-) TimerEvent: {}
[32.815400] (-) TimerEvent: {}
[32.918534] (-) TimerEvent: {}
[33.020534] (-) TimerEvent: {}
[33.120901] (-) TimerEvent: {}
[33.221305] (-) TimerEvent: {}
[33.297220] (cartographer_ros_msgs) StdoutLine: {'line': b'[ 49%] \x1b[32mBuilding CXX object CMakeFiles/cartographer_ros_msgs__rosidl_typesupport_introspection_cpp.dir/rosidl_typesupport_introspection_cpp/cartographer_ros_msgs/msg/detail/histogram_bucket__type_support.cpp.o\x1b[0m\n'}
[33.321419] (-) TimerEvent: {}
[33.421914] (-) TimerEvent: {}
[33.522541] (-) TimerEvent: {}
[33.629544] (-) TimerEvent: {}
[33.638880] (cartographer_ros_msgs) StdoutLine: {'line': b'[ 49%] \x1b[32mBuilding CXX object CMakeFiles/cartographer_ros_msgs__rosidl_typesupport_fastrtps_cpp.dir/rosidl_typesupport_fastrtps_cpp/cartographer_ros_msgs/msg/detail/dds_fastrtps/metric__type_support.cpp.o\x1b[0m\n'}
[33.732547] (-) TimerEvent: {}
[33.750331] (cartographer_ros_msgs) StdoutLine: {'line': b'[ 49%] \x1b[32mBuilding CXX object CMakeFiles/cartographer_ros_msgs__rosidl_typesupport_fastrtps_c.dir/rosidl_typesupport_fastrtps_c/cartographer_ros_msgs/msg/detail/status_response__type_support_c.cpp.o\x1b[0m\n'}
[33.832669] (-) TimerEvent: {}
[33.866630] (cartographer_ros_msgs) StdoutLine: {'line': b'[ 49%] \x1b[32mBuilding CXX object CMakeFiles/cartographer_ros_msgs__rosidl_typesupport_cpp.dir/rosidl_typesupport_cpp/cartographer_ros_msgs/msg/bagfile_progress__type_support.cpp.o\x1b[0m\n'}
[33.934541] (-) TimerEvent: {}
[34.034942] (-) TimerEvent: {}
[34.135354] (-) TimerEvent: {}
[34.236113] (-) TimerEvent: {}
[34.336810] (-) TimerEvent: {}
[34.438549] (-) TimerEvent: {}
[34.540544] (-) TimerEvent: {}
[34.643544] (-) TimerEvent: {}
[34.680202] (cartographer_ros_msgs) StdoutLine: {'line': b'[ 49%] \x1b[32mBuilding CXX object CMakeFiles/cartographer_ros_msgs__rosidl_typesupport_introspection_cpp.dir/rosidl_typesupport_introspection_cpp/cartographer_ros_msgs/msg/detail/landmark_entry__type_support.cpp.o\x1b[0m\n'}
[34.725986] (cartographer) StdoutLine: {'line': b'[ 14%] \x1b[32m\x1b[1mLinking CXX static library ../lib/libgtest.a\x1b[0m\n'}
[34.746550] (-) TimerEvent: {}
[34.846989] (-) TimerEvent: {}
[34.853438] (cartographer_ros_msgs) StdoutLine: {'line': b'[ 50%] \x1b[32mBuilding CXX object CMakeFiles/cartographer_ros_msgs__rosidl_typesupport_fastrtps_c.dir/rosidl_typesupport_fastrtps_c/cartographer_ros_msgs/msg/detail/submap_entry__type_support_c.cpp.o\x1b[0m\n'}
[34.891847] (cartographer) StdoutLine: {'line': b'[ 14%] Built target gtest\n'}
[34.920638] (cartographer) StdoutLine: {'line': b'[ 15%] \x1b[32mBuilding CXX object CMakeFiles/cartographer.dir/cartographer/io/coloring_points_processor.cc.o\x1b[0m\n'}
[34.946633] (cartographer_ros_msgs) StdoutLine: {'line': b'[ 51%] \x1b[32mBuilding CXX object CMakeFiles/cartographer_ros_msgs__rosidl_typesupport_cpp.dir/rosidl_typesupport_cpp/cartographer_ros_msgs/msg/histogram_bucket__type_support.cpp.o\x1b[0m\n'}
[34.947063] (-) TimerEvent: {}
[35.020629] (cartographer) StdoutLine: {'line': b'[ 16%] \x1b[32mBuilding CXX object gmock/CMakeFiles/gmock.dir/src/gmock-all.cc.o\x1b[0m\n'}
[35.047196] (-) TimerEvent: {}
[35.150543] (-) TimerEvent: {}
[35.251268] (-) TimerEvent: {}
[35.279611] (cartographer) StdoutLine: {'line': b'[ 16%] \x1b[32mBuilding CXX object CMakeFiles/cartographer.dir/cartographer/io/counting_points_processor.cc.o\x1b[0m\n'}
[35.351399] (-) TimerEvent: {}
[35.452173] (-) TimerEvent: {}
[35.523294] (cartographer_ros_msgs) StdoutLine: {'line': b'[ 52%] \x1b[32mBuilding CXX object CMakeFiles/cartographer_ros_msgs__rosidl_typesupport_fastrtps_cpp.dir/rosidl_typesupport_fastrtps_cpp/cartographer_ros_msgs/msg/detail/dds_fastrtps/status_code__type_support.cpp.o\x1b[0m\n'}
[35.556233] (-) TimerEvent: {}
[35.656643] (-) TimerEvent: {}
[35.757089] (-) TimerEvent: {}
[35.857597] (-) TimerEvent: {}
[35.888351] (cartographer_ros_msgs) StdoutLine: {'line': b'[ 53%] \x1b[32mBuilding CXX object CMakeFiles/cartographer_ros_msgs__rosidl_typesupport_introspection_cpp.dir/rosidl_typesupport_introspection_cpp/cartographer_ros_msgs/msg/detail/landmark_list__type_support.cpp.o\x1b[0m\n'}
[35.917623] (cartographer_ros_msgs) StdoutLine: {'line': b'[ 53%] \x1b[32mBuilding CXX object CMakeFiles/cartographer_ros_msgs__rosidl_typesupport_cpp.dir/rosidl_typesupport_cpp/cartographer_ros_msgs/msg/landmark_entry__type_support.cpp.o\x1b[0m\n'}
[35.957722] (-) TimerEvent: {}
[36.058239] (-) TimerEvent: {}
[36.126889] (cartographer_ros_msgs) StdoutLine: {'line': b'[ 53%] \x1b[32mBuilding CXX object CMakeFiles/cartographer_ros_msgs__rosidl_typesupport_fastrtps_c.dir/rosidl_typesupport_fastrtps_c/cartographer_ros_msgs/msg/detail/submap_list__type_support_c.cpp.o\x1b[0m\n'}
[36.160546] (-) TimerEvent: {}
[36.229611] (cartographer) StdoutLine: {'line': b'[ 16%] \x1b[32mBuilding CXX object CMakeFiles/cartographer.dir/cartographer/io/draw_trajectories.cc.o\x1b[0m\n'}
[36.260675] (-) TimerEvent: {}
[36.362556] (-) TimerEvent: {}
[36.464543] (-) TimerEvent: {}
[36.564957] (-) TimerEvent: {}
[36.666546] (-) TimerEvent: {}
[36.769542] (-) TimerEvent: {}
[36.870009] (-) TimerEvent: {}
[36.905569] (cartographer_ros_msgs) StdoutLine: {'line': b'[ 54%] \x1b[32mBuilding CXX object CMakeFiles/cartographer_ros_msgs__rosidl_typesupport_cpp.dir/rosidl_typesupport_cpp/cartographer_ros_msgs/msg/landmark_list__type_support.cpp.o\x1b[0m\n'}
[36.951523] (cartographer_ros_msgs) StdoutLine: {'line': b'[ 54%] \x1b[32mBuilding CXX object CMakeFiles/cartographer_ros_msgs__rosidl_typesupport_fastrtps_cpp.dir/rosidl_typesupport_fastrtps_cpp/cartographer_ros_msgs/msg/detail/dds_fastrtps/status_response__type_support.cpp.o\x1b[0m\n'}
[36.970117] (-) TimerEvent: {}
[37.072550] (-) TimerEvent: {}
[37.172961] (-) TimerEvent: {}
[37.275545] (-) TimerEvent: {}
[37.334521] (cartographer_ros_msgs) StdoutLine: {'line': b'[ 55%] \x1b[32mBuilding CXX object CMakeFiles/cartographer_ros_msgs__rosidl_typesupport_fastrtps_c.dir/rosidl_typesupport_fastrtps_c/cartographer_ros_msgs/msg/detail/submap_texture__type_support_c.cpp.o\x1b[0m\n'}
[37.375674] (-) TimerEvent: {}
[37.476102] (-) TimerEvent: {}
[37.576536] (-) TimerEvent: {}
[37.626796] (cartographer_ros_msgs) StdoutLine: {'line': b'[ 55%] \x1b[32mBuilding CXX object CMakeFiles/cartographer_ros_msgs__rosidl_typesupport_introspection_cpp.dir/rosidl_typesupport_introspection_cpp/cartographer_ros_msgs/msg/detail/metric_family__type_support.cpp.o\x1b[0m\n'}
[37.678551] (-) TimerEvent: {}
[37.779068] (-) TimerEvent: {}
[37.879502] (-) TimerEvent: {}
[37.979925] (-) TimerEvent: {}
[38.003615] (cartographer_ros_msgs) StdoutLine: {'line': b'[ 55%] \x1b[32mBuilding CXX object CMakeFiles/cartographer_ros_msgs__rosidl_typesupport_cpp.dir/rosidl_typesupport_cpp/cartographer_ros_msgs/msg/metric_family__type_support.cpp.o\x1b[0m\n'}
[38.080050] (-) TimerEvent: {}
[38.181542] (-) TimerEvent: {}
[38.282054] (-) TimerEvent: {}
[38.382506] (-) TimerEvent: {}
[38.484549] (-) TimerEvent: {}
[38.585050] (-) TimerEvent: {}
[38.650557] (cartographer_ros_msgs) StdoutLine: {'line': b'[ 56%] \x1b[32mBuilding CXX object CMakeFiles/cartographer_ros_msgs__rosidl_typesupport_fastrtps_cpp.dir/rosidl_typesupport_fastrtps_cpp/cartographer_ros_msgs/msg/detail/dds_fastrtps/submap_entry__type_support.cpp.o\x1b[0m\n'}
[38.677745] (cartographer_ros_msgs) StdoutLine: {'line': b'[ 56%] \x1b[32mBuilding CXX object CMakeFiles/cartographer_ros_msgs__rosidl_typesupport_fastrtps_c.dir/rosidl_typesupport_fastrtps_c/cartographer_ros_msgs/msg/detail/trajectory_states__type_support_c.cpp.o\x1b[0m\n'}
[38.683344] (cartographer_ros_msgs) StdoutLine: {'line': b'[ 57%] \x1b[32mBuilding CXX object CMakeFiles/cartographer_ros_msgs__rosidl_typesupport_cpp.dir/rosidl_typesupport_cpp/cartographer_ros_msgs/msg/metric_label__type_support.cpp.o\x1b[0m\n'}
[38.685129] (-) TimerEvent: {}
[38.785504] (-) TimerEvent: {}
[38.890545] (-) TimerEvent: {}
[38.991385] (-) TimerEvent: {}
[39.091893] (-) TimerEvent: {}
[39.193549] (-) TimerEvent: {}
[39.295547] (-) TimerEvent: {}
[39.395956] (-) TimerEvent: {}
[39.496354] (-) TimerEvent: {}
[39.596780] (-) TimerEvent: {}
[39.674524] (cartographer_ros_msgs) StdoutLine: {'line': b'[ 58%] \x1b[32mBuilding CXX object CMakeFiles/cartographer_ros_msgs__rosidl_typesupport_introspection_cpp.dir/rosidl_typesupport_introspection_cpp/cartographer_ros_msgs/msg/detail/metric_label__type_support.cpp.o\x1b[0m\n'}
[39.696897] (-) TimerEvent: {}
[39.787526] (cartographer_ros_msgs) StdoutLine: {'line': b'[ 58%] \x1b[32mBuilding CXX object CMakeFiles/cartographer_ros_msgs__rosidl_typesupport_cpp.dir/rosidl_typesupport_cpp/cartographer_ros_msgs/msg/metric__type_support.cpp.o\x1b[0m\n'}
[39.796987] (-) TimerEvent: {}
[39.898103] (-) TimerEvent: {}
[39.999300] (-) TimerEvent: {}
[40.011085] (cartographer_ros_msgs) StdoutLine: {'line': b'[ 59%] \x1b[32mBuilding CXX object CMakeFiles/cartographer_ros_msgs__rosidl_typesupport_fastrtps_c.dir/rosidl_typesupport_fastrtps_c/cartographer_ros_msgs/srv/detail/finish_trajectory__type_support_c.cpp.o\x1b[0m\n'}
[40.060616] (cartographer_ros_msgs) StdoutLine: {'line': b'[ 59%] \x1b[32mBuilding CXX object CMakeFiles/cartographer_ros_msgs__rosidl_typesupport_fastrtps_cpp.dir/rosidl_typesupport_fastrtps_cpp/cartographer_ros_msgs/msg/detail/dds_fastrtps/submap_list__type_support.cpp.o\x1b[0m\n'}
[40.099424] (-) TimerEvent: {}
[40.199941] (-) TimerEvent: {}
[40.300442] (-) TimerEvent: {}
[40.400974] (-) TimerEvent: {}
[40.503548] (-) TimerEvent: {}
[40.603969] (-) TimerEvent: {}
[40.705558] (-) TimerEvent: {}
[40.806006] (-) TimerEvent: {}
[40.843529] (cartographer_ros_msgs) StdoutLine: {'line': b'[ 60%] \x1b[32mBuilding CXX object CMakeFiles/cartographer_ros_msgs__rosidl_typesupport_cpp.dir/rosidl_typesupport_cpp/cartographer_ros_msgs/msg/status_code__type_support.cpp.o\x1b[0m\n'}
[40.906138] (-) TimerEvent: {}
[40.971619] (cartographer_ros_msgs) StdoutLine: {'line': b'[ 60%] \x1b[32mBuilding CXX object CMakeFiles/cartographer_ros_msgs__rosidl_typesupport_introspection_cpp.dir/rosidl_typesupport_introspection_cpp/cartographer_ros_msgs/msg/detail/metric__type_support.cpp.o\x1b[0m\n'}
[41.008540] (-) TimerEvent: {}
[41.111545] (-) TimerEvent: {}
[41.212021] (-) TimerEvent: {}
[41.312502] (-) TimerEvent: {}
[41.413045] (-) TimerEvent: {}
[41.516547] (-) TimerEvent: {}
[41.601725] (cartographer_ros_msgs) StdoutLine: {'line': b'[ 60%] \x1b[32mBuilding CXX object CMakeFiles/cartographer_ros_msgs__rosidl_typesupport_fastrtps_c.dir/rosidl_typesupport_fastrtps_c/cartographer_ros_msgs/srv/detail/get_trajectory_states__type_support_c.cpp.o\x1b[0m\n'}
[41.618542] (-) TimerEvent: {}
[41.635624] (cartographer_ros_msgs) StdoutLine: {'line': b'[ 61%] \x1b[32mBuilding CXX object CMakeFiles/cartographer_ros_msgs__rosidl_typesupport_fastrtps_cpp.dir/rosidl_typesupport_fastrtps_cpp/cartographer_ros_msgs/msg/detail/dds_fastrtps/submap_texture__type_support.cpp.o\x1b[0m\n'}
[41.718692] (-) TimerEvent: {}
[41.758017] (cartographer_ros_msgs) StdoutLine: {'line': b'[ 61%] \x1b[32mBuilding CXX object CMakeFiles/cartographer_ros_msgs__rosidl_typesupport_cpp.dir/rosidl_typesupport_cpp/cartographer_ros_msgs/msg/status_response__type_support.cpp.o\x1b[0m\n'}
[41.818815] (-) TimerEvent: {}
[41.920541] (-) TimerEvent: {}
[42.023564] (-) TimerEvent: {}
[42.123975] (-) TimerEvent: {}
[42.227545] (-) TimerEvent: {}
[42.327970] (-) TimerEvent: {}
[42.428509] (-) TimerEvent: {}
[42.529307] (-) TimerEvent: {}
[42.629872] (-) TimerEvent: {}
[42.730926] (-) TimerEvent: {}
[42.799233] (cartographer_ros_msgs) StdoutLine: {'line': b'[ 62%] \x1b[32mBuilding CXX object CMakeFiles/cartographer_ros_msgs__rosidl_typesupport_cpp.dir/rosidl_typesupport_cpp/cartographer_ros_msgs/msg/submap_entry__type_support.cpp.o\x1b[0m\n'}
[42.816615] (cartographer_ros_msgs) StdoutLine: {'line': b'[ 63%] \x1b[32mBuilding CXX object CMakeFiles/cartographer_ros_msgs__rosidl_typesupport_introspection_cpp.dir/rosidl_typesupport_introspection_cpp/cartographer_ros_msgs/msg/detail/status_code__type_support.cpp.o\x1b[0m\n'}
[42.833538] (-) TimerEvent: {}
[42.888798] (cartographer_ros_msgs) StdoutLine: {'line': b'[ 64%] \x1b[32mBuilding CXX object CMakeFiles/cartographer_ros_msgs__rosidl_typesupport_fastrtps_c.dir/rosidl_typesupport_fastrtps_c/cartographer_ros_msgs/srv/detail/read_metrics__type_support_c.cpp.o\x1b[0m\n'}
[42.933659] (-) TimerEvent: {}
[43.034128] (-) TimerEvent: {}
[43.134655] (-) TimerEvent: {}
[43.188615] (cartographer_ros_msgs) StdoutLine: {'line': b'[ 64%] \x1b[32mBuilding CXX object CMakeFiles/cartographer_ros_msgs__rosidl_typesupport_fastrtps_cpp.dir/rosidl_typesupport_fastrtps_cpp/cartographer_ros_msgs/msg/detail/dds_fastrtps/trajectory_states__type_support.cpp.o\x1b[0m\n'}
[43.238661] (-) TimerEvent: {}
[43.340543] (-) TimerEvent: {}
[43.441045] (-) TimerEvent: {}
[43.543551] (-) TimerEvent: {}
[43.644051] (-) TimerEvent: {}
[43.744550] (-) TimerEvent: {}
[43.844963] (-) TimerEvent: {}
[43.890668] (cartographer_ros_msgs) StdoutLine: {'line': b'[ 64%] \x1b[32mBuilding CXX object CMakeFiles/cartographer_ros_msgs__rosidl_typesupport_fastrtps_c.dir/rosidl_typesupport_fastrtps_c/cartographer_ros_msgs/srv/detail/start_trajectory__type_support_c.cpp.o\x1b[0m\n'}
[43.922851] (cartographer_ros_msgs) StdoutLine: {'line': b'[ 64%] \x1b[32mBuilding CXX object CMakeFiles/cartographer_ros_msgs__rosidl_typesupport_cpp.dir/rosidl_typesupport_cpp/cartographer_ros_msgs/msg/submap_list__type_support.cpp.o\x1b[0m\n'}
[43.945084] (-) TimerEvent: {}
[44.045549] (-) TimerEvent: {}
[44.146044] (-) TimerEvent: {}
[44.248556] (-) TimerEvent: {}
[44.349007] (-) TimerEvent: {}
[44.449419] (-) TimerEvent: {}
[44.470520] (cartographer_ros_msgs) StdoutLine: {'line': b'[ 64%] \x1b[32mBuilding CXX object CMakeFiles/cartographer_ros_msgs__rosidl_typesupport_introspection_cpp.dir/rosidl_typesupport_introspection_cpp/cartographer_ros_msgs/msg/detail/status_response__type_support.cpp.o\x1b[0m\n'}
[44.549549] (-) TimerEvent: {}
[44.651645] (-) TimerEvent: {}
[44.752342] (-) TimerEvent: {}
[44.852799] (-) TimerEvent: {}
[44.950417] (cartographer_ros_msgs) StdoutLine: {'line': b'[ 65%] \x1b[32mBuilding CXX object CMakeFiles/cartographer_ros_msgs__rosidl_typesupport_cpp.dir/rosidl_typesupport_cpp/cartographer_ros_msgs/msg/submap_texture__type_support.cpp.o\x1b[0m\n'}
[44.953499] (-) TimerEvent: {}
[45.015551] (cartographer_ros_msgs) StdoutLine: {'line': b'[ 66%] \x1b[32mBuilding CXX object CMakeFiles/cartographer_ros_msgs__rosidl_typesupport_fastrtps_cpp.dir/rosidl_typesupport_fastrtps_cpp/cartographer_ros_msgs/srv/detail/dds_fastrtps/finish_trajectory__type_support.cpp.o\x1b[0m\n'}
[45.053644] (-) TimerEvent: {}
[45.154153] (-) TimerEvent: {}
[45.254661] (-) TimerEvent: {}
[45.356548] (-) TimerEvent: {}
[45.407726] (cartographer_ros_msgs) StdoutLine: {'line': b'[ 67%] \x1b[32mBuilding CXX object CMakeFiles/cartographer_ros_msgs__rosidl_typesupport_fastrtps_c.dir/rosidl_typesupport_fastrtps_c/cartographer_ros_msgs/srv/detail/trajectory_query__type_support_c.cpp.o\x1b[0m\n'}
[45.456692] (-) TimerEvent: {}
[45.560714] (-) TimerEvent: {}
[45.661208] (-) TimerEvent: {}
[45.764549] (-) TimerEvent: {}
[45.865094] (-) TimerEvent: {}
[45.943616] (cartographer_ros_msgs) StdoutLine: {'line': b'[ 68%] \x1b[32mBuilding CXX object CMakeFiles/cartographer_ros_msgs__rosidl_typesupport_introspection_cpp.dir/rosidl_typesupport_introspection_cpp/cartographer_ros_msgs/msg/detail/submap_entry__type_support.cpp.o\x1b[0m\n'}
[45.966534] (-) TimerEvent: {}
[46.067024] (-) TimerEvent: {}
[46.078008] (cartographer_ros_msgs) StdoutLine: {'line': b'[ 68%] \x1b[32mBuilding CXX object CMakeFiles/cartographer_ros_msgs__rosidl_typesupport_cpp.dir/rosidl_typesupport_cpp/cartographer_ros_msgs/msg/trajectory_states__type_support.cpp.o\x1b[0m\n'}
[46.167149] (-) TimerEvent: {}
[46.268327] (-) TimerEvent: {}
[46.368891] (-) TimerEvent: {}
[46.473540] (-) TimerEvent: {}
[46.573967] (-) TimerEvent: {}
[46.674392] (-) TimerEvent: {}
[46.685513] (cartographer_ros_msgs) StdoutLine: {'line': b'[ 68%] \x1b[32mBuilding CXX object CMakeFiles/cartographer_ros_msgs__rosidl_typesupport_fastrtps_cpp.dir/rosidl_typesupport_fastrtps_cpp/cartographer_ros_msgs/srv/detail/dds_fastrtps/get_trajectory_states__type_support.cpp.o\x1b[0m\n'}
[46.774532] (-) TimerEvent: {}
[46.777572] (cartographer) StdoutLine: {'line': b'[ 16%] \x1b[32m\x1b[1mLinking CXX static library ../lib/libgmock.a\x1b[0m\n'}
[46.874651] (-) TimerEvent: {}
[46.880983] (cartographer_ros_msgs) StdoutLine: {'line': b'[ 68%] \x1b[32mBuilding CXX object CMakeFiles/cartographer_ros_msgs__rosidl_typesupport_fastrtps_c.dir/rosidl_typesupport_fastrtps_c/cartographer_ros_msgs/srv/detail/submap_query__type_support_c.cpp.o\x1b[0m\n'}
[46.895693] (cartographer) StdoutLine: {'line': b'[ 16%] Built target gmock\n'}
[46.974777] (-) TimerEvent: {}
[47.000613] (cartographer_ros_msgs) StdoutLine: {'line': b'[ 69%] \x1b[32mBuilding CXX object CMakeFiles/cartographer_ros_msgs__rosidl_typesupport_cpp.dir/rosidl_typesupport_cpp/cartographer_ros_msgs/srv/finish_trajectory__type_support.cpp.o\x1b[0m\n'}
[47.077544] (-) TimerEvent: {}
[47.178127] (-) TimerEvent: {}
[47.213306] (cartographer_ros_msgs) StdoutLine: {'line': b'[ 69%] \x1b[32mBuilding CXX object CMakeFiles/cartographer_ros_msgs__rosidl_typesupport_introspection_cpp.dir/rosidl_typesupport_introspection_cpp/cartographer_ros_msgs/msg/detail/submap_list__type_support.cpp.o\x1b[0m\n'}
[47.278255] (-) TimerEvent: {}
[47.378683] (-) TimerEvent: {}
[47.479099] (-) TimerEvent: {}
[47.579750] (-) TimerEvent: {}
[47.680276] (-) TimerEvent: {}
[47.737146] (cartographer_ros_msgs) StdoutLine: {'line': b'[ 69%] \x1b[32mBuilding CXX object CMakeFiles/cartographer_ros_msgs__rosidl_typesupport_cpp.dir/rosidl_typesupport_cpp/cartographer_ros_msgs/srv/get_trajectory_states__type_support.cpp.o\x1b[0m\n'}
[47.760540] (cartographer_ros_msgs) StdoutLine: {'line': b'[ 70%] \x1b[32mBuilding CXX object CMakeFiles/cartographer_ros_msgs__rosidl_typesupport_fastrtps_cpp.dir/rosidl_typesupport_fastrtps_cpp/cartographer_ros_msgs/srv/detail/dds_fastrtps/read_metrics__type_support.cpp.o\x1b[0m\n'}
[47.780390] (-) TimerEvent: {}
[47.871294] (cartographer_ros_msgs) StdoutLine: {'line': b'[ 71%] \x1b[32mBuilding CXX object CMakeFiles/cartographer_ros_msgs__rosidl_typesupport_fastrtps_c.dir/rosidl_typesupport_fastrtps_c/cartographer_ros_msgs/srv/detail/write_state__type_support_c.cpp.o\x1b[0m\n'}
[47.880498] (-) TimerEvent: {}
[47.982546] (-) TimerEvent: {}
[48.082983] (-) TimerEvent: {}
[48.117689] (cartographer_ros_msgs) StdoutLine: {'line': b'[ 72%] \x1b[32mBuilding CXX object CMakeFiles/cartographer_ros_msgs__rosidl_typesupport_introspection_cpp.dir/rosidl_typesupport_introspection_cpp/cartographer_ros_msgs/msg/detail/submap_texture__type_support.cpp.o\x1b[0m\n'}
[48.183392] (-) TimerEvent: {}
[48.286875] (-) TimerEvent: {}
[48.339189] (cartographer) StdoutLine: {'line': b'[ 17%] \x1b[32mBuilding CXX object CMakeFiles/cartographer.dir/cartographer/io/fixed_ratio_sampling_points_processor.cc.o\x1b[0m\n'}
[48.374328] (cartographer_ros_msgs) StdoutLine: {'line': b'[ 73%] \x1b[32mBuilding CXX object CMakeFiles/cartographer_ros_msgs__rosidl_typesupport_cpp.dir/rosidl_typesupport_cpp/cartographer_ros_msgs/srv/read_metrics__type_support.cpp.o\x1b[0m\n'}
[48.386976] (-) TimerEvent: {}
[48.487332] (-) TimerEvent: {}
[48.588264] (-) TimerEvent: {}
[48.691545] (-) TimerEvent: {}
[48.744088] (cartographer_ros_msgs) StdoutLine: {'line': b'[ 73%] \x1b[32mBuilding CXX object CMakeFiles/cartographer_ros_msgs__rosidl_typesupport_fastrtps_c.dir/rosidl_typesupport_fastrtps_c/cartographer_ros_msgs/srv/detail/get_slam_state__type_support_c.cpp.o\x1b[0m\n'}
[48.791670] (-) TimerEvent: {}
[48.892096] (-) TimerEvent: {}
[48.911188] (cartographer_ros_msgs) StdoutLine: {'line': b'[ 73%] \x1b[32mBuilding CXX object CMakeFiles/cartographer_ros_msgs__rosidl_typesupport_fastrtps_cpp.dir/rosidl_typesupport_fastrtps_cpp/cartographer_ros_msgs/srv/detail/dds_fastrtps/start_trajectory__type_support.cpp.o\x1b[0m\n'}
[48.938518] (cartographer_ros_msgs) StdoutLine: {'line': b'[ 73%] \x1b[32mBuilding CXX object CMakeFiles/cartographer_ros_msgs__rosidl_typesupport_cpp.dir/rosidl_typesupport_cpp/cartographer_ros_msgs/srv/start_trajectory__type_support.cpp.o\x1b[0m\n'}
[48.992220] (-) TimerEvent: {}
[49.063678] (cartographer_ros_msgs) StdoutLine: {'line': b'[ 73%] \x1b[32mBuilding CXX object CMakeFiles/cartographer_ros_msgs__rosidl_typesupport_introspection_cpp.dir/rosidl_typesupport_introspection_cpp/cartographer_ros_msgs/msg/detail/trajectory_states__type_support.cpp.o\x1b[0m\n'}
[49.092339] (-) TimerEvent: {}
[49.196552] (-) TimerEvent: {}
[49.297055] (-) TimerEvent: {}
[49.397492] (-) TimerEvent: {}
[49.497906] (-) TimerEvent: {}
[49.551398] (cartographer_ros_msgs) StdoutLine: {'line': b'[ 74%] \x1b[32mBuilding CXX object CMakeFiles/cartographer_ros_msgs__rosidl_typesupport_cpp.dir/rosidl_typesupport_cpp/cartographer_ros_msgs/srv/trajectory_query__type_support.cpp.o\x1b[0m\n'}
[49.586058] (cartographer_ros_msgs) StdoutLine: {'line': b'[ 75%] \x1b[32mBuilding CXX object CMakeFiles/cartographer_ros_msgs__rosidl_typesupport_fastrtps_c.dir/rosidl_typesupport_fastrtps_c/cartographer_ros_msgs/srv/detail/set_slam_state__type_support_c.cpp.o\x1b[0m\n'}
[49.597995] (-) TimerEvent: {}
[49.699694] (-) TimerEvent: {}
[49.767605] (cartographer_ros_msgs) StdoutLine: {'line': b'[ 76%] \x1b[32mBuilding CXX object CMakeFiles/cartographer_ros_msgs__rosidl_typesupport_fastrtps_cpp.dir/rosidl_typesupport_fastrtps_cpp/cartographer_ros_msgs/srv/detail/dds_fastrtps/trajectory_query__type_support.cpp.o\x1b[0m\n'}
[49.799821] (-) TimerEvent: {}
[49.900353] (-) TimerEvent: {}
[50.001835] (-) TimerEvent: {}
[50.043857] (cartographer_ros_msgs) StdoutLine: {'line': b'[ 77%] \x1b[32mBuilding CXX object CMakeFiles/cartographer_ros_msgs__rosidl_typesupport_introspection_cpp.dir/rosidl_typesupport_introspection_cpp/cartographer_ros_msgs/srv/detail/finish_trajectory__type_support.cpp.o\x1b[0m\n'}
[50.101962] (-) TimerEvent: {}
[50.142260] (cartographer_ros_msgs) StdoutLine: {'line': b'[ 77%] \x1b[32mBuilding CXX object CMakeFiles/cartographer_ros_msgs__rosidl_typesupport_cpp.dir/rosidl_typesupport_cpp/cartographer_ros_msgs/srv/submap_query__type_support.cpp.o\x1b[0m\n'}
[50.202084] (-) TimerEvent: {}
[50.302551] (-) TimerEvent: {}
[50.403128] (-) TimerEvent: {}
[50.491070] (cartographer_ros_msgs) StdoutLine: {'line': b'[ 77%] \x1b[32m\x1b[1mLinking CXX shared library libcartographer_ros_msgs__rosidl_typesupport_fastrtps_c.so\x1b[0m\n'}
[50.503223] (-) TimerEvent: {}
[50.605546] (-) TimerEvent: {}
[50.705967] (-) TimerEvent: {}
[50.728545] (cartographer_ros_msgs) StdoutLine: {'line': b'[ 78%] \x1b[32mBuilding CXX object CMakeFiles/cartographer_ros_msgs__rosidl_typesupport_cpp.dir/rosidl_typesupport_cpp/cartographer_ros_msgs/srv/write_state__type_support.cpp.o\x1b[0m\n'}
[50.735223] (cartographer_ros_msgs) StdoutLine: {'line': b'[ 78%] Built target cartographer_ros_msgs__rosidl_typesupport_fastrtps_c\n'}
[50.806091] (-) TimerEvent: {}
[50.906517] (-) TimerEvent: {}
[50.944069] (cartographer_ros_msgs) StdoutLine: {'line': b'[ 78%] \x1b[32mBuilding CXX object CMakeFiles/cartographer_ros_msgs__rosidl_typesupport_fastrtps_cpp.dir/rosidl_typesupport_fastrtps_cpp/cartographer_ros_msgs/srv/detail/dds_fastrtps/submap_query__type_support.cpp.o\x1b[0m\n'}
[50.987531] (cartographer_ros_msgs) StdoutLine: {'line': b'[ 78%] \x1b[32mBuilding CXX object CMakeFiles/cartographer_ros_msgs__rosidl_typesupport_introspection_cpp.dir/rosidl_typesupport_introspection_cpp/cartographer_ros_msgs/srv/detail/get_trajectory_states__type_support.cpp.o\x1b[0m\n'}
[51.006638] (-) TimerEvent: {}
[51.107164] (-) TimerEvent: {}
[51.207684] (-) TimerEvent: {}
[51.236682] (cartographer_ros_msgs) StdoutLine: {'line': b'[ 78%] \x1b[32mBuilding CXX object CMakeFiles/cartographer_ros_msgs__rosidl_typesupport_cpp.dir/rosidl_typesupport_cpp/cartographer_ros_msgs/srv/get_slam_state__type_support.cpp.o\x1b[0m\n'}
[51.307815] (-) TimerEvent: {}
[51.408249] (-) TimerEvent: {}
[51.511686] (-) TimerEvent: {}
[51.612126] (-) TimerEvent: {}
[51.712555] (-) TimerEvent: {}
[51.737956] (cartographer_ros_msgs) StdoutLine: {'line': b'[ 79%] \x1b[32mBuilding CXX object CMakeFiles/cartographer_ros_msgs__rosidl_typesupport_cpp.dir/rosidl_typesupport_cpp/cartographer_ros_msgs/srv/set_slam_state__type_support.cpp.o\x1b[0m\n'}
[51.779356] (cartographer_ros_msgs) StdoutLine: {'line': b'[ 80%] \x1b[32mBuilding CXX object CMakeFiles/cartographer_ros_msgs__rosidl_typesupport_introspection_cpp.dir/rosidl_typesupport_introspection_cpp/cartographer_ros_msgs/srv/detail/read_metrics__type_support.cpp.o\x1b[0m\n'}
[51.812687] (-) TimerEvent: {}
[51.814187] (cartographer_ros_msgs) StdoutLine: {'line': b'[ 81%] \x1b[32mBuilding CXX object CMakeFiles/cartographer_ros_msgs__rosidl_typesupport_fastrtps_cpp.dir/rosidl_typesupport_fastrtps_cpp/cartographer_ros_msgs/srv/detail/dds_fastrtps/write_state__type_support.cpp.o\x1b[0m\n'}
[51.912819] (-) TimerEvent: {}
[52.013646] (-) TimerEvent: {}
[52.115546] (-) TimerEvent: {}
[52.215987] (-) TimerEvent: {}
[52.249132] (cartographer_ros_msgs) StdoutLine: {'line': b'[ 81%] \x1b[32m\x1b[1mLinking CXX shared library libcartographer_ros_msgs__rosidl_typesupport_cpp.so\x1b[0m\n'}
[52.316116] (-) TimerEvent: {}
[52.338381] (cartographer_ros_msgs) StdoutLine: {'line': b'[ 81%] Built target cartographer_ros_msgs__rosidl_typesupport_cpp\n'}
[52.416245] (-) TimerEvent: {}
[52.483203] (cartographer_ros_msgs) StdoutLine: {'line': b'[ 81%] \x1b[32mBuilding CXX object CMakeFiles/cartographer_ros_msgs__rosidl_typesupport_fastrtps_cpp.dir/rosidl_typesupport_fastrtps_cpp/cartographer_ros_msgs/srv/detail/dds_fastrtps/get_slam_state__type_support.cpp.o\x1b[0m\n'}
[52.516400] (-) TimerEvent: {}
[52.616829] (-) TimerEvent: {}
[52.717565] (-) TimerEvent: {}
[52.794204] (cartographer_ros_msgs) StdoutLine: {'line': b'[ 82%] \x1b[32mBuilding CXX object CMakeFiles/cartographer_ros_msgs__rosidl_typesupport_introspection_cpp.dir/rosidl_typesupport_introspection_cpp/cartographer_ros_msgs/srv/detail/trajectory_query__type_support.cpp.o\x1b[0m\n'}
[52.819537] (-) TimerEvent: {}
[52.920992] (-) TimerEvent: {}
[52.943312] (cartographer_ros_msgs) StdoutLine: {'line': b'[ 83%] \x1b[32mBuilding CXX object CMakeFiles/cartographer_ros_msgs__rosidl_typesupport_fastrtps_cpp.dir/rosidl_typesupport_fastrtps_cpp/cartographer_ros_msgs/srv/detail/dds_fastrtps/set_slam_state__type_support.cpp.o\x1b[0m\n'}
[53.021120] (-) TimerEvent: {}
[53.121520] (-) TimerEvent: {}
[53.221869] (-) TimerEvent: {}
[53.322525] (-) TimerEvent: {}
[53.399061] (cartographer_ros_msgs) StdoutLine: {'line': b'[ 83%] \x1b[32m\x1b[1mLinking CXX shared library libcartographer_ros_msgs__rosidl_typesupport_fastrtps_cpp.so\x1b[0m\n'}
[53.422653] (-) TimerEvent: {}
[53.512478] (cartographer_ros_msgs) StdoutLine: {'line': b'[ 83%] Built target cartographer_ros_msgs__rosidl_typesupport_fastrtps_cpp\n'}
[53.522721] (-) TimerEvent: {}
[53.575417] (cartographer_ros_msgs) StdoutLine: {'line': b'[ 84%] \x1b[32mBuilding CXX object CMakeFiles/cartographer_ros_msgs__rosidl_typesupport_introspection_cpp.dir/rosidl_typesupport_introspection_cpp/cartographer_ros_msgs/srv/detail/write_state__type_support.cpp.o\x1b[0m\n'}
[53.622874] (-) TimerEvent: {}
[53.723285] (-) TimerEvent: {}
[53.824048] (-) TimerEvent: {}
[53.924484] (-) TimerEvent: {}
[54.023063] (cartographer_ros_msgs) StdoutLine: {'line': b'[ 84%] \x1b[32mBuilding CXX object CMakeFiles/cartographer_ros_msgs__rosidl_typesupport_introspection_cpp.dir/rosidl_typesupport_introspection_cpp/cartographer_ros_msgs/srv/detail/get_slam_state__type_support.cpp.o\x1b[0m\n'}
[54.024514] (-) TimerEvent: {}
[54.124860] (-) TimerEvent: {}
[54.225286] (-) TimerEvent: {}
[54.325705] (-) TimerEvent: {}
[54.426114] (-) TimerEvent: {}
[54.441250] (cartographer_ros_msgs) StdoutLine: {'line': b'[ 85%] \x1b[32mBuilding CXX object CMakeFiles/cartographer_ros_msgs__rosidl_typesupport_introspection_cpp.dir/rosidl_typesupport_introspection_cpp/cartographer_ros_msgs/srv/detail/set_slam_state__type_support.cpp.o\x1b[0m\n'}
[54.524340] (cartographer) StdoutLine: {'line': b'[ 17%] \x1b[32mBuilding CXX object CMakeFiles/cartographer.dir/cartographer/io/frame_id_filtering_points_processor.cc.o\x1b[0m\n'}
[54.526195] (-) TimerEvent: {}
[54.626539] (-) TimerEvent: {}
[54.727021] (-) TimerEvent: {}
[54.827419] (-) TimerEvent: {}
[54.849608] (cartographer_ros_msgs) StdoutLine: {'line': b'[ 85%] \x1b[32mBuilding CXX object CMakeFiles/cartographer_ros_msgs__rosidl_typesupport_introspection_cpp.dir/rosidl_typesupport_introspection_cpp/cartographer_ros_msgs/srv/detail/submap_query__type_support.cpp.o\x1b[0m\n'}
[54.927557] (-) TimerEvent: {}
[55.027975] (-) TimerEvent: {}
[55.128380] (-) TimerEvent: {}
[55.228805] (-) TimerEvent: {}
[55.329212] (-) TimerEvent: {}
[55.360832] (cartographer_ros_msgs) StdoutLine: {'line': b'[ 85%] \x1b[32mBuilding CXX object CMakeFiles/cartographer_ros_msgs__rosidl_typesupport_introspection_cpp.dir/rosidl_typesupport_introspection_cpp/cartographer_ros_msgs/srv/detail/start_trajectory__type_support.cpp.o\x1b[0m\n'}
[55.429344] (-) TimerEvent: {}
[55.529754] (-) TimerEvent: {}
[55.630171] (-) TimerEvent: {}
[55.730577] (-) TimerEvent: {}
[55.784963] (cartographer_ros_msgs) StdoutLine: {'line': b'[ 85%] \x1b[32m\x1b[1mLinking CXX shared library libcartographer_ros_msgs__rosidl_typesupport_introspection_cpp.so\x1b[0m\n'}
[55.830716] (-) TimerEvent: {}
[55.897885] (cartographer_ros_msgs) StdoutLine: {'line': b'[ 85%] Built target cartographer_ros_msgs__rosidl_typesupport_introspection_cpp\n'}
[55.917007] (cartographer_ros_msgs) StdoutLine: {'line': b'[ 85%] Built target cartographer_ros_msgs\n'}
[55.930817] (-) TimerEvent: {}
[55.938385] (cartographer_ros_msgs) StdoutLine: {'line': b'[ 86%] \x1b[34m\x1b[1mGenerating Python code for ROS interfaces\x1b[0m\n'}
[56.030933] (-) TimerEvent: {}
[56.131299] (-) TimerEvent: {}
[56.231706] (-) TimerEvent: {}
[56.332092] (-) TimerEvent: {}
[56.432450] (-) TimerEvent: {}
[56.532855] (-) TimerEvent: {}
[56.633232] (-) TimerEvent: {}
[56.733587] (-) TimerEvent: {}
[56.833968] (-) TimerEvent: {}
[56.934327] (-) TimerEvent: {}
[57.034699] (-) TimerEvent: {}
[57.135063] (-) TimerEvent: {}
[57.235420] (-) TimerEvent: {}
[57.335792] (-) TimerEvent: {}
[57.436204] (-) TimerEvent: {}
[57.536556] (-) TimerEvent: {}
[57.540060] (cartographer) StdoutLine: {'line': b'[ 17%] \x1b[32mBuilding CXX object CMakeFiles/cartographer.dir/cartographer/io/hybrid_grid_points_processor.cc.o\x1b[0m\n'}
[57.636666] (-) TimerEvent: {}
[57.737535] (-) TimerEvent: {}
[57.837914] (-) TimerEvent: {}
[57.938262] (-) TimerEvent: {}
[58.038645] (-) TimerEvent: {}
[58.140523] (-) TimerEvent: {}
[58.240871] (-) TimerEvent: {}
[58.341237] (-) TimerEvent: {}
[58.441624] (-) TimerEvent: {}
[58.541968] (-) TimerEvent: {}
[58.557587] (cartographer) StdoutLine: {'line': b'[ 17%] \x1b[32mBuilding CXX object CMakeFiles/cartographer.dir/cartographer/io/file_writer.cc.o\x1b[0m\n'}
[58.642085] (-) TimerEvent: {}
[58.742527] (-) TimerEvent: {}
[58.843533] (-) TimerEvent: {}
[58.869634] (cartographer) StdoutLine: {'line': b'[ 17%] \x1b[32mBuilding CXX object CMakeFiles/cartographer.dir/cartographer/io/image.cc.o\x1b[0m\n'}
[58.943642] (-) TimerEvent: {}
[59.044524] (-) TimerEvent: {}
[59.144888] (-) TimerEvent: {}
[59.245526] (-) TimerEvent: {}
[59.346533] (-) TimerEvent: {}
[59.446920] (-) TimerEvent: {}
[59.547527] (-) TimerEvent: {}
[59.648532] (-) TimerEvent: {}
[59.748904] (-) TimerEvent: {}
[59.849282] (-) TimerEvent: {}
[59.950529] (-) TimerEvent: {}
[60.050903] (-) TimerEvent: {}
[60.151284] (-) TimerEvent: {}
[60.252540] (-) TimerEvent: {}
[60.352932] (-) TimerEvent: {}
[60.453326] (-) TimerEvent: {}
[60.554536] (-) TimerEvent: {}
[60.654943] (-) TimerEvent: {}
[60.755337] (-) TimerEvent: {}
[60.856530] (-) TimerEvent: {}
[60.956918] (-) TimerEvent: {}
[61.029053] (cartographer) StdoutLine: {'line': b'[ 18%] \x1b[32mBuilding CXX object CMakeFiles/cartographer.dir/cartographer/io/intensity_to_color_points_processor.cc.o\x1b[0m\n'}
[61.057034] (-) TimerEvent: {}
[61.157406] (-) TimerEvent: {}
[61.258543] (-) TimerEvent: {}
[61.358952] (-) TimerEvent: {}
[61.459485] (-) TimerEvent: {}
[61.560142] (-) TimerEvent: {}
[61.660531] (-) TimerEvent: {}
[61.761534] (-) TimerEvent: {}
[61.861895] (-) TimerEvent: {}
[61.962273] (-) TimerEvent: {}
[62.063544] (-) TimerEvent: {}
[62.163971] (-) TimerEvent: {}
[62.264397] (-) TimerEvent: {}
[62.365399] (-) TimerEvent: {}
[62.466543] (-) TimerEvent: {}
[62.567579] (-) TimerEvent: {}
[62.619981] (cartographer_ros_msgs) StdoutLine: {'line': b'[ 86%] Built target cartographer_ros_msgs__py\n'}
[62.653613] (cartographer_ros_msgs) StdoutLine: {'line': b'[ 86%] \x1b[32mBuilding C object CMakeFiles/cartographer_ros_msgs__rosidl_generator_py.dir/rosidl_generator_py/cartographer_ros_msgs/msg/_bagfile_progress_s.c.o\x1b[0m\n'}
[62.668527] (-) TimerEvent: {}
[62.768948] (-) TimerEvent: {}
[62.869391] (-) TimerEvent: {}
[62.972546] (-) TimerEvent: {}
[63.025361] (cartographer_ros_msgs) StdoutLine: {'line': b'[ 87%] \x1b[32mBuilding C object CMakeFiles/cartographer_ros_msgs__rosidl_generator_py.dir/rosidl_generator_py/cartographer_ros_msgs/msg/_landmark_list_s.c.o\x1b[0m\n'}
[63.072665] (-) TimerEvent: {}
[63.173361] (-) TimerEvent: {}
[63.232526] (cartographer_ros_msgs) StdoutLine: {'line': b'[ 87%] \x1b[32mBuilding C object CMakeFiles/cartographer_ros_msgs__rosidl_generator_py.dir/rosidl_generator_py/cartographer_ros_msgs/msg/_metric_family_s.c.o\x1b[0m\n'}
[63.273499] (-) TimerEvent: {}
[63.374158] (-) TimerEvent: {}
[63.434605] (cartographer_ros_msgs) StdoutLine: {'line': b'[ 88%] \x1b[32mBuilding C object CMakeFiles/cartographer_ros_msgs__rosidl_generator_py.dir/rosidl_generator_py/cartographer_ros_msgs/msg/_metric_label_s.c.o\x1b[0m\n'}
[63.474282] (-) TimerEvent: {}
[63.574986] (-) TimerEvent: {}
[63.654318] (cartographer_ros_msgs) StdoutLine: {'line': b'[ 88%] \x1b[32mBuilding C object CMakeFiles/cartographer_ros_msgs__rosidl_generator_py.dir/rosidl_generator_py/cartographer_ros_msgs/msg/_metric_s.c.o\x1b[0m\n'}
[63.675097] (-) TimerEvent: {}
[63.775634] (-) TimerEvent: {}
[63.860103] (cartographer_ros_msgs) StdoutLine: {'line': b'[ 89%] \x1b[32mBuilding C object CMakeFiles/cartographer_ros_msgs__rosidl_generator_py.dir/rosidl_generator_py/cartographer_ros_msgs/msg/_status_code_s.c.o\x1b[0m\n'}
[63.875733] (-) TimerEvent: {}
[63.976175] (-) TimerEvent: {}
[64.048148] (cartographer_ros_msgs) StdoutLine: {'line': b'[ 89%] \x1b[32mBuilding C object CMakeFiles/cartographer_ros_msgs__rosidl_generator_py.dir/rosidl_generator_py/cartographer_ros_msgs/msg/_status_response_s.c.o\x1b[0m\n'}
[64.076304] (-) TimerEvent: {}
[64.177242] (-) TimerEvent: {}
[64.242209] (cartographer_ros_msgs) StdoutLine: {'line': b'[ 90%] \x1b[32mBuilding C object CMakeFiles/cartographer_ros_msgs__rosidl_generator_py.dir/rosidl_generator_py/cartographer_ros_msgs/msg/_submap_entry_s.c.o\x1b[0m\n'}
[64.277369] (-) TimerEvent: {}
[64.379719] (-) TimerEvent: {}
[64.421047] (cartographer_ros_msgs) StdoutLine: {'line': b'[ 90%] \x1b[32mBuilding C object CMakeFiles/cartographer_ros_msgs__rosidl_generator_py.dir/rosidl_generator_py/cartographer_ros_msgs/msg/_submap_list_s.c.o\x1b[0m\n'}
[64.479840] (-) TimerEvent: {}
[64.580368] (-) TimerEvent: {}
[64.601195] (cartographer_ros_msgs) StdoutLine: {'line': b'[ 91%] \x1b[32mBuilding C object CMakeFiles/cartographer_ros_msgs__rosidl_generator_py.dir/rosidl_generator_py/cartographer_ros_msgs/msg/_submap_texture_s.c.o\x1b[0m\n'}
[64.680542] (-) TimerEvent: {}
[64.781622] (-) TimerEvent: {}
[64.829901] (cartographer_ros_msgs) StdoutLine: {'line': b'[ 91%] \x1b[32mBuilding C object CMakeFiles/cartographer_ros_msgs__rosidl_generator_py.dir/rosidl_generator_py/cartographer_ros_msgs/msg/_trajectory_states_s.c.o\x1b[0m\n'}
[64.881757] (-) TimerEvent: {}
[64.982146] (-) TimerEvent: {}
[64.991713] (cartographer_ros_msgs) StdoutLine: {'line': b'[ 92%] \x1b[32mBuilding C object CMakeFiles/cartographer_ros_msgs__rosidl_generator_py.dir/rosidl_generator_py/cartographer_ros_msgs/srv/_finish_trajectory_s.c.o\x1b[0m\n'}
[65.082281] (-) TimerEvent: {}
[65.100653] (cartographer_ros_msgs) StdoutLine: {'line': b'[ 92%] \x1b[32mBuilding C object CMakeFiles/cartographer_ros_msgs__rosidl_generator_py.dir/rosidl_generator_py/cartographer_ros_msgs/srv/_get_trajectory_states_s.c.o\x1b[0m\n'}
[65.182416] (-) TimerEvent: {}
[65.242635] (cartographer_ros_msgs) StdoutLine: {'line': b'[ 93%] \x1b[32mBuilding C object CMakeFiles/cartographer_ros_msgs__rosidl_generator_py.dir/rosidl_generator_py/cartographer_ros_msgs/srv/_read_metrics_s.c.o\x1b[0m\n'}
[65.282540] (-) TimerEvent: {}
[65.362953] (cartographer_ros_msgs) StdoutLine: {'line': b'[ 93%] \x1b[32mBuilding C object CMakeFiles/cartographer_ros_msgs__rosidl_generator_py.dir/rosidl_generator_py/cartographer_ros_msgs/srv/_start_trajectory_s.c.o\x1b[0m\n'}
[65.382646] (-) TimerEvent: {}
[65.478611] (cartographer_ros_msgs) StdoutLine: {'line': b'[ 94%] \x1b[32mBuilding C object CMakeFiles/cartographer_ros_msgs__rosidl_generator_py.dir/rosidl_generator_py/cartographer_ros_msgs/srv/_trajectory_query_s.c.o\x1b[0m\n'}
[65.482736] (-) TimerEvent: {}
[65.583082] (-) TimerEvent: {}
[65.616726] (cartographer_ros_msgs) StdoutLine: {'line': b'[ 94%] \x1b[32mBuilding C object CMakeFiles/cartographer_ros_msgs__rosidl_generator_py.dir/rosidl_generator_py/cartographer_ros_msgs/srv/_submap_query_s.c.o\x1b[0m\n'}
[65.683217] (-) TimerEvent: {}
[65.743338] (cartographer_ros_msgs) StdoutLine: {'line': b'[ 95%] \x1b[32mBuilding C object CMakeFiles/cartographer_ros_msgs__rosidl_generator_py.dir/rosidl_generator_py/cartographer_ros_msgs/srv/_write_state_s.c.o\x1b[0m\n'}
[65.783346] (-) TimerEvent: {}
[65.855228] (cartographer_ros_msgs) StdoutLine: {'line': b'[ 95%] \x1b[32mBuilding C object CMakeFiles/cartographer_ros_msgs__rosidl_generator_py.dir/rosidl_generator_py/cartographer_ros_msgs/srv/_get_slam_state_s.c.o\x1b[0m\n'}
[65.883482] (-) TimerEvent: {}
[65.965976] (cartographer_ros_msgs) StdoutLine: {'line': b'[ 96%] \x1b[32mBuilding C object CMakeFiles/cartographer_ros_msgs__rosidl_generator_py.dir/rosidl_generator_py/cartographer_ros_msgs/srv/_set_slam_state_s.c.o\x1b[0m\n'}
[65.983506] (-) TimerEvent: {}
[66.076201] (cartographer_ros_msgs) StdoutLine: {'line': b'[ 96%] \x1b[32mBuilding C object CMakeFiles/cartographer_ros_msgs__rosidl_generator_py.dir/rosidl_generator_py/cartographer_ros_msgs/msg/_landmark_entry_s.c.o\x1b[0m\n'}
[66.083602] (-) TimerEvent: {}
[66.092171] (cartographer) StdoutLine: {'line': b'[ 18%] \x1b[32mBuilding CXX object CMakeFiles/cartographer.dir/cartographer/io/internal/mapping_state_serialization.cc.o\x1b[0m\n'}
[66.183735] (-) TimerEvent: {}
[66.186924] (cartographer_ros_msgs) StdoutLine: {'line': b'[ 97%] \x1b[32mBuilding C object CMakeFiles/cartographer_ros_msgs__rosidl_generator_py.dir/rosidl_generator_py/cartographer_ros_msgs/msg/_histogram_bucket_s.c.o\x1b[0m\n'}
[66.284176] (-) TimerEvent: {}
[66.295230] (cartographer_ros_msgs) StdoutLine: {'line': b'[ 97%] \x1b[32m\x1b[1mLinking C shared library rosidl_generator_py/cartographer_ros_msgs/libcartographer_ros_msgs__rosidl_generator_py.so\x1b[0m\n'}
[66.368911] (cartographer_ros_msgs) StdoutLine: {'line': b'[ 97%] Built target cartographer_ros_msgs__rosidl_generator_py\n'}
[66.384272] (-) TimerEvent: {}
[66.390727] (cartographer_ros_msgs) StdoutLine: {'line': b'[ 98%] \x1b[32mBuilding C object CMakeFiles/cartographer_ros_msgs__rosidl_typesupport_fastrtps_c__pyext.dir/rosidl_generator_py/cartographer_ros_msgs/_cartographer_ros_msgs_s.ep.rosidl_typesupport_fastrtps_c.c.o\x1b[0m\n'}
[66.484406] (-) TimerEvent: {}
[66.584794] (-) TimerEvent: {}
[66.611314] (cartographer_ros_msgs) StdoutLine: {'line': b'[ 98%] \x1b[32m\x1b[1mLinking C shared library rosidl_generator_py/cartographer_ros_msgs/cartographer_ros_msgs_s__rosidl_typesupport_fastrtps_c.cpython-310-x86_64-linux-gnu.so\x1b[0m\n'}
[66.657201] (cartographer_ros_msgs) StdoutLine: {'line': b'[ 98%] Built target cartographer_ros_msgs__rosidl_typesupport_fastrtps_c__pyext\n'}
[66.677164] (cartographer_ros_msgs) StdoutLine: {'line': b'[ 99%] \x1b[32mBuilding C object CMakeFiles/cartographer_ros_msgs__rosidl_typesupport_c__pyext.dir/rosidl_generator_py/cartographer_ros_msgs/_cartographer_ros_msgs_s.ep.rosidl_typesupport_c.c.o\x1b[0m\n'}
[66.684896] (-) TimerEvent: {}
[66.785255] (-) TimerEvent: {}
[66.885663] (-) TimerEvent: {}
[66.914545] (cartographer_ros_msgs) StdoutLine: {'line': b'[ 99%] \x1b[32m\x1b[1mLinking C shared library rosidl_generator_py/cartographer_ros_msgs/cartographer_ros_msgs_s__rosidl_typesupport_c.cpython-310-x86_64-linux-gnu.so\x1b[0m\n'}
[66.959305] (cartographer_ros_msgs) StdoutLine: {'line': b'[ 99%] Built target cartographer_ros_msgs__rosidl_typesupport_c__pyext\n'}
[66.978766] (cartographer_ros_msgs) StdoutLine: {'line': b'[100%] \x1b[32mBuilding C object CMakeFiles/cartographer_ros_msgs__rosidl_typesupport_introspection_c__pyext.dir/rosidl_generator_py/cartographer_ros_msgs/_cartographer_ros_msgs_s.ep.rosidl_typesupport_introspection_c.c.o\x1b[0m\n'}
[66.985749] (-) TimerEvent: {}
[67.086082] (-) TimerEvent: {}
[67.186511] (-) TimerEvent: {}
[67.189353] (cartographer_ros_msgs) StdoutLine: {'line': b'[100%] \x1b[32m\x1b[1mLinking C shared library rosidl_generator_py/cartographer_ros_msgs/cartographer_ros_msgs_s__rosidl_typesupport_introspection_c.cpython-310-x86_64-linux-gnu.so\x1b[0m\n'}
[67.235660] (cartographer_ros_msgs) StdoutLine: {'line': b'[100%] Built target cartographer_ros_msgs__rosidl_typesupport_introspection_c__pyext\n'}
[67.247998] (cartographer_ros_msgs) CommandEnded: {'returncode': 0}
[67.248825] (cartographer_ros_msgs) JobProgress: {'identifier': 'cartographer_ros_msgs', 'progress': 'install'}
[67.257560] (cartographer_ros_msgs) Command: {'cmd': ['/usr/bin/cmake', '--install', '/root/distr_slam_ws/build/cartographer_ros_msgs'], 'cwd': '/root/distr_slam_ws/build/cartographer_ros_msgs', 'env': OrderedDict([('HOSTNAME', 'user-Virtual-Machine'), ('SHLVL', '1'), ('LIBGL_ALWAYS_SOFTWARE', '1'), ('LD_LIBRARY_PATH', '/usr/lib/x86_64-linux-gnu/gazebo-11/plugins:/opt/ros/humble/opt/rviz_ogre_vendor/lib:/opt/ros/humble/lib/x86_64-linux-gnu:/opt/ros/humble/lib'), ('HOME', '/root'), ('ROS_PYTHON_VERSION', '3'), ('ROS_DISTRO', 'humble'), ('_', '/usr/bin/colcon'), ('ROS_VERSION', '2'), ('TERM', 'xterm'), ('ROS_LOCALHOST_ONLY', '1'), ('QT_X11_NO_MITSHM', '1'), ('PATH', '/opt/ros/humble/bin:/usr/local/sbin:/usr/local/bin:/usr/sbin:/usr/bin:/sbin:/bin'), ('DISPLAY', ':0'), ('LANG', 'en_US.UTF-8'), ('XAUTHORITY', '/root/.Xauthority'), ('LS_COLORS', 'rs=0:di=01;34:ln=01;36:mh=00:pi=40;33:so=01;35:do=01;35:bd=40;33;01:cd=40;33;01:or=40;31;01:mi=00:su=37;41:sg=30;43:ca=30;41:tw=30;42:ow=34;42:st=37;44:ex=01;32:*.tar=01;31:*.tgz=01;31:*.arc=01;31:*.arj=01;31:*.taz=01;31:*.lha=01;31:*.lz4=01;31:*.lzh=01;31:*.lzma=01;31:*.tlz=01;31:*.txz=01;31:*.tzo=01;31:*.t7z=01;31:*.zip=01;31:*.z=01;31:*.dz=01;31:*.gz=01;31:*.lrz=01;31:*.lz=01;31:*.lzo=01;31:*.xz=01;31:*.zst=01;31:*.tzst=01;31:*.bz2=01;31:*.bz=01;31:*.tbz=01;31:*.tbz2=01;31:*.tz=01;31:*.deb=01;31:*.rpm=01;31:*.jar=01;31:*.war=01;31:*.ear=01;31:*.sar=01;31:*.rar=01;31:*.alz=01;31:*.ace=01;31:*.zoo=01;31:*.cpio=01;31:*.7z=01;31:*.rz=01;31:*.cab=01;31:*.wim=01;31:*.swm=01;31:*.dwm=01;31:*.esd=01;31:*.jpg=01;35:*.jpeg=01;35:*.mjpg=01;35:*.mjpeg=01;35:*.gif=01;35:*.bmp=01;35:*.pbm=01;35:*.pgm=01;35:*.ppm=01;35:*.tga=01;35:*.xbm=01;35:*.xpm=01;35:*.tif=01;35:*.tiff=01;35:*.png=01;35:*.svg=01;35:*.svgz=01;35:*.mng=01;35:*.pcx=01;35:*.mov=01;35:*.mpg=01;35:*.mpeg=01;35:*.m2v=01;35:*.mkv=01;35:*.webm=01;35:*.webp=01;35:*.ogm=01;35:*.mp4=01;35:*.m4v=01;35:*.mp4v=01;35:*.vob=01;35:*.qt=01;35:*.nuv=01;35:*.wmv=01;35:*.asf=01;35:*.rm=01;35:*.rmvb=01;35:*.flc=01;35:*.avi=01;35:*.fli=01;35:*.flv=01;35:*.gl=01;35:*.dl=01;35:*.xcf=01;35:*.xwd=01;35:*.yuv=01;35:*.cgm=01;35:*.emf=01;35:*.ogv=01;35:*.ogx=01;35:*.aac=00;36:*.au=00;36:*.flac=00;36:*.m4a=00;36:*.mid=00;36:*.midi=00;36:*.mka=00;36:*.mp3=00;36:*.mpc=00;36:*.ogg=00;36:*.ra=00;36:*.wav=00;36:*.oga=00;36:*.opus=00;36:*.spx=00;36:*.xspf=00;36:'), ('AMENT_PREFIX_PATH', '/opt/ros/humble'), ('DEBIAN_FRONTEND', 'noninteractive'), ('PWD', '/root/distr_slam_ws/build/cartographer_ros_msgs'), ('TURTLEBOT3_MODEL', 'burger'), ('LC_ALL', 'en_US.UTF-8'), ('PYTHONPATH', '/opt/ros/humble/lib/python3.10/site-packages:/opt/ros/humble/local/lib/python3.10/dist-packages'), ('COLCON', '1'), ('CMAKE_PREFIX_PATH', '/opt/ros/humble')]), 'shell': False}
[67.265618] (cartographer_ros_msgs) StdoutLine: {'line': b'-- Install configuration: ""\n'}
[67.274219] (cartographer_ros_msgs) StdoutLine: {'line': b'-- Installing: /root/distr_slam_ws/install/cartographer_ros_msgs/share/ament_index/resource_index/rosidl_interfaces/cartographer_ros_msgs\n'}
[67.281969] (cartographer_ros_msgs) StdoutLine: {'line': b'-- Up-to-date: /root/distr_slam_ws/install/cartographer_ros_msgs/include/cartographer_ros_msgs/cartographer_ros_msgs\n'}
[67.282738] (cartographer_ros_msgs) StdoutLine: {'line': b'-- Up-to-date: /root/distr_slam_ws/install/cartographer_ros_msgs/include/cartographer_ros_msgs/cartographer_ros_msgs/srv\n'}
[67.283237] (cartographer_ros_msgs) StdoutLine: {'line': b'-- Installing: /root/distr_slam_ws/install/cartographer_ros_msgs/include/cartographer_ros_msgs/cartographer_ros_msgs/srv/read_metrics.h\n'}
[67.284097] (cartographer_ros_msgs) StdoutLine: {'line': b'-- Installing: /root/distr_slam_ws/install/cartographer_ros_msgs/include/cartographer_ros_msgs/cartographer_ros_msgs/srv/write_state.h\n'}
[67.284730] (cartographer_ros_msgs) StdoutLine: {'line': b'-- Up-to-date: /root/distr_slam_ws/install/cartographer_ros_msgs/include/cartographer_ros_msgs/cartographer_ros_msgs/srv/detail\n'}
[67.285481] (cartographer_ros_msgs) StdoutLine: {'line': b'-- Installing: /root/distr_slam_ws/install/cartographer_ros_msgs/include/cartographer_ros_msgs/cartographer_ros_msgs/srv/detail/start_trajectory__struct.h\n'}
[67.286199] (cartographer_ros_msgs) StdoutLine: {'line': b'-- Installing: /root/distr_slam_ws/install/cartographer_ros_msgs/include/cartographer_ros_msgs/cartographer_ros_msgs/srv/detail/get_trajectory_states__struct.h\n'}
[67.286586] (-) TimerEvent: {}
[67.286993] (cartographer_ros_msgs) StdoutLine: {'line': b'-- Installing: /root/distr_slam_ws/install/cartographer_ros_msgs/include/cartographer_ros_msgs/cartographer_ros_msgs/srv/detail/set_slam_state__functions.c\n'}
[67.287940] (cartographer_ros_msgs) StdoutLine: {'line': b'-- Installing: /root/distr_slam_ws/install/cartographer_ros_msgs/include/cartographer_ros_msgs/cartographer_ros_msgs/srv/detail/finish_trajectory__functions.h\n'}
[67.288714] (cartographer_ros_msgs) StdoutLine: {'line': b'-- Installing: /root/distr_slam_ws/install/cartographer_ros_msgs/include/cartographer_ros_msgs/cartographer_ros_msgs/srv/detail/read_metrics__type_support.h\n'}
[67.289556] (cartographer_ros_msgs) StdoutLine: {'line': b'-- Installing: /root/distr_slam_ws/install/cartographer_ros_msgs/include/cartographer_ros_msgs/cartographer_ros_msgs/srv/detail/get_slam_state__type_support.h\n'}
[67.290405] (cartographer_ros_msgs) StdoutLine: {'line': b'-- Installing: /root/distr_slam_ws/install/cartographer_ros_msgs/include/cartographer_ros_msgs/cartographer_ros_msgs/srv/detail/finish_trajectory__functions.c\n'}
[67.291251] (cartographer_ros_msgs) StdoutLine: {'line': b'-- Installing: /root/distr_slam_ws/install/cartographer_ros_msgs/include/cartographer_ros_msgs/cartographer_ros_msgs/srv/detail/get_trajectory_states__functions.h\n'}
[67.291980] (cartographer_ros_msgs) StdoutLine: {'line': b'-- Installing: /root/distr_slam_ws/install/cartographer_ros_msgs/include/cartographer_ros_msgs/cartographer_ros_msgs/srv/detail/write_state__type_support.h\n'}
[67.292835] (cartographer_ros_msgs) StdoutLine: {'line': b'-- Installing: /root/distr_slam_ws/install/cartographer_ros_msgs/include/cartographer_ros_msgs/cartographer_ros_msgs/srv/detail/submap_query__functions.c\n'}
[67.293555] (cartographer_ros_msgs) StdoutLine: {'line': b'-- Installing: /root/distr_slam_ws/install/cartographer_ros_msgs/include/cartographer_ros_msgs/cartographer_ros_msgs/srv/detail/write_state__struct.h\n'}
[67.294234] (cartographer_ros_msgs) StdoutLine: {'line': b'-- Installing: /root/distr_slam_ws/install/cartographer_ros_msgs/include/cartographer_ros_msgs/cartographer_ros_msgs/srv/detail/get_trajectory_states__functions.c\n'}
[67.295189] (cartographer_ros_msgs) StdoutLine: {'line': b'-- Installing: /root/distr_slam_ws/install/cartographer_ros_msgs/include/cartographer_ros_msgs/cartographer_ros_msgs/srv/detail/get_slam_state__functions.h\n'}
[67.295983] (cartographer_ros_msgs) StdoutLine: {'line': b'-- Installing: /root/distr_slam_ws/install/cartographer_ros_msgs/include/cartographer_ros_msgs/cartographer_ros_msgs/srv/detail/write_state__functions.h\n'}
[67.296795] (cartographer_ros_msgs) StdoutLine: {'line': b'-- Installing: /root/distr_slam_ws/install/cartographer_ros_msgs/include/cartographer_ros_msgs/cartographer_ros_msgs/srv/detail/read_metrics__functions.h\n'}
[67.297442] (cartographer_ros_msgs) StdoutLine: {'line': b'-- Installing: /root/distr_slam_ws/install/cartographer_ros_msgs/include/cartographer_ros_msgs/cartographer_ros_msgs/srv/detail/get_trajectory_states__type_support.h\n'}
[67.298106] (cartographer_ros_msgs) StdoutLine: {'line': b'-- Installing: /root/distr_slam_ws/install/cartographer_ros_msgs/include/cartographer_ros_msgs/cartographer_ros_msgs/srv/detail/read_metrics__functions.c\n'}
[67.299088] (cartographer_ros_msgs) StdoutLine: {'line': b'-- Installing: /root/distr_slam_ws/install/cartographer_ros_msgs/include/cartographer_ros_msgs/cartographer_ros_msgs/srv/detail/finish_trajectory__type_support.h\n'}
[67.299330] (cartographer_ros_msgs) StdoutLine: {'line': b'-- Installing: /root/distr_slam_ws/install/cartographer_ros_msgs/include/cartographer_ros_msgs/cartographer_ros_msgs/srv/detail/trajectory_query__type_support.h\n'}
[67.299613] (cartographer_ros_msgs) StdoutLine: {'line': b'-- Installing: /root/distr_slam_ws/install/cartographer_ros_msgs/include/cartographer_ros_msgs/cartographer_ros_msgs/srv/detail/set_slam_state__type_support.h\n'}
[67.299865] (cartographer_ros_msgs) StdoutLine: {'line': b'-- Installing: /root/distr_slam_ws/install/cartographer_ros_msgs/include/cartographer_ros_msgs/cartographer_ros_msgs/srv/detail/trajectory_query__functions.c\n'}
[67.300324] (cartographer_ros_msgs) StdoutLine: {'line': b'-- Installing: /root/distr_slam_ws/install/cartographer_ros_msgs/include/cartographer_ros_msgs/cartographer_ros_msgs/srv/detail/start_trajectory__functions.c\n'}
[67.300689] (cartographer_ros_msgs) StdoutLine: {'line': b'-- Installing: /root/distr_slam_ws/install/cartographer_ros_msgs/include/cartographer_ros_msgs/cartographer_ros_msgs/srv/detail/read_metrics__struct.h\n'}
[67.301013] (cartographer_ros_msgs) StdoutLine: {'line': b'-- Installing: /root/distr_slam_ws/install/cartographer_ros_msgs/include/cartographer_ros_msgs/cartographer_ros_msgs/srv/detail/trajectory_query__struct.h\n'}
[67.301426] (cartographer_ros_msgs) StdoutLine: {'line': b'-- Installing: /root/distr_slam_ws/install/cartographer_ros_msgs/include/cartographer_ros_msgs/cartographer_ros_msgs/srv/detail/set_slam_state__functions.h\n'}
[67.301742] (cartographer_ros_msgs) StdoutLine: {'line': b'-- Installing: /root/distr_slam_ws/install/cartographer_ros_msgs/include/cartographer_ros_msgs/cartographer_ros_msgs/srv/detail/get_slam_state__struct.h\n'}
[67.302067] (cartographer_ros_msgs) StdoutLine: {'line': b'-- Installing: /root/distr_slam_ws/install/cartographer_ros_msgs/include/cartographer_ros_msgs/cartographer_ros_msgs/srv/detail/finish_trajectory__struct.h\n'}
[67.302382] (cartographer_ros_msgs) StdoutLine: {'line': b'-- Installing: /root/distr_slam_ws/install/cartographer_ros_msgs/include/cartographer_ros_msgs/cartographer_ros_msgs/srv/detail/set_slam_state__struct.h\n'}
[67.302751] (cartographer_ros_msgs) StdoutLine: {'line': b'-- Installing: /root/distr_slam_ws/install/cartographer_ros_msgs/include/cartographer_ros_msgs/cartographer_ros_msgs/srv/detail/get_slam_state__functions.c\n'}
[67.303085] (cartographer_ros_msgs) StdoutLine: {'line': b'-- Installing: /root/distr_slam_ws/install/cartographer_ros_msgs/include/cartographer_ros_msgs/cartographer_ros_msgs/srv/detail/write_state__functions.c\n'}
[67.303428] (cartographer_ros_msgs) StdoutLine: {'line': b'-- Installing: /root/distr_slam_ws/install/cartographer_ros_msgs/include/cartographer_ros_msgs/cartographer_ros_msgs/srv/detail/start_trajectory__functions.h\n'}
[67.303781] (cartographer_ros_msgs) StdoutLine: {'line': b'-- Installing: /root/distr_slam_ws/install/cartographer_ros_msgs/include/cartographer_ros_msgs/cartographer_ros_msgs/srv/detail/trajectory_query__functions.h\n'}
[67.304121] (cartographer_ros_msgs) StdoutLine: {'line': b'-- Installing: /root/distr_slam_ws/install/cartographer_ros_msgs/include/cartographer_ros_msgs/cartographer_ros_msgs/srv/detail/submap_query__type_support.h\n'}
[67.304441] (cartographer_ros_msgs) StdoutLine: {'line': b'-- Installing: /root/distr_slam_ws/install/cartographer_ros_msgs/include/cartographer_ros_msgs/cartographer_ros_msgs/srv/detail/submap_query__struct.h\n'}
[67.304784] (cartographer_ros_msgs) StdoutLine: {'line': b'-- Installing: /root/distr_slam_ws/install/cartographer_ros_msgs/include/cartographer_ros_msgs/cartographer_ros_msgs/srv/detail/start_trajectory__type_support.h\n'}
[67.305106] (cartographer_ros_msgs) StdoutLine: {'line': b'-- Installing: /root/distr_slam_ws/install/cartographer_ros_msgs/include/cartographer_ros_msgs/cartographer_ros_msgs/srv/detail/submap_query__functions.h\n'}
[67.305443] (cartographer_ros_msgs) StdoutLine: {'line': b'-- Installing: /root/distr_slam_ws/install/cartographer_ros_msgs/include/cartographer_ros_msgs/cartographer_ros_msgs/srv/set_slam_state.h\n'}
[67.305763] (cartographer_ros_msgs) StdoutLine: {'line': b'-- Installing: /root/distr_slam_ws/install/cartographer_ros_msgs/include/cartographer_ros_msgs/cartographer_ros_msgs/srv/get_trajectory_states.h\n'}
[67.306071] (cartographer_ros_msgs) StdoutLine: {'line': b'-- Installing: /root/distr_slam_ws/install/cartographer_ros_msgs/include/cartographer_ros_msgs/cartographer_ros_msgs/srv/submap_query.h\n'}
[67.306374] (cartographer_ros_msgs) StdoutLine: {'line': b'-- Installing: /root/distr_slam_ws/install/cartographer_ros_msgs/include/cartographer_ros_msgs/cartographer_ros_msgs/srv/finish_trajectory.h\n'}
[67.306715] (cartographer_ros_msgs) StdoutLine: {'line': b'-- Installing: /root/distr_slam_ws/install/cartographer_ros_msgs/include/cartographer_ros_msgs/cartographer_ros_msgs/srv/start_trajectory.h\n'}
[67.307014] (cartographer_ros_msgs) StdoutLine: {'line': b'-- Installing: /root/distr_slam_ws/install/cartographer_ros_msgs/include/cartographer_ros_msgs/cartographer_ros_msgs/srv/trajectory_query.h\n'}
[67.307312] (cartographer_ros_msgs) StdoutLine: {'line': b'-- Installing: /root/distr_slam_ws/install/cartographer_ros_msgs/include/cartographer_ros_msgs/cartographer_ros_msgs/srv/get_slam_state.h\n'}
[67.307634] (cartographer_ros_msgs) StdoutLine: {'line': b'-- Up-to-date: /root/distr_slam_ws/install/cartographer_ros_msgs/include/cartographer_ros_msgs/cartographer_ros_msgs/msg\n'}
[67.307916] (cartographer_ros_msgs) StdoutLine: {'line': b'-- Installing: /root/distr_slam_ws/install/cartographer_ros_msgs/include/cartographer_ros_msgs/cartographer_ros_msgs/msg/status_response.h\n'}
[67.308225] (cartographer_ros_msgs) StdoutLine: {'line': b'-- Installing: /root/distr_slam_ws/install/cartographer_ros_msgs/include/cartographer_ros_msgs/cartographer_ros_msgs/msg/metric_family.h\n'}
[67.308526] (cartographer_ros_msgs) StdoutLine: {'line': b'-- Installing: /root/distr_slam_ws/install/cartographer_ros_msgs/include/cartographer_ros_msgs/cartographer_ros_msgs/msg/landmark_entry.h\n'}
[67.308851] (cartographer_ros_msgs) StdoutLine: {'line': b'-- Installing: /root/distr_slam_ws/install/cartographer_ros_msgs/include/cartographer_ros_msgs/cartographer_ros_msgs/msg/metric_label.h\n'}
[67.309148] (cartographer_ros_msgs) StdoutLine: {'line': b'-- Installing: /root/distr_slam_ws/install/cartographer_ros_msgs/include/cartographer_ros_msgs/cartographer_ros_msgs/msg/landmark_list.h\n'}
[67.309450] (cartographer_ros_msgs) StdoutLine: {'line': b'-- Installing: /root/distr_slam_ws/install/cartographer_ros_msgs/include/cartographer_ros_msgs/cartographer_ros_msgs/msg/status_code.h\n'}
[67.309780] (cartographer_ros_msgs) StdoutLine: {'line': b'-- Installing: /root/distr_slam_ws/install/cartographer_ros_msgs/include/cartographer_ros_msgs/cartographer_ros_msgs/msg/trajectory_states.h\n'}
[67.310082] (cartographer_ros_msgs) StdoutLine: {'line': b'-- Up-to-date: /root/distr_slam_ws/install/cartographer_ros_msgs/include/cartographer_ros_msgs/cartographer_ros_msgs/msg/detail\n'}
[67.310673] (cartographer_ros_msgs) StdoutLine: {'line': b'-- Installing: /root/distr_slam_ws/install/cartographer_ros_msgs/include/cartographer_ros_msgs/cartographer_ros_msgs/msg/detail/metric_family__functions.h\n'}
[67.311002] (cartographer_ros_msgs) StdoutLine: {'line': b'-- Installing: /root/distr_slam_ws/install/cartographer_ros_msgs/include/cartographer_ros_msgs/cartographer_ros_msgs/msg/detail/bagfile_progress__struct.h\n'}
[67.311319] (cartographer_ros_msgs) StdoutLine: {'line': b'-- Installing: /root/distr_slam_ws/install/cartographer_ros_msgs/include/cartographer_ros_msgs/cartographer_ros_msgs/msg/detail/submap_entry__functions.h\n'}
[67.311664] (cartographer_ros_msgs) StdoutLine: {'line': b'-- Installing: /root/distr_slam_ws/install/cartographer_ros_msgs/include/cartographer_ros_msgs/cartographer_ros_msgs/msg/detail/submap_texture__type_support.h\n'}
[67.312003] (cartographer_ros_msgs) StdoutLine: {'line': b'-- Installing: /root/distr_slam_ws/install/cartographer_ros_msgs/include/cartographer_ros_msgs/cartographer_ros_msgs/msg/detail/submap_list__type_support.h\n'}
[67.312335] (cartographer_ros_msgs) StdoutLine: {'line': b'-- Installing: /root/distr_slam_ws/install/cartographer_ros_msgs/include/cartographer_ros_msgs/cartographer_ros_msgs/msg/detail/submap_entry__struct.h\n'}
[67.312676] (cartographer_ros_msgs) StdoutLine: {'line': b'-- Installing: /root/distr_slam_ws/install/cartographer_ros_msgs/include/cartographer_ros_msgs/cartographer_ros_msgs/msg/detail/metric__struct.h\n'}
[67.312993] (cartographer_ros_msgs) StdoutLine: {'line': b'-- Installing: /root/distr_slam_ws/install/cartographer_ros_msgs/include/cartographer_ros_msgs/cartographer_ros_msgs/msg/detail/histogram_bucket__functions.h\n'}
[67.313314] (cartographer_ros_msgs) StdoutLine: {'line': b'-- Installing: /root/distr_slam_ws/install/cartographer_ros_msgs/include/cartographer_ros_msgs/cartographer_ros_msgs/msg/detail/status_code__functions.c\n'}
[67.313660] (cartographer_ros_msgs) StdoutLine: {'line': b'-- Installing: /root/distr_slam_ws/install/cartographer_ros_msgs/include/cartographer_ros_msgs/cartographer_ros_msgs/msg/detail/metric__functions.c\n'}
[67.314011] (cartographer_ros_msgs) StdoutLine: {'line': b'-- Installing: /root/distr_slam_ws/install/cartographer_ros_msgs/include/cartographer_ros_msgs/cartographer_ros_msgs/msg/detail/trajectory_states__functions.h\n'}
[67.314327] (cartographer_ros_msgs) StdoutLine: {'line': b'-- Installing: /root/distr_slam_ws/install/cartographer_ros_msgs/include/cartographer_ros_msgs/cartographer_ros_msgs/msg/detail/landmark_list__struct.h\n'}
[67.314732] (cartographer_ros_msgs) StdoutLine: {'line': b'-- Installing: /root/distr_slam_ws/install/cartographer_ros_msgs/include/cartographer_ros_msgs/cartographer_ros_msgs/msg/detail/metric_family__struct.h\n'}
[67.315099] (cartographer_ros_msgs) StdoutLine: {'line': b'-- Installing: /root/distr_slam_ws/install/cartographer_ros_msgs/include/cartographer_ros_msgs/cartographer_ros_msgs/msg/detail/trajectory_states__struct.h\n'}
[67.315422] (cartographer_ros_msgs) StdoutLine: {'line': b'-- Installing: /root/distr_slam_ws/install/cartographer_ros_msgs/include/cartographer_ros_msgs/cartographer_ros_msgs/msg/detail/status_code__struct.h\n'}
[67.315771] (cartographer_ros_msgs) StdoutLine: {'line': b'-- Installing: /root/distr_slam_ws/install/cartographer_ros_msgs/include/cartographer_ros_msgs/cartographer_ros_msgs/msg/detail/metric_family__functions.c\n'}
[67.316089] (cartographer_ros_msgs) StdoutLine: {'line': b'-- Installing: /root/distr_slam_ws/install/cartographer_ros_msgs/include/cartographer_ros_msgs/cartographer_ros_msgs/msg/detail/metric_label__functions.h\n'}
[67.316410] (cartographer_ros_msgs) StdoutLine: {'line': b'-- Installing: /root/distr_slam_ws/install/cartographer_ros_msgs/include/cartographer_ros_msgs/cartographer_ros_msgs/msg/detail/metric_label__functions.c\n'}
[67.316777] (cartographer_ros_msgs) StdoutLine: {'line': b'-- Installing: /root/distr_slam_ws/install/cartographer_ros_msgs/include/cartographer_ros_msgs/cartographer_ros_msgs/msg/detail/histogram_bucket__type_support.h\n'}
[67.317080] (cartographer_ros_msgs) StdoutLine: {'line': b'-- Installing: /root/distr_slam_ws/install/cartographer_ros_msgs/include/cartographer_ros_msgs/cartographer_ros_msgs/msg/detail/bagfile_progress__type_support.h\n'}
[67.317400] (cartographer_ros_msgs) StdoutLine: {'line': b'-- Installing: /root/distr_slam_ws/install/cartographer_ros_msgs/include/cartographer_ros_msgs/cartographer_ros_msgs/msg/detail/landmark_entry__struct.h\n'}
[67.317859] (cartographer_ros_msgs) StdoutLine: {'line': b'-- Installing: /root/distr_slam_ws/install/cartographer_ros_msgs/include/cartographer_ros_msgs/cartographer_ros_msgs/msg/detail/status_code__functions.h\n'}
[67.318178] (cartographer_ros_msgs) StdoutLine: {'line': b'-- Installing: /root/distr_slam_ws/install/cartographer_ros_msgs/include/cartographer_ros_msgs/cartographer_ros_msgs/msg/detail/bagfile_progress__functions.c\n'}
[67.318540] (cartographer_ros_msgs) StdoutLine: {'line': b'-- Installing: /root/distr_slam_ws/install/cartographer_ros_msgs/include/cartographer_ros_msgs/cartographer_ros_msgs/msg/detail/submap_list__functions.h\n'}
[67.318872] (cartographer_ros_msgs) StdoutLine: {'line': b'-- Installing: /root/distr_slam_ws/install/cartographer_ros_msgs/include/cartographer_ros_msgs/cartographer_ros_msgs/msg/detail/status_response__functions.c\n'}
[67.319183] (cartographer_ros_msgs) StdoutLine: {'line': b'-- Installing: /root/distr_slam_ws/install/cartographer_ros_msgs/include/cartographer_ros_msgs/cartographer_ros_msgs/msg/detail/status_code__type_support.h\n'}
[67.319516] (cartographer_ros_msgs) StdoutLine: {'line': b'-- Installing: /root/distr_slam_ws/install/cartographer_ros_msgs/include/cartographer_ros_msgs/cartographer_ros_msgs/msg/detail/trajectory_states__functions.c\n'}
[67.319849] (cartographer_ros_msgs) StdoutLine: {'line': b'-- Installing: /root/distr_slam_ws/install/cartographer_ros_msgs/include/cartographer_ros_msgs/cartographer_ros_msgs/msg/detail/histogram_bucket__functions.c\n'}
[67.320163] (cartographer_ros_msgs) StdoutLine: {'line': b'-- Installing: /root/distr_slam_ws/install/cartographer_ros_msgs/include/cartographer_ros_msgs/cartographer_ros_msgs/msg/detail/metric_label__type_support.h\n'}
[67.320530] (cartographer_ros_msgs) StdoutLine: {'line': b'-- Installing: /root/distr_slam_ws/install/cartographer_ros_msgs/include/cartographer_ros_msgs/cartographer_ros_msgs/msg/detail/landmark_entry__type_support.h\n'}
[67.320824] (cartographer_ros_msgs) StdoutLine: {'line': b'-- Installing: /root/distr_slam_ws/install/cartographer_ros_msgs/include/cartographer_ros_msgs/cartographer_ros_msgs/msg/detail/submap_list__struct.h\n'}
[67.321140] (cartographer_ros_msgs) StdoutLine: {'line': b'-- Installing: /root/distr_slam_ws/install/cartographer_ros_msgs/include/cartographer_ros_msgs/cartographer_ros_msgs/msg/detail/submap_list__functions.c\n'}
[67.321478] (cartographer_ros_msgs) StdoutLine: {'line': b'-- Installing: /root/distr_slam_ws/install/cartographer_ros_msgs/include/cartographer_ros_msgs/cartographer_ros_msgs/msg/detail/bagfile_progress__functions.h\n'}
[67.321807] (cartographer_ros_msgs) StdoutLine: {'line': b'-- Installing: /root/distr_slam_ws/install/cartographer_ros_msgs/include/cartographer_ros_msgs/cartographer_ros_msgs/msg/detail/status_response__type_support.h\n'}
[67.322134] (cartographer_ros_msgs) StdoutLine: {'line': b'-- Installing: /root/distr_slam_ws/install/cartographer_ros_msgs/include/cartographer_ros_msgs/cartographer_ros_msgs/msg/detail/trajectory_states__type_support.h\n'}
[67.322473] (cartographer_ros_msgs) StdoutLine: {'line': b'-- Installing: /root/distr_slam_ws/install/cartographer_ros_msgs/include/cartographer_ros_msgs/cartographer_ros_msgs/msg/detail/landmark_list__type_support.h\n'}
[67.322791] (cartographer_ros_msgs) StdoutLine: {'line': b'-- Installing: /root/distr_slam_ws/install/cartographer_ros_msgs/include/cartographer_ros_msgs/cartographer_ros_msgs/msg/detail/status_response__struct.h\n'}
[67.323200] (cartographer_ros_msgs) StdoutLine: {'line': b'-- Installing: /root/distr_slam_ws/install/cartographer_ros_msgs/include/cartographer_ros_msgs/cartographer_ros_msgs/msg/detail/metric_label__struct.h\n'}
[67.323531] (cartographer_ros_msgs) StdoutLine: {'line': b'-- Installing: /root/distr_slam_ws/install/cartographer_ros_msgs/include/cartographer_ros_msgs/cartographer_ros_msgs/msg/detail/submap_texture__functions.h\n'}
[67.323865] (cartographer_ros_msgs) StdoutLine: {'line': b'-- Installing: /root/distr_slam_ws/install/cartographer_ros_msgs/include/cartographer_ros_msgs/cartographer_ros_msgs/msg/detail/metric_family__type_support.h\n'}
[67.324179] (cartographer_ros_msgs) StdoutLine: {'line': b'-- Installing: /root/distr_slam_ws/install/cartographer_ros_msgs/include/cartographer_ros_msgs/cartographer_ros_msgs/msg/detail/landmark_entry__functions.h\n'}
[67.324511] (cartographer_ros_msgs) StdoutLine: {'line': b'-- Installing: /root/distr_slam_ws/install/cartographer_ros_msgs/include/cartographer_ros_msgs/cartographer_ros_msgs/msg/detail/landmark_entry__functions.c\n'}
[67.324874] (cartographer_ros_msgs) StdoutLine: {'line': b'-- Installing: /root/distr_slam_ws/install/cartographer_ros_msgs/include/cartographer_ros_msgs/cartographer_ros_msgs/msg/detail/submap_texture__functions.c\n'}
[67.325199] (cartographer_ros_msgs) StdoutLine: {'line': b'-- Installing: /root/distr_slam_ws/install/cartographer_ros_msgs/include/cartographer_ros_msgs/cartographer_ros_msgs/msg/detail/landmark_list__functions.h\n'}
[67.325525] (cartographer_ros_msgs) StdoutLine: {'line': b'-- Installing: /root/distr_slam_ws/install/cartographer_ros_msgs/include/cartographer_ros_msgs/cartographer_ros_msgs/msg/detail/metric__functions.h\n'}
[67.325909] (cartographer_ros_msgs) StdoutLine: {'line': b'-- Installing: /root/distr_slam_ws/install/cartographer_ros_msgs/include/cartographer_ros_msgs/cartographer_ros_msgs/msg/detail/metric__type_support.h\n'}
[67.326164] (cartographer_ros_msgs) StdoutLine: {'line': b'-- Installing: /root/distr_slam_ws/install/cartographer_ros_msgs/include/cartographer_ros_msgs/cartographer_ros_msgs/msg/detail/histogram_bucket__struct.h\n'}
[67.326404] (cartographer_ros_msgs) StdoutLine: {'line': b'-- Installing: /root/distr_slam_ws/install/cartographer_ros_msgs/include/cartographer_ros_msgs/cartographer_ros_msgs/msg/detail/landmark_list__functions.c\n'}
[67.326765] (cartographer_ros_msgs) StdoutLine: {'line': b'-- Installing: /root/distr_slam_ws/install/cartographer_ros_msgs/include/cartographer_ros_msgs/cartographer_ros_msgs/msg/detail/submap_entry__functions.c\n'}
[67.327084] (cartographer_ros_msgs) StdoutLine: {'line': b'-- Installing: /root/distr_slam_ws/install/cartographer_ros_msgs/include/cartographer_ros_msgs/cartographer_ros_msgs/msg/detail/submap_texture__struct.h\n'}
[67.327398] (cartographer_ros_msgs) StdoutLine: {'line': b'-- Installing: /root/distr_slam_ws/install/cartographer_ros_msgs/include/cartographer_ros_msgs/cartographer_ros_msgs/msg/detail/submap_entry__type_support.h\n'}
[67.327743] (cartographer_ros_msgs) StdoutLine: {'line': b'-- Installing: /root/distr_slam_ws/install/cartographer_ros_msgs/include/cartographer_ros_msgs/cartographer_ros_msgs/msg/detail/status_response__functions.h\n'}
[67.328077] (cartographer_ros_msgs) StdoutLine: {'line': b'-- Installing: /root/distr_slam_ws/install/cartographer_ros_msgs/include/cartographer_ros_msgs/cartographer_ros_msgs/msg/submap_texture.h\n'}
[67.328390] (cartographer_ros_msgs) StdoutLine: {'line': b'-- Installing: /root/distr_slam_ws/install/cartographer_ros_msgs/include/cartographer_ros_msgs/cartographer_ros_msgs/msg/rosidl_generator_c__visibility_control.h\n'}
[67.328716] (cartographer_ros_msgs) StdoutLine: {'line': b'-- Installing: /root/distr_slam_ws/install/cartographer_ros_msgs/include/cartographer_ros_msgs/cartographer_ros_msgs/msg/submap_list.h\n'}
[67.329026] (cartographer_ros_msgs) StdoutLine: {'line': b'-- Installing: /root/distr_slam_ws/install/cartographer_ros_msgs/include/cartographer_ros_msgs/cartographer_ros_msgs/msg/submap_entry.h\n'}
[67.329329] (cartographer_ros_msgs) StdoutLine: {'line': b'-- Installing: /root/distr_slam_ws/install/cartographer_ros_msgs/include/cartographer_ros_msgs/cartographer_ros_msgs/msg/histogram_bucket.h\n'}
[67.329649] (cartographer_ros_msgs) StdoutLine: {'line': b'-- Installing: /root/distr_slam_ws/install/cartographer_ros_msgs/include/cartographer_ros_msgs/cartographer_ros_msgs/msg/metric.h\n'}
[67.329961] (cartographer_ros_msgs) StdoutLine: {'line': b'-- Installing: /root/distr_slam_ws/install/cartographer_ros_msgs/include/cartographer_ros_msgs/cartographer_ros_msgs/msg/bagfile_progress.h\n'}
[67.331114] (cartographer_ros_msgs) StdoutLine: {'line': b'-- Installing: /root/distr_slam_ws/install/cartographer_ros_msgs/share/cartographer_ros_msgs/environment/library_path.sh\n'}
[67.331480] (cartographer_ros_msgs) StdoutLine: {'line': b'-- Installing: /root/distr_slam_ws/install/cartographer_ros_msgs/share/cartographer_ros_msgs/environment/library_path.dsv\n'}
[67.349630] (cartographer_ros_msgs) StdoutLine: {'line': b'-- Installing: /root/distr_slam_ws/install/cartographer_ros_msgs/lib/libcartographer_ros_msgs__rosidl_generator_c.so\n'}
[67.350479] (cartographer_ros_msgs) StdoutLine: {'line': b'-- Set runtime path of "/root/distr_slam_ws/install/cartographer_ros_msgs/lib/libcartographer_ros_msgs__rosidl_generator_c.so" to ""\n'}
[67.350992] (cartographer_ros_msgs) StdoutLine: {'line': b'-- Up-to-date: /root/distr_slam_ws/install/cartographer_ros_msgs/include/cartographer_ros_msgs/cartographer_ros_msgs\n'}
[67.351142] (cartographer_ros_msgs) StdoutLine: {'line': b'-- Up-to-date: /root/distr_slam_ws/install/cartographer_ros_msgs/include/cartographer_ros_msgs/cartographer_ros_msgs/srv\n'}
[67.351334] (cartographer_ros_msgs) StdoutLine: {'line': b'-- Up-to-date: /root/distr_slam_ws/install/cartographer_ros_msgs/include/cartographer_ros_msgs/cartographer_ros_msgs/srv/detail\n'}
[67.351487] (cartographer_ros_msgs) StdoutLine: {'line': b'-- Installing: /root/distr_slam_ws/install/cartographer_ros_msgs/include/cartographer_ros_msgs/cartographer_ros_msgs/srv/detail/trajectory_query__rosidl_typesupport_fastrtps_c.h\n'}
[67.351628] (cartographer_ros_msgs) StdoutLine: {'line': b'-- Installing: /root/distr_slam_ws/install/cartographer_ros_msgs/include/cartographer_ros_msgs/cartographer_ros_msgs/srv/detail/read_metrics__rosidl_typesupport_fastrtps_c.h\n'}
[67.351828] (cartographer_ros_msgs) StdoutLine: {'line': b'-- Installing: /root/distr_slam_ws/install/cartographer_ros_msgs/include/cartographer_ros_msgs/cartographer_ros_msgs/srv/detail/get_slam_state__rosidl_typesupport_fastrtps_c.h\n'}
[67.352153] (cartographer_ros_msgs) StdoutLine: {'line': b'-- Installing: /root/distr_slam_ws/install/cartographer_ros_msgs/include/cartographer_ros_msgs/cartographer_ros_msgs/srv/detail/set_slam_state__rosidl_typesupport_fastrtps_c.h\n'}
[67.352408] (cartographer_ros_msgs) StdoutLine: {'line': b'-- Installing: /root/distr_slam_ws/install/cartographer_ros_msgs/include/cartographer_ros_msgs/cartographer_ros_msgs/srv/detail/submap_query__rosidl_typesupport_fastrtps_c.h\n'}
[67.352730] (cartographer_ros_msgs) StdoutLine: {'line': b'-- Installing: /root/distr_slam_ws/install/cartographer_ros_msgs/include/cartographer_ros_msgs/cartographer_ros_msgs/srv/detail/get_trajectory_states__rosidl_typesupport_fastrtps_c.h\n'}
[67.353042] (cartographer_ros_msgs) StdoutLine: {'line': b'-- Installing: /root/distr_slam_ws/install/cartographer_ros_msgs/include/cartographer_ros_msgs/cartographer_ros_msgs/srv/detail/write_state__rosidl_typesupport_fastrtps_c.h\n'}
[67.353354] (cartographer_ros_msgs) StdoutLine: {'line': b'-- Installing: /root/distr_slam_ws/install/cartographer_ros_msgs/include/cartographer_ros_msgs/cartographer_ros_msgs/srv/detail/start_trajectory__rosidl_typesupport_fastrtps_c.h\n'}
[67.353690] (cartographer_ros_msgs) StdoutLine: {'line': b'-- Installing: /root/distr_slam_ws/install/cartographer_ros_msgs/include/cartographer_ros_msgs/cartographer_ros_msgs/srv/detail/finish_trajectory__rosidl_typesupport_fastrtps_c.h\n'}
[67.353986] (cartographer_ros_msgs) StdoutLine: {'line': b'-- Up-to-date: /root/distr_slam_ws/install/cartographer_ros_msgs/include/cartographer_ros_msgs/cartographer_ros_msgs/msg\n'}
[67.354229] (cartographer_ros_msgs) StdoutLine: {'line': b'-- Installing: /root/distr_slam_ws/install/cartographer_ros_msgs/include/cartographer_ros_msgs/cartographer_ros_msgs/msg/rosidl_typesupport_fastrtps_c__visibility_control.h\n'}
[67.354417] (cartographer_ros_msgs) StdoutLine: {'line': b'-- Up-to-date: /root/distr_slam_ws/install/cartographer_ros_msgs/include/cartographer_ros_msgs/cartographer_ros_msgs/msg/detail\n'}
[67.354633] (cartographer_ros_msgs) StdoutLine: {'line': b'-- Installing: /root/distr_slam_ws/install/cartographer_ros_msgs/include/cartographer_ros_msgs/cartographer_ros_msgs/msg/detail/metric_family__rosidl_typesupport_fastrtps_c.h\n'}
[67.354926] (cartographer_ros_msgs) StdoutLine: {'line': b'-- Installing: /root/distr_slam_ws/install/cartographer_ros_msgs/include/cartographer_ros_msgs/cartographer_ros_msgs/msg/detail/bagfile_progress__rosidl_typesupport_fastrtps_c.h\n'}
[67.355189] (cartographer_ros_msgs) StdoutLine: {'line': b'-- Installing: /root/distr_slam_ws/install/cartographer_ros_msgs/include/cartographer_ros_msgs/cartographer_ros_msgs/msg/detail/landmark_entry__rosidl_typesupport_fastrtps_c.h\n'}
[67.355416] (cartographer_ros_msgs) StdoutLine: {'line': b'-- Installing: /root/distr_slam_ws/install/cartographer_ros_msgs/include/cartographer_ros_msgs/cartographer_ros_msgs/msg/detail/metric_label__rosidl_typesupport_fastrtps_c.h\n'}
[67.355757] (cartographer_ros_msgs) StdoutLine: {'line': b'-- Installing: /root/distr_slam_ws/install/cartographer_ros_msgs/include/cartographer_ros_msgs/cartographer_ros_msgs/msg/detail/status_response__rosidl_typesupport_fastrtps_c.h\n'}
[67.356069] (cartographer_ros_msgs) StdoutLine: {'line': b'-- Installing: /root/distr_slam_ws/install/cartographer_ros_msgs/include/cartographer_ros_msgs/cartographer_ros_msgs/msg/detail/metric__rosidl_typesupport_fastrtps_c.h\n'}
[67.356365] (cartographer_ros_msgs) StdoutLine: {'line': b'-- Installing: /root/distr_slam_ws/install/cartographer_ros_msgs/include/cartographer_ros_msgs/cartographer_ros_msgs/msg/detail/submap_list__rosidl_typesupport_fastrtps_c.h\n'}
[67.356700] (cartographer_ros_msgs) StdoutLine: {'line': b'-- Installing: /root/distr_slam_ws/install/cartographer_ros_msgs/include/cartographer_ros_msgs/cartographer_ros_msgs/msg/detail/trajectory_states__rosidl_typesupport_fastrtps_c.h\n'}
[67.357011] (cartographer_ros_msgs) StdoutLine: {'line': b'-- Installing: /root/distr_slam_ws/install/cartographer_ros_msgs/include/cartographer_ros_msgs/cartographer_ros_msgs/msg/detail/submap_texture__rosidl_typesupport_fastrtps_c.h\n'}
[67.357318] (cartographer_ros_msgs) StdoutLine: {'line': b'-- Installing: /root/distr_slam_ws/install/cartographer_ros_msgs/include/cartographer_ros_msgs/cartographer_ros_msgs/msg/detail/status_code__rosidl_typesupport_fastrtps_c.h\n'}
[67.357649] (cartographer_ros_msgs) StdoutLine: {'line': b'-- Installing: /root/distr_slam_ws/install/cartographer_ros_msgs/include/cartographer_ros_msgs/cartographer_ros_msgs/msg/detail/landmark_list__rosidl_typesupport_fastrtps_c.h\n'}
[67.357953] (cartographer_ros_msgs) StdoutLine: {'line': b'-- Installing: /root/distr_slam_ws/install/cartographer_ros_msgs/include/cartographer_ros_msgs/cartographer_ros_msgs/msg/detail/submap_entry__rosidl_typesupport_fastrtps_c.h\n'}
[67.358275] (cartographer_ros_msgs) StdoutLine: {'line': b'-- Installing: /root/distr_slam_ws/install/cartographer_ros_msgs/include/cartographer_ros_msgs/cartographer_ros_msgs/msg/detail/histogram_bucket__rosidl_typesupport_fastrtps_c.h\n'}
[67.373367] (cartographer_ros_msgs) StdoutLine: {'line': b'-- Installing: /root/distr_slam_ws/install/cartographer_ros_msgs/lib/libcartographer_ros_msgs__rosidl_typesupport_fastrtps_c.so\n'}
[67.374144] (cartographer_ros_msgs) StdoutLine: {'line': b'-- Set runtime path of "/root/distr_slam_ws/install/cartographer_ros_msgs/lib/libcartographer_ros_msgs__rosidl_typesupport_fastrtps_c.so" to ""\n'}
[67.374424] (cartographer_ros_msgs) StdoutLine: {'line': b'-- Up-to-date: /root/distr_slam_ws/install/cartographer_ros_msgs/include/cartographer_ros_msgs/cartographer_ros_msgs\n'}
[67.374599] (cartographer_ros_msgs) StdoutLine: {'line': b'-- Up-to-date: /root/distr_slam_ws/install/cartographer_ros_msgs/include/cartographer_ros_msgs/cartographer_ros_msgs/srv\n'}
[67.374772] (cartographer_ros_msgs) StdoutLine: {'line': b'-- Up-to-date: /root/distr_slam_ws/install/cartographer_ros_msgs/include/cartographer_ros_msgs/cartographer_ros_msgs/srv/detail\n'}
[67.375008] (cartographer_ros_msgs) StdoutLine: {'line': b'-- Installing: /root/distr_slam_ws/install/cartographer_ros_msgs/include/cartographer_ros_msgs/cartographer_ros_msgs/srv/detail/get_trajectory_states__rosidl_typesupport_introspection_c.h\n'}
[67.375146] (cartographer_ros_msgs) StdoutLine: {'line': b'-- Installing: /root/distr_slam_ws/install/cartographer_ros_msgs/include/cartographer_ros_msgs/cartographer_ros_msgs/srv/detail/read_metrics__type_support.c\n'}
[67.375364] (cartographer_ros_msgs) StdoutLine: {'line': b'-- Installing: /root/distr_slam_ws/install/cartographer_ros_msgs/include/cartographer_ros_msgs/cartographer_ros_msgs/srv/detail/get_slam_state__type_support.c\n'}
[67.375697] (cartographer_ros_msgs) StdoutLine: {'line': b'-- Installing: /root/distr_slam_ws/install/cartographer_ros_msgs/include/cartographer_ros_msgs/cartographer_ros_msgs/srv/detail/trajectory_query__type_support.c\n'}
[67.375953] (cartographer_ros_msgs) StdoutLine: {'line': b'-- Installing: /root/distr_slam_ws/install/cartographer_ros_msgs/include/cartographer_ros_msgs/cartographer_ros_msgs/srv/detail/write_state__type_support.c\n'}
[67.376286] (cartographer_ros_msgs) StdoutLine: {'line': b'-- Installing: /root/distr_slam_ws/install/cartographer_ros_msgs/include/cartographer_ros_msgs/cartographer_ros_msgs/srv/detail/set_slam_state__type_support.c\n'}
[67.376624] (cartographer_ros_msgs) StdoutLine: {'line': b'-- Installing: /root/distr_slam_ws/install/cartographer_ros_msgs/include/cartographer_ros_msgs/cartographer_ros_msgs/srv/detail/trajectory_query__rosidl_typesupport_introspection_c.h\n'}
[67.376940] (cartographer_ros_msgs) StdoutLine: {'line': b'-- Installing: /root/distr_slam_ws/install/cartographer_ros_msgs/include/cartographer_ros_msgs/cartographer_ros_msgs/srv/detail/start_trajectory__type_support.c\n'}
[67.377267] (cartographer_ros_msgs) StdoutLine: {'line': b'-- Installing: /root/distr_slam_ws/install/cartographer_ros_msgs/include/cartographer_ros_msgs/cartographer_ros_msgs/srv/detail/start_trajectory__rosidl_typesupport_introspection_c.h\n'}
[67.377669] (cartographer_ros_msgs) StdoutLine: {'line': b'-- Installing: /root/distr_slam_ws/install/cartographer_ros_msgs/include/cartographer_ros_msgs/cartographer_ros_msgs/srv/detail/set_slam_state__rosidl_typesupport_introspection_c.h\n'}
[67.377992] (cartographer_ros_msgs) StdoutLine: {'line': b'-- Installing: /root/distr_slam_ws/install/cartographer_ros_msgs/include/cartographer_ros_msgs/cartographer_ros_msgs/srv/detail/get_trajectory_states__type_support.c\n'}
[67.378301] (cartographer_ros_msgs) StdoutLine: {'line': b'-- Installing: /root/distr_slam_ws/install/cartographer_ros_msgs/include/cartographer_ros_msgs/cartographer_ros_msgs/srv/detail/finish_trajectory__rosidl_typesupport_introspection_c.h\n'}
[67.378629] (cartographer_ros_msgs) StdoutLine: {'line': b'-- Installing: /root/distr_slam_ws/install/cartographer_ros_msgs/include/cartographer_ros_msgs/cartographer_ros_msgs/srv/detail/finish_trajectory__type_support.c\n'}
[67.378950] (cartographer_ros_msgs) StdoutLine: {'line': b'-- Installing: /root/distr_slam_ws/install/cartographer_ros_msgs/include/cartographer_ros_msgs/cartographer_ros_msgs/srv/detail/get_slam_state__rosidl_typesupport_introspection_c.h\n'}
[67.379260] (cartographer_ros_msgs) StdoutLine: {'line': b'-- Installing: /root/distr_slam_ws/install/cartographer_ros_msgs/include/cartographer_ros_msgs/cartographer_ros_msgs/srv/detail/read_metrics__rosidl_typesupport_introspection_c.h\n'}
[67.379587] (cartographer_ros_msgs) StdoutLine: {'line': b'-- Installing: /root/distr_slam_ws/install/cartographer_ros_msgs/include/cartographer_ros_msgs/cartographer_ros_msgs/srv/detail/write_state__rosidl_typesupport_introspection_c.h\n'}
[67.379902] (cartographer_ros_msgs) StdoutLine: {'line': b'-- Installing: /root/distr_slam_ws/install/cartographer_ros_msgs/include/cartographer_ros_msgs/cartographer_ros_msgs/srv/detail/submap_query__rosidl_typesupport_introspection_c.h\n'}
[67.380213] (cartographer_ros_msgs) StdoutLine: {'line': b'-- Installing: /root/distr_slam_ws/install/cartographer_ros_msgs/include/cartographer_ros_msgs/cartographer_ros_msgs/srv/detail/submap_query__type_support.c\n'}
[67.380529] (cartographer_ros_msgs) StdoutLine: {'line': b'-- Up-to-date: /root/distr_slam_ws/install/cartographer_ros_msgs/include/cartographer_ros_msgs/cartographer_ros_msgs/msg\n'}
[67.380785] (cartographer_ros_msgs) StdoutLine: {'line': b'-- Up-to-date: /root/distr_slam_ws/install/cartographer_ros_msgs/include/cartographer_ros_msgs/cartographer_ros_msgs/msg/detail\n'}
[67.380936] (cartographer_ros_msgs) StdoutLine: {'line': b'-- Installing: /root/distr_slam_ws/install/cartographer_ros_msgs/include/cartographer_ros_msgs/cartographer_ros_msgs/msg/detail/metric_label__type_support.c\n'}
[67.381152] (cartographer_ros_msgs) StdoutLine: {'line': b'-- Installing: /root/distr_slam_ws/install/cartographer_ros_msgs/include/cartographer_ros_msgs/cartographer_ros_msgs/msg/detail/submap_texture__rosidl_typesupport_introspection_c.h\n'}
[67.381414] (cartographer_ros_msgs) StdoutLine: {'line': b'-- Installing: /root/distr_slam_ws/install/cartographer_ros_msgs/include/cartographer_ros_msgs/cartographer_ros_msgs/msg/detail/histogram_bucket__rosidl_typesupport_introspection_c.h\n'}
[67.381748] (cartographer_ros_msgs) StdoutLine: {'line': b'-- Installing: /root/distr_slam_ws/install/cartographer_ros_msgs/include/cartographer_ros_msgs/cartographer_ros_msgs/msg/detail/metric_family__rosidl_typesupport_introspection_c.h\n'}
[67.382047] (cartographer_ros_msgs) StdoutLine: {'line': b'-- Installing: /root/distr_slam_ws/install/cartographer_ros_msgs/include/cartographer_ros_msgs/cartographer_ros_msgs/msg/detail/bagfile_progress__type_support.c\n'}
[67.382362] (cartographer_ros_msgs) StdoutLine: {'line': b'-- Installing: /root/distr_slam_ws/install/cartographer_ros_msgs/include/cartographer_ros_msgs/cartographer_ros_msgs/msg/detail/landmark_entry__type_support.c\n'}
[67.382702] (cartographer_ros_msgs) StdoutLine: {'line': b'-- Installing: /root/distr_slam_ws/install/cartographer_ros_msgs/include/cartographer_ros_msgs/cartographer_ros_msgs/msg/detail/trajectory_states__type_support.c\n'}
[67.383029] (cartographer_ros_msgs) StdoutLine: {'line': b'-- Installing: /root/distr_slam_ws/install/cartographer_ros_msgs/include/cartographer_ros_msgs/cartographer_ros_msgs/msg/detail/submap_entry__rosidl_typesupport_introspection_c.h\n'}
[67.383343] (cartographer_ros_msgs) StdoutLine: {'line': b'-- Installing: /root/distr_slam_ws/install/cartographer_ros_msgs/include/cartographer_ros_msgs/cartographer_ros_msgs/msg/detail/metric__type_support.c\n'}
[67.383691] (cartographer_ros_msgs) StdoutLine: {'line': b'-- Installing: /root/distr_slam_ws/install/cartographer_ros_msgs/include/cartographer_ros_msgs/cartographer_ros_msgs/msg/detail/landmark_list__type_support.c\n'}
[67.384011] (cartographer_ros_msgs) StdoutLine: {'line': b'-- Installing: /root/distr_slam_ws/install/cartographer_ros_msgs/include/cartographer_ros_msgs/cartographer_ros_msgs/msg/detail/metric_family__type_support.c\n'}
[67.384334] (cartographer_ros_msgs) StdoutLine: {'line': b'-- Installing: /root/distr_slam_ws/install/cartographer_ros_msgs/include/cartographer_ros_msgs/cartographer_ros_msgs/msg/detail/status_code__type_support.c\n'}
[67.384667] (cartographer_ros_msgs) StdoutLine: {'line': b'-- Installing: /root/distr_slam_ws/install/cartographer_ros_msgs/include/cartographer_ros_msgs/cartographer_ros_msgs/msg/detail/submap_entry__type_support.c\n'}
[67.384977] (cartographer_ros_msgs) StdoutLine: {'line': b'-- Installing: /root/distr_slam_ws/install/cartographer_ros_msgs/include/cartographer_ros_msgs/cartographer_ros_msgs/msg/detail/status_response__type_support.c\n'}
[67.385308] (cartographer_ros_msgs) StdoutLine: {'line': b'-- Installing: /root/distr_slam_ws/install/cartographer_ros_msgs/include/cartographer_ros_msgs/cartographer_ros_msgs/msg/detail/histogram_bucket__type_support.c\n'}
[67.385634] (cartographer_ros_msgs) StdoutLine: {'line': b'-- Installing: /root/distr_slam_ws/install/cartographer_ros_msgs/include/cartographer_ros_msgs/cartographer_ros_msgs/msg/detail/status_code__rosidl_typesupport_introspection_c.h\n'}
[67.385943] (cartographer_ros_msgs) StdoutLine: {'line': b'-- Installing: /root/distr_slam_ws/install/cartographer_ros_msgs/include/cartographer_ros_msgs/cartographer_ros_msgs/msg/detail/metric_label__rosidl_typesupport_introspection_c.h\n'}
[67.386252] (cartographer_ros_msgs) StdoutLine: {'line': b'-- Installing: /root/distr_slam_ws/install/cartographer_ros_msgs/include/cartographer_ros_msgs/cartographer_ros_msgs/msg/detail/bagfile_progress__rosidl_typesupport_introspection_c.h\n'}
[67.386588] (cartographer_ros_msgs) StdoutLine: {'line': b'-- Installing: /root/distr_slam_ws/install/cartographer_ros_msgs/include/cartographer_ros_msgs/cartographer_ros_msgs/msg/detail/metric__rosidl_typesupport_introspection_c.h\n'}
[67.386739] (-) TimerEvent: {}
[67.386965] (cartographer_ros_msgs) StdoutLine: {'line': b'-- Installing: /root/distr_slam_ws/install/cartographer_ros_msgs/include/cartographer_ros_msgs/cartographer_ros_msgs/msg/detail/status_response__rosidl_typesupport_introspection_c.h\n'}
[67.387383] (cartographer_ros_msgs) StdoutLine: {'line': b'-- Installing: /root/distr_slam_ws/install/cartographer_ros_msgs/include/cartographer_ros_msgs/cartographer_ros_msgs/msg/detail/submap_list__rosidl_typesupport_introspection_c.h\n'}
[67.387808] (cartographer_ros_msgs) StdoutLine: {'line': b'-- Installing: /root/distr_slam_ws/install/cartographer_ros_msgs/include/cartographer_ros_msgs/cartographer_ros_msgs/msg/detail/trajectory_states__rosidl_typesupport_introspection_c.h\n'}
[67.388131] (cartographer_ros_msgs) StdoutLine: {'line': b'-- Installing: /root/distr_slam_ws/install/cartographer_ros_msgs/include/cartographer_ros_msgs/cartographer_ros_msgs/msg/detail/submap_list__type_support.c\n'}
[67.388489] (cartographer_ros_msgs) StdoutLine: {'line': b'-- Installing: /root/distr_slam_ws/install/cartographer_ros_msgs/include/cartographer_ros_msgs/cartographer_ros_msgs/msg/detail/submap_texture__type_support.c\n'}
[67.388814] (cartographer_ros_msgs) StdoutLine: {'line': b'-- Installing: /root/distr_slam_ws/install/cartographer_ros_msgs/include/cartographer_ros_msgs/cartographer_ros_msgs/msg/detail/landmark_list__rosidl_typesupport_introspection_c.h\n'}
[67.389142] (cartographer_ros_msgs) StdoutLine: {'line': b'-- Installing: /root/distr_slam_ws/install/cartographer_ros_msgs/include/cartographer_ros_msgs/cartographer_ros_msgs/msg/detail/landmark_entry__rosidl_typesupport_introspection_c.h\n'}
[67.389472] (cartographer_ros_msgs) StdoutLine: {'line': b'-- Installing: /root/distr_slam_ws/install/cartographer_ros_msgs/include/cartographer_ros_msgs/cartographer_ros_msgs/msg/rosidl_typesupport_introspection_c__visibility_control.h\n'}
[67.400304] (cartographer_ros_msgs) StdoutLine: {'line': b'-- Installing: /root/distr_slam_ws/install/cartographer_ros_msgs/lib/libcartographer_ros_msgs__rosidl_typesupport_introspection_c.so\n'}
[67.401038] (cartographer_ros_msgs) StdoutLine: {'line': b'-- Set runtime path of "/root/distr_slam_ws/install/cartographer_ros_msgs/lib/libcartographer_ros_msgs__rosidl_typesupport_introspection_c.so" to ""\n'}
[67.405950] (cartographer_ros_msgs) StdoutLine: {'line': b'-- Installing: /root/distr_slam_ws/install/cartographer_ros_msgs/lib/libcartographer_ros_msgs__rosidl_typesupport_c.so\n'}
[67.406580] (cartographer_ros_msgs) StdoutLine: {'line': b'-- Set runtime path of "/root/distr_slam_ws/install/cartographer_ros_msgs/lib/libcartographer_ros_msgs__rosidl_typesupport_c.so" to ""\n'}
[67.406805] (cartographer_ros_msgs) StdoutLine: {'line': b'-- Up-to-date: /root/distr_slam_ws/install/cartographer_ros_msgs/include/cartographer_ros_msgs/cartographer_ros_msgs\n'}
[67.407072] (cartographer_ros_msgs) StdoutLine: {'line': b'-- Up-to-date: /root/distr_slam_ws/install/cartographer_ros_msgs/include/cartographer_ros_msgs/cartographer_ros_msgs/srv\n'}
[67.407229] (cartographer_ros_msgs) StdoutLine: {'line': b'-- Installing: /root/distr_slam_ws/install/cartographer_ros_msgs/include/cartographer_ros_msgs/cartographer_ros_msgs/srv/start_trajectory.hpp\n'}
[67.407470] (cartographer_ros_msgs) StdoutLine: {'line': b'-- Installing: /root/distr_slam_ws/install/cartographer_ros_msgs/include/cartographer_ros_msgs/cartographer_ros_msgs/srv/trajectory_query.hpp\n'}
[67.407706] (cartographer_ros_msgs) StdoutLine: {'line': b'-- Up-to-date: /root/distr_slam_ws/install/cartographer_ros_msgs/include/cartographer_ros_msgs/cartographer_ros_msgs/srv/detail\n'}
[67.407853] (cartographer_ros_msgs) StdoutLine: {'line': b'-- Installing: /root/distr_slam_ws/install/cartographer_ros_msgs/include/cartographer_ros_msgs/cartographer_ros_msgs/srv/detail/write_state__type_support.hpp\n'}
[67.408059] (cartographer_ros_msgs) StdoutLine: {'line': b'-- Installing: /root/distr_slam_ws/install/cartographer_ros_msgs/include/cartographer_ros_msgs/cartographer_ros_msgs/srv/detail/start_trajectory__builder.hpp\n'}
[67.408382] (cartographer_ros_msgs) StdoutLine: {'line': b'-- Installing: /root/distr_slam_ws/install/cartographer_ros_msgs/include/cartographer_ros_msgs/cartographer_ros_msgs/srv/detail/get_slam_state__traits.hpp\n'}
[67.408651] (cartographer_ros_msgs) StdoutLine: {'line': b'-- Installing: /root/distr_slam_ws/install/cartographer_ros_msgs/include/cartographer_ros_msgs/cartographer_ros_msgs/srv/detail/get_trajectory_states__type_support.hpp\n'}
[67.408981] (cartographer_ros_msgs) StdoutLine: {'line': b'-- Installing: /root/distr_slam_ws/install/cartographer_ros_msgs/include/cartographer_ros_msgs/cartographer_ros_msgs/srv/detail/finish_trajectory__builder.hpp\n'}
[67.409302] (cartographer_ros_msgs) StdoutLine: {'line': b'-- Installing: /root/distr_slam_ws/install/cartographer_ros_msgs/include/cartographer_ros_msgs/cartographer_ros_msgs/srv/detail/start_trajectory__struct.hpp\n'}
[67.409643] (cartographer_ros_msgs) StdoutLine: {'line': b'-- Installing: /root/distr_slam_ws/install/cartographer_ros_msgs/include/cartographer_ros_msgs/cartographer_ros_msgs/srv/detail/start_trajectory__traits.hpp\n'}
[67.409965] (cartographer_ros_msgs) StdoutLine: {'line': b'-- Installing: /root/distr_slam_ws/install/cartographer_ros_msgs/include/cartographer_ros_msgs/cartographer_ros_msgs/srv/detail/read_metrics__builder.hpp\n'}
[67.410269] (cartographer_ros_msgs) StdoutLine: {'line': b'-- Installing: /root/distr_slam_ws/install/cartographer_ros_msgs/include/cartographer_ros_msgs/cartographer_ros_msgs/srv/detail/get_trajectory_states__builder.hpp\n'}
[67.410595] (cartographer_ros_msgs) StdoutLine: {'line': b'-- Installing: /root/distr_slam_ws/install/cartographer_ros_msgs/include/cartographer_ros_msgs/cartographer_ros_msgs/srv/detail/start_trajectory__type_support.hpp\n'}
[67.410906] (cartographer_ros_msgs) StdoutLine: {'line': b'-- Installing: /root/distr_slam_ws/install/cartographer_ros_msgs/include/cartographer_ros_msgs/cartographer_ros_msgs/srv/detail/submap_query__traits.hpp\n'}
[67.411217] (cartographer_ros_msgs) StdoutLine: {'line': b'-- Installing: /root/distr_slam_ws/install/cartographer_ros_msgs/include/cartographer_ros_msgs/cartographer_ros_msgs/srv/detail/submap_query__builder.hpp\n'}
[67.411522] (cartographer_ros_msgs) StdoutLine: {'line': b'-- Installing: /root/distr_slam_ws/install/cartographer_ros_msgs/include/cartographer_ros_msgs/cartographer_ros_msgs/srv/detail/read_metrics__struct.hpp\n'}
[67.411847] (cartographer_ros_msgs) StdoutLine: {'line': b'-- Installing: /root/distr_slam_ws/install/cartographer_ros_msgs/include/cartographer_ros_msgs/cartographer_ros_msgs/srv/detail/read_metrics__type_support.hpp\n'}
[67.412147] (cartographer_ros_msgs) StdoutLine: {'line': b'-- Installing: /root/distr_slam_ws/install/cartographer_ros_msgs/include/cartographer_ros_msgs/cartographer_ros_msgs/srv/detail/set_slam_state__builder.hpp\n'}
[67.412451] (cartographer_ros_msgs) StdoutLine: {'line': b'-- Installing: /root/distr_slam_ws/install/cartographer_ros_msgs/include/cartographer_ros_msgs/cartographer_ros_msgs/srv/detail/submap_query__type_support.hpp\n'}
[67.412770] (cartographer_ros_msgs) StdoutLine: {'line': b'-- Installing: /root/distr_slam_ws/install/cartographer_ros_msgs/include/cartographer_ros_msgs/cartographer_ros_msgs/srv/detail/trajectory_query__traits.hpp\n'}
[67.413079] (cartographer_ros_msgs) StdoutLine: {'line': b'-- Installing: /root/distr_slam_ws/install/cartographer_ros_msgs/include/cartographer_ros_msgs/cartographer_ros_msgs/srv/detail/get_trajectory_states__struct.hpp\n'}
[67.413387] (cartographer_ros_msgs) StdoutLine: {'line': b'-- Installing: /root/distr_slam_ws/install/cartographer_ros_msgs/include/cartographer_ros_msgs/cartographer_ros_msgs/srv/detail/set_slam_state__type_support.hpp\n'}
[67.413721] (cartographer_ros_msgs) StdoutLine: {'line': b'-- Installing: /root/distr_slam_ws/install/cartographer_ros_msgs/include/cartographer_ros_msgs/cartographer_ros_msgs/srv/detail/submap_query__struct.hpp\n'}
[67.414038] (cartographer_ros_msgs) StdoutLine: {'line': b'-- Installing: /root/distr_slam_ws/install/cartographer_ros_msgs/include/cartographer_ros_msgs/cartographer_ros_msgs/srv/detail/trajectory_query__struct.hpp\n'}
[67.414356] (cartographer_ros_msgs) StdoutLine: {'line': b'-- Installing: /root/distr_slam_ws/install/cartographer_ros_msgs/include/cartographer_ros_msgs/cartographer_ros_msgs/srv/detail/trajectory_query__type_support.hpp\n'}
[67.414683] (cartographer_ros_msgs) StdoutLine: {'line': b'-- Installing: /root/distr_slam_ws/install/cartographer_ros_msgs/include/cartographer_ros_msgs/cartographer_ros_msgs/srv/detail/write_state__struct.hpp\n'}
[67.415007] (cartographer_ros_msgs) StdoutLine: {'line': b'-- Installing: /root/distr_slam_ws/install/cartographer_ros_msgs/include/cartographer_ros_msgs/cartographer_ros_msgs/srv/detail/read_metrics__traits.hpp\n'}
[67.415313] (cartographer_ros_msgs) StdoutLine: {'line': b'-- Installing: /root/distr_slam_ws/install/cartographer_ros_msgs/include/cartographer_ros_msgs/cartographer_ros_msgs/srv/detail/finish_trajectory__struct.hpp\n'}
[67.415639] (cartographer_ros_msgs) StdoutLine: {'line': b'-- Installing: /root/distr_slam_ws/install/cartographer_ros_msgs/include/cartographer_ros_msgs/cartographer_ros_msgs/srv/detail/get_slam_state__type_support.hpp\n'}
[67.415944] (cartographer_ros_msgs) StdoutLine: {'line': b'-- Installing: /root/distr_slam_ws/install/cartographer_ros_msgs/include/cartographer_ros_msgs/cartographer_ros_msgs/srv/detail/finish_trajectory__traits.hpp\n'}
[67.416258] (cartographer_ros_msgs) StdoutLine: {'line': b'-- Installing: /root/distr_slam_ws/install/cartographer_ros_msgs/include/cartographer_ros_msgs/cartographer_ros_msgs/srv/detail/set_slam_state__traits.hpp\n'}
[67.416588] (cartographer_ros_msgs) StdoutLine: {'line': b'-- Installing: /root/distr_slam_ws/install/cartographer_ros_msgs/include/cartographer_ros_msgs/cartographer_ros_msgs/srv/detail/write_state__builder.hpp\n'}
[67.416893] (cartographer_ros_msgs) StdoutLine: {'line': b'-- Installing: /root/distr_slam_ws/install/cartographer_ros_msgs/include/cartographer_ros_msgs/cartographer_ros_msgs/srv/detail/get_slam_state__builder.hpp\n'}
[67.417200] (cartographer_ros_msgs) StdoutLine: {'line': b'-- Installing: /root/distr_slam_ws/install/cartographer_ros_msgs/include/cartographer_ros_msgs/cartographer_ros_msgs/srv/detail/set_slam_state__struct.hpp\n'}
[67.417537] (cartographer_ros_msgs) StdoutLine: {'line': b'-- Installing: /root/distr_slam_ws/install/cartographer_ros_msgs/include/cartographer_ros_msgs/cartographer_ros_msgs/srv/detail/write_state__traits.hpp\n'}
[67.417858] (cartographer_ros_msgs) StdoutLine: {'line': b'-- Installing: /root/distr_slam_ws/install/cartographer_ros_msgs/include/cartographer_ros_msgs/cartographer_ros_msgs/srv/detail/get_trajectory_states__traits.hpp\n'}
[67.418174] (cartographer_ros_msgs) StdoutLine: {'line': b'-- Installing: /root/distr_slam_ws/install/cartographer_ros_msgs/include/cartographer_ros_msgs/cartographer_ros_msgs/srv/detail/trajectory_query__builder.hpp\n'}
[67.418503] (cartographer_ros_msgs) StdoutLine: {'line': b'-- Installing: /root/distr_slam_ws/install/cartographer_ros_msgs/include/cartographer_ros_msgs/cartographer_ros_msgs/srv/detail/finish_trajectory__type_support.hpp\n'}
[67.418819] (cartographer_ros_msgs) StdoutLine: {'line': b'-- Installing: /root/distr_slam_ws/install/cartographer_ros_msgs/include/cartographer_ros_msgs/cartographer_ros_msgs/srv/detail/get_slam_state__struct.hpp\n'}
[67.419137] (cartographer_ros_msgs) StdoutLine: {'line': b'-- Installing: /root/distr_slam_ws/install/cartographer_ros_msgs/include/cartographer_ros_msgs/cartographer_ros_msgs/srv/get_slam_state.hpp\n'}
[67.419424] (cartographer_ros_msgs) StdoutLine: {'line': b'-- Installing: /root/distr_slam_ws/install/cartographer_ros_msgs/include/cartographer_ros_msgs/cartographer_ros_msgs/srv/finish_trajectory.hpp\n'}
[67.419737] (cartographer_ros_msgs) StdoutLine: {'line': b'-- Installing: /root/distr_slam_ws/install/cartographer_ros_msgs/include/cartographer_ros_msgs/cartographer_ros_msgs/srv/get_trajectory_states.hpp\n'}
[67.420028] (cartographer_ros_msgs) StdoutLine: {'line': b'-- Installing: /root/distr_slam_ws/install/cartographer_ros_msgs/include/cartographer_ros_msgs/cartographer_ros_msgs/srv/set_slam_state.hpp\n'}
[67.420319] (cartographer_ros_msgs) StdoutLine: {'line': b'-- Installing: /root/distr_slam_ws/install/cartographer_ros_msgs/include/cartographer_ros_msgs/cartographer_ros_msgs/srv/write_state.hpp\n'}
[67.420625] (cartographer_ros_msgs) StdoutLine: {'line': b'-- Installing: /root/distr_slam_ws/install/cartographer_ros_msgs/include/cartographer_ros_msgs/cartographer_ros_msgs/srv/read_metrics.hpp\n'}
[67.420926] (cartographer_ros_msgs) StdoutLine: {'line': b'-- Installing: /root/distr_slam_ws/install/cartographer_ros_msgs/include/cartographer_ros_msgs/cartographer_ros_msgs/srv/submap_query.hpp\n'}
[67.421198] (cartographer_ros_msgs) StdoutLine: {'line': b'-- Up-to-date: /root/distr_slam_ws/install/cartographer_ros_msgs/include/cartographer_ros_msgs/cartographer_ros_msgs/msg\n'}
[67.421437] (cartographer_ros_msgs) StdoutLine: {'line': b'-- Installing: /root/distr_slam_ws/install/cartographer_ros_msgs/include/cartographer_ros_msgs/cartographer_ros_msgs/msg/trajectory_states.hpp\n'}
[67.421686] (cartographer_ros_msgs) StdoutLine: {'line': b'-- Installing: /root/distr_slam_ws/install/cartographer_ros_msgs/include/cartographer_ros_msgs/cartographer_ros_msgs/msg/metric_label.hpp\n'}
[67.421972] (cartographer_ros_msgs) StdoutLine: {'line': b'-- Installing: /root/distr_slam_ws/install/cartographer_ros_msgs/include/cartographer_ros_msgs/cartographer_ros_msgs/msg/histogram_bucket.hpp\n'}
[67.422215] (cartographer_ros_msgs) StdoutLine: {'line': b'-- Up-to-date: /root/distr_slam_ws/install/cartographer_ros_msgs/include/cartographer_ros_msgs/cartographer_ros_msgs/msg/detail\n'}
[67.422479] (cartographer_ros_msgs) StdoutLine: {'line': b'-- Installing: /root/distr_slam_ws/install/cartographer_ros_msgs/include/cartographer_ros_msgs/cartographer_ros_msgs/msg/detail/landmark_list__builder.hpp\n'}
[67.422715] (cartographer_ros_msgs) StdoutLine: {'line': b'-- Installing: /root/distr_slam_ws/install/cartographer_ros_msgs/include/cartographer_ros_msgs/cartographer_ros_msgs/msg/detail/metric__type_support.hpp\n'}
[67.422938] (cartographer_ros_msgs) StdoutLine: {'line': b'-- Installing: /root/distr_slam_ws/install/cartographer_ros_msgs/include/cartographer_ros_msgs/cartographer_ros_msgs/msg/detail/submap_entry__struct.hpp\n'}
[67.423181] (cartographer_ros_msgs) StdoutLine: {'line': b'-- Installing: /root/distr_slam_ws/install/cartographer_ros_msgs/include/cartographer_ros_msgs/cartographer_ros_msgs/msg/detail/status_response__struct.hpp\n'}
[67.423514] (cartographer_ros_msgs) StdoutLine: {'line': b'-- Installing: /root/distr_slam_ws/install/cartographer_ros_msgs/include/cartographer_ros_msgs/cartographer_ros_msgs/msg/detail/landmark_entry__type_support.hpp\n'}
[67.423859] (cartographer_ros_msgs) StdoutLine: {'line': b'-- Installing: /root/distr_slam_ws/install/cartographer_ros_msgs/include/cartographer_ros_msgs/cartographer_ros_msgs/msg/detail/trajectory_states__struct.hpp\n'}
[67.424175] (cartographer_ros_msgs) StdoutLine: {'line': b'-- Installing: /root/distr_slam_ws/install/cartographer_ros_msgs/include/cartographer_ros_msgs/cartographer_ros_msgs/msg/detail/landmark_entry__traits.hpp\n'}
[67.424869] (cartographer_ros_msgs) StdoutLine: {'line': b'-- Installing: /root/distr_slam_ws/install/cartographer_ros_msgs/include/cartographer_ros_msgs/cartographer_ros_msgs/msg/detail/submap_entry__builder.hpp\n'}
[67.425206] (cartographer_ros_msgs) StdoutLine: {'line': b'-- Installing: /root/distr_slam_ws/install/cartographer_ros_msgs/include/cartographer_ros_msgs/cartographer_ros_msgs/msg/detail/submap_list__traits.hpp\n'}
[67.425525] (cartographer_ros_msgs) StdoutLine: {'line': b'-- Installing: /root/distr_slam_ws/install/cartographer_ros_msgs/include/cartographer_ros_msgs/cartographer_ros_msgs/msg/detail/landmark_list__traits.hpp\n'}
[67.425866] (cartographer_ros_msgs) StdoutLine: {'line': b'-- Installing: /root/distr_slam_ws/install/cartographer_ros_msgs/include/cartographer_ros_msgs/cartographer_ros_msgs/msg/detail/histogram_bucket__traits.hpp\n'}
[67.426165] (cartographer_ros_msgs) StdoutLine: {'line': b'-- Installing: /root/distr_slam_ws/install/cartographer_ros_msgs/include/cartographer_ros_msgs/cartographer_ros_msgs/msg/detail/metric_label__builder.hpp\n'}
[67.426484] (cartographer_ros_msgs) StdoutLine: {'line': b'-- Installing: /root/distr_slam_ws/install/cartographer_ros_msgs/include/cartographer_ros_msgs/cartographer_ros_msgs/msg/detail/status_response__type_support.hpp\n'}
[67.426816] (cartographer_ros_msgs) StdoutLine: {'line': b'-- Installing: /root/distr_slam_ws/install/cartographer_ros_msgs/include/cartographer_ros_msgs/cartographer_ros_msgs/msg/detail/submap_list__struct.hpp\n'}
[67.427126] (cartographer_ros_msgs) StdoutLine: {'line': b'-- Installing: /root/distr_slam_ws/install/cartographer_ros_msgs/include/cartographer_ros_msgs/cartographer_ros_msgs/msg/detail/submap_texture__traits.hpp\n'}
[67.427448] (cartographer_ros_msgs) StdoutLine: {'line': b'-- Installing: /root/distr_slam_ws/install/cartographer_ros_msgs/include/cartographer_ros_msgs/cartographer_ros_msgs/msg/detail/metric_family__type_support.hpp\n'}
[67.427868] (cartographer_ros_msgs) StdoutLine: {'line': b'-- Installing: /root/distr_slam_ws/install/cartographer_ros_msgs/include/cartographer_ros_msgs/cartographer_ros_msgs/msg/detail/status_code__traits.hpp\n'}
[67.428178] (cartographer_ros_msgs) StdoutLine: {'line': b'-- Installing: /root/distr_slam_ws/install/cartographer_ros_msgs/include/cartographer_ros_msgs/cartographer_ros_msgs/msg/detail/metric__struct.hpp\n'}
[67.428506] (cartographer_ros_msgs) StdoutLine: {'line': b'-- Installing: /root/distr_slam_ws/install/cartographer_ros_msgs/include/cartographer_ros_msgs/cartographer_ros_msgs/msg/detail/metric__traits.hpp\n'}
[67.428833] (cartographer_ros_msgs) StdoutLine: {'line': b'-- Installing: /root/distr_slam_ws/install/cartographer_ros_msgs/include/cartographer_ros_msgs/cartographer_ros_msgs/msg/detail/status_code__struct.hpp\n'}
[67.429150] (cartographer_ros_msgs) StdoutLine: {'line': b'-- Installing: /root/distr_slam_ws/install/cartographer_ros_msgs/include/cartographer_ros_msgs/cartographer_ros_msgs/msg/detail/submap_entry__traits.hpp\n'}
[67.429486] (cartographer_ros_msgs) StdoutLine: {'line': b'-- Installing: /root/distr_slam_ws/install/cartographer_ros_msgs/include/cartographer_ros_msgs/cartographer_ros_msgs/msg/detail/landmark_entry__struct.hpp\n'}
[67.429805] (cartographer_ros_msgs) StdoutLine: {'line': b'-- Installing: /root/distr_slam_ws/install/cartographer_ros_msgs/include/cartographer_ros_msgs/cartographer_ros_msgs/msg/detail/bagfile_progress__struct.hpp\n'}
[67.430109] (cartographer_ros_msgs) StdoutLine: {'line': b'-- Installing: /root/distr_slam_ws/install/cartographer_ros_msgs/include/cartographer_ros_msgs/cartographer_ros_msgs/msg/detail/metric_family__traits.hpp\n'}
[67.430415] (cartographer_ros_msgs) StdoutLine: {'line': b'-- Installing: /root/distr_slam_ws/install/cartographer_ros_msgs/include/cartographer_ros_msgs/cartographer_ros_msgs/msg/detail/status_code__type_support.hpp\n'}
[67.430794] (cartographer_ros_msgs) StdoutLine: {'line': b'-- Installing: /root/distr_slam_ws/install/cartographer_ros_msgs/include/cartographer_ros_msgs/cartographer_ros_msgs/msg/detail/bagfile_progress__traits.hpp\n'}
[67.431103] (cartographer_ros_msgs) StdoutLine: {'line': b'-- Installing: /root/distr_slam_ws/install/cartographer_ros_msgs/include/cartographer_ros_msgs/cartographer_ros_msgs/msg/detail/metric_label__type_support.hpp\n'}
[67.431407] (cartographer_ros_msgs) StdoutLine: {'line': b'-- Installing: /root/distr_slam_ws/install/cartographer_ros_msgs/include/cartographer_ros_msgs/cartographer_ros_msgs/msg/detail/metric_label__struct.hpp\n'}
[67.431756] (cartographer_ros_msgs) StdoutLine: {'line': b'-- Installing: /root/distr_slam_ws/install/cartographer_ros_msgs/include/cartographer_ros_msgs/cartographer_ros_msgs/msg/detail/submap_list__builder.hpp\n'}
[67.432064] (cartographer_ros_msgs) StdoutLine: {'line': b'-- Installing: /root/distr_slam_ws/install/cartographer_ros_msgs/include/cartographer_ros_msgs/cartographer_ros_msgs/msg/detail/trajectory_states__type_support.hpp\n'}
[67.432372] (cartographer_ros_msgs) StdoutLine: {'line': b'-- Installing: /root/distr_slam_ws/install/cartographer_ros_msgs/include/cartographer_ros_msgs/cartographer_ros_msgs/msg/detail/histogram_bucket__type_support.hpp\n'}
[67.432710] (cartographer_ros_msgs) StdoutLine: {'line': b'-- Installing: /root/distr_slam_ws/install/cartographer_ros_msgs/include/cartographer_ros_msgs/cartographer_ros_msgs/msg/detail/submap_texture__type_support.hpp\n'}
[67.433009] (cartographer_ros_msgs) StdoutLine: {'line': b'-- Installing: /root/distr_slam_ws/install/cartographer_ros_msgs/include/cartographer_ros_msgs/cartographer_ros_msgs/msg/detail/metric_family__builder.hpp\n'}
[67.433311] (cartographer_ros_msgs) StdoutLine: {'line': b'-- Installing: /root/distr_slam_ws/install/cartographer_ros_msgs/include/cartographer_ros_msgs/cartographer_ros_msgs/msg/detail/trajectory_states__builder.hpp\n'}
[67.433639] (cartographer_ros_msgs) StdoutLine: {'line': b'-- Installing: /root/distr_slam_ws/install/cartographer_ros_msgs/include/cartographer_ros_msgs/cartographer_ros_msgs/msg/detail/metric__builder.hpp\n'}
[67.433942] (cartographer_ros_msgs) StdoutLine: {'line': b'-- Installing: /root/distr_slam_ws/install/cartographer_ros_msgs/include/cartographer_ros_msgs/cartographer_ros_msgs/msg/detail/landmark_list__type_support.hpp\n'}
[67.434249] (cartographer_ros_msgs) StdoutLine: {'line': b'-- Installing: /root/distr_slam_ws/install/cartographer_ros_msgs/include/cartographer_ros_msgs/cartographer_ros_msgs/msg/detail/histogram_bucket__builder.hpp\n'}
[67.434586] (cartographer_ros_msgs) StdoutLine: {'line': b'-- Installing: /root/distr_slam_ws/install/cartographer_ros_msgs/include/cartographer_ros_msgs/cartographer_ros_msgs/msg/detail/submap_entry__type_support.hpp\n'}
[67.434902] (cartographer_ros_msgs) StdoutLine: {'line': b'-- Installing: /root/distr_slam_ws/install/cartographer_ros_msgs/include/cartographer_ros_msgs/cartographer_ros_msgs/msg/detail/bagfile_progress__type_support.hpp\n'}
[67.435204] (cartographer_ros_msgs) StdoutLine: {'line': b'-- Installing: /root/distr_slam_ws/install/cartographer_ros_msgs/include/cartographer_ros_msgs/cartographer_ros_msgs/msg/detail/submap_texture__builder.hpp\n'}
[67.435520] (cartographer_ros_msgs) StdoutLine: {'line': b'-- Installing: /root/distr_slam_ws/install/cartographer_ros_msgs/include/cartographer_ros_msgs/cartographer_ros_msgs/msg/detail/landmark_list__struct.hpp\n'}
[67.435837] (cartographer_ros_msgs) StdoutLine: {'line': b'-- Installing: /root/distr_slam_ws/install/cartographer_ros_msgs/include/cartographer_ros_msgs/cartographer_ros_msgs/msg/detail/status_code__builder.hpp\n'}
[67.436133] (cartographer_ros_msgs) StdoutLine: {'line': b'-- Installing: /root/distr_slam_ws/install/cartographer_ros_msgs/include/cartographer_ros_msgs/cartographer_ros_msgs/msg/detail/status_response__traits.hpp\n'}
[67.436436] (cartographer_ros_msgs) StdoutLine: {'line': b'-- Installing: /root/distr_slam_ws/install/cartographer_ros_msgs/include/cartographer_ros_msgs/cartographer_ros_msgs/msg/detail/metric_label__traits.hpp\n'}
[67.436760] (cartographer_ros_msgs) StdoutLine: {'line': b'-- Installing: /root/distr_slam_ws/install/cartographer_ros_msgs/include/cartographer_ros_msgs/cartographer_ros_msgs/msg/detail/bagfile_progress__builder.hpp\n'}
[67.437061] (cartographer_ros_msgs) StdoutLine: {'line': b'-- Installing: /root/distr_slam_ws/install/cartographer_ros_msgs/include/cartographer_ros_msgs/cartographer_ros_msgs/msg/detail/metric_family__struct.hpp\n'}
[67.437366] (cartographer_ros_msgs) StdoutLine: {'line': b'-- Installing: /root/distr_slam_ws/install/cartographer_ros_msgs/include/cartographer_ros_msgs/cartographer_ros_msgs/msg/detail/histogram_bucket__struct.hpp\n'}
[67.437700] (cartographer_ros_msgs) StdoutLine: {'line': b'-- Installing: /root/distr_slam_ws/install/cartographer_ros_msgs/include/cartographer_ros_msgs/cartographer_ros_msgs/msg/detail/submap_texture__struct.hpp\n'}
[67.438014] (cartographer_ros_msgs) StdoutLine: {'line': b'-- Installing: /root/distr_slam_ws/install/cartographer_ros_msgs/include/cartographer_ros_msgs/cartographer_ros_msgs/msg/detail/status_response__builder.hpp\n'}
[67.438318] (cartographer_ros_msgs) StdoutLine: {'line': b'-- Installing: /root/distr_slam_ws/install/cartographer_ros_msgs/include/cartographer_ros_msgs/cartographer_ros_msgs/msg/detail/trajectory_states__traits.hpp\n'}
[67.438667] (cartographer_ros_msgs) StdoutLine: {'line': b'-- Installing: /root/distr_slam_ws/install/cartographer_ros_msgs/include/cartographer_ros_msgs/cartographer_ros_msgs/msg/detail/submap_list__type_support.hpp\n'}
[67.438971] (cartographer_ros_msgs) StdoutLine: {'line': b'-- Installing: /root/distr_slam_ws/install/cartographer_ros_msgs/include/cartographer_ros_msgs/cartographer_ros_msgs/msg/detail/landmark_entry__builder.hpp\n'}
[67.439268] (cartographer_ros_msgs) StdoutLine: {'line': b'-- Installing: /root/distr_slam_ws/install/cartographer_ros_msgs/include/cartographer_ros_msgs/cartographer_ros_msgs/msg/landmark_list.hpp\n'}
[67.439579] (cartographer_ros_msgs) StdoutLine: {'line': b'-- Installing: /root/distr_slam_ws/install/cartographer_ros_msgs/include/cartographer_ros_msgs/cartographer_ros_msgs/msg/landmark_entry.hpp\n'}
[67.439874] (cartographer_ros_msgs) StdoutLine: {'line': b'-- Installing: /root/distr_slam_ws/install/cartographer_ros_msgs/include/cartographer_ros_msgs/cartographer_ros_msgs/msg/bagfile_progress.hpp\n'}
[67.440238] (cartographer_ros_msgs) StdoutLine: {'line': b'-- Installing: /root/distr_slam_ws/install/cartographer_ros_msgs/include/cartographer_ros_msgs/cartographer_ros_msgs/msg/submap_texture.hpp\n'}
[67.440535] (cartographer_ros_msgs) StdoutLine: {'line': b'-- Installing: /root/distr_slam_ws/install/cartographer_ros_msgs/include/cartographer_ros_msgs/cartographer_ros_msgs/msg/submap_entry.hpp\n'}
[67.440849] (cartographer_ros_msgs) StdoutLine: {'line': b'-- Installing: /root/distr_slam_ws/install/cartographer_ros_msgs/include/cartographer_ros_msgs/cartographer_ros_msgs/msg/status_response.hpp\n'}
[67.441143] (cartographer_ros_msgs) StdoutLine: {'line': b'-- Installing: /root/distr_slam_ws/install/cartographer_ros_msgs/include/cartographer_ros_msgs/cartographer_ros_msgs/msg/metric.hpp\n'}
[67.441432] (cartographer_ros_msgs) StdoutLine: {'line': b'-- Installing: /root/distr_slam_ws/install/cartographer_ros_msgs/include/cartographer_ros_msgs/cartographer_ros_msgs/msg/submap_list.hpp\n'}
[67.441757] (cartographer_ros_msgs) StdoutLine: {'line': b'-- Installing: /root/distr_slam_ws/install/cartographer_ros_msgs/include/cartographer_ros_msgs/cartographer_ros_msgs/msg/rosidl_generator_cpp__visibility_control.hpp\n'}
[67.442050] (cartographer_ros_msgs) StdoutLine: {'line': b'-- Installing: /root/distr_slam_ws/install/cartographer_ros_msgs/include/cartographer_ros_msgs/cartographer_ros_msgs/msg/status_code.hpp\n'}
[67.442337] (cartographer_ros_msgs) StdoutLine: {'line': b'-- Installing: /root/distr_slam_ws/install/cartographer_ros_msgs/include/cartographer_ros_msgs/cartographer_ros_msgs/msg/metric_family.hpp\n'}
[67.442795] (cartographer_ros_msgs) StdoutLine: {'line': b'-- Up-to-date: /root/distr_slam_ws/install/cartographer_ros_msgs/include/cartographer_ros_msgs/cartographer_ros_msgs\n'}
[67.443065] (cartographer_ros_msgs) StdoutLine: {'line': b'-- Up-to-date: /root/distr_slam_ws/install/cartographer_ros_msgs/include/cartographer_ros_msgs/cartographer_ros_msgs/srv\n'}
[67.443217] (cartographer_ros_msgs) StdoutLine: {'line': b'-- Up-to-date: /root/distr_slam_ws/install/cartographer_ros_msgs/include/cartographer_ros_msgs/cartographer_ros_msgs/srv/detail\n'}
[67.443348] (cartographer_ros_msgs) StdoutLine: {'line': b'-- Installing: /root/distr_slam_ws/install/cartographer_ros_msgs/include/cartographer_ros_msgs/cartographer_ros_msgs/srv/detail/dds_fastrtps\n'}
[67.443572] (cartographer_ros_msgs) StdoutLine: {'line': b'-- Installing: /root/distr_slam_ws/install/cartographer_ros_msgs/include/cartographer_ros_msgs/cartographer_ros_msgs/srv/detail/trajectory_query__rosidl_typesupport_fastrtps_cpp.hpp\n'}
[67.443774] (cartographer_ros_msgs) StdoutLine: {'line': b'-- Installing: /root/distr_slam_ws/install/cartographer_ros_msgs/include/cartographer_ros_msgs/cartographer_ros_msgs/srv/detail/get_trajectory_states__rosidl_typesupport_fastrtps_cpp.hpp\n'}
[67.444085] (cartographer_ros_msgs) StdoutLine: {'line': b'-- Installing: /root/distr_slam_ws/install/cartographer_ros_msgs/include/cartographer_ros_msgs/cartographer_ros_msgs/srv/detail/write_state__rosidl_typesupport_fastrtps_cpp.hpp\n'}
[67.444396] (cartographer_ros_msgs) StdoutLine: {'line': b'-- Installing: /root/distr_slam_ws/install/cartographer_ros_msgs/include/cartographer_ros_msgs/cartographer_ros_msgs/srv/detail/submap_query__rosidl_typesupport_fastrtps_cpp.hpp\n'}
[67.444767] (cartographer_ros_msgs) StdoutLine: {'line': b'-- Installing: /root/distr_slam_ws/install/cartographer_ros_msgs/include/cartographer_ros_msgs/cartographer_ros_msgs/srv/detail/read_metrics__rosidl_typesupport_fastrtps_cpp.hpp\n'}
[67.445082] (cartographer_ros_msgs) StdoutLine: {'line': b'-- Installing: /root/distr_slam_ws/install/cartographer_ros_msgs/include/cartographer_ros_msgs/cartographer_ros_msgs/srv/detail/set_slam_state__rosidl_typesupport_fastrtps_cpp.hpp\n'}
[67.445391] (cartographer_ros_msgs) StdoutLine: {'line': b'-- Installing: /root/distr_slam_ws/install/cartographer_ros_msgs/include/cartographer_ros_msgs/cartographer_ros_msgs/srv/detail/get_slam_state__rosidl_typesupport_fastrtps_cpp.hpp\n'}
[67.445741] (cartographer_ros_msgs) StdoutLine: {'line': b'-- Installing: /root/distr_slam_ws/install/cartographer_ros_msgs/include/cartographer_ros_msgs/cartographer_ros_msgs/srv/detail/finish_trajectory__rosidl_typesupport_fastrtps_cpp.hpp\n'}
[67.446048] (cartographer_ros_msgs) StdoutLine: {'line': b'-- Installing: /root/distr_slam_ws/install/cartographer_ros_msgs/include/cartographer_ros_msgs/cartographer_ros_msgs/srv/detail/start_trajectory__rosidl_typesupport_fastrtps_cpp.hpp\n'}
[67.446337] (cartographer_ros_msgs) StdoutLine: {'line': b'-- Up-to-date: /root/distr_slam_ws/install/cartographer_ros_msgs/include/cartographer_ros_msgs/cartographer_ros_msgs/msg\n'}
[67.446597] (cartographer_ros_msgs) StdoutLine: {'line': b'-- Up-to-date: /root/distr_slam_ws/install/cartographer_ros_msgs/include/cartographer_ros_msgs/cartographer_ros_msgs/msg/detail\n'}
[67.446747] (cartographer_ros_msgs) StdoutLine: {'line': b'-- Installing: /root/distr_slam_ws/install/cartographer_ros_msgs/include/cartographer_ros_msgs/cartographer_ros_msgs/msg/detail/metric_label__rosidl_typesupport_fastrtps_cpp.hpp\n'}
[67.446944] (cartographer_ros_msgs) StdoutLine: {'line': b'-- Installing: /root/distr_slam_ws/install/cartographer_ros_msgs/include/cartographer_ros_msgs/cartographer_ros_msgs/msg/detail/submap_entry__rosidl_typesupport_fastrtps_cpp.hpp\n'}
[67.447233] (cartographer_ros_msgs) StdoutLine: {'line': b'-- Installing: /root/distr_slam_ws/install/cartographer_ros_msgs/include/cartographer_ros_msgs/cartographer_ros_msgs/msg/detail/dds_fastrtps\n'}
[67.447469] (cartographer_ros_msgs) StdoutLine: {'line': b'-- Installing: /root/distr_slam_ws/install/cartographer_ros_msgs/include/cartographer_ros_msgs/cartographer_ros_msgs/msg/detail/trajectory_states__rosidl_typesupport_fastrtps_cpp.hpp\n'}
[67.447774] (cartographer_ros_msgs) StdoutLine: {'line': b'-- Installing: /root/distr_slam_ws/install/cartographer_ros_msgs/include/cartographer_ros_msgs/cartographer_ros_msgs/msg/detail/bagfile_progress__rosidl_typesupport_fastrtps_cpp.hpp\n'}
[67.448082] (cartographer_ros_msgs) StdoutLine: {'line': b'-- Installing: /root/distr_slam_ws/install/cartographer_ros_msgs/include/cartographer_ros_msgs/cartographer_ros_msgs/msg/detail/landmark_list__rosidl_typesupport_fastrtps_cpp.hpp\n'}
[67.448392] (cartographer_ros_msgs) StdoutLine: {'line': b'-- Installing: /root/distr_slam_ws/install/cartographer_ros_msgs/include/cartographer_ros_msgs/cartographer_ros_msgs/msg/detail/landmark_entry__rosidl_typesupport_fastrtps_cpp.hpp\n'}
[67.448746] (cartographer_ros_msgs) StdoutLine: {'line': b'-- Installing: /root/distr_slam_ws/install/cartographer_ros_msgs/include/cartographer_ros_msgs/cartographer_ros_msgs/msg/detail/status_code__rosidl_typesupport_fastrtps_cpp.hpp\n'}
[67.449054] (cartographer_ros_msgs) StdoutLine: {'line': b'-- Installing: /root/distr_slam_ws/install/cartographer_ros_msgs/include/cartographer_ros_msgs/cartographer_ros_msgs/msg/detail/metric_family__rosidl_typesupport_fastrtps_cpp.hpp\n'}
[67.449364] (cartographer_ros_msgs) StdoutLine: {'line': b'-- Installing: /root/distr_slam_ws/install/cartographer_ros_msgs/include/cartographer_ros_msgs/cartographer_ros_msgs/msg/detail/submap_list__rosidl_typesupport_fastrtps_cpp.hpp\n'}
[67.449698] (cartographer_ros_msgs) StdoutLine: {'line': b'-- Installing: /root/distr_slam_ws/install/cartographer_ros_msgs/include/cartographer_ros_msgs/cartographer_ros_msgs/msg/detail/histogram_bucket__rosidl_typesupport_fastrtps_cpp.hpp\n'}
[67.450004] (cartographer_ros_msgs) StdoutLine: {'line': b'-- Installing: /root/distr_slam_ws/install/cartographer_ros_msgs/include/cartographer_ros_msgs/cartographer_ros_msgs/msg/detail/status_response__rosidl_typesupport_fastrtps_cpp.hpp\n'}
[67.450315] (cartographer_ros_msgs) StdoutLine: {'line': b'-- Installing: /root/distr_slam_ws/install/cartographer_ros_msgs/include/cartographer_ros_msgs/cartographer_ros_msgs/msg/detail/submap_texture__rosidl_typesupport_fastrtps_cpp.hpp\n'}
[67.450641] (cartographer_ros_msgs) StdoutLine: {'line': b'-- Installing: /root/distr_slam_ws/install/cartographer_ros_msgs/include/cartographer_ros_msgs/cartographer_ros_msgs/msg/detail/metric__rosidl_typesupport_fastrtps_cpp.hpp\n'}
[67.450944] (cartographer_ros_msgs) StdoutLine: {'line': b'-- Installing: /root/distr_slam_ws/install/cartographer_ros_msgs/include/cartographer_ros_msgs/cartographer_ros_msgs/msg/rosidl_typesupport_fastrtps_cpp__visibility_control.h\n'}
[67.461231] (cartographer_ros_msgs) StdoutLine: {'line': b'-- Installing: /root/distr_slam_ws/install/cartographer_ros_msgs/lib/libcartographer_ros_msgs__rosidl_typesupport_fastrtps_cpp.so\n'}
[67.462546] (cartographer_ros_msgs) StdoutLine: {'line': b'-- Set runtime path of "/root/distr_slam_ws/install/cartographer_ros_msgs/lib/libcartographer_ros_msgs__rosidl_typesupport_fastrtps_cpp.so" to ""\n'}
[67.462830] (cartographer_ros_msgs) StdoutLine: {'line': b'-- Up-to-date: /root/distr_slam_ws/install/cartographer_ros_msgs/include/cartographer_ros_msgs/cartographer_ros_msgs\n'}
[67.462999] (cartographer_ros_msgs) StdoutLine: {'line': b'-- Up-to-date: /root/distr_slam_ws/install/cartographer_ros_msgs/include/cartographer_ros_msgs/cartographer_ros_msgs/srv\n'}
[67.463169] (cartographer_ros_msgs) StdoutLine: {'line': b'-- Up-to-date: /root/distr_slam_ws/install/cartographer_ros_msgs/include/cartographer_ros_msgs/cartographer_ros_msgs/srv/detail\n'}
[67.463393] (cartographer_ros_msgs) StdoutLine: {'line': b'-- Installing: /root/distr_slam_ws/install/cartographer_ros_msgs/include/cartographer_ros_msgs/cartographer_ros_msgs/srv/detail/get_slam_state__type_support.cpp\n'}
[67.463551] (cartographer_ros_msgs) StdoutLine: {'line': b'-- Installing: /root/distr_slam_ws/install/cartographer_ros_msgs/include/cartographer_ros_msgs/cartographer_ros_msgs/srv/detail/write_state__rosidl_typesupport_introspection_cpp.hpp\n'}
[67.463758] (cartographer_ros_msgs) StdoutLine: {'line': b'-- Installing: /root/distr_slam_ws/install/cartographer_ros_msgs/include/cartographer_ros_msgs/cartographer_ros_msgs/srv/detail/trajectory_query__type_support.cpp\n'}
[67.464067] (cartographer_ros_msgs) StdoutLine: {'line': b'-- Installing: /root/distr_slam_ws/install/cartographer_ros_msgs/include/cartographer_ros_msgs/cartographer_ros_msgs/srv/detail/write_state__type_support.cpp\n'}
[67.464392] (cartographer_ros_msgs) StdoutLine: {'line': b'-- Installing: /root/distr_slam_ws/install/cartographer_ros_msgs/include/cartographer_ros_msgs/cartographer_ros_msgs/srv/detail/get_trajectory_states__rosidl_typesupport_introspection_cpp.hpp\n'}
[67.464729] (cartographer_ros_msgs) StdoutLine: {'line': b'-- Installing: /root/distr_slam_ws/install/cartographer_ros_msgs/include/cartographer_ros_msgs/cartographer_ros_msgs/srv/detail/read_metrics__rosidl_typesupport_introspection_cpp.hpp\n'}
[67.465041] (cartographer_ros_msgs) StdoutLine: {'line': b'-- Installing: /root/distr_slam_ws/install/cartographer_ros_msgs/include/cartographer_ros_msgs/cartographer_ros_msgs/srv/detail/finish_trajectory__type_support.cpp\n'}
[67.465364] (cartographer_ros_msgs) StdoutLine: {'line': b'-- Installing: /root/distr_slam_ws/install/cartographer_ros_msgs/include/cartographer_ros_msgs/cartographer_ros_msgs/srv/detail/trajectory_query__rosidl_typesupport_introspection_cpp.hpp\n'}
[67.465701] (cartographer_ros_msgs) StdoutLine: {'line': b'-- Installing: /root/distr_slam_ws/install/cartographer_ros_msgs/include/cartographer_ros_msgs/cartographer_ros_msgs/srv/detail/submap_query__type_support.cpp\n'}
[67.466039] (cartographer_ros_msgs) StdoutLine: {'line': b'-- Installing: /root/distr_slam_ws/install/cartographer_ros_msgs/include/cartographer_ros_msgs/cartographer_ros_msgs/srv/detail/finish_trajectory__rosidl_typesupport_introspection_cpp.hpp\n'}
[67.466354] (cartographer_ros_msgs) StdoutLine: {'line': b'-- Installing: /root/distr_slam_ws/install/cartographer_ros_msgs/include/cartographer_ros_msgs/cartographer_ros_msgs/srv/detail/submap_query__rosidl_typesupport_introspection_cpp.hpp\n'}
[67.466703] (cartographer_ros_msgs) StdoutLine: {'line': b'-- Installing: /root/distr_slam_ws/install/cartographer_ros_msgs/include/cartographer_ros_msgs/cartographer_ros_msgs/srv/detail/start_trajectory__rosidl_typesupport_introspection_cpp.hpp\n'}
[67.467019] (cartographer_ros_msgs) StdoutLine: {'line': b'-- Installing: /root/distr_slam_ws/install/cartographer_ros_msgs/include/cartographer_ros_msgs/cartographer_ros_msgs/srv/detail/set_slam_state__rosidl_typesupport_introspection_cpp.hpp\n'}
[67.467339] (cartographer_ros_msgs) StdoutLine: {'line': b'-- Installing: /root/distr_slam_ws/install/cartographer_ros_msgs/include/cartographer_ros_msgs/cartographer_ros_msgs/srv/detail/get_trajectory_states__type_support.cpp\n'}
[67.467682] (cartographer_ros_msgs) StdoutLine: {'line': b'-- Installing: /root/distr_slam_ws/install/cartographer_ros_msgs/include/cartographer_ros_msgs/cartographer_ros_msgs/srv/detail/start_trajectory__type_support.cpp\n'}
[67.468005] (cartographer_ros_msgs) StdoutLine: {'line': b'-- Installing: /root/distr_slam_ws/install/cartographer_ros_msgs/include/cartographer_ros_msgs/cartographer_ros_msgs/srv/detail/read_metrics__type_support.cpp\n'}
[67.468328] (cartographer_ros_msgs) StdoutLine: {'line': b'-- Installing: /root/distr_slam_ws/install/cartographer_ros_msgs/include/cartographer_ros_msgs/cartographer_ros_msgs/srv/detail/get_slam_state__rosidl_typesupport_introspection_cpp.hpp\n'}
[67.468678] (cartographer_ros_msgs) StdoutLine: {'line': b'-- Installing: /root/distr_slam_ws/install/cartographer_ros_msgs/include/cartographer_ros_msgs/cartographer_ros_msgs/srv/detail/set_slam_state__type_support.cpp\n'}
[67.468983] (cartographer_ros_msgs) StdoutLine: {'line': b'-- Up-to-date: /root/distr_slam_ws/install/cartographer_ros_msgs/include/cartographer_ros_msgs/cartographer_ros_msgs/msg\n'}
[67.469248] (cartographer_ros_msgs) StdoutLine: {'line': b'-- Up-to-date: /root/distr_slam_ws/install/cartographer_ros_msgs/include/cartographer_ros_msgs/cartographer_ros_msgs/msg/detail\n'}
[67.469400] (cartographer_ros_msgs) StdoutLine: {'line': b'-- Installing: /root/distr_slam_ws/install/cartographer_ros_msgs/include/cartographer_ros_msgs/cartographer_ros_msgs/msg/detail/landmark_entry__rosidl_typesupport_introspection_cpp.hpp\n'}
[67.469601] (cartographer_ros_msgs) StdoutLine: {'line': b'-- Installing: /root/distr_slam_ws/install/cartographer_ros_msgs/include/cartographer_ros_msgs/cartographer_ros_msgs/msg/detail/histogram_bucket__type_support.cpp\n'}
[67.469919] (cartographer_ros_msgs) StdoutLine: {'line': b'-- Installing: /root/distr_slam_ws/install/cartographer_ros_msgs/include/cartographer_ros_msgs/cartographer_ros_msgs/msg/detail/submap_texture__type_support.cpp\n'}
[67.470241] (cartographer_ros_msgs) StdoutLine: {'line': b'-- Installing: /root/distr_slam_ws/install/cartographer_ros_msgs/include/cartographer_ros_msgs/cartographer_ros_msgs/msg/detail/metric__rosidl_typesupport_introspection_cpp.hpp\n'}
[67.470569] (cartographer_ros_msgs) StdoutLine: {'line': b'-- Installing: /root/distr_slam_ws/install/cartographer_ros_msgs/include/cartographer_ros_msgs/cartographer_ros_msgs/msg/detail/metric_label__rosidl_typesupport_introspection_cpp.hpp\n'}
[67.470883] (cartographer_ros_msgs) StdoutLine: {'line': b'-- Installing: /root/distr_slam_ws/install/cartographer_ros_msgs/include/cartographer_ros_msgs/cartographer_ros_msgs/msg/detail/metric_family__rosidl_typesupport_introspection_cpp.hpp\n'}
[67.471304] (cartographer_ros_msgs) StdoutLine: {'line': b'-- Installing: /root/distr_slam_ws/install/cartographer_ros_msgs/include/cartographer_ros_msgs/cartographer_ros_msgs/msg/detail/status_response__rosidl_typesupport_introspection_cpp.hpp\n'}
[67.471669] (cartographer_ros_msgs) StdoutLine: {'line': b'-- Installing: /root/distr_slam_ws/install/cartographer_ros_msgs/include/cartographer_ros_msgs/cartographer_ros_msgs/msg/detail/metric_family__type_support.cpp\n'}
[67.472007] (cartographer_ros_msgs) StdoutLine: {'line': b'-- Installing: /root/distr_slam_ws/install/cartographer_ros_msgs/include/cartographer_ros_msgs/cartographer_ros_msgs/msg/detail/status_code__type_support.cpp\n'}
[67.472324] (cartographer_ros_msgs) StdoutLine: {'line': b'-- Installing: /root/distr_slam_ws/install/cartographer_ros_msgs/include/cartographer_ros_msgs/cartographer_ros_msgs/msg/detail/landmark_list__rosidl_typesupport_introspection_cpp.hpp\n'}
[67.472652] (cartographer_ros_msgs) StdoutLine: {'line': b'-- Installing: /root/distr_slam_ws/install/cartographer_ros_msgs/include/cartographer_ros_msgs/cartographer_ros_msgs/msg/detail/submap_entry__type_support.cpp\n'}
[67.472976] (cartographer_ros_msgs) StdoutLine: {'line': b'-- Installing: /root/distr_slam_ws/install/cartographer_ros_msgs/include/cartographer_ros_msgs/cartographer_ros_msgs/msg/detail/trajectory_states__rosidl_typesupport_introspection_cpp.hpp\n'}
[67.473292] (cartographer_ros_msgs) StdoutLine: {'line': b'-- Installing: /root/distr_slam_ws/install/cartographer_ros_msgs/include/cartographer_ros_msgs/cartographer_ros_msgs/msg/detail/histogram_bucket__rosidl_typesupport_introspection_cpp.hpp\n'}
[67.473620] (cartographer_ros_msgs) StdoutLine: {'line': b'-- Installing: /root/distr_slam_ws/install/cartographer_ros_msgs/include/cartographer_ros_msgs/cartographer_ros_msgs/msg/detail/submap_entry__rosidl_typesupport_introspection_cpp.hpp\n'}
[67.473935] (cartographer_ros_msgs) StdoutLine: {'line': b'-- Installing: /root/distr_slam_ws/install/cartographer_ros_msgs/include/cartographer_ros_msgs/cartographer_ros_msgs/msg/detail/landmark_entry__type_support.cpp\n'}
[67.474243] (cartographer_ros_msgs) StdoutLine: {'line': b'-- Installing: /root/distr_slam_ws/install/cartographer_ros_msgs/include/cartographer_ros_msgs/cartographer_ros_msgs/msg/detail/metric_label__type_support.cpp\n'}
[67.474597] (cartographer_ros_msgs) StdoutLine: {'line': b'-- Installing: /root/distr_slam_ws/install/cartographer_ros_msgs/include/cartographer_ros_msgs/cartographer_ros_msgs/msg/detail/status_code__rosidl_typesupport_introspection_cpp.hpp\n'}
[67.474927] (cartographer_ros_msgs) StdoutLine: {'line': b'-- Installing: /root/distr_slam_ws/install/cartographer_ros_msgs/include/cartographer_ros_msgs/cartographer_ros_msgs/msg/detail/submap_texture__rosidl_typesupport_introspection_cpp.hpp\n'}
[67.475238] (cartographer_ros_msgs) StdoutLine: {'line': b'-- Installing: /root/distr_slam_ws/install/cartographer_ros_msgs/include/cartographer_ros_msgs/cartographer_ros_msgs/msg/detail/metric__type_support.cpp\n'}
[67.475584] (cartographer_ros_msgs) StdoutLine: {'line': b'-- Installing: /root/distr_slam_ws/install/cartographer_ros_msgs/include/cartographer_ros_msgs/cartographer_ros_msgs/msg/detail/trajectory_states__type_support.cpp\n'}
[67.475906] (cartographer_ros_msgs) StdoutLine: {'line': b'-- Installing: /root/distr_slam_ws/install/cartographer_ros_msgs/include/cartographer_ros_msgs/cartographer_ros_msgs/msg/detail/bagfile_progress__type_support.cpp\n'}
[67.476218] (cartographer_ros_msgs) StdoutLine: {'line': b'-- Installing: /root/distr_slam_ws/install/cartographer_ros_msgs/include/cartographer_ros_msgs/cartographer_ros_msgs/msg/detail/submap_list__type_support.cpp\n'}
[67.476561] (cartographer_ros_msgs) StdoutLine: {'line': b'-- Installing: /root/distr_slam_ws/install/cartographer_ros_msgs/include/cartographer_ros_msgs/cartographer_ros_msgs/msg/detail/landmark_list__type_support.cpp\n'}
[67.476877] (cartographer_ros_msgs) StdoutLine: {'line': b'-- Installing: /root/distr_slam_ws/install/cartographer_ros_msgs/include/cartographer_ros_msgs/cartographer_ros_msgs/msg/detail/bagfile_progress__rosidl_typesupport_introspection_cpp.hpp\n'}
[67.477190] (cartographer_ros_msgs) StdoutLine: {'line': b'-- Installing: /root/distr_slam_ws/install/cartographer_ros_msgs/include/cartographer_ros_msgs/cartographer_ros_msgs/msg/detail/submap_list__rosidl_typesupport_introspection_cpp.hpp\n'}
[67.477514] (cartographer_ros_msgs) StdoutLine: {'line': b'-- Installing: /root/distr_slam_ws/install/cartographer_ros_msgs/include/cartographer_ros_msgs/cartographer_ros_msgs/msg/detail/status_response__type_support.cpp\n'}
[67.478729] (cartographer_ros_msgs) StdoutLine: {'line': b'-- Installing: /root/distr_slam_ws/install/cartographer_ros_msgs/lib/libcartographer_ros_msgs__rosidl_typesupport_introspection_cpp.so\n'}
[67.479846] (cartographer_ros_msgs) StdoutLine: {'line': b'-- Set runtime path of "/root/distr_slam_ws/install/cartographer_ros_msgs/lib/libcartographer_ros_msgs__rosidl_typesupport_introspection_cpp.so" to ""\n'}
[67.482363] (cartographer_ros_msgs) StdoutLine: {'line': b'-- Installing: /root/distr_slam_ws/install/cartographer_ros_msgs/lib/libcartographer_ros_msgs__rosidl_typesupport_cpp.so\n'}
[67.483076] (cartographer_ros_msgs) StdoutLine: {'line': b'-- Set runtime path of "/root/distr_slam_ws/install/cartographer_ros_msgs/lib/libcartographer_ros_msgs__rosidl_typesupport_cpp.so" to ""\n'}
[67.483331] (cartographer_ros_msgs) StdoutLine: {'line': b'-- Installing: /root/distr_slam_ws/install/cartographer_ros_msgs/share/cartographer_ros_msgs/environment/pythonpath.sh\n'}
[67.483624] (cartographer_ros_msgs) StdoutLine: {'line': b'-- Installing: /root/distr_slam_ws/install/cartographer_ros_msgs/share/cartographer_ros_msgs/environment/pythonpath.dsv\n'}
[67.483964] (cartographer_ros_msgs) StdoutLine: {'line': b'-- Installing: /root/distr_slam_ws/install/cartographer_ros_msgs/local/lib/python3.10/dist-packages/cartographer_ros_msgs-2.0.9003-py3.10.egg-info\n'}
[67.484272] (cartographer_ros_msgs) StdoutLine: {'line': b'-- Installing: /root/distr_slam_ws/install/cartographer_ros_msgs/local/lib/python3.10/dist-packages/cartographer_ros_msgs-2.0.9003-py3.10.egg-info/dependency_links.txt\n'}
[67.484547] (cartographer_ros_msgs) StdoutLine: {'line': b'-- Installing: /root/distr_slam_ws/install/cartographer_ros_msgs/local/lib/python3.10/dist-packages/cartographer_ros_msgs-2.0.9003-py3.10.egg-info/SOURCES.txt\n'}
[67.484810] (cartographer_ros_msgs) StdoutLine: {'line': b'-- Installing: /root/distr_slam_ws/install/cartographer_ros_msgs/local/lib/python3.10/dist-packages/cartographer_ros_msgs-2.0.9003-py3.10.egg-info/PKG-INFO\n'}
[67.485078] (cartographer_ros_msgs) StdoutLine: {'line': b'-- Installing: /root/distr_slam_ws/install/cartographer_ros_msgs/local/lib/python3.10/dist-packages/cartographer_ros_msgs-2.0.9003-py3.10.egg-info/top_level.txt\n'}
[67.485426] (cartographer_ros_msgs) StdoutLine: {'line': b'-- Installing: /root/distr_slam_ws/install/cartographer_ros_msgs/local/lib/python3.10/dist-packages/cartographer_ros_msgs\n'}
[67.485662] (cartographer_ros_msgs) StdoutLine: {'line': b'-- Installing: /root/distr_slam_ws/install/cartographer_ros_msgs/local/lib/python3.10/dist-packages/cartographer_ros_msgs/srv\n'}
[67.485865] (cartographer_ros_msgs) StdoutLine: {'line': b'-- Installing: /root/distr_slam_ws/install/cartographer_ros_msgs/local/lib/python3.10/dist-packages/cartographer_ros_msgs/srv/_read_metrics.py\n'}
[67.486110] (cartographer_ros_msgs) StdoutLine: {'line': b'-- Installing: /root/distr_slam_ws/install/cartographer_ros_msgs/local/lib/python3.10/dist-packages/cartographer_ros_msgs/srv/_get_slam_state_s.c\n'}
[67.486384] (cartographer_ros_msgs) StdoutLine: {'line': b'-- Installing: /root/distr_slam_ws/install/cartographer_ros_msgs/local/lib/python3.10/dist-packages/cartographer_ros_msgs/srv/_get_trajectory_states_s.c\n'}
[67.486679] (cartographer_ros_msgs) StdoutLine: {'line': b'-- Installing: /root/distr_slam_ws/install/cartographer_ros_msgs/local/lib/python3.10/dist-packages/cartographer_ros_msgs/srv/__init__.py\n'}
[67.486823] (-) TimerEvent: {}
[67.487791] (cartographer_ros_msgs) StdoutLine: {'line': b'-- Installing: /root/distr_slam_ws/install/cartographer_ros_msgs/local/lib/python3.10/dist-packages/cartographer_ros_msgs/srv/_write_state.py\n'}
[67.488178] (cartographer_ros_msgs) StdoutLine: {'line': b'-- Installing: /root/distr_slam_ws/install/cartographer_ros_msgs/local/lib/python3.10/dist-packages/cartographer_ros_msgs/srv/_read_metrics_s.c\n'}
[67.488330] (cartographer_ros_msgs) StdoutLine: {'line': b'-- Installing: /root/distr_slam_ws/install/cartographer_ros_msgs/local/lib/python3.10/dist-packages/cartographer_ros_msgs/srv/_finish_trajectory.py\n'}
[67.488565] (cartographer_ros_msgs) StdoutLine: {'line': b'-- Installing: /root/distr_slam_ws/install/cartographer_ros_msgs/local/lib/python3.10/dist-packages/cartographer_ros_msgs/srv/_trajectory_query.py\n'}
[67.488792] (cartographer_ros_msgs) StdoutLine: {'line': b'-- Installing: /root/distr_slam_ws/install/cartographer_ros_msgs/local/lib/python3.10/dist-packages/cartographer_ros_msgs/srv/_set_slam_state.py\n'}
[67.488993] (cartographer_ros_msgs) StdoutLine: {'line': b'-- Installing: /root/distr_slam_ws/install/cartographer_ros_msgs/local/lib/python3.10/dist-packages/cartographer_ros_msgs/srv/_get_slam_state.py\n'}
[67.489283] (cartographer_ros_msgs) StdoutLine: {'line': b'-- Installing: /root/distr_slam_ws/install/cartographer_ros_msgs/local/lib/python3.10/dist-packages/cartographer_ros_msgs/srv/_get_trajectory_states.py\n'}
[67.489584] (cartographer_ros_msgs) StdoutLine: {'line': b'-- Installing: /root/distr_slam_ws/install/cartographer_ros_msgs/local/lib/python3.10/dist-packages/cartographer_ros_msgs/srv/_submap_query.py\n'}
[67.489868] (cartographer_ros_msgs) StdoutLine: {'line': b'-- Installing: /root/distr_slam_ws/install/cartographer_ros_msgs/local/lib/python3.10/dist-packages/cartographer_ros_msgs/srv/_start_trajectory.py\n'}
[67.490154] (cartographer_ros_msgs) StdoutLine: {'line': b'-- Installing: /root/distr_slam_ws/install/cartographer_ros_msgs/local/lib/python3.10/dist-packages/cartographer_ros_msgs/srv/_submap_query_s.c\n'}
[67.490430] (cartographer_ros_msgs) StdoutLine: {'line': b'-- Installing: /root/distr_slam_ws/install/cartographer_ros_msgs/local/lib/python3.10/dist-packages/cartographer_ros_msgs/srv/_finish_trajectory_s.c\n'}
[67.490724] (cartographer_ros_msgs) StdoutLine: {'line': b'-- Installing: /root/distr_slam_ws/install/cartographer_ros_msgs/local/lib/python3.10/dist-packages/cartographer_ros_msgs/srv/_start_trajectory_s.c\n'}
[67.490995] (cartographer_ros_msgs) StdoutLine: {'line': b'-- Installing: /root/distr_slam_ws/install/cartographer_ros_msgs/local/lib/python3.10/dist-packages/cartographer_ros_msgs/srv/_set_slam_state_s.c\n'}
[67.491274] (cartographer_ros_msgs) StdoutLine: {'line': b'-- Installing: /root/distr_slam_ws/install/cartographer_ros_msgs/local/lib/python3.10/dist-packages/cartographer_ros_msgs/srv/_trajectory_query_s.c\n'}
[67.491575] (cartographer_ros_msgs) StdoutLine: {'line': b'-- Installing: /root/distr_slam_ws/install/cartographer_ros_msgs/local/lib/python3.10/dist-packages/cartographer_ros_msgs/srv/_write_state_s.c\n'}
[67.491843] (cartographer_ros_msgs) StdoutLine: {'line': b'-- Installing: /root/distr_slam_ws/install/cartographer_ros_msgs/local/lib/python3.10/dist-packages/cartographer_ros_msgs/_cartographer_ros_msgs_s.ep.rosidl_typesupport_introspection_c.c\n'}
[67.492257] (cartographer_ros_msgs) StdoutLine: {'line': b'-- Installing: /root/distr_slam_ws/install/cartographer_ros_msgs/local/lib/python3.10/dist-packages/cartographer_ros_msgs/__init__.py\n'}
[67.492511] (cartographer_ros_msgs) StdoutLine: {'line': b'-- Installing: /root/distr_slam_ws/install/cartographer_ros_msgs/local/lib/python3.10/dist-packages/cartographer_ros_msgs/libcartographer_ros_msgs__rosidl_generator_py.so\n'}
[67.492954] (cartographer_ros_msgs) StdoutLine: {'line': b'-- Installing: /root/distr_slam_ws/install/cartographer_ros_msgs/local/lib/python3.10/dist-packages/cartographer_ros_msgs/msg\n'}
[67.493328] (cartographer_ros_msgs) StdoutLine: {'line': b'-- Installing: /root/distr_slam_ws/install/cartographer_ros_msgs/local/lib/python3.10/dist-packages/cartographer_ros_msgs/msg/_histogram_bucket_s.c\n'}
[67.493726] (cartographer_ros_msgs) StdoutLine: {'line': b'-- Installing: /root/distr_slam_ws/install/cartographer_ros_msgs/local/lib/python3.10/dist-packages/cartographer_ros_msgs/msg/_metric_family_s.c\n'}
[67.493884] (cartographer_ros_msgs) StdoutLine: {'line': b'-- Installing: /root/distr_slam_ws/install/cartographer_ros_msgs/local/lib/python3.10/dist-packages/cartographer_ros_msgs/msg/_trajectory_states.py\n'}
[67.494128] (cartographer_ros_msgs) StdoutLine: {'line': b'-- Installing: /root/distr_slam_ws/install/cartographer_ros_msgs/local/lib/python3.10/dist-packages/cartographer_ros_msgs/msg/_landmark_list.py\n'}
[67.494326] (cartographer_ros_msgs) StdoutLine: {'line': b'-- Installing: /root/distr_slam_ws/install/cartographer_ros_msgs/local/lib/python3.10/dist-packages/cartographer_ros_msgs/msg/_status_code_s.c\n'}
[67.494586] (cartographer_ros_msgs) StdoutLine: {'line': b'-- Installing: /root/distr_slam_ws/install/cartographer_ros_msgs/local/lib/python3.10/dist-packages/cartographer_ros_msgs/msg/_landmark_list_s.c\n'}
[67.494918] (cartographer_ros_msgs) StdoutLine: {'line': b'-- Installing: /root/distr_slam_ws/install/cartographer_ros_msgs/local/lib/python3.10/dist-packages/cartographer_ros_msgs/msg/_landmark_entry.py\n'}
[67.495217] (cartographer_ros_msgs) StdoutLine: {'line': b'-- Installing: /root/distr_slam_ws/install/cartographer_ros_msgs/local/lib/python3.10/dist-packages/cartographer_ros_msgs/msg/_submap_texture.py\n'}
[67.495544] (cartographer_ros_msgs) StdoutLine: {'line': b'-- Installing: /root/distr_slam_ws/install/cartographer_ros_msgs/local/lib/python3.10/dist-packages/cartographer_ros_msgs/msg/_submap_entry.py\n'}
[67.495836] (cartographer_ros_msgs) StdoutLine: {'line': b'-- Installing: /root/distr_slam_ws/install/cartographer_ros_msgs/local/lib/python3.10/dist-packages/cartographer_ros_msgs/msg/_submap_list_s.c\n'}
[67.496131] (cartographer_ros_msgs) StdoutLine: {'line': b'-- Installing: /root/distr_slam_ws/install/cartographer_ros_msgs/local/lib/python3.10/dist-packages/cartographer_ros_msgs/msg/__init__.py\n'}
[67.496386] (cartographer_ros_msgs) StdoutLine: {'line': b'-- Installing: /root/distr_slam_ws/install/cartographer_ros_msgs/local/lib/python3.10/dist-packages/cartographer_ros_msgs/msg/_histogram_bucket.py\n'}
[67.496686] (cartographer_ros_msgs) StdoutLine: {'line': b'-- Installing: /root/distr_slam_ws/install/cartographer_ros_msgs/local/lib/python3.10/dist-packages/cartographer_ros_msgs/msg/_status_response_s.c\n'}
[67.497068] (cartographer_ros_msgs) StdoutLine: {'line': b'-- Installing: /root/distr_slam_ws/install/cartographer_ros_msgs/local/lib/python3.10/dist-packages/cartographer_ros_msgs/msg/_metric_label_s.c\n'}
[67.497262] (cartographer_ros_msgs) StdoutLine: {'line': b'-- Installing: /root/distr_slam_ws/install/cartographer_ros_msgs/local/lib/python3.10/dist-packages/cartographer_ros_msgs/msg/_metric_family.py\n'}
[67.497526] (cartographer_ros_msgs) StdoutLine: {'line': b'-- Installing: /root/distr_slam_ws/install/cartographer_ros_msgs/local/lib/python3.10/dist-packages/cartographer_ros_msgs/msg/_status_response.py\n'}
[67.497851] (cartographer_ros_msgs) StdoutLine: {'line': b'-- Installing: /root/distr_slam_ws/install/cartographer_ros_msgs/local/lib/python3.10/dist-packages/cartographer_ros_msgs/msg/_metric_label.py\n'}
[67.498124] (cartographer_ros_msgs) StdoutLine: {'line': b'-- Installing: /root/distr_slam_ws/install/cartographer_ros_msgs/local/lib/python3.10/dist-packages/cartographer_ros_msgs/msg/_landmark_entry_s.c\n'}
[67.498400] (cartographer_ros_msgs) StdoutLine: {'line': b'-- Installing: /root/distr_slam_ws/install/cartographer_ros_msgs/local/lib/python3.10/dist-packages/cartographer_ros_msgs/msg/_submap_list.py\n'}
[67.498696] (cartographer_ros_msgs) StdoutLine: {'line': b'-- Installing: /root/distr_slam_ws/install/cartographer_ros_msgs/local/lib/python3.10/dist-packages/cartographer_ros_msgs/msg/_trajectory_states_s.c\n'}
[67.498973] (cartographer_ros_msgs) StdoutLine: {'line': b'-- Installing: /root/distr_slam_ws/install/cartographer_ros_msgs/local/lib/python3.10/dist-packages/cartographer_ros_msgs/msg/_submap_texture_s.c\n'}
[67.499248] (cartographer_ros_msgs) StdoutLine: {'line': b'-- Installing: /root/distr_slam_ws/install/cartographer_ros_msgs/local/lib/python3.10/dist-packages/cartographer_ros_msgs/msg/_bagfile_progress.py\n'}
[67.499538] (cartographer_ros_msgs) StdoutLine: {'line': b'-- Installing: /root/distr_slam_ws/install/cartographer_ros_msgs/local/lib/python3.10/dist-packages/cartographer_ros_msgs/msg/_metric_s.c\n'}
[67.499835] (cartographer_ros_msgs) StdoutLine: {'line': b'-- Installing: /root/distr_slam_ws/install/cartographer_ros_msgs/local/lib/python3.10/dist-packages/cartographer_ros_msgs/msg/_bagfile_progress_s.c\n'}
[67.500107] (cartographer_ros_msgs) StdoutLine: {'line': b'-- Installing: /root/distr_slam_ws/install/cartographer_ros_msgs/local/lib/python3.10/dist-packages/cartographer_ros_msgs/msg/_submap_entry_s.c\n'}
[67.500382] (cartographer_ros_msgs) StdoutLine: {'line': b'-- Installing: /root/distr_slam_ws/install/cartographer_ros_msgs/local/lib/python3.10/dist-packages/cartographer_ros_msgs/msg/_status_code.py\n'}
[67.500682] (cartographer_ros_msgs) StdoutLine: {'line': b'-- Installing: /root/distr_slam_ws/install/cartographer_ros_msgs/local/lib/python3.10/dist-packages/cartographer_ros_msgs/msg/_metric.py\n'}
[67.500972] (cartographer_ros_msgs) StdoutLine: {'line': b'-- Installing: /root/distr_slam_ws/install/cartographer_ros_msgs/local/lib/python3.10/dist-packages/cartographer_ros_msgs/_cartographer_ros_msgs_s.ep.rosidl_typesupport_c.c\n'}
[67.501394] (cartographer_ros_msgs) StdoutLine: {'line': b'-- Installing: /root/distr_slam_ws/install/cartographer_ros_msgs/local/lib/python3.10/dist-packages/cartographer_ros_msgs/_cartographer_ros_msgs_s.ep.rosidl_typesupport_fastrtps_c.c\n'}
[67.501837] (cartographer_ros_msgs) StdoutLine: {'line': b'-- Installing: /root/distr_slam_ws/install/cartographer_ros_msgs/local/lib/python3.10/dist-packages/cartographer_ros_msgs/cartographer_ros_msgs_s__rosidl_typesupport_c.cpython-310-x86_64-linux-gnu.so\n'}
[67.502448] (cartographer_ros_msgs) StdoutLine: {'line': b'-- Installing: /root/distr_slam_ws/install/cartographer_ros_msgs/local/lib/python3.10/dist-packages/cartographer_ros_msgs/cartographer_ros_msgs_s__rosidl_typesupport_fastrtps_c.cpython-310-x86_64-linux-gnu.so\n'}
[67.502782] (cartographer_ros_msgs) StdoutLine: {'line': b'-- Installing: /root/distr_slam_ws/install/cartographer_ros_msgs/local/lib/python3.10/dist-packages/cartographer_ros_msgs/cartographer_ros_msgs_s__rosidl_typesupport_introspection_c.cpython-310-x86_64-linux-gnu.so\n'}
[67.572714] (cartographer_ros_msgs) StdoutLine: {'line': b"Listing '/root/distr_slam_ws/install/cartographer_ros_msgs/local/lib/python3.10/dist-packages/cartographer_ros_msgs'...\n"}
[67.573114] (cartographer_ros_msgs) StdoutLine: {'line': b"Compiling '/root/distr_slam_ws/install/cartographer_ros_msgs/local/lib/python3.10/dist-packages/cartographer_ros_msgs/__init__.py'...\n"}
[67.573260] (cartographer_ros_msgs) StdoutLine: {'line': b"Listing '/root/distr_slam_ws/install/cartographer_ros_msgs/local/lib/python3.10/dist-packages/cartographer_ros_msgs/msg'...\n"}
[67.573402] (cartographer_ros_msgs) StdoutLine: {'line': b"Compiling '/root/distr_slam_ws/install/cartographer_ros_msgs/local/lib/python3.10/dist-packages/cartographer_ros_msgs/msg/__init__.py'...\n"}
[67.573579] (cartographer_ros_msgs) StdoutLine: {'line': b"Compiling '/root/distr_slam_ws/install/cartographer_ros_msgs/local/lib/python3.10/dist-packages/cartographer_ros_msgs/msg/_bagfile_progress.py'...\n"}
[67.573734] (cartographer_ros_msgs) StdoutLine: {'line': b"Compiling '/root/distr_slam_ws/install/cartographer_ros_msgs/local/lib/python3.10/dist-packages/cartographer_ros_msgs/msg/_histogram_bucket.py'...\n"}
[67.573873] (cartographer_ros_msgs) StdoutLine: {'line': b"Compiling '/root/distr_slam_ws/install/cartographer_ros_msgs/local/lib/python3.10/dist-packages/cartographer_ros_msgs/msg/_landmark_entry.py'...\n"}
[67.574029] (cartographer_ros_msgs) StdoutLine: {'line': b"Compiling '/root/distr_slam_ws/install/cartographer_ros_msgs/local/lib/python3.10/dist-packages/cartographer_ros_msgs/msg/_landmark_list.py'...\n"}
[67.574168] (cartographer_ros_msgs) StdoutLine: {'line': b"Compiling '/root/distr_slam_ws/install/cartographer_ros_msgs/local/lib/python3.10/dist-packages/cartographer_ros_msgs/msg/_metric.py'...\n"}
[67.574305] (cartographer_ros_msgs) StdoutLine: {'line': b"Compiling '/root/distr_slam_ws/install/cartographer_ros_msgs/local/lib/python3.10/dist-packages/cartographer_ros_msgs/msg/_metric_family.py'...\n"}
[67.574451] (cartographer_ros_msgs) StdoutLine: {'line': b"Compiling '/root/distr_slam_ws/install/cartographer_ros_msgs/local/lib/python3.10/dist-packages/cartographer_ros_msgs/msg/_metric_label.py'...\n"}
[67.574629] (cartographer_ros_msgs) StdoutLine: {'line': b"Compiling '/root/distr_slam_ws/install/cartographer_ros_msgs/local/lib/python3.10/dist-packages/cartographer_ros_msgs/msg/_status_code.py'...\n"}
[67.574769] (cartographer_ros_msgs) StdoutLine: {'line': b"Compiling '/root/distr_slam_ws/install/cartographer_ros_msgs/local/lib/python3.10/dist-packages/cartographer_ros_msgs/msg/_status_response.py'...\n"}
[67.574906] (cartographer_ros_msgs) StdoutLine: {'line': b"Compiling '/root/distr_slam_ws/install/cartographer_ros_msgs/local/lib/python3.10/dist-packages/cartographer_ros_msgs/msg/_submap_entry.py'...\n"}
[67.575029] (cartographer_ros_msgs) StdoutLine: {'line': b"Compiling '/root/distr_slam_ws/install/cartographer_ros_msgs/local/lib/python3.10/dist-packages/cartographer_ros_msgs/msg/_submap_list.py'...\n"}
[67.575160] (cartographer_ros_msgs) StdoutLine: {'line': b"Compiling '/root/distr_slam_ws/install/cartographer_ros_msgs/local/lib/python3.10/dist-packages/cartographer_ros_msgs/msg/_submap_texture.py'...\n"}
[67.575295] (cartographer_ros_msgs) StdoutLine: {'line': b"Compiling '/root/distr_slam_ws/install/cartographer_ros_msgs/local/lib/python3.10/dist-packages/cartographer_ros_msgs/msg/_trajectory_states.py'...\n"}
[67.575434] (cartographer_ros_msgs) StdoutLine: {'line': b"Listing '/root/distr_slam_ws/install/cartographer_ros_msgs/local/lib/python3.10/dist-packages/cartographer_ros_msgs/srv'...\n"}
[67.575603] (cartographer_ros_msgs) StdoutLine: {'line': b"Compiling '/root/distr_slam_ws/install/cartographer_ros_msgs/local/lib/python3.10/dist-packages/cartographer_ros_msgs/srv/__init__.py'...\n"}
[67.575743] (cartographer_ros_msgs) StdoutLine: {'line': b"Compiling '/root/distr_slam_ws/install/cartographer_ros_msgs/local/lib/python3.10/dist-packages/cartographer_ros_msgs/srv/_finish_trajectory.py'...\n"}
[67.575882] (cartographer_ros_msgs) StdoutLine: {'line': b"Compiling '/root/distr_slam_ws/install/cartographer_ros_msgs/local/lib/python3.10/dist-packages/cartographer_ros_msgs/srv/_get_slam_state.py'...\n"}
[67.576019] (cartographer_ros_msgs) StdoutLine: {'line': b"Compiling '/root/distr_slam_ws/install/cartographer_ros_msgs/local/lib/python3.10/dist-packages/cartographer_ros_msgs/srv/_get_trajectory_states.py'...\n"}
[67.576157] (cartographer_ros_msgs) StdoutLine: {'line': b"Compiling '/root/distr_slam_ws/install/cartographer_ros_msgs/local/lib/python3.10/dist-packages/cartographer_ros_msgs/srv/_read_metrics.py'...\n"}
[67.576290] (cartographer_ros_msgs) StdoutLine: {'line': b"Compiling '/root/distr_slam_ws/install/cartographer_ros_msgs/local/lib/python3.10/dist-packages/cartographer_ros_msgs/srv/_set_slam_state.py'...\n"}
[67.576427] (cartographer_ros_msgs) StdoutLine: {'line': b"Compiling '/root/distr_slam_ws/install/cartographer_ros_msgs/local/lib/python3.10/dist-packages/cartographer_ros_msgs/srv/_start_trajectory.py'...\n"}
[67.576599] (cartographer_ros_msgs) StdoutLine: {'line': b"Compiling '/root/distr_slam_ws/install/cartographer_ros_msgs/local/lib/python3.10/dist-packages/cartographer_ros_msgs/srv/_submap_query.py'...\n"}
[67.576742] (cartographer_ros_msgs) StdoutLine: {'line': b"Compiling '/root/distr_slam_ws/install/cartographer_ros_msgs/local/lib/python3.10/dist-packages/cartographer_ros_msgs/srv/_trajectory_query.py'...\n"}
[67.576876] (cartographer_ros_msgs) StdoutLine: {'line': b"Compiling '/root/distr_slam_ws/install/cartographer_ros_msgs/local/lib/python3.10/dist-packages/cartographer_ros_msgs/srv/_write_state.py'...\n"}
[67.577919] (cartographer_ros_msgs) StdoutLine: {'line': b'-- Installing: /root/distr_slam_ws/install/cartographer_ros_msgs/local/lib/python3.10/dist-packages/cartographer_ros_msgs/cartographer_ros_msgs_s__rosidl_typesupport_fastrtps_c.cpython-310-x86_64-linux-gnu.so\n'}
[67.578568] (cartographer_ros_msgs) StdoutLine: {'line': b'-- Set runtime path of "/root/distr_slam_ws/install/cartographer_ros_msgs/local/lib/python3.10/dist-packages/cartographer_ros_msgs/cartographer_ros_msgs_s__rosidl_typesupport_fastrtps_c.cpython-310-x86_64-linux-gnu.so" to ""\n'}
[67.578908] (cartographer_ros_msgs) StdoutLine: {'line': b'-- Installing: /root/distr_slam_ws/install/cartographer_ros_msgs/local/lib/python3.10/dist-packages/cartographer_ros_msgs/cartographer_ros_msgs_s__rosidl_typesupport_introspection_c.cpython-310-x86_64-linux-gnu.so\n'}
[67.579516] (cartographer_ros_msgs) StdoutLine: {'line': b'-- Set runtime path of "/root/distr_slam_ws/install/cartographer_ros_msgs/local/lib/python3.10/dist-packages/cartographer_ros_msgs/cartographer_ros_msgs_s__rosidl_typesupport_introspection_c.cpython-310-x86_64-linux-gnu.so" to ""\n'}
[67.579837] (cartographer_ros_msgs) StdoutLine: {'line': b'-- Installing: /root/distr_slam_ws/install/cartographer_ros_msgs/local/lib/python3.10/dist-packages/cartographer_ros_msgs/cartographer_ros_msgs_s__rosidl_typesupport_c.cpython-310-x86_64-linux-gnu.so\n'}
[67.580418] (cartographer_ros_msgs) StdoutLine: {'line': b'-- Set runtime path of "/root/distr_slam_ws/install/cartographer_ros_msgs/local/lib/python3.10/dist-packages/cartographer_ros_msgs/cartographer_ros_msgs_s__rosidl_typesupport_c.cpython-310-x86_64-linux-gnu.so" to ""\n'}
[67.586928] (-) TimerEvent: {}
[67.589965] (cartographer_ros_msgs) StdoutLine: {'line': b'-- Installing: /root/distr_slam_ws/install/cartographer_ros_msgs/lib/libcartographer_ros_msgs__rosidl_generator_py.so\n'}
[67.590815] (cartographer_ros_msgs) StdoutLine: {'line': b'-- Set runtime path of "/root/distr_slam_ws/install/cartographer_ros_msgs/lib/libcartographer_ros_msgs__rosidl_generator_py.so" to ""\n'}
[67.591196] (cartographer_ros_msgs) StdoutLine: {'line': b'-- Installing: /root/distr_slam_ws/install/cartographer_ros_msgs/share/ament_index/resource_index/rust_packages/cartographer_ros_msgs\n'}
[67.591544] (cartographer_ros_msgs) StdoutLine: {'line': b'-- Up-to-date: /root/distr_slam_ws/install/cartographer_ros_msgs/share/cartographer_ros_msgs/rust\n'}
[67.591841] (cartographer_ros_msgs) StdoutLine: {'line': b'-- Installing: /root/distr_slam_ws/install/cartographer_ros_msgs/share/cartographer_ros_msgs/rust/build.rs\n'}
[67.592072] (cartographer_ros_msgs) StdoutLine: {'line': b'-- Up-to-date: /root/distr_slam_ws/install/cartographer_ros_msgs/share/cartographer_ros_msgs/rust/src\n'}
[67.592390] (cartographer_ros_msgs) StdoutLine: {'line': b'-- Up-to-date: /root/distr_slam_ws/install/cartographer_ros_msgs/share/cartographer_ros_msgs/rust/src/srv\n'}
[67.592784] (cartographer_ros_msgs) StdoutLine: {'line': b'-- Installing: /root/distr_slam_ws/install/cartographer_ros_msgs/share/cartographer_ros_msgs/rust/src/srv/rmw.rs\n'}
[67.593232] (cartographer_ros_msgs) StdoutLine: {'line': b'-- Up-to-date: /root/distr_slam_ws/install/cartographer_ros_msgs/share/cartographer_ros_msgs/rust/src/msg\n'}
[67.593452] (cartographer_ros_msgs) StdoutLine: {'line': b'-- Installing: /root/distr_slam_ws/install/cartographer_ros_msgs/share/cartographer_ros_msgs/rust/src/msg/rmw.rs\n'}
[67.593849] (cartographer_ros_msgs) StdoutLine: {'line': b'-- Installing: /root/distr_slam_ws/install/cartographer_ros_msgs/share/cartographer_ros_msgs/rust/src/msg.rs\n'}
[67.594122] (cartographer_ros_msgs) StdoutLine: {'line': b'-- Installing: /root/distr_slam_ws/install/cartographer_ros_msgs/share/cartographer_ros_msgs/rust/src/srv.rs\n'}
[67.594550] (cartographer_ros_msgs) StdoutLine: {'line': b'-- Installing: /root/distr_slam_ws/install/cartographer_ros_msgs/share/cartographer_ros_msgs/rust/src/lib.rs\n'}
[67.594772] (cartographer_ros_msgs) StdoutLine: {'line': b'-- Installing: /root/distr_slam_ws/install/cartographer_ros_msgs/share/cartographer_ros_msgs/rust/Cargo.toml\n'}
[67.595405] (cartographer_ros_msgs) StdoutLine: {'line': b'-- Installing: /root/distr_slam_ws/install/cartographer_ros_msgs/share/cartographer_ros_msgs/msg/BagfileProgress.idl\n'}
[67.595794] (cartographer_ros_msgs) StdoutLine: {'line': b'-- Installing: /root/distr_slam_ws/install/cartographer_ros_msgs/share/cartographer_ros_msgs/msg/HistogramBucket.idl\n'}
[67.596167] (cartographer_ros_msgs) StdoutLine: {'line': b'-- Installing: /root/distr_slam_ws/install/cartographer_ros_msgs/share/cartographer_ros_msgs/msg/LandmarkEntry.idl\n'}
[67.597093] (cartographer_ros_msgs) StdoutLine: {'line': b'-- Installing: /root/distr_slam_ws/install/cartographer_ros_msgs/share/cartographer_ros_msgs/msg/LandmarkList.idl\n'}
[67.597500] (cartographer_ros_msgs) StdoutLine: {'line': b'-- Installing: /root/distr_slam_ws/install/cartographer_ros_msgs/share/cartographer_ros_msgs/msg/MetricFamily.idl\n'}
[67.597864] (cartographer_ros_msgs) StdoutLine: {'line': b'-- Installing: /root/distr_slam_ws/install/cartographer_ros_msgs/share/cartographer_ros_msgs/msg/MetricLabel.idl\n'}
[67.598235] (cartographer_ros_msgs) StdoutLine: {'line': b'-- Installing: /root/distr_slam_ws/install/cartographer_ros_msgs/share/cartographer_ros_msgs/msg/Metric.idl\n'}
[67.598624] (cartographer_ros_msgs) StdoutLine: {'line': b'-- Installing: /root/distr_slam_ws/install/cartographer_ros_msgs/share/cartographer_ros_msgs/msg/StatusCode.idl\n'}
[67.598989] (cartographer_ros_msgs) StdoutLine: {'line': b'-- Installing: /root/distr_slam_ws/install/cartographer_ros_msgs/share/cartographer_ros_msgs/msg/StatusResponse.idl\n'}
[67.599357] (cartographer_ros_msgs) StdoutLine: {'line': b'-- Installing: /root/distr_slam_ws/install/cartographer_ros_msgs/share/cartographer_ros_msgs/msg/SubmapEntry.idl\n'}
[67.599751] (cartographer_ros_msgs) StdoutLine: {'line': b'-- Installing: /root/distr_slam_ws/install/cartographer_ros_msgs/share/cartographer_ros_msgs/msg/SubmapList.idl\n'}
[67.600136] (cartographer_ros_msgs) StdoutLine: {'line': b'-- Installing: /root/distr_slam_ws/install/cartographer_ros_msgs/share/cartographer_ros_msgs/msg/SubmapTexture.idl\n'}
[67.600521] (cartographer_ros_msgs) StdoutLine: {'line': b'-- Installing: /root/distr_slam_ws/install/cartographer_ros_msgs/share/cartographer_ros_msgs/msg/TrajectoryStates.idl\n'}
[67.601063] (cartographer_ros_msgs) StdoutLine: {'line': b'-- Installing: /root/distr_slam_ws/install/cartographer_ros_msgs/share/cartographer_ros_msgs/srv/FinishTrajectory.idl\n'}
[67.601447] (cartographer_ros_msgs) StdoutLine: {'line': b'-- Installing: /root/distr_slam_ws/install/cartographer_ros_msgs/share/cartographer_ros_msgs/srv/GetTrajectoryStates.idl\n'}
[67.601841] (cartographer_ros_msgs) StdoutLine: {'line': b'-- Installing: /root/distr_slam_ws/install/cartographer_ros_msgs/share/cartographer_ros_msgs/srv/ReadMetrics.idl\n'}
[67.602274] (cartographer_ros_msgs) StdoutLine: {'line': b'-- Installing: /root/distr_slam_ws/install/cartographer_ros_msgs/share/cartographer_ros_msgs/srv/StartTrajectory.idl\n'}
[67.602696] (cartographer_ros_msgs) StdoutLine: {'line': b'-- Installing: /root/distr_slam_ws/install/cartographer_ros_msgs/share/cartographer_ros_msgs/srv/TrajectoryQuery.idl\n'}
[67.603049] (cartographer_ros_msgs) StdoutLine: {'line': b'-- Installing: /root/distr_slam_ws/install/cartographer_ros_msgs/share/cartographer_ros_msgs/srv/SubmapQuery.idl\n'}
[67.603428] (cartographer_ros_msgs) StdoutLine: {'line': b'-- Installing: /root/distr_slam_ws/install/cartographer_ros_msgs/share/cartographer_ros_msgs/srv/WriteState.idl\n'}
[67.603925] (cartographer_ros_msgs) StdoutLine: {'line': b'-- Installing: /root/distr_slam_ws/install/cartographer_ros_msgs/share/cartographer_ros_msgs/srv/GetSlamState.idl\n'}
[67.604266] (cartographer_ros_msgs) StdoutLine: {'line': b'-- Installing: /root/distr_slam_ws/install/cartographer_ros_msgs/share/cartographer_ros_msgs/srv/SetSlamState.idl\n'}
[67.604667] (cartographer_ros_msgs) StdoutLine: {'line': b'-- Up-to-date: /root/distr_slam_ws/install/cartographer_ros_msgs/share/cartographer_ros_msgs/msg/BagfileProgress.msg\n'}
[67.604873] (cartographer_ros_msgs) StdoutLine: {'line': b'-- Up-to-date: /root/distr_slam_ws/install/cartographer_ros_msgs/share/cartographer_ros_msgs/msg/HistogramBucket.msg\n'}
[67.605109] (cartographer_ros_msgs) StdoutLine: {'line': b'-- Up-to-date: /root/distr_slam_ws/install/cartographer_ros_msgs/share/cartographer_ros_msgs/msg/LandmarkEntry.msg\n'}
[67.605377] (cartographer_ros_msgs) StdoutLine: {'line': b'-- Up-to-date: /root/distr_slam_ws/install/cartographer_ros_msgs/share/cartographer_ros_msgs/msg/LandmarkList.msg\n'}
[67.605590] (cartographer_ros_msgs) StdoutLine: {'line': b'-- Up-to-date: /root/distr_slam_ws/install/cartographer_ros_msgs/share/cartographer_ros_msgs/msg/MetricFamily.msg\n'}
[67.605745] (cartographer_ros_msgs) StdoutLine: {'line': b'-- Up-to-date: /root/distr_slam_ws/install/cartographer_ros_msgs/share/cartographer_ros_msgs/msg/MetricLabel.msg\n'}
[67.606004] (cartographer_ros_msgs) StdoutLine: {'line': b'-- Up-to-date: /root/distr_slam_ws/install/cartographer_ros_msgs/share/cartographer_ros_msgs/msg/Metric.msg\n'}
[67.606155] (cartographer_ros_msgs) StdoutLine: {'line': b'-- Up-to-date: /root/distr_slam_ws/install/cartographer_ros_msgs/share/cartographer_ros_msgs/msg/StatusCode.msg\n'}
[67.606375] (cartographer_ros_msgs) StdoutLine: {'line': b'-- Up-to-date: /root/distr_slam_ws/install/cartographer_ros_msgs/share/cartographer_ros_msgs/msg/StatusResponse.msg\n'}
[67.606568] (cartographer_ros_msgs) StdoutLine: {'line': b'-- Up-to-date: /root/distr_slam_ws/install/cartographer_ros_msgs/share/cartographer_ros_msgs/msg/SubmapEntry.msg\n'}
[67.606849] (cartographer_ros_msgs) StdoutLine: {'line': b'-- Up-to-date: /root/distr_slam_ws/install/cartographer_ros_msgs/share/cartographer_ros_msgs/msg/SubmapList.msg\n'}
[67.607018] (cartographer_ros_msgs) StdoutLine: {'line': b'-- Up-to-date: /root/distr_slam_ws/install/cartographer_ros_msgs/share/cartographer_ros_msgs/msg/SubmapTexture.msg\n'}
[67.607279] (cartographer_ros_msgs) StdoutLine: {'line': b'-- Up-to-date: /root/distr_slam_ws/install/cartographer_ros_msgs/share/cartographer_ros_msgs/msg/TrajectoryStates.msg\n'}
[67.607419] (cartographer_ros_msgs) StdoutLine: {'line': b'-- Up-to-date: /root/distr_slam_ws/install/cartographer_ros_msgs/share/cartographer_ros_msgs/srv/FinishTrajectory.srv\n'}
[67.607597] (cartographer_ros_msgs) StdoutLine: {'line': b'-- Installing: /root/distr_slam_ws/install/cartographer_ros_msgs/share/cartographer_ros_msgs/srv/FinishTrajectory_Request.msg\n'}
[67.607823] (cartographer_ros_msgs) StdoutLine: {'line': b'-- Installing: /root/distr_slam_ws/install/cartographer_ros_msgs/share/cartographer_ros_msgs/srv/FinishTrajectory_Response.msg\n'}
[67.608044] (cartographer_ros_msgs) StdoutLine: {'line': b'-- Up-to-date: /root/distr_slam_ws/install/cartographer_ros_msgs/share/cartographer_ros_msgs/srv/GetTrajectoryStates.srv\n'}
[67.608248] (cartographer_ros_msgs) StdoutLine: {'line': b'-- Installing: /root/distr_slam_ws/install/cartographer_ros_msgs/share/cartographer_ros_msgs/srv/GetTrajectoryStates_Request.msg\n'}
[67.608601] (cartographer_ros_msgs) StdoutLine: {'line': b'-- Installing: /root/distr_slam_ws/install/cartographer_ros_msgs/share/cartographer_ros_msgs/srv/GetTrajectoryStates_Response.msg\n'}
[67.608879] (cartographer_ros_msgs) StdoutLine: {'line': b'-- Up-to-date: /root/distr_slam_ws/install/cartographer_ros_msgs/share/cartographer_ros_msgs/srv/ReadMetrics.srv\n'}
[67.609132] (cartographer_ros_msgs) StdoutLine: {'line': b'-- Installing: /root/distr_slam_ws/install/cartographer_ros_msgs/share/cartographer_ros_msgs/srv/ReadMetrics_Request.msg\n'}
[67.609363] (cartographer_ros_msgs) StdoutLine: {'line': b'-- Installing: /root/distr_slam_ws/install/cartographer_ros_msgs/share/cartographer_ros_msgs/srv/ReadMetrics_Response.msg\n'}
[67.609677] (cartographer_ros_msgs) StdoutLine: {'line': b'-- Up-to-date: /root/distr_slam_ws/install/cartographer_ros_msgs/share/cartographer_ros_msgs/srv/StartTrajectory.srv\n'}
[67.609904] (cartographer_ros_msgs) StdoutLine: {'line': b'-- Installing: /root/distr_slam_ws/install/cartographer_ros_msgs/share/cartographer_ros_msgs/srv/StartTrajectory_Request.msg\n'}
[67.610209] (cartographer_ros_msgs) StdoutLine: {'line': b'-- Installing: /root/distr_slam_ws/install/cartographer_ros_msgs/share/cartographer_ros_msgs/srv/StartTrajectory_Response.msg\n'}
[67.610540] (cartographer_ros_msgs) StdoutLine: {'line': b'-- Up-to-date: /root/distr_slam_ws/install/cartographer_ros_msgs/share/cartographer_ros_msgs/srv/TrajectoryQuery.srv\n'}
[67.610743] (cartographer_ros_msgs) StdoutLine: {'line': b'-- Installing: /root/distr_slam_ws/install/cartographer_ros_msgs/share/cartographer_ros_msgs/srv/TrajectoryQuery_Request.msg\n'}
[67.611004] (cartographer_ros_msgs) StdoutLine: {'line': b'-- Installing: /root/distr_slam_ws/install/cartographer_ros_msgs/share/cartographer_ros_msgs/srv/TrajectoryQuery_Response.msg\n'}
[67.611368] (cartographer_ros_msgs) StdoutLine: {'line': b'-- Up-to-date: /root/distr_slam_ws/install/cartographer_ros_msgs/share/cartographer_ros_msgs/srv/SubmapQuery.srv\n'}
[67.611594] (cartographer_ros_msgs) StdoutLine: {'line': b'-- Installing: /root/distr_slam_ws/install/cartographer_ros_msgs/share/cartographer_ros_msgs/srv/SubmapQuery_Request.msg\n'}
[67.612008] (cartographer_ros_msgs) StdoutLine: {'line': b'-- Installing: /root/distr_slam_ws/install/cartographer_ros_msgs/share/cartographer_ros_msgs/srv/SubmapQuery_Response.msg\n'}
[67.612279] (cartographer_ros_msgs) StdoutLine: {'line': b'-- Up-to-date: /root/distr_slam_ws/install/cartographer_ros_msgs/share/cartographer_ros_msgs/srv/WriteState.srv\n'}
[67.612528] (cartographer_ros_msgs) StdoutLine: {'line': b'-- Installing: /root/distr_slam_ws/install/cartographer_ros_msgs/share/cartographer_ros_msgs/srv/WriteState_Request.msg\n'}
[67.612881] (cartographer_ros_msgs) StdoutLine: {'line': b'-- Installing: /root/distr_slam_ws/install/cartographer_ros_msgs/share/cartographer_ros_msgs/srv/WriteState_Response.msg\n'}
[67.613168] (cartographer_ros_msgs) StdoutLine: {'line': b'-- Up-to-date: /root/distr_slam_ws/install/cartographer_ros_msgs/share/cartographer_ros_msgs/srv/GetSlamState.srv\n'}
[67.613413] (cartographer_ros_msgs) StdoutLine: {'line': b'-- Installing: /root/distr_slam_ws/install/cartographer_ros_msgs/share/cartographer_ros_msgs/srv/GetSlamState_Request.msg\n'}
[67.613633] (cartographer_ros_msgs) StdoutLine: {'line': b'-- Installing: /root/distr_slam_ws/install/cartographer_ros_msgs/share/cartographer_ros_msgs/srv/GetSlamState_Response.msg\n'}
[67.613932] (cartographer_ros_msgs) StdoutLine: {'line': b'-- Up-to-date: /root/distr_slam_ws/install/cartographer_ros_msgs/share/cartographer_ros_msgs/srv/SetSlamState.srv\n'}
[67.614180] (cartographer_ros_msgs) StdoutLine: {'line': b'-- Installing: /root/distr_slam_ws/install/cartographer_ros_msgs/share/cartographer_ros_msgs/srv/SetSlamState_Request.msg\n'}
[67.614485] (cartographer_ros_msgs) StdoutLine: {'line': b'-- Installing: /root/distr_slam_ws/install/cartographer_ros_msgs/share/cartographer_ros_msgs/srv/SetSlamState_Response.msg\n'}
[67.615090] (cartographer_ros_msgs) StdoutLine: {'line': b'-- Installing: /root/distr_slam_ws/install/cartographer_ros_msgs/share/ament_index/resource_index/package_run_dependencies/cartographer_ros_msgs\n'}
[67.615711] (cartographer_ros_msgs) StdoutLine: {'line': b'-- Installing: /root/distr_slam_ws/install/cartographer_ros_msgs/share/ament_index/resource_index/parent_prefix_path/cartographer_ros_msgs\n'}
[67.616048] (cartographer_ros_msgs) StdoutLine: {'line': b'-- Installing: /root/distr_slam_ws/install/cartographer_ros_msgs/share/cartographer_ros_msgs/environment/ament_prefix_path.sh\n'}
[67.616340] (cartographer_ros_msgs) StdoutLine: {'line': b'-- Installing: /root/distr_slam_ws/install/cartographer_ros_msgs/share/cartographer_ros_msgs/environment/ament_prefix_path.dsv\n'}
[67.616665] (cartographer_ros_msgs) StdoutLine: {'line': b'-- Installing: /root/distr_slam_ws/install/cartographer_ros_msgs/share/cartographer_ros_msgs/environment/path.sh\n'}
[67.616975] (cartographer_ros_msgs) StdoutLine: {'line': b'-- Installing: /root/distr_slam_ws/install/cartographer_ros_msgs/share/cartographer_ros_msgs/environment/path.dsv\n'}
[67.617270] (cartographer_ros_msgs) StdoutLine: {'line': b'-- Installing: /root/distr_slam_ws/install/cartographer_ros_msgs/share/cartographer_ros_msgs/local_setup.bash\n'}
[67.617572] (cartographer_ros_msgs) StdoutLine: {'line': b'-- Installing: /root/distr_slam_ws/install/cartographer_ros_msgs/share/cartographer_ros_msgs/local_setup.sh\n'}
[67.617877] (cartographer_ros_msgs) StdoutLine: {'line': b'-- Installing: /root/distr_slam_ws/install/cartographer_ros_msgs/share/cartographer_ros_msgs/local_setup.zsh\n'}
[67.618211] (cartographer_ros_msgs) StdoutLine: {'line': b'-- Installing: /root/distr_slam_ws/install/cartographer_ros_msgs/share/cartographer_ros_msgs/local_setup.dsv\n'}
[67.618536] (cartographer_ros_msgs) StdoutLine: {'line': b'-- Installing: /root/distr_slam_ws/install/cartographer_ros_msgs/share/cartographer_ros_msgs/package.dsv\n'}
[67.619144] (cartographer_ros_msgs) StdoutLine: {'line': b'-- Installing: /root/distr_slam_ws/install/cartographer_ros_msgs/share/ament_index/resource_index/packages/cartographer_ros_msgs\n'}
[67.619770] (cartographer_ros_msgs) StdoutLine: {'line': b'-- Old export file "/root/distr_slam_ws/install/cartographer_ros_msgs/share/cartographer_ros_msgs/cmake/export_cartographer_ros_msgs__rosidl_generator_cExport.cmake" will be replaced.  Removing files [/root/distr_slam_ws/install/cartographer_ros_msgs/share/cartographer_ros_msgs/cmake/export_cartographer_ros_msgs__rosidl_generator_cExport-noconfig.cmake].\n'}
[67.620024] (cartographer_ros_msgs) StdoutLine: {'line': b'-- Installing: /root/distr_slam_ws/install/cartographer_ros_msgs/share/cartographer_ros_msgs/cmake/export_cartographer_ros_msgs__rosidl_generator_cExport.cmake\n'}
[67.620234] (cartographer_ros_msgs) StdoutLine: {'line': b'-- Installing: /root/distr_slam_ws/install/cartographer_ros_msgs/share/cartographer_ros_msgs/cmake/export_cartographer_ros_msgs__rosidl_generator_cExport-noconfig.cmake\n'}
[67.620641] (cartographer_ros_msgs) StdoutLine: {'line': b'-- Old export file "/root/distr_slam_ws/install/cartographer_ros_msgs/share/cartographer_ros_msgs/cmake/export_cartographer_ros_msgs__rosidl_typesupport_fastrtps_cExport.cmake" will be replaced.  Removing files [/root/distr_slam_ws/install/cartographer_ros_msgs/share/cartographer_ros_msgs/cmake/export_cartographer_ros_msgs__rosidl_typesupport_fastrtps_cExport-noconfig.cmake].\n'}
[67.620908] (cartographer_ros_msgs) StdoutLine: {'line': b'-- Installing: /root/distr_slam_ws/install/cartographer_ros_msgs/share/cartographer_ros_msgs/cmake/export_cartographer_ros_msgs__rosidl_typesupport_fastrtps_cExport.cmake\n'}
[67.621196] (cartographer_ros_msgs) StdoutLine: {'line': b'-- Installing: /root/distr_slam_ws/install/cartographer_ros_msgs/share/cartographer_ros_msgs/cmake/export_cartographer_ros_msgs__rosidl_typesupport_fastrtps_cExport-noconfig.cmake\n'}
[67.621570] (cartographer_ros_msgs) StdoutLine: {'line': b'-- Old export file "/root/distr_slam_ws/install/cartographer_ros_msgs/share/cartographer_ros_msgs/cmake/cartographer_ros_msgs__rosidl_typesupport_introspection_cExport.cmake" will be replaced.  Removing files [/root/distr_slam_ws/install/cartographer_ros_msgs/share/cartographer_ros_msgs/cmake/cartographer_ros_msgs__rosidl_typesupport_introspection_cExport-noconfig.cmake].\n'}
[67.621814] (cartographer_ros_msgs) StdoutLine: {'line': b'-- Installing: /root/distr_slam_ws/install/cartographer_ros_msgs/share/cartographer_ros_msgs/cmake/cartographer_ros_msgs__rosidl_typesupport_introspection_cExport.cmake\n'}
[67.622044] (cartographer_ros_msgs) StdoutLine: {'line': b'-- Installing: /root/distr_slam_ws/install/cartographer_ros_msgs/share/cartographer_ros_msgs/cmake/cartographer_ros_msgs__rosidl_typesupport_introspection_cExport-noconfig.cmake\n'}
[67.622420] (cartographer_ros_msgs) StdoutLine: {'line': b'-- Old export file "/root/distr_slam_ws/install/cartographer_ros_msgs/share/cartographer_ros_msgs/cmake/cartographer_ros_msgs__rosidl_typesupport_cExport.cmake" will be replaced.  Removing files [/root/distr_slam_ws/install/cartographer_ros_msgs/share/cartographer_ros_msgs/cmake/cartographer_ros_msgs__rosidl_typesupport_cExport-noconfig.cmake].\n'}
[67.622697] (cartographer_ros_msgs) StdoutLine: {'line': b'-- Installing: /root/distr_slam_ws/install/cartographer_ros_msgs/share/cartographer_ros_msgs/cmake/cartographer_ros_msgs__rosidl_typesupport_cExport.cmake\n'}
[67.622989] (cartographer_ros_msgs) StdoutLine: {'line': b'-- Installing: /root/distr_slam_ws/install/cartographer_ros_msgs/share/cartographer_ros_msgs/cmake/cartographer_ros_msgs__rosidl_typesupport_cExport-noconfig.cmake\n'}
[67.623374] (cartographer_ros_msgs) StdoutLine: {'line': b'-- Installing: /root/distr_slam_ws/install/cartographer_ros_msgs/share/cartographer_ros_msgs/cmake/export_cartographer_ros_msgs__rosidl_generator_cppExport.cmake\n'}
[67.623794] (cartographer_ros_msgs) StdoutLine: {'line': b'-- Old export file "/root/distr_slam_ws/install/cartographer_ros_msgs/share/cartographer_ros_msgs/cmake/export_cartographer_ros_msgs__rosidl_typesupport_fastrtps_cppExport.cmake" will be replaced.  Removing files [/root/distr_slam_ws/install/cartographer_ros_msgs/share/cartographer_ros_msgs/cmake/export_cartographer_ros_msgs__rosidl_typesupport_fastrtps_cppExport-noconfig.cmake].\n'}
[67.624053] (cartographer_ros_msgs) StdoutLine: {'line': b'-- Installing: /root/distr_slam_ws/install/cartographer_ros_msgs/share/cartographer_ros_msgs/cmake/export_cartographer_ros_msgs__rosidl_typesupport_fastrtps_cppExport.cmake\n'}
[67.624265] (cartographer_ros_msgs) StdoutLine: {'line': b'-- Installing: /root/distr_slam_ws/install/cartographer_ros_msgs/share/cartographer_ros_msgs/cmake/export_cartographer_ros_msgs__rosidl_typesupport_fastrtps_cppExport-noconfig.cmake\n'}
[67.624660] (cartographer_ros_msgs) StdoutLine: {'line': b'-- Old export file "/root/distr_slam_ws/install/cartographer_ros_msgs/share/cartographer_ros_msgs/cmake/cartographer_ros_msgs__rosidl_typesupport_introspection_cppExport.cmake" will be replaced.  Removing files [/root/distr_slam_ws/install/cartographer_ros_msgs/share/cartographer_ros_msgs/cmake/cartographer_ros_msgs__rosidl_typesupport_introspection_cppExport-noconfig.cmake].\n'}
[67.624920] (cartographer_ros_msgs) StdoutLine: {'line': b'-- Installing: /root/distr_slam_ws/install/cartographer_ros_msgs/share/cartographer_ros_msgs/cmake/cartographer_ros_msgs__rosidl_typesupport_introspection_cppExport.cmake\n'}
[67.625222] (cartographer_ros_msgs) StdoutLine: {'line': b'-- Installing: /root/distr_slam_ws/install/cartographer_ros_msgs/share/cartographer_ros_msgs/cmake/cartographer_ros_msgs__rosidl_typesupport_introspection_cppExport-noconfig.cmake\n'}
[67.625638] (cartographer_ros_msgs) StdoutLine: {'line': b'-- Old export file "/root/distr_slam_ws/install/cartographer_ros_msgs/share/cartographer_ros_msgs/cmake/cartographer_ros_msgs__rosidl_typesupport_cppExport.cmake" will be replaced.  Removing files [/root/distr_slam_ws/install/cartographer_ros_msgs/share/cartographer_ros_msgs/cmake/cartographer_ros_msgs__rosidl_typesupport_cppExport-noconfig.cmake].\n'}
[67.625893] (cartographer_ros_msgs) StdoutLine: {'line': b'-- Installing: /root/distr_slam_ws/install/cartographer_ros_msgs/share/cartographer_ros_msgs/cmake/cartographer_ros_msgs__rosidl_typesupport_cppExport.cmake\n'}
[67.626159] (cartographer_ros_msgs) StdoutLine: {'line': b'-- Installing: /root/distr_slam_ws/install/cartographer_ros_msgs/share/cartographer_ros_msgs/cmake/cartographer_ros_msgs__rosidl_typesupport_cppExport-noconfig.cmake\n'}
[67.626569] (cartographer_ros_msgs) StdoutLine: {'line': b'-- Old export file "/root/distr_slam_ws/install/cartographer_ros_msgs/share/cartographer_ros_msgs/cmake/export_cartographer_ros_msgs__rosidl_generator_pyExport.cmake" will be replaced.  Removing files [/root/distr_slam_ws/install/cartographer_ros_msgs/share/cartographer_ros_msgs/cmake/export_cartographer_ros_msgs__rosidl_generator_pyExport-noconfig.cmake].\n'}
[67.626785] (cartographer_ros_msgs) StdoutLine: {'line': b'-- Installing: /root/distr_slam_ws/install/cartographer_ros_msgs/share/cartographer_ros_msgs/cmake/export_cartographer_ros_msgs__rosidl_generator_pyExport.cmake\n'}
[67.627153] (cartographer_ros_msgs) StdoutLine: {'line': b'-- Installing: /root/distr_slam_ws/install/cartographer_ros_msgs/share/cartographer_ros_msgs/cmake/export_cartographer_ros_msgs__rosidl_generator_pyExport-noconfig.cmake\n'}
[67.627486] (cartographer_ros_msgs) StdoutLine: {'line': b'-- Installing: /root/distr_slam_ws/install/cartographer_ros_msgs/share/cartographer_ros_msgs/cmake/rosidl_cmake-extras.cmake\n'}
[67.628425] (cartographer_ros_msgs) StdoutLine: {'line': b'-- Installing: /root/distr_slam_ws/install/cartographer_ros_msgs/share/cartographer_ros_msgs/cmake/ament_cmake_export_dependencies-extras.cmake\n'}
[67.628774] (cartographer_ros_msgs) StdoutLine: {'line': b'-- Installing: /root/distr_slam_ws/install/cartographer_ros_msgs/share/cartographer_ros_msgs/cmake/ament_cmake_export_include_directories-extras.cmake\n'}
[67.629074] (cartographer_ros_msgs) StdoutLine: {'line': b'-- Installing: /root/distr_slam_ws/install/cartographer_ros_msgs/share/cartographer_ros_msgs/cmake/ament_cmake_export_libraries-extras.cmake\n'}
[67.629395] (cartographer_ros_msgs) StdoutLine: {'line': b'-- Installing: /root/distr_slam_ws/install/cartographer_ros_msgs/share/cartographer_ros_msgs/cmake/ament_cmake_export_targets-extras.cmake\n'}
[67.629721] (cartographer_ros_msgs) StdoutLine: {'line': b'-- Installing: /root/distr_slam_ws/install/cartographer_ros_msgs/share/cartographer_ros_msgs/cmake/rosidl_cmake_export_typesupport_targets-extras.cmake\n'}
[67.630025] (cartographer_ros_msgs) StdoutLine: {'line': b'-- Installing: /root/distr_slam_ws/install/cartographer_ros_msgs/share/cartographer_ros_msgs/cmake/rosidl_cmake_export_typesupport_libraries-extras.cmake\n'}
[67.630330] (cartographer_ros_msgs) StdoutLine: {'line': b'-- Installing: /root/distr_slam_ws/install/cartographer_ros_msgs/share/cartographer_ros_msgs/cmake/cartographer_ros_msgsConfig.cmake\n'}
[67.630619] (cartographer_ros_msgs) StdoutLine: {'line': b'-- Installing: /root/distr_slam_ws/install/cartographer_ros_msgs/share/cartographer_ros_msgs/cmake/cartographer_ros_msgsConfig-version.cmake\n'}
[67.630929] (cartographer_ros_msgs) StdoutLine: {'line': b'-- Up-to-date: /root/distr_slam_ws/install/cartographer_ros_msgs/share/cartographer_ros_msgs/package.xml\n'}
[67.633423] (cartographer_ros_msgs) CommandEnded: {'returncode': 0}
[67.687039] (-) TimerEvent: {}
[67.733893] (cartographer_ros_msgs) JobEnded: {'identifier': 'cartographer_ros_msgs', 'rc': 0}
[67.787227] (-) TimerEvent: {}
[67.887644] (-) TimerEvent: {}
[67.988058] (-) TimerEvent: {}
[68.088521] (-) TimerEvent: {}
[68.114415] (cartographer) StdoutLine: {'line': b'[ 18%] \x1b[32mBuilding CXX object CMakeFiles/cartographer.dir/cartographer/io/internal/pbstream_info.cc.o\x1b[0m\n'}
[68.188665] (-) TimerEvent: {}
[68.289041] (-) TimerEvent: {}
[68.389432] (-) TimerEvent: {}
[68.489846] (-) TimerEvent: {}
[68.590241] (-) TimerEvent: {}
[68.690657] (-) TimerEvent: {}
[68.791052] (-) TimerEvent: {}
[68.891470] (-) TimerEvent: {}
[68.991872] (-) TimerEvent: {}
[69.092311] (-) TimerEvent: {}
[69.132553] (cartographer) StdoutLine: {'line': b'[ 18%] \x1b[32mBuilding CXX object CMakeFiles/cartographer.dir/cartographer/io/internal/in_memory_proto_stream.cc.o\x1b[0m\n'}
[69.192433] (-) TimerEvent: {}
[69.293049] (-) TimerEvent: {}
[69.393657] (-) TimerEvent: {}
[69.494190] (-) TimerEvent: {}
[69.594807] (-) TimerEvent: {}
[69.695377] (-) TimerEvent: {}
[69.795925] (-) TimerEvent: {}
[69.896313] (-) TimerEvent: {}
[69.997078] (-) TimerEvent: {}
[70.097823] (-) TimerEvent: {}
[70.198565] (-) TimerEvent: {}
[70.298953] (-) TimerEvent: {}
[70.400183] (-) TimerEvent: {}
[70.500911] (-) TimerEvent: {}
[70.601325] (-) TimerEvent: {}
[70.702234] (-) TimerEvent: {}
[70.802696] (-) TimerEvent: {}
[70.903374] (-) TimerEvent: {}
[71.004115] (-) TimerEvent: {}
[71.105548] (-) TimerEvent: {}
[71.206665] (-) TimerEvent: {}
[71.307055] (-) TimerEvent: {}
[71.368576] (cartographer) StdoutLine: {'line': b'[ 19%] \x1b[32mBuilding CXX object CMakeFiles/cartographer.dir/cartographer/io/internal/pbstream_migrate.cc.o\x1b[0m\n'}
[71.407197] (-) TimerEvent: {}
[71.507874] (-) TimerEvent: {}
[71.608628] (-) TimerEvent: {}
[71.654844] (cartographer) StdoutLine: {'line': b'[ 19%] \x1b[32mBuilding CXX object CMakeFiles/cartographer.dir/cartographer/io/min_max_range_filtering_points_processor.cc.o\x1b[0m\n'}
[71.678212] (cartographer) StdoutLine: {'line': b'[ 19%] \x1b[32mBuilding CXX object CMakeFiles/cartographer.dir/cartographer/io/outlier_removing_points_processor.cc.o\x1b[0m\n'}
[71.708761] (-) TimerEvent: {}
[71.809519] (-) TimerEvent: {}
[71.909811] (-) TimerEvent: {}
[72.010144] (-) TimerEvent: {}
[72.110724] (-) TimerEvent: {}
[72.211524] (-) TimerEvent: {}
[72.313415] (-) TimerEvent: {}
[72.413988] (-) TimerEvent: {}
[72.515546] (-) TimerEvent: {}
[72.616549] (-) TimerEvent: {}
[72.720915] (-) TimerEvent: {}
[72.821301] (-) TimerEvent: {}
[72.921700] (-) TimerEvent: {}
[73.022091] (-) TimerEvent: {}
[73.122500] (-) TimerEvent: {}
[73.222895] (-) TimerEvent: {}
[73.323296] (-) TimerEvent: {}
[73.423701] (-) TimerEvent: {}
[73.524112] (-) TimerEvent: {}
[73.624547] (-) TimerEvent: {}
[73.724938] (-) TimerEvent: {}
[73.825523] (-) TimerEvent: {}
[73.926526] (-) TimerEvent: {}
[74.026824] (-) TimerEvent: {}
[74.127141] (-) TimerEvent: {}
[74.227446] (-) TimerEvent: {}
[74.328527] (-) TimerEvent: {}
[74.428843] (-) TimerEvent: {}
[74.529179] (-) TimerEvent: {}
[74.629572] (-) TimerEvent: {}
[74.730529] (-) TimerEvent: {}
[74.830831] (-) TimerEvent: {}
[74.931147] (-) TimerEvent: {}
[75.031527] (-) TimerEvent: {}
[75.131835] (-) TimerEvent: {}
[75.232176] (-) TimerEvent: {}
[75.236017] (cartographer) StdoutLine: {'line': b'[ 19%] \x1b[32mBuilding CXX object CMakeFiles/cartographer.dir/cartographer/io/pcd_writing_points_processor.cc.o\x1b[0m\n'}
[75.332319] (-) TimerEvent: {}
[75.432816] (-) TimerEvent: {}
[75.533244] (-) TimerEvent: {}
[75.633839] (-) TimerEvent: {}
[75.734560] (-) TimerEvent: {}
[75.834933] (-) TimerEvent: {}
[75.935299] (-) TimerEvent: {}
[76.035704] (-) TimerEvent: {}
[76.136081] (-) TimerEvent: {}
[76.236875] (-) TimerEvent: {}
[76.337311] (-) TimerEvent: {}
[76.437745] (-) TimerEvent: {}
[76.538677] (-) TimerEvent: {}
[76.639256] (-) TimerEvent: {}
[76.739836] (-) TimerEvent: {}
[76.817655] (cartographer) StdoutLine: {'line': b'[ 20%] \x1b[32mBuilding CXX object CMakeFiles/cartographer.dir/cartographer/io/ply_writing_points_processor.cc.o\x1b[0m\n'}
[76.839957] (-) TimerEvent: {}
[76.940535] (-) TimerEvent: {}
[77.040929] (-) TimerEvent: {}
[77.141320] (-) TimerEvent: {}
[77.242100] (-) TimerEvent: {}
[77.342504] (-) TimerEvent: {}
[77.442994] (-) TimerEvent: {}
[77.543371] (-) TimerEvent: {}
[77.643885] (-) TimerEvent: {}
[77.744813] (-) TimerEvent: {}
[77.795133] (cartographer) StdoutLine: {'line': b'[ 20%] \x1b[32mBuilding CXX object CMakeFiles/cartographer.dir/cartographer/io/points_batch.cc.o\x1b[0m\n'}
[77.844958] (-) TimerEvent: {}
[77.945351] (-) TimerEvent: {}
[78.045765] (-) TimerEvent: {}
[78.146178] (-) TimerEvent: {}
[78.246678] (-) TimerEvent: {}
[78.347115] (-) TimerEvent: {}
[78.447823] (-) TimerEvent: {}
[78.548231] (-) TimerEvent: {}
[78.648872] (-) TimerEvent: {}
[78.749563] (-) TimerEvent: {}
[78.849970] (-) TimerEvent: {}
[78.951089] (-) TimerEvent: {}
[79.051579] (-) TimerEvent: {}
[79.100210] (cartographer) StdoutLine: {'line': b'[ 20%] \x1b[32mBuilding CXX object CMakeFiles/cartographer.dir/cartographer/io/points_processor_pipeline_builder.cc.o\x1b[0m\n'}
[79.151708] (-) TimerEvent: {}
[79.252082] (-) TimerEvent: {}
[79.352950] (-) TimerEvent: {}
[79.453331] (-) TimerEvent: {}
[79.553818] (-) TimerEvent: {}
[79.654189] (-) TimerEvent: {}
[79.754759] (-) TimerEvent: {}
[79.855246] (-) TimerEvent: {}
[79.955650] (-) TimerEvent: {}
[80.056060] (-) TimerEvent: {}
[80.156473] (-) TimerEvent: {}
[80.257038] (-) TimerEvent: {}
[80.357537] (-) TimerEvent: {}
[80.457971] (-) TimerEvent: {}
[80.558707] (-) TimerEvent: {}
[80.659732] (-) TimerEvent: {}
[80.760739] (-) TimerEvent: {}
[80.861863] (-) TimerEvent: {}
[80.962664] (-) TimerEvent: {}
[81.063438] (-) TimerEvent: {}
[81.163814] (-) TimerEvent: {}
[81.264877] (-) TimerEvent: {}
[81.365450] (-) TimerEvent: {}
[81.465957] (-) TimerEvent: {}
[81.566362] (-) TimerEvent: {}
[81.666769] (-) TimerEvent: {}
[81.767672] (-) TimerEvent: {}
[81.868384] (-) TimerEvent: {}
[81.969057] (-) TimerEvent: {}
[82.070177] (-) TimerEvent: {}
[82.170572] (-) TimerEvent: {}
[82.271288] (-) TimerEvent: {}
[82.372045] (-) TimerEvent: {}
[82.472593] (-) TimerEvent: {}
[82.573004] (-) TimerEvent: {}
[82.673574] (-) TimerEvent: {}
[82.773952] (-) TimerEvent: {}
[82.874540] (-) TimerEvent: {}
[82.884620] (cartographer) StdoutLine: {'line': b'[ 20%] \x1b[32mBuilding CXX object CMakeFiles/cartographer.dir/cartographer/io/probability_grid_points_processor.cc.o\x1b[0m\n'}
[82.974674] (-) TimerEvent: {}
[83.075369] (-) TimerEvent: {}
[83.175763] (-) TimerEvent: {}
[83.276239] (-) TimerEvent: {}
[83.376821] (-) TimerEvent: {}
[83.477972] (-) TimerEvent: {}
[83.578368] (-) TimerEvent: {}
[83.671110] (cartographer) StdoutLine: {'line': b'[ 21%] \x1b[32mBuilding CXX object CMakeFiles/cartographer.dir/cartographer/io/proto_stream.cc.o\x1b[0m\n'}
[83.678451] (-) TimerEvent: {}
[83.778991] (-) TimerEvent: {}
[83.879721] (-) TimerEvent: {}
[83.981724] (-) TimerEvent: {}
[84.082226] (-) TimerEvent: {}
[84.182623] (-) TimerEvent: {}
[84.283198] (-) TimerEvent: {}
[84.384492] (-) TimerEvent: {}
[84.485702] (-) TimerEvent: {}
[84.587539] (-) TimerEvent: {}
[84.688210] (-) TimerEvent: {}
[84.788585] (-) TimerEvent: {}
[84.860652] (cartographer) StdoutLine: {'line': b'[ 21%] \x1b[32mBuilding CXX object CMakeFiles/cartographer.dir/cartographer/io/proto_stream_deserializer.cc.o\x1b[0m\n'}
[84.888703] (-) TimerEvent: {}
[84.989667] (-) TimerEvent: {}
[85.090045] (-) TimerEvent: {}
[85.190420] (-) TimerEvent: {}
[85.290995] (-) TimerEvent: {}
[85.391837] (-) TimerEvent: {}
[85.492261] (-) TimerEvent: {}
[85.592826] (-) TimerEvent: {}
[85.693742] (-) TimerEvent: {}
[85.794138] (-) TimerEvent: {}
[85.894823] (-) TimerEvent: {}
[85.995665] (-) TimerEvent: {}
[86.096167] (-) TimerEvent: {}
[86.196655] (-) TimerEvent: {}
[86.297048] (-) TimerEvent: {}
[86.398071] (-) TimerEvent: {}
[86.498766] (-) TimerEvent: {}
[86.599165] (-) TimerEvent: {}
[86.699575] (-) TimerEvent: {}
[86.800350] (-) TimerEvent: {}
[86.901061] (-) TimerEvent: {}
[87.001612] (-) TimerEvent: {}
[87.102326] (-) TimerEvent: {}
[87.202740] (-) TimerEvent: {}
[87.303152] (-) TimerEvent: {}
[87.404097] (-) TimerEvent: {}
[87.505144] (-) TimerEvent: {}
[87.605666] (-) TimerEvent: {}
[87.706892] (-) TimerEvent: {}
[87.807522] (-) TimerEvent: {}
[87.908636] (-) TimerEvent: {}
[88.009678] (-) TimerEvent: {}
[88.110277] (-) TimerEvent: {}
[88.210684] (-) TimerEvent: {}
[88.311085] (-) TimerEvent: {}
[88.411498] (-) TimerEvent: {}
[88.512069] (-) TimerEvent: {}
[88.612976] (-) TimerEvent: {}
[88.713369] (-) TimerEvent: {}
[88.814095] (-) TimerEvent: {}
[88.854779] (cartographer) StdoutLine: {'line': b'[ 21%] \x1b[32mBuilding CXX object CMakeFiles/cartographer.dir/cartographer/io/serialization_format_migration.cc.o\x1b[0m\n'}
[88.914223] (-) TimerEvent: {}
[89.014584] (-) TimerEvent: {}
[89.115474] (-) TimerEvent: {}
[89.215849] (-) TimerEvent: {}
[89.316491] (-) TimerEvent: {}
[89.350629] (cartographer) StdoutLine: {'line': b'[ 22%] \x1b[32mBuilding CXX object CMakeFiles/cartographer.dir/cartographer/io/submap_painter.cc.o\x1b[0m\n'}
[89.417542] (-) TimerEvent: {}
[89.518006] (-) TimerEvent: {}
[89.618652] (-) TimerEvent: {}
[89.719028] (-) TimerEvent: {}
[89.819543] (-) TimerEvent: {}
[89.919908] (-) TimerEvent: {}
[90.020317] (-) TimerEvent: {}
[90.102548] (cartographer) StdoutLine: {'line': b'[ 22%] \x1b[32mBuilding CXX object CMakeFiles/cartographer.dir/cartographer/io/vertical_range_filtering_points_processor.cc.o\x1b[0m\n'}
[90.120432] (-) TimerEvent: {}
[90.221311] (-) TimerEvent: {}
[90.322524] (-) TimerEvent: {}
[90.422944] (-) TimerEvent: {}
[90.523562] (-) TimerEvent: {}
[90.624314] (-) TimerEvent: {}
[90.725056] (-) TimerEvent: {}
[90.825543] (-) TimerEvent: {}
[90.927553] (-) TimerEvent: {}
[91.027931] (-) TimerEvent: {}
[91.129857] (-) TimerEvent: {}
[91.231148] (-) TimerEvent: {}
[91.332185] (-) TimerEvent: {}
[91.432913] (-) TimerEvent: {}
[91.534343] (-) TimerEvent: {}
[91.634865] (-) TimerEvent: {}
[91.735262] (-) TimerEvent: {}
[91.836048] (-) TimerEvent: {}
[91.936436] (-) TimerEvent: {}
[92.036995] (-) TimerEvent: {}
[92.137657] (-) TimerEvent: {}
[92.238111] (-) TimerEvent: {}
[92.339047] (-) TimerEvent: {}
[92.439585] (-) TimerEvent: {}
[92.541380] (-) TimerEvent: {}
[92.642081] (-) TimerEvent: {}
[92.745999] (-) TimerEvent: {}
[92.846734] (-) TimerEvent: {}
[92.947242] (-) TimerEvent: {}
[93.048383] (-) TimerEvent: {}
[93.149258] (-) TimerEvent: {}
[93.250212] (-) TimerEvent: {}
[93.350616] (-) TimerEvent: {}
[93.451369] (-) TimerEvent: {}
[93.552555] (-) TimerEvent: {}
[93.653271] (-) TimerEvent: {}
[93.754032] (-) TimerEvent: {}
[93.854547] (-) TimerEvent: {}
[93.955257] (-) TimerEvent: {}
[94.056136] (-) TimerEvent: {}
[94.156872] (-) TimerEvent: {}
[94.257588] (-) TimerEvent: {}
[94.358088] (-) TimerEvent: {}
[94.458588] (-) TimerEvent: {}
[94.559008] (-) TimerEvent: {}
[94.659727] (-) TimerEvent: {}
[94.760297] (-) TimerEvent: {}
[94.860720] (-) TimerEvent: {}
[94.961336] (-) TimerEvent: {}
[95.061765] (-) TimerEvent: {}
[95.162550] (-) TimerEvent: {}
[95.264095] (-) TimerEvent: {}
[95.364512] (-) TimerEvent: {}
[95.464880] (-) TimerEvent: {}
[95.565269] (-) TimerEvent: {}
[95.666547] (-) TimerEvent: {}
[95.766925] (-) TimerEvent: {}
[95.791985] (cartographer) StdoutLine: {'line': b'[ 22%] \x1b[32mBuilding CXX object CMakeFiles/cartographer.dir/cartographer/io/xray_points_processor.cc.o\x1b[0m\n'}
[95.867053] (-) TimerEvent: {}
[95.967435] (-) TimerEvent: {}
[96.068546] (-) TimerEvent: {}
[96.168935] (-) TimerEvent: {}
[96.269320] (-) TimerEvent: {}
[96.370547] (-) TimerEvent: {}
[96.470928] (-) TimerEvent: {}
[96.571309] (-) TimerEvent: {}
[96.672033] (-) TimerEvent: {}
[96.772414] (-) TimerEvent: {}
[96.872819] (-) TimerEvent: {}
[96.973543] (-) TimerEvent: {}
[97.073939] (-) TimerEvent: {}
[97.174700] (-) TimerEvent: {}
[97.275968] (-) TimerEvent: {}
[97.376550] (-) TimerEvent: {}
[97.477315] (-) TimerEvent: {}
[97.578534] (-) TimerEvent: {}
[97.679298] (-) TimerEvent: {}
[97.780484] (-) TimerEvent: {}
[97.880824] (-) TimerEvent: {}
[97.981544] (-) TimerEvent: {}
[98.082527] (-) TimerEvent: {}
[98.183556] (-) TimerEvent: {}
[98.284077] (-) TimerEvent: {}
[98.384484] (-) TimerEvent: {}
[98.397820] (cartographer) StdoutLine: {'line': b'[ 22%] \x1b[32mBuilding CXX object CMakeFiles/cartographer.dir/cartographer/io/xyz_writing_points_processor.cc.o\x1b[0m\n'}
[98.485546] (-) TimerEvent: {}
[98.585975] (-) TimerEvent: {}
[98.686598] (-) TimerEvent: {}
[98.787547] (-) TimerEvent: {}
[98.887938] (-) TimerEvent: {}
[98.990296] (-) TimerEvent: {}
[99.005032] (cartographer) StdoutLine: {'line': b'[ 23%] \x1b[32mBuilding CXX object CMakeFiles/cartographer.dir/cartographer/mapping/2d/grid_2d.cc.o\x1b[0m\n'}
[99.090425] (-) TimerEvent: {}
[99.190824] (-) TimerEvent: {}
[99.291203] (-) TimerEvent: {}
[99.392341] (-) TimerEvent: {}
[99.493058] (-) TimerEvent: {}
[99.593437] (-) TimerEvent: {}
[99.693834] (-) TimerEvent: {}
[99.794412] (-) TimerEvent: {}
[99.895576] (-) TimerEvent: {}
[99.997000] (-) TimerEvent: {}
[100.097398] (-) TimerEvent: {}
[100.198316] (-) TimerEvent: {}
[100.299088] (-) TimerEvent: {}
[100.401201] (-) TimerEvent: {}
[100.501593] (-) TimerEvent: {}
[100.601985] (-) TimerEvent: {}
[100.702664] (-) TimerEvent: {}
[100.803450] (-) TimerEvent: {}
[100.903894] (-) TimerEvent: {}
[101.004423] (-) TimerEvent: {}
[101.104901] (-) TimerEvent: {}
[101.205671] (-) TimerEvent: {}
[101.306067] (-) TimerEvent: {}
[101.406659] (-) TimerEvent: {}
[101.507528] (-) TimerEvent: {}
[101.608044] (-) TimerEvent: {}
[101.708781] (-) TimerEvent: {}
[101.809199] (-) TimerEvent: {}
[101.910129] (-) TimerEvent: {}
[102.010596] (-) TimerEvent: {}
[102.110983] (-) TimerEvent: {}
[102.211658] (-) TimerEvent: {}
[102.312227] (-) TimerEvent: {}
[102.412802] (-) TimerEvent: {}
[102.513897] (-) TimerEvent: {}
[102.614287] (-) TimerEvent: {}
[102.715445] (-) TimerEvent: {}
[102.816669] (-) TimerEvent: {}
[102.917790] (-) TimerEvent: {}
[102.942482] (cartographer) StdoutLine: {'line': b'[ 23%] \x1b[32mBuilding CXX object CMakeFiles/cartographer.dir/cartographer/mapping/2d/probability_grid.cc.o\x1b[0m\n'}
[103.018524] (-) TimerEvent: {}
[103.119236] (-) TimerEvent: {}
[103.220182] (-) TimerEvent: {}
[103.320666] (-) TimerEvent: {}
[103.421222] (-) TimerEvent: {}
[103.432342] (cartographer) StdoutLine: {'line': b'[ 23%] \x1b[32mBuilding CXX object CMakeFiles/cartographer.dir/cartographer/mapping/2d/probability_grid_range_data_inserter_2d.cc.o\x1b[0m\n'}
[103.521355] (-) TimerEvent: {}
[103.622545] (-) TimerEvent: {}
[103.722921] (-) TimerEvent: {}
[103.823649] (-) TimerEvent: {}
[103.924272] (-) TimerEvent: {}
[104.024904] (-) TimerEvent: {}
[104.125617] (-) TimerEvent: {}
[104.225997] (-) TimerEvent: {}
[104.241266] (cartographer) StdoutLine: {'line': b'[ 23%] \x1b[32mBuilding CXX object CMakeFiles/cartographer.dir/cartographer/mapping/2d/submap_2d.cc.o\x1b[0m\n'}
[104.326123] (-) TimerEvent: {}
[104.426534] (-) TimerEvent: {}
[104.526927] (-) TimerEvent: {}
[104.627927] (-) TimerEvent: {}
[104.728657] (-) TimerEvent: {}
[104.829062] (-) TimerEvent: {}
[104.929718] (-) TimerEvent: {}
[105.030283] (-) TimerEvent: {}
[105.131032] (-) TimerEvent: {}
[105.231516] (-) TimerEvent: {}
[105.332265] (-) TimerEvent: {}
[105.432784] (-) TimerEvent: {}
[105.533567] (-) TimerEvent: {}
[105.634870] (-) TimerEvent: {}
[105.735272] (-) TimerEvent: {}
[105.836284] (-) TimerEvent: {}
[105.937037] (-) TimerEvent: {}
[106.037886] (-) TimerEvent: {}
[106.138266] (-) TimerEvent: {}
[106.238669] (-) TimerEvent: {}
[106.339339] (-) TimerEvent: {}
[106.439764] (-) TimerEvent: {}
[106.540328] (-) TimerEvent: {}
[106.640738] (-) TimerEvent: {}
[106.741131] (-) TimerEvent: {}
[106.842045] (-) TimerEvent: {}
[106.943025] (-) TimerEvent: {}
[107.043411] (-) TimerEvent: {}
[107.144418] (-) TimerEvent: {}
[107.245180] (-) TimerEvent: {}
[107.345560] (-) TimerEvent: {}
[107.446279] (-) TimerEvent: {}
[107.547006] (-) TimerEvent: {}
[107.647650] (-) TimerEvent: {}
[107.748314] (-) TimerEvent: {}
[107.848977] (-) TimerEvent: {}
[107.949937] (-) TimerEvent: {}
[108.051527] (-) TimerEvent: {}
[108.151847] (-) TimerEvent: {}
[108.252233] (-) TimerEvent: {}
[108.352715] (-) TimerEvent: {}
[108.416579] (cartographer) StdoutLine: {'line': b'[ 24%] \x1b[32mBuilding CXX object CMakeFiles/cartographer.dir/cartographer/mapping/3d/range_data_inserter_3d.cc.o\x1b[0m\n'}
[108.452848] (-) TimerEvent: {}
[108.553224] (-) TimerEvent: {}
[108.653565] (-) TimerEvent: {}
[108.753972] (-) TimerEvent: {}
[108.854360] (-) TimerEvent: {}
[108.954942] (-) TimerEvent: {}
[109.055976] (-) TimerEvent: {}
[109.156357] (-) TimerEvent: {}
[109.225941] (cartographer) StdoutLine: {'line': b'[ 24%] \x1b[32mBuilding CXX object CMakeFiles/cartographer.dir/cartographer/mapping/3d/submap_3d.cc.o\x1b[0m\n'}
[109.256497] (-) TimerEvent: {}
[109.356962] (-) TimerEvent: {}
[109.457824] (-) TimerEvent: {}
[109.558519] (-) TimerEvent: {}
[109.658874] (-) TimerEvent: {}
[109.760127] (-) TimerEvent: {}
[109.861545] (-) TimerEvent: {}
[109.962015] (-) TimerEvent: {}
[110.063278] (-) TimerEvent: {}
[110.164231] (-) TimerEvent: {}
[110.264747] (-) TimerEvent: {}
[110.365153] (-) TimerEvent: {}
[110.466529] (-) TimerEvent: {}
[110.566914] (-) TimerEvent: {}
[110.667423] (-) TimerEvent: {}
[110.767914] (-) TimerEvent: {}
[110.868254] (-) TimerEvent: {}
[110.968659] (-) TimerEvent: {}
[111.069171] (-) TimerEvent: {}
[111.169765] (-) TimerEvent: {}
[111.270725] (-) TimerEvent: {}
[111.371295] (-) TimerEvent: {}
[111.471692] (-) TimerEvent: {}
[111.491539] (cartographer) StdoutLine: {'line': b'[ 24%] \x1b[32mBuilding CXX object CMakeFiles/cartographer.dir/cartographer/mapping/detect_floors.cc.o\x1b[0m\n'}
[111.571829] (-) TimerEvent: {}
[111.673149] (-) TimerEvent: {}
[111.773931] (-) TimerEvent: {}
[111.874893] (-) TimerEvent: {}
[111.975964] (-) TimerEvent: {}
[112.077018] (-) TimerEvent: {}
[112.177969] (-) TimerEvent: {}
[112.278359] (-) TimerEvent: {}
[112.378780] (-) TimerEvent: {}
[112.479524] (-) TimerEvent: {}
[112.580190] (-) TimerEvent: {}
[112.680874] (-) TimerEvent: {}
[112.781381] (-) TimerEvent: {}
[112.881792] (-) TimerEvent: {}
[112.982854] (-) TimerEvent: {}
[113.083438] (-) TimerEvent: {}
[113.184133] (-) TimerEvent: {}
[113.284540] (-) TimerEvent: {}
[113.385073] (-) TimerEvent: {}
[113.485559] (-) TimerEvent: {}
[113.586169] (-) TimerEvent: {}
[113.687106] (-) TimerEvent: {}
[113.787510] (-) TimerEvent: {}
[113.888391] (-) TimerEvent: {}
[113.988845] (-) TimerEvent: {}
[114.090128] (-) TimerEvent: {}
[114.191537] (-) TimerEvent: {}
[114.291929] (-) TimerEvent: {}
[114.392442] (-) TimerEvent: {}
[114.493384] (-) TimerEvent: {}
[114.593856] (-) TimerEvent: {}
[114.694786] (-) TimerEvent: {}
[114.795169] (-) TimerEvent: {}
[114.895980] (-) TimerEvent: {}
[114.947073] (cartographer) StdoutLine: {'line': b'[ 24%] \x1b[32mBuilding CXX object CMakeFiles/cartographer.dir/cartographer/mapping/imu_tracker.cc.o\x1b[0m\n'}
[114.996170] (-) TimerEvent: {}
[115.097688] (-) TimerEvent: {}
[115.198054] (-) TimerEvent: {}
[115.298438] (-) TimerEvent: {}
[115.399047] (-) TimerEvent: {}
[115.500155] (-) TimerEvent: {}
[115.600609] (-) TimerEvent: {}
[115.701421] (-) TimerEvent: {}
[115.801825] (-) TimerEvent: {}
[115.902536] (-) TimerEvent: {}
[116.003272] (-) TimerEvent: {}
[116.104064] (-) TimerEvent: {}
[116.205073] (-) TimerEvent: {}
[116.305803] (-) TimerEvent: {}
[116.406434] (-) TimerEvent: {}
[116.506838] (-) TimerEvent: {}
[116.607538] (-) TimerEvent: {}
[116.708153] (-) TimerEvent: {}
[116.809149] (-) TimerEvent: {}
[116.909543] (-) TimerEvent: {}
[116.985970] (cartographer) StdoutLine: {'line': b'[ 25%] \x1b[32mBuilding CXX object CMakeFiles/cartographer.dir/cartographer/mapping/internal/2d/local_slam_result_2d.cc.o\x1b[0m\n'}
[117.009652] (-) TimerEvent: {}
[117.110010] (-) TimerEvent: {}
[117.210439] (-) TimerEvent: {}
[117.310833] (-) TimerEvent: {}
[117.400523] (cartographer) StdoutLine: {'line': b'[ 25%] \x1b[32mBuilding CXX object CMakeFiles/cartographer.dir/cartographer/mapping/internal/2d/local_trajectory_builder_2d.cc.o\x1b[0m\n'}
[117.410915] (-) TimerEvent: {}
[117.512011] (-) TimerEvent: {}
[117.612425] (-) TimerEvent: {}
[117.713503] (-) TimerEvent: {}
[117.814386] (-) TimerEvent: {}
[117.915096] (-) TimerEvent: {}
[118.016282] (-) TimerEvent: {}
[118.116951] (-) TimerEvent: {}
[118.217452] (-) TimerEvent: {}
[118.318208] (-) TimerEvent: {}
[118.418608] (-) TimerEvent: {}
[118.519027] (-) TimerEvent: {}
[118.620558] (-) TimerEvent: {}
[118.720949] (-) TimerEvent: {}
[118.821599] (-) TimerEvent: {}
[118.922388] (-) TimerEvent: {}
[119.022777] (-) TimerEvent: {}
[119.125747] (-) TimerEvent: {}
[119.226261] (-) TimerEvent: {}
[119.326783] (-) TimerEvent: {}
[119.427170] (-) TimerEvent: {}
[119.467113] (cartographer) StdoutLine: {'line': b'[ 25%] \x1b[32mBuilding CXX object CMakeFiles/cartographer.dir/cartographer/mapping/internal/2d/local_trajectory_builder_options_2d.cc.o\x1b[0m\n'}
[119.527296] (-) TimerEvent: {}
[119.627733] (-) TimerEvent: {}
[119.728203] (-) TimerEvent: {}
[119.828578] (-) TimerEvent: {}
[119.929284] (-) TimerEvent: {}
[120.033357] (-) TimerEvent: {}
[120.133884] (-) TimerEvent: {}
[120.234901] (-) TimerEvent: {}
[120.335702] (-) TimerEvent: {}
[120.436211] (-) TimerEvent: {}
[120.536586] (-) TimerEvent: {}
[120.637039] (-) TimerEvent: {}
[120.737564] (-) TimerEvent: {}
[120.838417] (-) TimerEvent: {}
[120.938835] (-) TimerEvent: {}
[121.039755] (-) TimerEvent: {}
[121.140155] (-) TimerEvent: {}
[121.240688] (-) TimerEvent: {}
[121.341330] (-) TimerEvent: {}
[121.442210] (-) TimerEvent: {}
[121.543524] (-) TimerEvent: {}
[121.644527] (-) TimerEvent: {}
[121.745310] (-) TimerEvent: {}
[121.846207] (-) TimerEvent: {}
[121.946588] (-) TimerEvent: {}
[122.047263] (-) TimerEvent: {}
[122.147788] (-) TimerEvent: {}
[122.248238] (-) TimerEvent: {}
[122.348744] (-) TimerEvent: {}
[122.449208] (-) TimerEvent: {}
[122.549624] (-) TimerEvent: {}
[122.650298] (-) TimerEvent: {}
[122.751144] (-) TimerEvent: {}
[122.851863] (-) TimerEvent: {}
[122.952337] (-) TimerEvent: {}
[123.052749] (-) TimerEvent: {}
[123.153143] (-) TimerEvent: {}
[123.254106] (-) TimerEvent: {}
[123.354610] (-) TimerEvent: {}
[123.455383] (-) TimerEvent: {}
[123.556143] (-) TimerEvent: {}
[123.656600] (-) TimerEvent: {}
[123.757569] (-) TimerEvent: {}
[123.857981] (-) TimerEvent: {}
[123.958688] (-) TimerEvent: {}
[124.059073] (-) TimerEvent: {}
[124.160238] (-) TimerEvent: {}
[124.260629] (-) TimerEvent: {}
[124.361316] (-) TimerEvent: {}
[124.462123] (-) TimerEvent: {}
[124.562694] (-) TimerEvent: {}
[124.663068] (-) TimerEvent: {}
[124.667373] (cartographer) StdoutLine: {'line': b'[ 25%] \x1b[32mBuilding CXX object CMakeFiles/cartographer.dir/cartographer/mapping/internal/2d/normal_estimation_2d.cc.o\x1b[0m\n'}
[124.763197] (-) TimerEvent: {}
[124.863582] (-) TimerEvent: {}
[124.964091] (-) TimerEvent: {}
[125.065728] (-) TimerEvent: {}
[125.166113] (-) TimerEvent: {}
[125.266695] (-) TimerEvent: {}
[125.367966] (-) TimerEvent: {}
[125.395809] (cartographer) StdoutLine: {'line': b'[ 26%] \x1b[32mBuilding CXX object CMakeFiles/cartographer.dir/cartographer/mapping/internal/2d/overlapping_submaps_trimmer_2d.cc.o\x1b[0m\n'}
[125.468102] (-) TimerEvent: {}
[125.568597] (-) TimerEvent: {}
[125.668988] (-) TimerEvent: {}
[125.769742] (-) TimerEvent: {}
[125.870481] (-) TimerEvent: {}
[125.971219] (-) TimerEvent: {}
[126.071608] (-) TimerEvent: {}
[126.091958] (cartographer) StdoutLine: {'line': b'[ 26%] \x1b[32mBuilding CXX object CMakeFiles/cartographer.dir/cartographer/mapping/internal/2d/pose_graph_2d.cc.o\x1b[0m\n'}
[126.172543] (-) TimerEvent: {}
[126.272930] (-) TimerEvent: {}
[126.373320] (-) TimerEvent: {}
[126.474547] (-) TimerEvent: {}
[126.574937] (-) TimerEvent: {}
[126.675329] (-) TimerEvent: {}
[126.776756] (-) TimerEvent: {}
[126.877144] (-) TimerEvent: {}
[126.977540] (-) TimerEvent: {}
[127.078543] (-) TimerEvent: {}
[127.178930] (-) TimerEvent: {}
[127.279540] (-) TimerEvent: {}
[127.379910] (-) TimerEvent: {}
[127.480280] (-) TimerEvent: {}
[127.581557] (-) TimerEvent: {}
[127.681990] (-) TimerEvent: {}
[127.783114] (-) TimerEvent: {}
[127.883771] (-) TimerEvent: {}
[127.984926] (-) TimerEvent: {}
[128.085440] (-) TimerEvent: {}
[128.185967] (-) TimerEvent: {}
[128.287087] (-) TimerEvent: {}
[128.388115] (-) TimerEvent: {}
[128.488539] (-) TimerEvent: {}
[128.555201] (cartographer) StdoutLine: {'line': b'[ 26%] \x1b[32mBuilding CXX object CMakeFiles/cartographer.dir/cartographer/mapping/internal/2d/ray_to_pixel_mask.cc.o\x1b[0m\n'}
[128.588642] (-) TimerEvent: {}
[128.689687] (-) TimerEvent: {}
[128.790077] (-) TimerEvent: {}
[128.890476] (-) TimerEvent: {}
[128.991255] (-) TimerEvent: {}
[129.091982] (-) TimerEvent: {}
[129.192432] (-) TimerEvent: {}
[129.292836] (-) TimerEvent: {}
[129.393226] (-) TimerEvent: {}
[129.494172] (-) TimerEvent: {}
[129.594918] (-) TimerEvent: {}
[129.695766] (-) TimerEvent: {}
[129.796225] (-) TimerEvent: {}
[129.897111] (-) TimerEvent: {}
[129.997653] (-) TimerEvent: {}
[130.098146] (-) TimerEvent: {}
[130.198537] (-) TimerEvent: {}
[130.299510] (-) TimerEvent: {}
[130.400561] (-) TimerEvent: {}
[130.501064] (-) TimerEvent: {}
[130.601981] (-) TimerEvent: {}
[130.702360] (-) TimerEvent: {}
[130.802759] (-) TimerEvent: {}
[130.903497] (-) TimerEvent: {}
[131.004524] (-) TimerEvent: {}
[131.104827] (-) TimerEvent: {}
[131.205138] (-) TimerEvent: {}
[131.305524] (-) TimerEvent: {}
[131.405832] (-) TimerEvent: {}
[131.506545] (-) TimerEvent: {}
[131.607868] (-) TimerEvent: {}
[131.708840] (-) TimerEvent: {}
[131.783374] (cartographer) StdoutLine: {'line': b'[ 26%] \x1b[32mBuilding CXX object CMakeFiles/cartographer.dir/cartographer/mapping/internal/2d/scan_matching/ceres_scan_matcher_2d.cc.o\x1b[0m\n'}
[131.809035] (-) TimerEvent: {}
[131.909625] (-) TimerEvent: {}
[132.010198] (-) TimerEvent: {}
[132.110618] (-) TimerEvent: {}
[132.210992] (-) TimerEvent: {}
[132.311471] (-) TimerEvent: {}
[132.411836] (-) TimerEvent: {}
[132.512317] (-) TimerEvent: {}
[132.612832] (-) TimerEvent: {}
[132.713798] (-) TimerEvent: {}
[132.814266] (-) TimerEvent: {}
[132.914679] (-) TimerEvent: {}
[133.015091] (-) TimerEvent: {}
[133.115843] (-) TimerEvent: {}
[133.216569] (-) TimerEvent: {}
[133.316964] (-) TimerEvent: {}
[133.417486] (-) TimerEvent: {}
[133.504434] (cartographer) StdoutLine: {'line': b'[ 27%] \x1b[32mBuilding CXX object CMakeFiles/cartographer.dir/cartographer/mapping/internal/2d/scan_matching/correlative_scan_matcher_2d.cc.o\x1b[0m\n'}
[133.517525] (-) TimerEvent: {}
[133.618584] (-) TimerEvent: {}
[133.718970] (-) TimerEvent: {}
[133.819724] (-) TimerEvent: {}
[133.922800] (-) TimerEvent: {}
[134.024486] (-) TimerEvent: {}
[134.125009] (-) TimerEvent: {}
[134.225978] (-) TimerEvent: {}
[134.326751] (-) TimerEvent: {}
[134.427505] (-) TimerEvent: {}
[134.528228] (-) TimerEvent: {}
[134.628999] (-) TimerEvent: {}
[134.729771] (-) TimerEvent: {}
[134.830170] (-) TimerEvent: {}
[134.930625] (-) TimerEvent: {}
[135.031032] (-) TimerEvent: {}
[135.131446] (-) TimerEvent: {}
[135.231976] (-) TimerEvent: {}
[135.332371] (-) TimerEvent: {}
[135.432777] (-) TimerEvent: {}
[135.533685] (-) TimerEvent: {}
[135.634611] (-) TimerEvent: {}
[135.646232] (cartographer) StdoutLine: {'line': b'[ 27%] \x1b[32mBuilding CXX object CMakeFiles/cartographer.dir/cartographer/mapping/internal/2d/scan_matching/fast_correlative_scan_matcher_2d.cc.o\x1b[0m\n'}
[135.734736] (-) TimerEvent: {}
[135.835746] (-) TimerEvent: {}
[135.936130] (-) TimerEvent: {}
[136.036600] (-) TimerEvent: {}
[136.137163] (-) TimerEvent: {}
[136.237926] (-) TimerEvent: {}
[136.338360] (-) TimerEvent: {}
[136.438983] (-) TimerEvent: {}
[136.539770] (-) TimerEvent: {}
[136.640496] (-) TimerEvent: {}
[136.741503] (-) TimerEvent: {}
[136.842016] (-) TimerEvent: {}
[136.943156] (-) TimerEvent: {}
[137.043828] (-) TimerEvent: {}
[137.144435] (-) TimerEvent: {}
[137.245703] (-) TimerEvent: {}
[137.346094] (-) TimerEvent: {}
[137.446527] (-) TimerEvent: {}
[137.546929] (-) TimerEvent: {}
[137.647434] (-) TimerEvent: {}
[137.748576] (-) TimerEvent: {}
[137.849091] (-) TimerEvent: {}
[137.950354] (-) TimerEvent: {}
[138.050776] (-) TimerEvent: {}
[138.151185] (-) TimerEvent: {}
[138.252103] (-) TimerEvent: {}
[138.352605] (-) TimerEvent: {}
[138.453109] (-) TimerEvent: {}
[138.554350] (-) TimerEvent: {}
[138.654750] (-) TimerEvent: {}
[138.755330] (-) TimerEvent: {}
[138.856491] (-) TimerEvent: {}
[138.956874] (-) TimerEvent: {}
[139.057264] (-) TimerEvent: {}
[139.157837] (-) TimerEvent: {}
[139.258537] (-) TimerEvent: {}
[139.358921] (-) TimerEvent: {}
[139.459834] (-) TimerEvent: {}
[139.560214] (-) TimerEvent: {}
[139.661093] (-) TimerEvent: {}
[139.761822] (-) TimerEvent: {}
[139.862213] (-) TimerEvent: {}
[139.963496] (-) TimerEvent: {}
[140.064496] (-) TimerEvent: {}
[140.089642] (cartographer) StdoutLine: {'line': b'[ 27%] \x1b[32mBuilding CXX object CMakeFiles/cartographer.dir/cartographer/mapping/internal/2d/scan_matching/occupied_space_cost_function_2d.cc.o\x1b[0m\n'}
[140.165525] (-) TimerEvent: {}
[140.265812] (-) TimerEvent: {}
[140.367524] (-) TimerEvent: {}
[140.468423] (-) TimerEvent: {}
[140.562580] (cartographer) StdoutLine: {'line': b'[ 27%] \x1b[32mBuilding CXX object CMakeFiles/cartographer.dir/cartographer/mapping/internal/2d/scan_matching/real_time_correlative_scan_matcher_2d.cc.o\x1b[0m\n'}
[140.568498] (-) TimerEvent: {}
[140.669558] (-) TimerEvent: {}
[140.771543] (-) TimerEvent: {}
[140.872692] (-) TimerEvent: {}
[140.973065] (-) TimerEvent: {}
[141.073469] (-) TimerEvent: {}
[141.174334] (-) TimerEvent: {}
[141.275134] (-) TimerEvent: {}
[141.376086] (-) TimerEvent: {}
[141.476539] (-) TimerEvent: {}
[141.576926] (-) TimerEvent: {}
[141.677740] (-) TimerEvent: {}
[141.778448] (-) TimerEvent: {}
[141.879522] (-) TimerEvent: {}
[141.982522] (-) TimerEvent: {}
[142.083410] (-) TimerEvent: {}
[142.183749] (-) TimerEvent: {}
[142.284306] (-) TimerEvent: {}
[142.385771] (-) TimerEvent: {}
[142.486165] (-) TimerEvent: {}
[142.586922] (-) TimerEvent: {}
[142.687315] (-) TimerEvent: {}
[142.788027] (-) TimerEvent: {}
[142.888752] (-) TimerEvent: {}
[142.989484] (-) TimerEvent: {}
[143.089860] (-) TimerEvent: {}
[143.190597] (-) TimerEvent: {}
[143.291780] (-) TimerEvent: {}
[143.394740] (-) TimerEvent: {}
[143.495248] (-) TimerEvent: {}
[143.595662] (-) TimerEvent: {}
[143.696565] (-) TimerEvent: {}
[143.797284] (-) TimerEvent: {}
[143.897703] (-) TimerEvent: {}
[143.998093] (-) TimerEvent: {}
[144.099404] (cartographer) StdoutLine: {'line': b'[ 28%] \x1b[32mBuilding CXX object CMakeFiles/cartographer.dir/cartographer/mapping/internal/2d/scan_matching/tsdf_match_cost_function_2d.cc.o\x1b[0m\n'}
[144.099697] (-) TimerEvent: {}
[144.200545] (-) TimerEvent: {}
[144.302179] (-) TimerEvent: {}
[144.403947] (-) TimerEvent: {}
[144.505188] (-) TimerEvent: {}
[144.605596] (-) TimerEvent: {}
[144.706542] (-) TimerEvent: {}
[144.807318] (-) TimerEvent: {}
[144.908140] (-) TimerEvent: {}
[145.008543] (-) TimerEvent: {}
[145.108940] (-) TimerEvent: {}
[145.209787] (-) TimerEvent: {}
[145.310320] (-) TimerEvent: {}
[145.411279] (-) TimerEvent: {}
[145.511757] (-) TimerEvent: {}
[145.612688] (-) TimerEvent: {}
[145.713340] (-) TimerEvent: {}
[145.731750] (cartographer) StdoutLine: {'line': b'[ 28%] \x1b[32mBuilding CXX object CMakeFiles/cartographer.dir/cartographer/mapping/internal/2d/tsd_value_converter.cc.o\x1b[0m\n'}
[145.813520] (-) TimerEvent: {}
[145.914728] (-) TimerEvent: {}
[146.015095] (-) TimerEvent: {}
[146.115563] (-) TimerEvent: {}
[146.216064] (-) TimerEvent: {}
[146.316535] (-) TimerEvent: {}
[146.417048] (-) TimerEvent: {}
[146.517573] (-) TimerEvent: {}
[146.618248] (-) TimerEvent: {}
[146.719367] (-) TimerEvent: {}
[146.820097] (-) TimerEvent: {}
[146.920502] (-) TimerEvent: {}
[146.973800] (cartographer) StdoutLine: {'line': b'[ 28%] \x1b[32mBuilding CXX object CMakeFiles/cartographer.dir/cartographer/mapping/internal/2d/tsdf_2d.cc.o\x1b[0m\n'}
[147.020634] (-) TimerEvent: {}
[147.121402] (-) TimerEvent: {}
[147.221818] (-) TimerEvent: {}
[147.322551] (-) TimerEvent: {}
[147.423255] (-) TimerEvent: {}
[147.523657] (-) TimerEvent: {}
[147.624388] (-) TimerEvent: {}
[147.724799] (-) TimerEvent: {}
[147.825187] (-) TimerEvent: {}
[147.926814] (-) TimerEvent: {}
[148.027710] (-) TimerEvent: {}
[148.128574] (-) TimerEvent: {}
[148.193427] (cartographer) StdoutLine: {'line': b'[ 28%] \x1b[32mBuilding CXX object CMakeFiles/cartographer.dir/cartographer/mapping/internal/2d/tsdf_range_data_inserter_2d.cc.o\x1b[0m\n'}
[148.228678] (-) TimerEvent: {}
[148.328977] (-) TimerEvent: {}
[148.429519] (-) TimerEvent: {}
[148.530521] (-) TimerEvent: {}
[148.630838] (-) TimerEvent: {}
[148.731210] (-) TimerEvent: {}
[148.831720] (-) TimerEvent: {}
[148.932531] (-) TimerEvent: {}
[149.032839] (-) TimerEvent: {}
[149.133142] (-) TimerEvent: {}
[149.233542] (-) TimerEvent: {}
[149.333946] (-) TimerEvent: {}
[149.434660] (-) TimerEvent: {}
[149.535797] (-) TimerEvent: {}
[149.636504] (-) TimerEvent: {}
[149.736901] (-) TimerEvent: {}
[149.837645] (-) TimerEvent: {}
[149.938279] (-) TimerEvent: {}
[150.039159] (-) TimerEvent: {}
[150.139918] (-) TimerEvent: {}
[150.240947] (-) TimerEvent: {}
[150.341410] (-) TimerEvent: {}
[150.442139] (-) TimerEvent: {}
[150.542660] (-) TimerEvent: {}
[150.643399] (-) TimerEvent: {}
[150.744109] (-) TimerEvent: {}
[150.844984] (-) TimerEvent: {}
[150.945947] (-) TimerEvent: {}
[151.046612] (-) TimerEvent: {}
[151.146995] (-) TimerEvent: {}
[151.247806] (-) TimerEvent: {}
[151.348194] (-) TimerEvent: {}
[151.449160] (-) TimerEvent: {}
[151.549656] (-) TimerEvent: {}
[151.650238] (-) TimerEvent: {}
[151.750652] (-) TimerEvent: {}
[151.851008] (-) TimerEvent: {}
[151.953119] (-) TimerEvent: {}
[152.053494] (-) TimerEvent: {}
[152.103548] (cartographer) StdoutLine: {'line': b'[ 29%] \x1b[32mBuilding CXX object CMakeFiles/cartographer.dir/cartographer/mapping/internal/3d/local_slam_result_3d.cc.o\x1b[0m\n'}
[152.153609] (-) TimerEvent: {}
[152.254007] (-) TimerEvent: {}
[152.354519] (-) TimerEvent: {}
[152.455307] (-) TimerEvent: {}
[152.557033] (-) TimerEvent: {}
[152.657881] (-) TimerEvent: {}
[152.758192] (-) TimerEvent: {}
[152.854143] (cartographer) StdoutLine: {'line': b'[ 29%] \x1b[32mBuilding CXX object CMakeFiles/cartographer.dir/cartographer/mapping/internal/3d/local_trajectory_builder_3d.cc.o\x1b[0m\n'}
[152.858277] (-) TimerEvent: {}
[152.958587] (-) TimerEvent: {}
[153.059000] (-) TimerEvent: {}
[153.159534] (-) TimerEvent: {}
[153.260551] (-) TimerEvent: {}
[153.360932] (-) TimerEvent: {}
[153.461777] (-) TimerEvent: {}
[153.562715] (-) TimerEvent: {}
[153.663331] (-) TimerEvent: {}
[153.763925] (-) TimerEvent: {}
[153.864300] (-) TimerEvent: {}
[153.965024] (-) TimerEvent: {}
[154.065552] (-) TimerEvent: {}
[154.166161] (-) TimerEvent: {}
[154.269168] (-) TimerEvent: {}
[154.369681] (-) TimerEvent: {}
[154.470520] (-) TimerEvent: {}
[154.571680] (-) TimerEvent: {}
[154.672724] (-) TimerEvent: {}
[154.773874] (-) TimerEvent: {}
[154.874894] (-) TimerEvent: {}
[154.975305] (-) TimerEvent: {}
[155.076304] (-) TimerEvent: {}
[155.177032] (-) TimerEvent: {}
[155.277427] (-) TimerEvent: {}
[155.378183] (-) TimerEvent: {}
[155.478940] (-) TimerEvent: {}
[155.518663] (cartographer) StdoutLine: {'line': b'[ 29%] \x1b[32mBuilding CXX object CMakeFiles/cartographer.dir/cartographer/mapping/internal/3d/local_trajectory_builder_options_3d.cc.o\x1b[0m\n'}
[155.579546] (-) TimerEvent: {}
[155.679921] (-) TimerEvent: {}
[155.780296] (-) TimerEvent: {}
[155.881545] (-) TimerEvent: {}
[155.981997] (-) TimerEvent: {}
[156.082440] (-) TimerEvent: {}
[156.183547] (-) TimerEvent: {}
[156.283937] (-) TimerEvent: {}
[156.384337] (-) TimerEvent: {}
[156.485544] (-) TimerEvent: {}
[156.585929] (-) TimerEvent: {}
[156.686348] (-) TimerEvent: {}
[156.787540] (-) TimerEvent: {}
[156.887905] (-) TimerEvent: {}
[156.988270] (-) TimerEvent: {}
[157.089554] (-) TimerEvent: {}
[157.189933] (-) TimerEvent: {}
[157.290315] (-) TimerEvent: {}
[157.390719] (-) TimerEvent: {}
[157.491098] (-) TimerEvent: {}
[157.591500] (-) TimerEvent: {}
[157.692546] (-) TimerEvent: {}
[157.792931] (-) TimerEvent: {}
[157.893315] (-) TimerEvent: {}
[157.994547] (-) TimerEvent: {}
[158.094949] (-) TimerEvent: {}
[158.195338] (-) TimerEvent: {}
[158.296551] (-) TimerEvent: {}
[158.396953] (-) TimerEvent: {}
[158.497344] (-) TimerEvent: {}
[158.598550] (-) TimerEvent: {}
[158.698943] (-) TimerEvent: {}
[158.799333] (-) TimerEvent: {}
[158.900547] (-) TimerEvent: {}
[159.000943] (-) TimerEvent: {}
[159.101351] (-) TimerEvent: {}
[159.201758] (-) TimerEvent: {}
[159.302127] (-) TimerEvent: {}
[159.402541] (-) TimerEvent: {}
[159.504642] (-) TimerEvent: {}
[159.605013] (-) TimerEvent: {}
[159.605343] (cartographer) StdoutLine: {'line': b'[ 29%] \x1b[32mBuilding CXX object CMakeFiles/cartographer.dir/cartographer/mapping/internal/3d/pose_graph_3d.cc.o\x1b[0m\n'}
[159.705144] (-) TimerEvent: {}
[159.805546] (-) TimerEvent: {}
[159.906547] (-) TimerEvent: {}
[160.006935] (-) TimerEvent: {}
[160.107322] (-) TimerEvent: {}
[160.208544] (-) TimerEvent: {}
[160.308931] (-) TimerEvent: {}
[160.409307] (-) TimerEvent: {}
[160.510546] (-) TimerEvent: {}
[160.610924] (-) TimerEvent: {}
[160.711315] (-) TimerEvent: {}
[160.812545] (-) TimerEvent: {}
[160.912928] (-) TimerEvent: {}
[161.013315] (-) TimerEvent: {}
[161.114558] (-) TimerEvent: {}
[161.214957] (-) TimerEvent: {}
[161.315340] (-) TimerEvent: {}
[161.338520] (cartographer) StdoutLine: {'line': b'[ 30%] \x1b[32mBuilding CXX object CMakeFiles/cartographer.dir/cartographer/mapping/internal/3d/scan_matching/ceres_scan_matcher_3d.cc.o\x1b[0m\n'}
[161.415508] (-) TimerEvent: {}
[161.515916] (-) TimerEvent: {}
[161.616721] (-) TimerEvent: {}
[161.717677] (-) TimerEvent: {}
[161.818040] (-) TimerEvent: {}
[161.819535] (cartographer) StdoutLine: {'line': b'[ 30%] \x1b[32mBuilding CXX object CMakeFiles/cartographer.dir/cartographer/mapping/internal/3d/scan_matching/fast_correlative_scan_matcher_3d.cc.o\x1b[0m\n'}
[161.918166] (-) TimerEvent: {}
[162.019155] (-) TimerEvent: {}
[162.119537] (-) TimerEvent: {}
[162.220396] (-) TimerEvent: {}
[162.320804] (-) TimerEvent: {}
[162.421559] (-) TimerEvent: {}
[162.522251] (-) TimerEvent: {}
[162.623609] (-) TimerEvent: {}
[162.724350] (-) TimerEvent: {}
[162.825194] (-) TimerEvent: {}
[162.925630] (-) TimerEvent: {}
[163.026545] (-) TimerEvent: {}
[163.127256] (-) TimerEvent: {}
[163.228543] (-) TimerEvent: {}
[163.328935] (-) TimerEvent: {}
[163.429330] (-) TimerEvent: {}
[163.529751] (-) TimerEvent: {}
[163.630597] (-) TimerEvent: {}
[163.731281] (-) TimerEvent: {}
[163.832544] (-) TimerEvent: {}
[163.932928] (-) TimerEvent: {}
[164.033311] (-) TimerEvent: {}
[164.134549] (-) TimerEvent: {}
[164.234944] (-) TimerEvent: {}
[164.335346] (-) TimerEvent: {}
[164.435777] (-) TimerEvent: {}
[164.536547] (-) TimerEvent: {}
[164.636944] (-) TimerEvent: {}
[164.737544] (-) TimerEvent: {}
[164.838546] (-) TimerEvent: {}
[164.938918] (-) TimerEvent: {}
[165.039548] (-) TimerEvent: {}
[165.140549] (-) TimerEvent: {}
[165.240938] (-) TimerEvent: {}
[165.341547] (-) TimerEvent: {}
[165.442546] (-) TimerEvent: {}
[165.543546] (-) TimerEvent: {}
[165.643942] (-) TimerEvent: {}
[165.744549] (-) TimerEvent: {}
[165.844941] (-) TimerEvent: {}
[165.945544] (-) TimerEvent: {}
[166.046547] (-) TimerEvent: {}
[166.146929] (-) TimerEvent: {}
[166.247300] (-) TimerEvent: {}
[166.347724] (-) TimerEvent: {}
[166.448554] (-) TimerEvent: {}
[166.549558] (-) TimerEvent: {}
[166.649955] (-) TimerEvent: {}
[166.750549] (-) TimerEvent: {}
[166.851547] (-) TimerEvent: {}
[166.951928] (-) TimerEvent: {}
[167.052552] (-) TimerEvent: {}
[167.153603] (-) TimerEvent: {}
[167.253996] (-) TimerEvent: {}
[167.354374] (-) TimerEvent: {}
[167.455551] (-) TimerEvent: {}
[167.555952] (-) TimerEvent: {}
[167.656362] (-) TimerEvent: {}
[167.757546] (-) TimerEvent: {}
[167.857946] (-) TimerEvent: {}
[167.958395] (-) TimerEvent: {}
[168.059546] (-) TimerEvent: {}
[168.160172] (-) TimerEvent: {}
[168.260574] (-) TimerEvent: {}
[168.361541] (-) TimerEvent: {}
[168.461887] (-) TimerEvent: {}
[168.562238] (-) TimerEvent: {}
[168.663549] (-) TimerEvent: {}
[168.765323] (-) TimerEvent: {}
[168.867646] (-) TimerEvent: {}
[168.967944] (-) TimerEvent: {}
[169.068267] (-) TimerEvent: {}
[169.169657] (-) TimerEvent: {}
[169.270492] (-) TimerEvent: {}
[169.371318] (-) TimerEvent: {}
[169.471822] (-) TimerEvent: {}
[169.572651] (-) TimerEvent: {}
[169.673149] (-) TimerEvent: {}
[169.773545] (-) TimerEvent: {}
[169.874239] (-) TimerEvent: {}
[169.975026] (-) TimerEvent: {}
[170.061170] (cartographer) StdoutLine: {'line': b'[ 30%] \x1b[32mBuilding CXX object CMakeFiles/cartographer.dir/cartographer/mapping/internal/3d/scan_matching/intensity_cost_function_3d.cc.o\x1b[0m\n'}
[170.075117] (-) TimerEvent: {}
[170.175479] (-) TimerEvent: {}
[170.275885] (-) TimerEvent: {}
[170.376244] (-) TimerEvent: {}
[170.476888] (-) TimerEvent: {}
[170.577751] (-) TimerEvent: {}
[170.678486] (-) TimerEvent: {}
[170.778879] (-) TimerEvent: {}
[170.879649] (-) TimerEvent: {}
[170.980418] (-) TimerEvent: {}
[171.081301] (-) TimerEvent: {}
[171.181703] (-) TimerEvent: {}
[171.282812] (-) TimerEvent: {}
[171.383553] (-) TimerEvent: {}
[171.484269] (-) TimerEvent: {}
[171.584960] (-) TimerEvent: {}
[171.685380] (-) TimerEvent: {}
[171.785825] (-) TimerEvent: {}
[171.886525] (-) TimerEvent: {}
[171.986910] (-) TimerEvent: {}
[172.087639] (-) TimerEvent: {}
[172.188330] (-) TimerEvent: {}
[172.288728] (-) TimerEvent: {}
[172.389495] (-) TimerEvent: {}
[172.490204] (-) TimerEvent: {}
[172.540572] (cartographer) StdoutLine: {'line': b'[ 30%] \x1b[32mBuilding CXX object CMakeFiles/cartographer.dir/cartographer/mapping/internal/3d/scan_matching/low_resolution_matcher.cc.o\x1b[0m\n'}
[172.590336] (-) TimerEvent: {}
[172.691164] (-) TimerEvent: {}
[172.791558] (-) TimerEvent: {}
[172.892363] (-) TimerEvent: {}
[172.993151] (-) TimerEvent: {}
[173.093873] (-) TimerEvent: {}
[173.194246] (-) TimerEvent: {}
[173.295545] (-) TimerEvent: {}
[173.372579] (cartographer) StdoutLine: {'line': b'[ 31%] \x1b[32mBuilding CXX object CMakeFiles/cartographer.dir/cartographer/mapping/internal/3d/scan_matching/precomputation_grid_3d.cc.o\x1b[0m\n'}
[173.395670] (-) TimerEvent: {}
[173.496563] (-) TimerEvent: {}
[173.597157] (-) TimerEvent: {}
[173.697732] (-) TimerEvent: {}
[173.798145] (-) TimerEvent: {}
[173.898740] (-) TimerEvent: {}
[173.999617] (-) TimerEvent: {}
[174.100265] (-) TimerEvent: {}
[174.200667] (-) TimerEvent: {}
[174.301057] (-) TimerEvent: {}
[174.401710] (-) TimerEvent: {}
[174.502483] (-) TimerEvent: {}
[174.603471] (-) TimerEvent: {}
[174.704178] (-) TimerEvent: {}
[174.804796] (-) TimerEvent: {}
[174.905479] (-) TimerEvent: {}
[175.006042] (-) TimerEvent: {}
[175.106500] (-) TimerEvent: {}
[175.206899] (-) TimerEvent: {}
[175.308070] (-) TimerEvent: {}
[175.408493] (-) TimerEvent: {}
[175.509193] (-) TimerEvent: {}
[175.604034] (cartographer) StdoutLine: {'line': b'[ 31%] \x1b[32mBuilding CXX object CMakeFiles/cartographer.dir/cartographer/mapping/internal/3d/scan_matching/real_time_correlative_scan_matcher_3d.cc.o\x1b[0m\n'}
[175.609277] (-) TimerEvent: {}
[175.709573] (-) TimerEvent: {}
[175.809947] (-) TimerEvent: {}
[175.910339] (-) TimerEvent: {}
[176.010996] (-) TimerEvent: {}
[176.111555] (-) TimerEvent: {}
[176.211945] (-) TimerEvent: {}
[176.312578] (-) TimerEvent: {}
[176.412985] (-) TimerEvent: {}
[176.513849] (-) TimerEvent: {}
[176.614540] (-) TimerEvent: {}
[176.715255] (-) TimerEvent: {}
[176.816103] (-) TimerEvent: {}
[176.916788] (-) TimerEvent: {}
[177.017744] (-) TimerEvent: {}
[177.118144] (-) TimerEvent: {}
[177.218873] (-) TimerEvent: {}
[177.319569] (-) TimerEvent: {}
[177.420307] (-) TimerEvent: {}
[177.521421] (-) TimerEvent: {}
[177.622410] (-) TimerEvent: {}
[177.722838] (-) TimerEvent: {}
[177.823694] (-) TimerEvent: {}
[177.924104] (-) TimerEvent: {}
[178.024865] (-) TimerEvent: {}
[178.125897] (-) TimerEvent: {}
[178.226685] (-) TimerEvent: {}
[178.327081] (-) TimerEvent: {}
[178.427495] (-) TimerEvent: {}
[178.529572] (-) TimerEvent: {}
[178.530858] (cartographer) StdoutLine: {'line': b'[ 31%] \x1b[32mBuilding CXX object CMakeFiles/cartographer.dir/cartographer/mapping/internal/3d/scan_matching/rotational_scan_matcher.cc.o\x1b[0m\n'}
[178.630545] (-) TimerEvent: {}
[178.730978] (-) TimerEvent: {}
[178.831509] (-) TimerEvent: {}
[178.932607] (-) TimerEvent: {}
[179.032988] (-) TimerEvent: {}
[179.133542] (-) TimerEvent: {}
[179.234544] (-) TimerEvent: {}
[179.334932] (-) TimerEvent: {}
[179.435310] (-) TimerEvent: {}
[179.537240] (-) TimerEvent: {}
[179.637847] (-) TimerEvent: {}
[179.647855] (cartographer) StdoutLine: {'line': b'[ 32%] \x1b[32mBuilding CXX object CMakeFiles/cartographer.dir/cartographer/mapping/internal/collated_trajectory_builder.cc.o\x1b[0m\n'}
[179.737980] (-) TimerEvent: {}
[179.838513] (-) TimerEvent: {}
[179.902607] (cartographer) StdoutLine: {'line': b'[ 32%] \x1b[32mBuilding CXX object CMakeFiles/cartographer.dir/cartographer/mapping/internal/connected_components.cc.o\x1b[0m\n'}
[179.938640] (-) TimerEvent: {}
[180.039012] (-) TimerEvent: {}
[180.139414] (-) TimerEvent: {}
[180.239848] (-) TimerEvent: {}
[180.340246] (-) TimerEvent: {}
[180.440662] (-) TimerEvent: {}
[180.541427] (-) TimerEvent: {}
[180.642126] (-) TimerEvent: {}
[180.742812] (-) TimerEvent: {}
[180.843392] (-) TimerEvent: {}
[180.944448] (-) TimerEvent: {}
[181.044849] (-) TimerEvent: {}
[181.145351] (-) TimerEvent: {}
[181.245764] (-) TimerEvent: {}
[181.346142] (-) TimerEvent: {}
[181.446831] (-) TimerEvent: {}
[181.547852] (-) TimerEvent: {}
[181.648766] (-) TimerEvent: {}
[181.750557] (-) TimerEvent: {}
[181.851049] (-) TimerEvent: {}
[181.951450] (-) TimerEvent: {}
[182.051849] (-) TimerEvent: {}
[182.152823] (-) TimerEvent: {}
[182.253547] (-) TimerEvent: {}
[182.354359] (-) TimerEvent: {}
[182.455119] (-) TimerEvent: {}
[182.555522] (-) TimerEvent: {}
[182.656267] (-) TimerEvent: {}
[182.756988] (-) TimerEvent: {}
[182.857501] (-) TimerEvent: {}
[182.957883] (-) TimerEvent: {}
[183.058477] (-) TimerEvent: {}
[183.158886] (-) TimerEvent: {}
[183.259397] (-) TimerEvent: {}
[183.359851] (-) TimerEvent: {}
[183.460251] (-) TimerEvent: {}
[183.561480] (-) TimerEvent: {}
[183.661878] (-) TimerEvent: {}
[183.762848] (-) TimerEvent: {}
[183.864127] (-) TimerEvent: {}
[183.964663] (-) TimerEvent: {}
[184.065275] (-) TimerEvent: {}
[184.166395] (-) TimerEvent: {}
[184.266980] (-) TimerEvent: {}
[184.367529] (-) TimerEvent: {}
[184.467914] (-) TimerEvent: {}
[184.477223] (cartographer) StdoutLine: {'line': b'[ 32%] \x1b[32mBuilding CXX object CMakeFiles/cartographer.dir/cartographer/mapping/internal/constraints/constraint_builder.cc.o\x1b[0m\n'}
[184.568027] (-) TimerEvent: {}
[184.668377] (-) TimerEvent: {}
[184.768766] (-) TimerEvent: {}
[184.869295] (-) TimerEvent: {}
[184.969951] (-) TimerEvent: {}
[185.070559] (-) TimerEvent: {}
[185.087240] (cartographer) StdoutLine: {'line': b'[ 32%] \x1b[32mBuilding CXX object CMakeFiles/cartographer.dir/cartographer/mapping/internal/constraints/constraint_builder_2d.cc.o\x1b[0m\n'}
[185.170704] (-) TimerEvent: {}
[185.271558] (-) TimerEvent: {}
[185.371943] (-) TimerEvent: {}
[185.472331] (-) TimerEvent: {}
[185.573148] (-) TimerEvent: {}
[185.673663] (-) TimerEvent: {}
[185.774172] (-) TimerEvent: {}
[185.875107] (-) TimerEvent: {}
[185.975548] (-) TimerEvent: {}
[186.076892] (-) TimerEvent: {}
[186.177876] (-) TimerEvent: {}
[186.279041] (-) TimerEvent: {}
[186.379792] (-) TimerEvent: {}
[186.480581] (-) TimerEvent: {}
[186.580955] (-) TimerEvent: {}
[186.681814] (-) TimerEvent: {}
[186.782565] (-) TimerEvent: {}
[186.883479] (-) TimerEvent: {}
[186.986725] (-) TimerEvent: {}
[187.087224] (-) TimerEvent: {}
[187.187677] (-) TimerEvent: {}
[187.288405] (-) TimerEvent: {}
[187.389247] (-) TimerEvent: {}
[187.490172] (-) TimerEvent: {}
[187.590590] (-) TimerEvent: {}
[187.691260] (-) TimerEvent: {}
[187.792753] (-) TimerEvent: {}
[187.893783] (-) TimerEvent: {}
[187.994185] (-) TimerEvent: {}
[188.094883] (-) TimerEvent: {}
[188.151554] (cartographer) StdoutLine: {'line': b'[ 33%] \x1b[32mBuilding CXX object CMakeFiles/cartographer.dir/cartographer/mapping/internal/constraints/constraint_builder_3d.cc.o\x1b[0m\n'}
[188.194990] (-) TimerEvent: {}
[188.296144] (-) TimerEvent: {}
[188.396529] (-) TimerEvent: {}
[188.497080] (-) TimerEvent: {}
[188.597867] (-) TimerEvent: {}
[188.618659] (cartographer) StdoutLine: {'line': b'[ 33%] \x1b[32mBuilding CXX object CMakeFiles/cartographer.dir/cartographer/mapping/internal/eigen_quaterniond_from_two_vectors.cc.o\x1b[0m\n'}
[188.697794] (-) TimerEvent: {}
[188.798220] (-) TimerEvent: {}
[188.898809] (-) TimerEvent: {}
[189.001158] (-) TimerEvent: {}
[189.101549] (-) TimerEvent: {}
[189.202131] (-) TimerEvent: {}
[189.302821] (-) TimerEvent: {}
[189.403207] (-) TimerEvent: {}
[189.504524] (-) TimerEvent: {}
[189.604890] (-) TimerEvent: {}
[189.705568] (-) TimerEvent: {}
[189.806421] (-) TimerEvent: {}
[189.907443] (-) TimerEvent: {}
[190.008571] (-) TimerEvent: {}
[190.109447] (-) TimerEvent: {}
[190.210035] (-) TimerEvent: {}
[190.310550] (-) TimerEvent: {}
[190.411447] (-) TimerEvent: {}
[190.512666] (-) TimerEvent: {}
[190.613052] (-) TimerEvent: {}
[190.714543] (-) TimerEvent: {}
[190.814925] (-) TimerEvent: {}
[190.915430] (-) TimerEvent: {}
[191.016335] (-) TimerEvent: {}
[191.116762] (-) TimerEvent: {}
[191.217157] (-) TimerEvent: {}
[191.317687] (-) TimerEvent: {}
[191.418434] (-) TimerEvent: {}
[191.519452] (-) TimerEvent: {}
[191.620102] (-) TimerEvent: {}
[191.720941] (-) TimerEvent: {}
[191.821328] (-) TimerEvent: {}
[191.921904] (-) TimerEvent: {}
[192.022777] (-) TimerEvent: {}
[192.123580] (-) TimerEvent: {}
[192.224343] (-) TimerEvent: {}
[192.325066] (-) TimerEvent: {}
[192.425831] (-) TimerEvent: {}
[192.526567] (-) TimerEvent: {}
[192.627273] (-) TimerEvent: {}
[192.727679] (-) TimerEvent: {}
[192.828401] (-) TimerEvent: {}
[192.928803] (-) TimerEvent: {}
[193.029551] (-) TimerEvent: {}
[193.129941] (-) TimerEvent: {}
[193.230654] (-) TimerEvent: {}
[193.331412] (-) TimerEvent: {}
[193.432164] (-) TimerEvent: {}
[193.532936] (-) TimerEvent: {}
[193.633545] (-) TimerEvent: {}
[193.734551] (-) TimerEvent: {}
[193.835808] (-) TimerEvent: {}
[193.937548] (-) TimerEvent: {}
[194.040117] (-) TimerEvent: {}
[194.142021] (-) TimerEvent: {}
[194.242761] (-) TimerEvent: {}
[194.343419] (-) TimerEvent: {}
[194.444314] (-) TimerEvent: {}
[194.545082] (-) TimerEvent: {}
[194.645553] (-) TimerEvent: {}
[194.745925] (-) TimerEvent: {}
[194.846300] (-) TimerEvent: {}
[194.946722] (-) TimerEvent: {}
[195.047423] (-) TimerEvent: {}
[195.060102] (cartographer) StdoutLine: {'line': b'[ 33%] \x1b[32mBuilding CXX object CMakeFiles/cartographer.dir/cartographer/mapping/internal/global_trajectory_builder.cc.o\x1b[0m\n'}
[195.148576] (-) TimerEvent: {}
[195.162295] (cartographer) StdoutLine: {'line': b'[ 33%] \x1b[32mBuilding CXX object CMakeFiles/cartographer.dir/cartographer/mapping/internal/imu_based_pose_extrapolator.cc.o\x1b[0m\n'}
[195.248709] (-) TimerEvent: {}
[195.349096] (-) TimerEvent: {}
[195.449585] (-) TimerEvent: {}
[195.550059] (-) TimerEvent: {}
[195.650470] (-) TimerEvent: {}
[195.750839] (-) TimerEvent: {}
[195.851720] (-) TimerEvent: {}
[195.952316] (-) TimerEvent: {}
[196.052786] (-) TimerEvent: {}
[196.153343] (-) TimerEvent: {}
[196.253999] (-) TimerEvent: {}
[196.355201] (-) TimerEvent: {}
[196.455585] (-) TimerEvent: {}
[196.556236] (-) TimerEvent: {}
[196.656989] (-) TimerEvent: {}
[196.757915] (-) TimerEvent: {}
[196.858314] (-) TimerEvent: {}
[196.959358] (-) TimerEvent: {}
[197.060165] (-) TimerEvent: {}
[197.160699] (-) TimerEvent: {}
[197.261074] (-) TimerEvent: {}
[197.361969] (-) TimerEvent: {}
[197.462453] (-) TimerEvent: {}
[197.562862] (-) TimerEvent: {}
[197.663567] (-) TimerEvent: {}
[197.764354] (-) TimerEvent: {}
[197.865357] (-) TimerEvent: {}
[197.966491] (-) TimerEvent: {}
[198.067237] (-) TimerEvent: {}
[198.167643] (-) TimerEvent: {}
[198.268179] (-) TimerEvent: {}
[198.313970] (cartographer) StdoutLine: {'line': b'[ 34%] \x1b[32mBuilding CXX object CMakeFiles/cartographer.dir/cartographer/mapping/internal/motion_filter.cc.o\x1b[0m\n'}
[198.368307] (-) TimerEvent: {}
[198.468699] (-) TimerEvent: {}
[198.569409] (-) TimerEvent: {}
[198.669805] (-) TimerEvent: {}
[198.773394] (-) TimerEvent: {}
[198.873776] (-) TimerEvent: {}
[198.974166] (-) TimerEvent: {}
[199.074555] (-) TimerEvent: {}
[199.174937] (-) TimerEvent: {}
[199.275311] (-) TimerEvent: {}
[199.375718] (-) TimerEvent: {}
[199.476543] (-) TimerEvent: {}
[199.576930] (-) TimerEvent: {}
[199.677544] (-) TimerEvent: {}
[199.778545] (-) TimerEvent: {}
[199.878987] (-) TimerEvent: {}
[199.979565] (-) TimerEvent: {}
[200.079962] (-) TimerEvent: {}
[200.180348] (-) TimerEvent: {}
[200.281546] (-) TimerEvent: {}
[200.381931] (-) TimerEvent: {}
[200.482323] (-) TimerEvent: {}
[200.583548] (-) TimerEvent: {}
[200.683935] (-) TimerEvent: {}
[200.784312] (-) TimerEvent: {}
[200.885547] (-) TimerEvent: {}
[200.985941] (-) TimerEvent: {}
[201.086338] (-) TimerEvent: {}
[201.186757] (-) TimerEvent: {}
[201.287547] (-) TimerEvent: {}
[201.387935] (-) TimerEvent: {}
[201.488718] (-) TimerEvent: {}
[201.589134] (-) TimerEvent: {}
[201.689533] (-) TimerEvent: {}
[201.789906] (-) TimerEvent: {}
[201.890309] (-) TimerEvent: {}
[201.991271] (-) TimerEvent: {}
[202.091733] (-) TimerEvent: {}
[202.192125] (-) TimerEvent: {}
[202.293545] (-) TimerEvent: {}
[202.393931] (-) TimerEvent: {}
[202.494322] (-) TimerEvent: {}
[202.594732] (-) TimerEvent: {}
[202.695116] (-) TimerEvent: {}
[202.795561] (-) TimerEvent: {}
[202.896545] (-) TimerEvent: {}
[202.996933] (-) TimerEvent: {}
[203.097547] (-) TimerEvent: {}
[203.198546] (-) TimerEvent: {}
[203.298938] (-) TimerEvent: {}
[203.399310] (-) TimerEvent: {}
[203.500553] (-) TimerEvent: {}
[203.600944] (-) TimerEvent: {}
[203.636851] (cartographer) StdoutLine: {'line': b'[ 34%] \x1b[32mBuilding CXX object CMakeFiles/cartographer.dir/cartographer/mapping/internal/optimization/ceres_pose.cc.o\x1b[0m\n'}
[203.701086] (-) TimerEvent: {}
[203.802284] (-) TimerEvent: {}
[203.902791] (-) TimerEvent: {}
[204.003302] (-) TimerEvent: {}
[204.103830] (-) TimerEvent: {}
[204.204216] (-) TimerEvent: {}
[204.304927] (-) TimerEvent: {}
[204.405577] (-) TimerEvent: {}
[204.505936] (-) TimerEvent: {}
[204.532986] (cartographer) StdoutLine: {'line': b'[ 34%] \x1b[32mBuilding CXX object CMakeFiles/cartographer.dir/cartographer/mapping/internal/optimization/cost_functions/spa_cost_function_2d.cc.o\x1b[0m\n'}
[204.606063] (-) TimerEvent: {}
[204.706431] (-) TimerEvent: {}
[204.807033] (-) TimerEvent: {}
[204.907447] (-) TimerEvent: {}
[205.008755] (-) TimerEvent: {}
[205.109155] (-) TimerEvent: {}
[205.209925] (-) TimerEvent: {}
[205.310444] (-) TimerEvent: {}
[205.411011] (-) TimerEvent: {}
[205.511747] (-) TimerEvent: {}
[205.612888] (-) TimerEvent: {}
[205.713642] (-) TimerEvent: {}
[205.814140] (-) TimerEvent: {}
[205.914953] (-) TimerEvent: {}
[206.015545] (-) TimerEvent: {}
[206.116345] (-) TimerEvent: {}
[206.216825] (-) TimerEvent: {}
[206.317669] (-) TimerEvent: {}
[206.418587] (-) TimerEvent: {}
[206.519126] (-) TimerEvent: {}
[206.620025] (-) TimerEvent: {}
[206.720402] (-) TimerEvent: {}
[206.820874] (-) TimerEvent: {}
[206.921362] (-) TimerEvent: {}
[207.021773] (-) TimerEvent: {}
[207.122164] (-) TimerEvent: {}
[207.223247] (-) TimerEvent: {}
[207.323842] (-) TimerEvent: {}
[207.424406] (-) TimerEvent: {}
[207.525004] (-) TimerEvent: {}
[207.625422] (-) TimerEvent: {}
[207.725846] (-) TimerEvent: {}
[207.826560] (-) TimerEvent: {}
[207.926963] (-) TimerEvent: {}
[208.028072] (-) TimerEvent: {}
[208.078503] (cartographer) StdoutLine: {'line': b'[ 34%] \x1b[32mBuilding CXX object CMakeFiles/cartographer.dir/cartographer/mapping/internal/optimization/optimization_problem_2d.cc.o\x1b[0m\n'}
[208.128214] (-) TimerEvent: {}
[208.228885] (-) TimerEvent: {}
[208.329273] (-) TimerEvent: {}
[208.430007] (-) TimerEvent: {}
[208.530525] (-) TimerEvent: {}
[208.631223] (-) TimerEvent: {}
[208.731594] (-) TimerEvent: {}
[208.832228] (-) TimerEvent: {}
[208.850557] (cartographer) StdoutLine: {'line': b'[ 35%] \x1b[32mBuilding CXX object CMakeFiles/cartographer.dir/cartographer/mapping/internal/optimization/optimization_problem_3d.cc.o\x1b[0m\n'}
[208.932562] (-) TimerEvent: {}
[209.033536] (-) TimerEvent: {}
[209.133993] (-) TimerEvent: {}
[209.234742] (-) TimerEvent: {}
[209.335446] (-) TimerEvent: {}
[209.436134] (-) TimerEvent: {}
[209.537126] (-) TimerEvent: {}
[209.638122] (-) TimerEvent: {}
[209.739005] (-) TimerEvent: {}
[209.839878] (-) TimerEvent: {}
[209.940631] (-) TimerEvent: {}
[210.041024] (-) TimerEvent: {}
[210.141745] (-) TimerEvent: {}
[210.242278] (-) TimerEvent: {}
[210.342974] (-) TimerEvent: {}
[210.443653] (-) TimerEvent: {}
[210.544317] (-) TimerEvent: {}
[210.645203] (-) TimerEvent: {}
[210.745620] (-) TimerEvent: {}
[210.846522] (-) TimerEvent: {}
[210.947471] (-) TimerEvent: {}
[211.049157] (-) TimerEvent: {}
[211.111009] (cartographer) StdoutLine: {'line': b'[ 35%] \x1b[32mBuilding CXX object CMakeFiles/cartographer.dir/cartographer/mapping/internal/optimization/optimization_problem_options.cc.o\x1b[0m\n'}
[211.149296] (-) TimerEvent: {}
[211.250211] (-) TimerEvent: {}
[211.350603] (-) TimerEvent: {}
[211.451130] (-) TimerEvent: {}
[211.551946] (-) TimerEvent: {}
[211.652707] (-) TimerEvent: {}
[211.753553] (-) TimerEvent: {}
[211.854914] (-) TimerEvent: {}
[211.957126] (-) TimerEvent: {}
[212.057698] (-) TimerEvent: {}
[212.158484] (-) TimerEvent: {}
[212.259540] (-) TimerEvent: {}
[212.360329] (-) TimerEvent: {}
[212.460861] (-) TimerEvent: {}
[212.561776] (-) TimerEvent: {}
[212.662292] (-) TimerEvent: {}
[212.762704] (-) TimerEvent: {}
[212.863423] (-) TimerEvent: {}
[212.964945] (-) TimerEvent: {}
[213.066549] (-) TimerEvent: {}
[213.169806] (-) TimerEvent: {}
[213.270414] (-) TimerEvent: {}
[213.370951] (-) TimerEvent: {}
[213.471656] (-) TimerEvent: {}
[213.572175] (-) TimerEvent: {}
[213.672725] (-) TimerEvent: {}
[213.773553] (-) TimerEvent: {}
[213.873946] (-) TimerEvent: {}
[213.974856] (-) TimerEvent: {}
[214.075854] (-) TimerEvent: {}
[214.176267] (-) TimerEvent: {}
[214.277100] (-) TimerEvent: {}
[214.377495] (-) TimerEvent: {}
[214.478252] (-) TimerEvent: {}
[214.578787] (-) TimerEvent: {}
[214.679240] (-) TimerEvent: {}
[214.780912] (-) TimerEvent: {}
[214.881328] (-) TimerEvent: {}
[214.982368] (-) TimerEvent: {}
[215.083134] (-) TimerEvent: {}
[215.183992] (-) TimerEvent: {}
[215.284399] (-) TimerEvent: {}
[215.384936] (-) TimerEvent: {}
[215.486050] (-) TimerEvent: {}
[215.586790] (-) TimerEvent: {}
[215.687184] (-) TimerEvent: {}
[215.787803] (-) TimerEvent: {}
[215.888752] (-) TimerEvent: {}
[215.900178] (cartographer) StdoutLine: {'line': b'[ 35%] \x1b[32mBuilding CXX object CMakeFiles/cartographer.dir/cartographer/mapping/internal/range_data_collator.cc.o\x1b[0m\n'}
[215.989504] (-) TimerEvent: {}
[216.089901] (-) TimerEvent: {}
[216.190284] (-) TimerEvent: {}
[216.291636] (-) TimerEvent: {}
[216.392535] (-) TimerEvent: {}
[216.493711] (-) TimerEvent: {}
[216.594204] (-) TimerEvent: {}
[216.694713] (-) TimerEvent: {}
[216.795507] (-) TimerEvent: {}
[216.895872] (-) TimerEvent: {}
[216.996588] (-) TimerEvent: {}
[217.097337] (-) TimerEvent: {}
[217.197737] (-) TimerEvent: {}
[217.298614] (-) TimerEvent: {}
[217.398990] (-) TimerEvent: {}
[217.499541] (-) TimerEvent: {}
[217.600060] (-) TimerEvent: {}
[217.700445] (-) TimerEvent: {}
[217.801139] (-) TimerEvent: {}
[217.902266] (-) TimerEvent: {}
[218.002722] (-) TimerEvent: {}
[218.103122] (-) TimerEvent: {}
[218.203536] (-) TimerEvent: {}
[218.304240] (-) TimerEvent: {}
[218.404962] (-) TimerEvent: {}
[218.505528] (-) TimerEvent: {}
[218.606851] (-) TimerEvent: {}
[218.707231] (-) TimerEvent: {}
[218.807989] (-) TimerEvent: {}
[218.908763] (-) TimerEvent: {}
[219.009430] (-) TimerEvent: {}
[219.109973] (-) TimerEvent: {}
[219.210904] (-) TimerEvent: {}
[219.311291] (-) TimerEvent: {}
[219.411692] (-) TimerEvent: {}
[219.512070] (-) TimerEvent: {}
[219.612941] (-) TimerEvent: {}
[219.713525] (-) TimerEvent: {}
[219.814075] (-) TimerEvent: {}
[219.914618] (-) TimerEvent: {}
[220.015323] (-) TimerEvent: {}
[220.115719] (-) TimerEvent: {}
[220.216440] (-) TimerEvent: {}
[220.317185] (-) TimerEvent: {}
[220.418440] (-) TimerEvent: {}
[220.518934] (-) TimerEvent: {}
[220.619501] (-) TimerEvent: {}
[220.720252] (-) TimerEvent: {}
[220.821151] (-) TimerEvent: {}
[220.921789] (-) TimerEvent: {}
[221.022172] (-) TimerEvent: {}
[221.122657] (-) TimerEvent: {}
[221.223616] (-) TimerEvent: {}
[221.324540] (-) TimerEvent: {}
[221.424924] (-) TimerEvent: {}
[221.525726] (-) TimerEvent: {}
[221.626434] (-) TimerEvent: {}
[221.727183] (-) TimerEvent: {}
[221.827955] (-) TimerEvent: {}
[221.928659] (-) TimerEvent: {}
[222.029070] (-) TimerEvent: {}
[222.129786] (-) TimerEvent: {}
[222.230284] (-) TimerEvent: {}
[222.331637] (-) TimerEvent: {}
[222.432117] (-) TimerEvent: {}
[222.532915] (-) TimerEvent: {}
[222.633403] (-) TimerEvent: {}
[222.733884] (-) TimerEvent: {}
[222.834242] (-) TimerEvent: {}
[222.935544] (-) TimerEvent: {}
[223.036022] (-) TimerEvent: {}
[223.061560] (cartographer) StdoutLine: {'line': b'[ 35%] \x1b[32mBuilding CXX object CMakeFiles/cartographer.dir/cartographer/mapping/internal/scan_matching/real_time_correlative_scan_matcher.cc.o\x1b[0m\n'}
[223.078285] (cartographer) StdoutLine: {'line': b'[ 36%] \x1b[32mBuilding CXX object CMakeFiles/cartographer.dir/cartographer/mapping/internal/submap_controller.cc.o\x1b[0m\n'}
[223.136171] (-) TimerEvent: {}
[223.236580] (-) TimerEvent: {}
[223.336943] (-) TimerEvent: {}
[223.437706] (-) TimerEvent: {}
[223.538079] (-) TimerEvent: {}
[223.639065] (-) TimerEvent: {}
[223.739541] (-) TimerEvent: {}
[223.840549] (-) TimerEvent: {}
[223.940944] (-) TimerEvent: {}
[224.041345] (-) TimerEvent: {}
[224.142554] (-) TimerEvent: {}
[224.242965] (-) TimerEvent: {}
[224.343347] (-) TimerEvent: {}
[224.443729] (-) TimerEvent: {}
[224.544208] (-) TimerEvent: {}
[224.645793] (-) TimerEvent: {}
[224.746203] (-) TimerEvent: {}
[224.846635] (-) TimerEvent: {}
[224.947018] (-) TimerEvent: {}
[225.047543] (-) TimerEvent: {}
[225.147934] (-) TimerEvent: {}
[225.248548] (-) TimerEvent: {}
[225.349549] (-) TimerEvent: {}
[225.449954] (-) TimerEvent: {}
[225.550364] (-) TimerEvent: {}
[225.604873] (cartographer) StdoutLine: {'line': b'[ 36%] \x1b[32mBuilding CXX object CMakeFiles/cartographer.dir/cartographer/mapping/internal/trajectory_connectivity_state.cc.o\x1b[0m\n'}
[225.623568] (cartographer) StdoutLine: {'line': b'[ 36%] \x1b[32mBuilding CXX object CMakeFiles/cartographer.dir/cartographer/mapping/map_builder.cc.o\x1b[0m\n'}
[225.650536] (-) TimerEvent: {}
[225.752547] (-) TimerEvent: {}
[225.853757] (-) TimerEvent: {}
[225.957973] (-) TimerEvent: {}
[226.059250] (-) TimerEvent: {}
[226.160533] (-) TimerEvent: {}
[226.261912] (-) TimerEvent: {}
[226.363369] (-) TimerEvent: {}
[226.464755] (-) TimerEvent: {}
[226.565970] (-) TimerEvent: {}
[226.667237] (-) TimerEvent: {}
[226.768736] (-) TimerEvent: {}
[226.872116] (-) TimerEvent: {}
[226.973286] (-) TimerEvent: {}
[227.074528] (-) TimerEvent: {}
[227.174932] (-) TimerEvent: {}
[227.275819] (-) TimerEvent: {}
[227.376709] (-) TimerEvent: {}
[227.477902] (-) TimerEvent: {}
[227.578288] (-) TimerEvent: {}
[227.679129] (-) TimerEvent: {}
[227.780375] (-) TimerEvent: {}
[227.881256] (-) TimerEvent: {}
[227.981666] (-) TimerEvent: {}
[228.082355] (-) TimerEvent: {}
[228.183045] (-) TimerEvent: {}
[228.283816] (-) TimerEvent: {}
[228.384522] (-) TimerEvent: {}
[228.484917] (-) TimerEvent: {}
[228.585561] (-) TimerEvent: {}
[228.607238] (cartographer) StdoutLine: {'line': b'[ 36%] \x1b[32mBuilding CXX object CMakeFiles/cartographer.dir/cartographer/mapping/map_builder_interface.cc.o\x1b[0m\n'}
[228.685695] (-) TimerEvent: {}
[228.787109] (-) TimerEvent: {}
[228.887515] (-) TimerEvent: {}
[228.988391] (-) TimerEvent: {}
[229.089787] (-) TimerEvent: {}
[229.190195] (-) TimerEvent: {}
[229.290786] (-) TimerEvent: {}
[229.391484] (-) TimerEvent: {}
[229.491960] (-) TimerEvent: {}
[229.495138] (cartographer) StdoutLine: {'line': b'[ 37%] \x1b[32mBuilding CXX object CMakeFiles/cartographer.dir/cartographer/mapping/pose_extrapolator.cc.o\x1b[0m\n'}
[229.592085] (-) TimerEvent: {}
[229.692831] (-) TimerEvent: {}
[229.793871] (-) TimerEvent: {}
[229.894384] (-) TimerEvent: {}
[229.994770] (-) TimerEvent: {}
[230.095498] (-) TimerEvent: {}
[230.196598] (-) TimerEvent: {}
[230.297334] (-) TimerEvent: {}
[230.397751] (-) TimerEvent: {}
[230.498410] (-) TimerEvent: {}
[230.599353] (-) TimerEvent: {}
[230.699955] (-) TimerEvent: {}
[230.800569] (-) TimerEvent: {}
[230.901247] (-) TimerEvent: {}
[231.001646] (-) TimerEvent: {}
[231.102523] (-) TimerEvent: {}
[231.202911] (-) TimerEvent: {}
[231.304525] (-) TimerEvent: {}
[231.405550] (-) TimerEvent: {}
[231.508548] (-) TimerEvent: {}
[231.610523] (-) TimerEvent: {}
[231.710822] (-) TimerEvent: {}
[231.811118] (-) TimerEvent: {}
[231.911413] (-) TimerEvent: {}
[232.012554] (-) TimerEvent: {}
[232.113047] (-) TimerEvent: {}
[232.215027] (-) TimerEvent: {}
[232.315539] (-) TimerEvent: {}
[232.416053] (-) TimerEvent: {}
[232.517378] (-) TimerEvent: {}
[232.618287] (-) TimerEvent: {}
[232.718822] (-) TimerEvent: {}
[232.819546] (-) TimerEvent: {}
[232.921044] (-) TimerEvent: {}
[233.022255] (-) TimerEvent: {}
[233.122666] (-) TimerEvent: {}
[233.223405] (-) TimerEvent: {}
[233.323862] (-) TimerEvent: {}
[233.424534] (-) TimerEvent: {}
[233.525022] (-) TimerEvent: {}
[233.625398] (-) TimerEvent: {}
[233.726543] (-) TimerEvent: {}
[233.742015] (cartographer) StdoutLine: {'line': b'[ 37%] \x1b[32mBuilding CXX object CMakeFiles/cartographer.dir/cartographer/mapping/pose_extrapolator_interface.cc.o\x1b[0m\n'}
[233.826650] (-) TimerEvent: {}
[233.927041] (-) TimerEvent: {}
[234.027413] (-) TimerEvent: {}
[234.128103] (-) TimerEvent: {}
[234.228852] (-) TimerEvent: {}
[234.329540] (-) TimerEvent: {}
[234.429937] (-) TimerEvent: {}
[234.530668] (-) TimerEvent: {}
[234.631072] (-) TimerEvent: {}
[234.732145] (-) TimerEvent: {}
[234.832605] (-) TimerEvent: {}
[234.933595] (-) TimerEvent: {}
[235.034519] (-) TimerEvent: {}
[235.135709] (-) TimerEvent: {}
[235.236162] (-) TimerEvent: {}
[235.318544] (cartographer) StdoutLine: {'line': b'[ 37%] \x1b[32mBuilding CXX object CMakeFiles/cartographer.dir/cartographer/mapping/pose_graph.cc.o\x1b[0m\n'}
[235.336296] (-) TimerEvent: {}
[235.436706] (-) TimerEvent: {}
[235.537524] (-) TimerEvent: {}
[235.637911] (-) TimerEvent: {}
[235.738291] (-) TimerEvent: {}
[235.839302] (-) TimerEvent: {}
[235.940539] (-) TimerEvent: {}
[236.041539] (-) TimerEvent: {}
[236.142334] (-) TimerEvent: {}
[236.243088] (-) TimerEvent: {}
[236.343495] (-) TimerEvent: {}
[236.444269] (-) TimerEvent: {}
[236.544795] (-) TimerEvent: {}
[236.645742] (-) TimerEvent: {}
[236.747545] (-) TimerEvent: {}
[236.847982] (-) TimerEvent: {}
[236.948388] (-) TimerEvent: {}
[237.050805] (-) TimerEvent: {}
[237.142400] (cartographer) StdoutLine: {'line': b'[ 37%] \x1b[32mBuilding CXX object CMakeFiles/cartographer.dir/cartographer/mapping/pose_graph_trimmer.cc.o\x1b[0m\n'}
[237.150910] (-) TimerEvent: {}
[237.251247] (-) TimerEvent: {}
[237.354990] (-) TimerEvent: {}
[237.455373] (-) TimerEvent: {}
[237.556156] (-) TimerEvent: {}
[237.656942] (-) TimerEvent: {}
[237.757824] (-) TimerEvent: {}
[237.858209] (-) TimerEvent: {}
[237.938638] (cartographer) StdoutLine: {'line': b'[ 38%] \x1b[32mBuilding CXX object CMakeFiles/cartographer.dir/cartographer/mapping/probability_values.cc.o\x1b[0m\n'}
[237.958353] (-) TimerEvent: {}
[238.059198] (-) TimerEvent: {}
[238.159589] (-) TimerEvent: {}
[238.259981] (-) TimerEvent: {}
[238.360664] (-) TimerEvent: {}
[238.461168] (-) TimerEvent: {}
[238.562158] (-) TimerEvent: {}
[238.662551] (-) TimerEvent: {}
[238.763314] (-) TimerEvent: {}
[238.864100] (-) TimerEvent: {}
[238.965346] (-) TimerEvent: {}
[239.065808] (-) TimerEvent: {}
[239.166470] (-) TimerEvent: {}
[239.266975] (-) TimerEvent: {}
[239.367669] (-) TimerEvent: {}
[239.468056] (-) TimerEvent: {}
[239.568443] (-) TimerEvent: {}
[239.669380] (-) TimerEvent: {}
[239.769811] (-) TimerEvent: {}
[239.870358] (-) TimerEvent: {}
[239.970980] (-) TimerEvent: {}
[240.071765] (-) TimerEvent: {}
[240.172365] (-) TimerEvent: {}
[240.273254] (-) TimerEvent: {}
[240.374043] (-) TimerEvent: {}
[240.474550] (-) TimerEvent: {}
[240.575042] (-) TimerEvent: {}
[240.675421] (-) TimerEvent: {}
[240.700237] (cartographer) StdoutLine: {'line': b'[ 38%] \x1b[32mBuilding CXX object CMakeFiles/cartographer.dir/cartographer/mapping/range_data_inserter_interface.cc.o\x1b[0m\n'}
[240.775550] (-) TimerEvent: {}
[240.875939] (-) TimerEvent: {}
[240.977627] (-) TimerEvent: {}
[241.078325] (-) TimerEvent: {}
[241.178831] (-) TimerEvent: {}
[241.279491] (-) TimerEvent: {}
[241.380513] (-) TimerEvent: {}
[241.480907] (-) TimerEvent: {}
[241.581289] (-) TimerEvent: {}
[241.682231] (-) TimerEvent: {}
[241.782648] (-) TimerEvent: {}
[241.883048] (-) TimerEvent: {}
[241.984118] (-) TimerEvent: {}
[242.084911] (-) TimerEvent: {}
[242.185299] (-) TimerEvent: {}
[242.286053] (-) TimerEvent: {}
[242.319614] (cartographer) StdoutLine: {'line': b'[ 38%] \x1b[32mBuilding CXX object CMakeFiles/cartographer.dir/cartographer/mapping/trajectory_builder_interface.cc.o\x1b[0m\n'}
[242.386190] (-) TimerEvent: {}
[242.487187] (-) TimerEvent: {}
[242.587562] (-) TimerEvent: {}
[242.688109] (-) TimerEvent: {}
[242.788932] (-) TimerEvent: {}
[242.889647] (-) TimerEvent: {}
[242.990337] (-) TimerEvent: {}
[243.036518] (cartographer) StdoutLine: {'line': b'[ 38%] \x1b[32mBuilding CXX object CMakeFiles/cartographer.dir/cartographer/mapping/trajectory_node.cc.o\x1b[0m\n'}
[243.090503] (-) TimerEvent: {}
[243.190892] (-) TimerEvent: {}
[243.291690] (-) TimerEvent: {}
[243.393298] (-) TimerEvent: {}
[243.494124] (-) TimerEvent: {}
[243.594527] (-) TimerEvent: {}
[243.695523] (-) TimerEvent: {}
[243.795821] (-) TimerEvent: {}
[243.896153] (-) TimerEvent: {}
[243.997323] (-) TimerEvent: {}
[244.098205] (-) TimerEvent: {}
[244.128603] (cartographer) StdoutLine: {'line': b'[ 39%] \x1b[32mBuilding CXX object CMakeFiles/cartographer.dir/cartographer/mapping/value_conversion_tables.cc.o\x1b[0m\n'}
[244.198522] (-) TimerEvent: {}
[244.298884] (-) TimerEvent: {}
[244.399249] (-) TimerEvent: {}
[244.499917] (-) TimerEvent: {}
[244.600394] (-) TimerEvent: {}
[244.701473] (-) TimerEvent: {}
[244.802340] (-) TimerEvent: {}
[244.902787] (-) TimerEvent: {}
[245.003421] (-) TimerEvent: {}
[245.103836] (-) TimerEvent: {}
[245.204582] (-) TimerEvent: {}
[245.305317] (-) TimerEvent: {}
[245.406065] (-) TimerEvent: {}
[245.506819] (-) TimerEvent: {}
[245.607544] (-) TimerEvent: {}
[245.681347] (cartographer) StdoutLine: {'line': b'[ 39%] \x1b[32mBuilding CXX object CMakeFiles/cartographer.dir/cartographer/metrics/counter.cc.o\x1b[0m\n'}
[245.707670] (-) TimerEvent: {}
[245.808053] (-) TimerEvent: {}
[245.838586] (cartographer) StdoutLine: {'line': b'[ 39%] \x1b[32mBuilding CXX object CMakeFiles/cartographer.dir/cartographer/metrics/gauge.cc.o\x1b[0m\n'}
[245.908196] (-) TimerEvent: {}
[246.000452] (cartographer) StdoutLine: {'line': b'[ 39%] \x1b[32mBuilding CXX object CMakeFiles/cartographer.dir/cartographer/metrics/histogram.cc.o\x1b[0m\n'}
[246.008284] (-) TimerEvent: {}
[246.108636] (-) TimerEvent: {}
[246.209045] (-) TimerEvent: {}
[246.309441] (-) TimerEvent: {}
[246.410155] (-) TimerEvent: {}
[246.460073] (cartographer) StdoutLine: {'line': b'[ 40%] \x1b[32mBuilding CXX object CMakeFiles/cartographer.dir/cartographer/metrics/register.cc.o\x1b[0m\n'}
[246.510285] (-) TimerEvent: {}
[246.610691] (-) TimerEvent: {}
[246.711170] (-) TimerEvent: {}
[246.811550] (-) TimerEvent: {}
[246.911957] (-) TimerEvent: {}
[247.012356] (-) TimerEvent: {}
[247.113136] (-) TimerEvent: {}
[247.213921] (-) TimerEvent: {}
[247.314679] (-) TimerEvent: {}
[247.415091] (-) TimerEvent: {}
[247.515937] (-) TimerEvent: {}
[247.616450] (-) TimerEvent: {}
[247.717303] (-) TimerEvent: {}
[247.817841] (-) TimerEvent: {}
[247.919125] (-) TimerEvent: {}
[248.019545] (-) TimerEvent: {}
[248.119929] (-) TimerEvent: {}
[248.220748] (-) TimerEvent: {}
[248.321706] (-) TimerEvent: {}
[248.422088] (-) TimerEvent: {}
[248.522689] (-) TimerEvent: {}
[248.623394] (-) TimerEvent: {}
[248.626721] (cartographer) StdoutLine: {'line': b'[ 40%] \x1b[32mBuilding CXX object CMakeFiles/cartographer.dir/cartographer/sensor/compressed_point_cloud.cc.o\x1b[0m\n'}
[248.723566] (-) TimerEvent: {}
[248.823947] (-) TimerEvent: {}
[248.924320] (-) TimerEvent: {}
[249.025071] (-) TimerEvent: {}
[249.119841] (cartographer) StdoutLine: {'line': b'[ 40%] \x1b[32mBuilding CXX object CMakeFiles/cartographer.dir/cartographer/sensor/fixed_frame_pose_data.cc.o\x1b[0m\n'}
[249.125175] (-) TimerEvent: {}
[249.225539] (-) TimerEvent: {}
[249.325971] (-) TimerEvent: {}
[249.426369] (-) TimerEvent: {}
[249.527184] (-) TimerEvent: {}
[249.627964] (-) TimerEvent: {}
[249.728355] (-) TimerEvent: {}
[249.828882] (-) TimerEvent: {}
[249.929372] (-) TimerEvent: {}
[250.029805] (-) TimerEvent: {}
[250.130230] (-) TimerEvent: {}
[250.230677] (-) TimerEvent: {}
[250.331251] (-) TimerEvent: {}
[250.432228] (-) TimerEvent: {}
[250.533038] (-) TimerEvent: {}
[250.633647] (-) TimerEvent: {}
[250.734410] (-) TimerEvent: {}
[250.835565] (-) TimerEvent: {}
[250.936260] (-) TimerEvent: {}
[251.036669] (-) TimerEvent: {}
[251.137167] (-) TimerEvent: {}
[251.237738] (-) TimerEvent: {}
[251.338636] (-) TimerEvent: {}
[251.439240] (-) TimerEvent: {}
[251.540215] (-) TimerEvent: {}
[251.641222] (-) TimerEvent: {}
[251.742272] (-) TimerEvent: {}
[251.842714] (-) TimerEvent: {}
[251.943417] (-) TimerEvent: {}
[252.043823] (-) TimerEvent: {}
[252.144222] (-) TimerEvent: {}
[252.244993] (-) TimerEvent: {}
[252.345681] (-) TimerEvent: {}
[252.446411] (-) TimerEvent: {}
[252.546823] (-) TimerEvent: {}
[252.647661] (-) TimerEvent: {}
[252.748510] (-) TimerEvent: {}
[252.750931] (cartographer) StdoutLine: {'line': b'[ 40%] \x1b[32mBuilding CXX object CMakeFiles/cartographer.dir/cartographer/sensor/imu_data.cc.o\x1b[0m\n'}
[252.849525] (-) TimerEvent: {}
[252.950197] (-) TimerEvent: {}
[253.050716] (-) TimerEvent: {}
[253.151938] (-) TimerEvent: {}
[253.253149] (-) TimerEvent: {}
[253.354434] (-) TimerEvent: {}
[253.455451] (-) TimerEvent: {}
[253.555868] (-) TimerEvent: {}
[253.656527] (-) TimerEvent: {}
[253.757055] (-) TimerEvent: {}
[253.786666] (cartographer) StdoutLine: {'line': b'[ 41%] \x1b[32mBuilding CXX object CMakeFiles/cartographer.dir/cartographer/sensor/internal/collator.cc.o\x1b[0m\n'}
[253.857187] (-) TimerEvent: {}
[253.958195] (-) TimerEvent: {}
[254.058557] (-) TimerEvent: {}
[254.159171] (-) TimerEvent: {}
[254.259705] (-) TimerEvent: {}
[254.275373] (cartographer) StdoutLine: {'line': b'[ 41%] \x1b[32mBuilding CXX object CMakeFiles/cartographer.dir/cartographer/sensor/internal/ordered_multi_queue.cc.o\x1b[0m\n'}
[254.359840] (-) TimerEvent: {}
[254.460623] (-) TimerEvent: {}
[254.561014] (-) TimerEvent: {}
[254.661857] (-) TimerEvent: {}
[254.762527] (-) TimerEvent: {}
[254.863290] (-) TimerEvent: {}
[254.963667] (-) TimerEvent: {}
[255.064028] (-) TimerEvent: {}
[255.164748] (-) TimerEvent: {}
[255.265695] (-) TimerEvent: {}
[255.366376] (-) TimerEvent: {}
[255.467560] (-) TimerEvent: {}
[255.568510] (-) TimerEvent: {}
[255.668917] (-) TimerEvent: {}
[255.769418] (-) TimerEvent: {}
[255.857216] (cartographer) StdoutLine: {'line': b'[ 41%] \x1b[32mBuilding CXX object CMakeFiles/cartographer.dir/cartographer/sensor/internal/trajectory_collator.cc.o\x1b[0m\n'}
[255.869516] (-) TimerEvent: {}
[255.969840] (-) TimerEvent: {}
[256.070525] (-) TimerEvent: {}
[256.171217] (-) TimerEvent: {}
[256.271590] (-) TimerEvent: {}
[256.372273] (-) TimerEvent: {}
[256.473017] (-) TimerEvent: {}
[256.573721] (-) TimerEvent: {}
[256.674134] (-) TimerEvent: {}
[256.774708] (-) TimerEvent: {}
[256.875377] (-) TimerEvent: {}
[256.976087] (-) TimerEvent: {}
[257.076948] (-) TimerEvent: {}
[257.177339] (-) TimerEvent: {}
[257.278106] (-) TimerEvent: {}
[257.378565] (-) TimerEvent: {}
[257.479304] (-) TimerEvent: {}
[257.580013] (-) TimerEvent: {}
[257.680732] (-) TimerEvent: {}
[257.781658] (-) TimerEvent: {}
[257.882415] (-) TimerEvent: {}
[257.982795] (-) TimerEvent: {}
[258.083520] (-) TimerEvent: {}
[258.184371] (-) TimerEvent: {}
[258.284782] (-) TimerEvent: {}
[258.385451] (-) TimerEvent: {}
[258.486257] (-) TimerEvent: {}
[258.586689] (-) TimerEvent: {}
[258.687071] (-) TimerEvent: {}
[258.787875] (-) TimerEvent: {}
[258.888485] (-) TimerEvent: {}
[258.989477] (-) TimerEvent: {}
[259.091024] (-) TimerEvent: {}
[259.192330] (-) TimerEvent: {}
[259.293103] (-) TimerEvent: {}
[259.393868] (-) TimerEvent: {}
[259.494534] (-) TimerEvent: {}
[259.595770] (-) TimerEvent: {}
[259.696511] (-) TimerEvent: {}
[259.797302] (-) TimerEvent: {}
[259.898072] (-) TimerEvent: {}
[259.998839] (-) TimerEvent: {}
[260.099600] (-) TimerEvent: {}
[260.200178] (-) TimerEvent: {}
[260.300668] (-) TimerEvent: {}
[260.401057] (-) TimerEvent: {}
[260.501532] (-) TimerEvent: {}
[260.602008] (-) TimerEvent: {}
[260.703058] (-) TimerEvent: {}
[260.786694] (cartographer) StdoutLine: {'line': b'[ 42%] \x1b[32mBuilding CXX object CMakeFiles/cartographer.dir/cartographer/sensor/internal/voxel_filter.cc.o\x1b[0m\n'}
[260.803190] (-) TimerEvent: {}
[260.813032] (cartographer) StdoutLine: {'line': b'[ 42%] \x1b[32mBuilding CXX object CMakeFiles/cartographer.dir/cartographer/sensor/landmark_data.cc.o\x1b[0m\n'}
[260.904545] (-) TimerEvent: {}
[261.004990] (-) TimerEvent: {}
[261.106131] (-) TimerEvent: {}
[261.108033] (cartographer) StdoutLine: {'line': b'[ 42%] \x1b[32mBuilding CXX object CMakeFiles/cartographer.dir/cartographer/sensor/odometry_data.cc.o\x1b[0m\n'}
[261.206264] (-) TimerEvent: {}
[261.306683] (-) TimerEvent: {}
[261.407061] (-) TimerEvent: {}
[261.507787] (-) TimerEvent: {}
[261.608206] (-) TimerEvent: {}
[261.709208] (-) TimerEvent: {}
[261.809653] (-) TimerEvent: {}
[261.910589] (-) TimerEvent: {}
[262.010989] (-) TimerEvent: {}
[262.111966] (-) TimerEvent: {}
[262.212667] (-) TimerEvent: {}
[262.313065] (-) TimerEvent: {}
[262.413560] (-) TimerEvent: {}
[262.513959] (-) TimerEvent: {}
[262.614581] (-) TimerEvent: {}
[262.715092] (-) TimerEvent: {}
[262.815919] (-) TimerEvent: {}
[262.916424] (-) TimerEvent: {}
[263.017280] (-) TimerEvent: {}
[263.118013] (-) TimerEvent: {}
[263.218891] (-) TimerEvent: {}
[263.319852] (-) TimerEvent: {}
[263.420644] (-) TimerEvent: {}
[263.521650] (-) TimerEvent: {}
[263.622163] (-) TimerEvent: {}
[263.724817] (-) TimerEvent: {}
[263.825436] (-) TimerEvent: {}
[263.925846] (-) TimerEvent: {}
[264.026540] (-) TimerEvent: {}
[264.127187] (-) TimerEvent: {}
[264.227912] (-) TimerEvent: {}
[264.328659] (-) TimerEvent: {}
[264.369012] (cartographer) StdoutLine: {'line': b'[ 42%] \x1b[32mBuilding CXX object CMakeFiles/cartographer.dir/cartographer/sensor/point_cloud.cc.o\x1b[0m\n'}
[264.428787] (-) TimerEvent: {}
[264.529332] (-) TimerEvent: {}
[264.629984] (-) TimerEvent: {}
[264.730383] (-) TimerEvent: {}
[264.831520] (-) TimerEvent: {}
[264.932183] (-) TimerEvent: {}
[265.033303] (-) TimerEvent: {}
[265.135055] (-) TimerEvent: {}
[265.235590] (-) TimerEvent: {}
[265.336007] (-) TimerEvent: {}
[265.437073] (-) TimerEvent: {}
[265.537481] (-) TimerEvent: {}
[265.638143] (-) TimerEvent: {}
[265.738659] (-) TimerEvent: {}
[265.839401] (-) TimerEvent: {}
[265.939805] (-) TimerEvent: {}
[266.040352] (-) TimerEvent: {}
[266.131611] (cartographer) StdoutLine: {'line': b'[ 43%] \x1b[32mBuilding CXX object CMakeFiles/cartographer.dir/cartographer/sensor/range_data.cc.o\x1b[0m\n'}
[266.140448] (-) TimerEvent: {}
[266.240817] (-) TimerEvent: {}
[266.341296] (-) TimerEvent: {}
[266.441692] (-) TimerEvent: {}
[266.542064] (-) TimerEvent: {}
[266.642888] (-) TimerEvent: {}
[266.743654] (-) TimerEvent: {}
[266.844423] (-) TimerEvent: {}
[266.945136] (-) TimerEvent: {}
[267.045807] (-) TimerEvent: {}
[267.146258] (-) TimerEvent: {}
[267.248083] (-) TimerEvent: {}
[267.349105] (-) TimerEvent: {}
[267.450233] (-) TimerEvent: {}
[267.550895] (-) TimerEvent: {}
[267.651574] (-) TimerEvent: {}
[267.752336] (-) TimerEvent: {}
[267.852747] (-) TimerEvent: {}
[267.907208] (cartographer) StdoutLine: {'line': b'[ 43%] \x1b[32mBuilding CXX object CMakeFiles/cartographer.dir/cartographer/sensor/timed_point_cloud_data.cc.o\x1b[0m\n'}
[267.952878] (-) TimerEvent: {}
[268.053296] (-) TimerEvent: {}
[268.153948] (-) TimerEvent: {}
[268.254532] (-) TimerEvent: {}
[268.356099] (-) TimerEvent: {}
[268.456944] (-) TimerEvent: {}
[268.557348] (-) TimerEvent: {}
[268.657936] (-) TimerEvent: {}
[268.759544] (-) TimerEvent: {}
[268.860669] (-) TimerEvent: {}
[268.874832] (cartographer) StdoutLine: {'line': b'[ 43%] \x1b[32mBuilding CXX object CMakeFiles/cartographer.dir/cartographer/transform/rigid_transform.cc.o\x1b[0m\n'}
[268.960797] (-) TimerEvent: {}
[269.061163] (-) TimerEvent: {}
[269.161542] (-) TimerEvent: {}
[269.262198] (-) TimerEvent: {}
[269.362909] (-) TimerEvent: {}
[269.463281] (-) TimerEvent: {}
[269.564031] (-) TimerEvent: {}
[269.664604] (-) TimerEvent: {}
[269.765396] (-) TimerEvent: {}
[269.865828] (-) TimerEvent: {}
[269.966264] (-) TimerEvent: {}
[270.067102] (-) TimerEvent: {}
[270.167783] (-) TimerEvent: {}
[270.261019] (cartographer) StdoutLine: {'line': b'[ 43%] \x1b[32mBuilding CXX object CMakeFiles/cartographer.dir/cartographer/transform/timestamped_transform.cc.o\x1b[0m\n'}
[270.267874] (-) TimerEvent: {}
[270.368809] (-) TimerEvent: {}
[270.469198] (-) TimerEvent: {}
[270.569597] (-) TimerEvent: {}
[270.670390] (-) TimerEvent: {}
[270.771365] (-) TimerEvent: {}
[270.871884] (-) TimerEvent: {}
[270.972694] (-) TimerEvent: {}
[271.073079] (-) TimerEvent: {}
[271.173639] (-) TimerEvent: {}
[271.274365] (-) TimerEvent: {}
[271.374783] (-) TimerEvent: {}
[271.475723] (-) TimerEvent: {}
[271.576521] (-) TimerEvent: {}
[271.676897] (-) TimerEvent: {}
[271.778004] (-) TimerEvent: {}
[271.878733] (-) TimerEvent: {}
[271.979475] (-) TimerEvent: {}
[272.080181] (-) TimerEvent: {}
[272.087578] (cartographer) StdoutLine: {'line': b'[ 44%] \x1b[32mBuilding CXX object CMakeFiles/cartographer.dir/cartographer/transform/transform.cc.o\x1b[0m\n'}
[272.180314] (-) TimerEvent: {}
[272.280719] (-) TimerEvent: {}
[272.381112] (-) TimerEvent: {}
[272.481863] (-) TimerEvent: {}
[272.558200] (cartographer) StdoutLine: {'line': b'[ 44%] \x1b[32mBuilding CXX object CMakeFiles/cartographer.dir/cartographer/transform/transform_interpolation_buffer.cc.o\x1b[0m\n'}
[272.582539] (-) TimerEvent: {}
[272.682908] (-) TimerEvent: {}
[272.783902] (-) TimerEvent: {}
[272.884291] (-) TimerEvent: {}
[272.985034] (-) TimerEvent: {}
[273.085703] (-) TimerEvent: {}
[273.186775] (-) TimerEvent: {}
[273.287280] (-) TimerEvent: {}
[273.387679] (-) TimerEvent: {}
[273.488512] (-) TimerEvent: {}
[273.588894] (-) TimerEvent: {}
[273.689654] (-) TimerEvent: {}
[273.790315] (-) TimerEvent: {}
[273.891107] (-) TimerEvent: {}
[273.992076] (-) TimerEvent: {}
[274.092493] (-) TimerEvent: {}
[274.194067] (-) TimerEvent: {}
[274.294485] (-) TimerEvent: {}
[274.395298] (-) TimerEvent: {}
[274.398161] (cartographer) StdoutLine: {'line': b'[ 44%] \x1b[32mBuilding CXX object CMakeFiles/cartographer.dir/cartographer/common/proto/ceres_solver_options.pb.cc.o\x1b[0m\n'}
[274.495423] (-) TimerEvent: {}
[274.595837] (-) TimerEvent: {}
[274.696231] (-) TimerEvent: {}
[274.796756] (-) TimerEvent: {}
[274.897504] (-) TimerEvent: {}
[274.997942] (-) TimerEvent: {}
[275.098328] (-) TimerEvent: {}
[275.198914] (-) TimerEvent: {}
[275.299857] (-) TimerEvent: {}
[275.400368] (-) TimerEvent: {}
[275.501145] (-) TimerEvent: {}
[275.601539] (-) TimerEvent: {}
[275.702094] (-) TimerEvent: {}
[275.802520] (-) TimerEvent: {}
[275.903128] (-) TimerEvent: {}
[276.003885] (-) TimerEvent: {}
[276.061623] (cartographer) StdoutLine: {'line': b'[ 44%] \x1b[32mBuilding CXX object CMakeFiles/cartographer.dir/cartographer/ground_truth/proto/relations.pb.cc.o\x1b[0m\n'}
[276.104550] (-) TimerEvent: {}
[276.205055] (-) TimerEvent: {}
[276.305500] (-) TimerEvent: {}
[276.405885] (-) TimerEvent: {}
[276.506547] (-) TimerEvent: {}
[276.583551] (cartographer) StdoutLine: {'line': b'[ 45%] \x1b[32mBuilding CXX object CMakeFiles/cartographer.dir/cartographer/mapping/proto/cell_limits_2d.pb.cc.o\x1b[0m\n'}
[276.606668] (-) TimerEvent: {}
[276.708702] (-) TimerEvent: {}
[276.810179] (-) TimerEvent: {}
[276.910568] (-) TimerEvent: {}
[276.932818] (cartographer) StdoutLine: {'line': b'[ 45%] \x1b[32mBuilding CXX object CMakeFiles/cartographer.dir/cartographer/mapping/proto/connected_components.pb.cc.o\x1b[0m\n'}
[277.010696] (-) TimerEvent: {}
[277.111082] (-) TimerEvent: {}
[277.211489] (-) TimerEvent: {}
[277.312318] (-) TimerEvent: {}
[277.412741] (-) TimerEvent: {}
[277.513662] (-) TimerEvent: {}
[277.614302] (-) TimerEvent: {}
[277.631740] (cartographer) StdoutLine: {'line': b'[ 45%] \x1b[32mBuilding CXX object CMakeFiles/cartographer.dir/cartographer/mapping/proto/grid_2d.pb.cc.o\x1b[0m\n'}
[277.714443] (-) TimerEvent: {}
[277.814839] (-) TimerEvent: {}
[277.915343] (-) TimerEvent: {}
[278.015854] (-) TimerEvent: {}
[278.116223] (-) TimerEvent: {}
[278.217020] (-) TimerEvent: {}
[278.244263] (cartographer) StdoutLine: {'line': b'[ 45%] \x1b[32mBuilding CXX object CMakeFiles/cartographer.dir/cartographer/mapping/proto/grid_2d_options.pb.cc.o\x1b[0m\n'}
[278.317546] (-) TimerEvent: {}
[278.417941] (-) TimerEvent: {}
[278.518357] (-) TimerEvent: {}
[278.619587] (-) TimerEvent: {}
[278.719962] (-) TimerEvent: {}
[278.820488] (-) TimerEvent: {}
[278.921569] (-) TimerEvent: {}
[278.924858] (cartographer) StdoutLine: {'line': b'[ 46%] \x1b[32mBuilding CXX object CMakeFiles/cartographer.dir/cartographer/mapping/proto/hybrid_grid.pb.cc.o\x1b[0m\n'}
[279.021704] (-) TimerEvent: {}
[279.097142] (cartographer) StdoutLine: {'line': b'[ 46%] \x1b[32mBuilding CXX object CMakeFiles/cartographer.dir/cartographer/mapping/proto/local_trajectory_builder_options_2d.pb.cc.o\x1b[0m\n'}
[279.121814] (-) TimerEvent: {}
[279.222214] (-) TimerEvent: {}
[279.323140] (-) TimerEvent: {}
[279.423663] (-) TimerEvent: {}
[279.524053] (-) TimerEvent: {}
[279.624559] (-) TimerEvent: {}
[279.724975] (-) TimerEvent: {}
[279.826308] (-) TimerEvent: {}
[279.927149] (-) TimerEvent: {}
[280.025240] (cartographer) StdoutLine: {'line': b'[ 46%] \x1b[32mBuilding CXX object CMakeFiles/cartographer.dir/cartographer/mapping/proto/local_trajectory_builder_options_3d.pb.cc.o\x1b[0m\n'}
[280.027244] (-) TimerEvent: {}
[280.127568] (-) TimerEvent: {}
[280.227964] (-) TimerEvent: {}
[280.328341] (-) TimerEvent: {}
[280.428742] (-) TimerEvent: {}
[280.455339] (cartographer) StdoutLine: {'line': b'[ 46%] \x1b[32mBuilding CXX object CMakeFiles/cartographer.dir/cartographer/mapping/proto/map_builder_options.pb.cc.o\x1b[0m\n'}
[280.528875] (-) TimerEvent: {}
[280.629322] (-) TimerEvent: {}
[280.729720] (-) TimerEvent: {}
[280.807551] (cartographer) StdoutLine: {'line': b'[ 47%] \x1b[32mBuilding CXX object CMakeFiles/cartographer.dir/cartographer/mapping/proto/map_limits.pb.cc.o\x1b[0m\n'}
[280.829843] (-) TimerEvent: {}
[280.930666] (-) TimerEvent: {}
[281.031443] (-) TimerEvent: {}
[281.131854] (-) TimerEvent: {}
[281.232550] (-) TimerEvent: {}
[281.333286] (-) TimerEvent: {}
[281.433708] (-) TimerEvent: {}
[281.534953] (-) TimerEvent: {}
[281.582203] (cartographer) StdoutLine: {'line': b'[ 47%] \x1b[32mBuilding CXX object CMakeFiles/cartographer.dir/cartographer/mapping/proto/motion_filter_options.pb.cc.o\x1b[0m\n'}
[281.635086] (-) TimerEvent: {}
[281.735478] (-) TimerEvent: {}
[281.836245] (-) TimerEvent: {}
[281.936692] (-) TimerEvent: {}
[282.039282] (-) TimerEvent: {}
[282.140650] (-) TimerEvent: {}
[282.241038] (-) TimerEvent: {}
[282.341721] (-) TimerEvent: {}
[282.442478] (-) TimerEvent: {}
[282.543286] (-) TimerEvent: {}
[282.613361] (cartographer) StdoutLine: {'line': b'[ 47%] \x1b[32mBuilding CXX object CMakeFiles/cartographer.dir/cartographer/mapping/proto/normal_estimation_options_2d.pb.cc.o\x1b[0m\n'}
[282.621252] (cartographer) StdoutLine: {'line': b'[ 47%] \x1b[32mBuilding CXX object CMakeFiles/cartographer.dir/cartographer/mapping/proto/pose_extrapolator_options.pb.cc.o\x1b[0m\n'}
[282.643414] (-) TimerEvent: {}
[282.680271] (cartographer) StdoutLine: {'line': b'[ 48%] \x1b[32mBuilding CXX object CMakeFiles/cartographer.dir/cartographer/mapping/proto/pose_graph.pb.cc.o\x1b[0m\n'}
[282.743897] (-) TimerEvent: {}
[282.845223] (-) TimerEvent: {}
[282.948054] (-) TimerEvent: {}
[283.048977] (-) TimerEvent: {}
[283.149684] (-) TimerEvent: {}
[283.250970] (-) TimerEvent: {}
[283.351488] (-) TimerEvent: {}
[283.451979] (-) TimerEvent: {}
[283.552883] (-) TimerEvent: {}
[283.653533] (-) TimerEvent: {}
[283.754025] (-) TimerEvent: {}
[283.831111] (cartographer) StdoutLine: {'line': b'[ 48%] \x1b[32mBuilding CXX object CMakeFiles/cartographer.dir/cartographer/mapping/proto/pose_graph/constraint_builder_options.pb.cc.o\x1b[0m\n'}
[283.854141] (-) TimerEvent: {}
[283.954528] (-) TimerEvent: {}
[284.056143] (-) TimerEvent: {}
[284.156538] (-) TimerEvent: {}
[284.257162] (-) TimerEvent: {}
[284.357655] (-) TimerEvent: {}
[284.458036] (-) TimerEvent: {}
[284.558739] (-) TimerEvent: {}
[284.659553] (-) TimerEvent: {}
[284.664863] (cartographer) StdoutLine: {'line': b'[ 48%] \x1b[32mBuilding CXX object CMakeFiles/cartographer.dir/cartographer/mapping/proto/pose_graph/optimization_problem_options.pb.cc.o\x1b[0m\n'}
[284.760544] (-) TimerEvent: {}
[284.860913] (-) TimerEvent: {}
[284.961280] (-) TimerEvent: {}
[285.056240] (cartographer) StdoutLine: {'line': b'[ 48%] \x1b[32mBuilding CXX object CMakeFiles/cartographer.dir/cartographer/mapping/proto/pose_graph_options.pb.cc.o\x1b[0m\n'}
[285.061362] (-) TimerEvent: {}
[285.161768] (-) TimerEvent: {}
[285.262492] (-) TimerEvent: {}
[285.362862] (-) TimerEvent: {}
[285.463657] (-) TimerEvent: {}
[285.564373] (-) TimerEvent: {}
[285.665149] (-) TimerEvent: {}
[285.708805] (cartographer) StdoutLine: {'line': b'[ 49%] \x1b[32mBuilding CXX object CMakeFiles/cartographer.dir/cartographer/mapping/proto/probability_grid.pb.cc.o\x1b[0m\n'}
[285.765279] (-) TimerEvent: {}
[285.865845] (-) TimerEvent: {}
[285.966350] (-) TimerEvent: {}
[286.066767] (-) TimerEvent: {}
[286.167792] (-) TimerEvent: {}
[286.269017] (-) TimerEvent: {}
[286.348637] (cartographer) StdoutLine: {'line': b'[ 49%] \x1b[32mBuilding CXX object CMakeFiles/cartographer.dir/cartographer/mapping/proto/probability_grid_range_data_inserter_options_2d.pb.cc.o\x1b[0m\n'}
[286.369128] (-) TimerEvent: {}
[286.469980] (-) TimerEvent: {}
[286.570545] (-) TimerEvent: {}
[286.628406] (cartographer) StdoutLine: {'line': b'[ 49%] \x1b[32mBuilding CXX object CMakeFiles/cartographer.dir/cartographer/mapping/proto/range_data_inserter_options.pb.cc.o\x1b[0m\n'}
[286.670677] (-) TimerEvent: {}
[286.771991] (-) TimerEvent: {}
[286.872526] (-) TimerEvent: {}
[286.972839] (-) TimerEvent: {}
[287.073526] (-) TimerEvent: {}
[287.173856] (-) TimerEvent: {}
[287.274238] (-) TimerEvent: {}
[287.374992] (-) TimerEvent: {}
[287.379748] (cartographer) StdoutLine: {'line': b'[ 49%] \x1b[32mBuilding CXX object CMakeFiles/cartographer.dir/cartographer/mapping/proto/range_data_inserter_options_3d.pb.cc.o\x1b[0m\n'}
[287.396627] (cartographer) StdoutLine: {'line': b'[ 50%] \x1b[32mBuilding CXX object CMakeFiles/cartographer.dir/cartographer/mapping/proto/scan_matching/ceres_scan_matcher_options_2d.pb.cc.o\x1b[0m\n'}
[287.475130] (-) TimerEvent: {}
[287.575545] (-) TimerEvent: {}
[287.675938] (-) TimerEvent: {}
[287.776897] (-) TimerEvent: {}
[287.877670] (-) TimerEvent: {}
[287.978176] (-) TimerEvent: {}
[288.078808] (-) TimerEvent: {}
[288.179686] (-) TimerEvent: {}
[288.280530] (-) TimerEvent: {}
[288.381537] (-) TimerEvent: {}
[288.482045] (-) TimerEvent: {}
[288.497301] (cartographer) StdoutLine: {'line': b'[ 50%] \x1b[32mBuilding CXX object CMakeFiles/cartographer.dir/cartographer/mapping/proto/scan_matching/ceres_scan_matcher_options_3d.pb.cc.o\x1b[0m\n'}
[288.582172] (-) TimerEvent: {}
[288.638402] (cartographer) StdoutLine: {'line': b'[ 50%] \x1b[32mBuilding CXX object CMakeFiles/cartographer.dir/cartographer/mapping/proto/scan_matching/fast_correlative_scan_matcher_options_2d.pb.cc.o\x1b[0m\n'}
[288.682302] (-) TimerEvent: {}
[288.783529] (-) TimerEvent: {}
[288.883950] (-) TimerEvent: {}
[288.984747] (-) TimerEvent: {}
[289.085340] (-) TimerEvent: {}
[289.186544] (-) TimerEvent: {}
[289.287412] (-) TimerEvent: {}
[289.323362] (cartographer) StdoutLine: {'line': b'[ 50%] \x1b[32mBuilding CXX object CMakeFiles/cartographer.dir/cartographer/mapping/proto/scan_matching/fast_correlative_scan_matcher_options_3d.pb.cc.o\x1b[0m\n'}
[289.387560] (-) TimerEvent: {}
[289.487947] (-) TimerEvent: {}
[289.588667] (-) TimerEvent: {}
[289.689338] (-) TimerEvent: {}
[289.789993] (-) TimerEvent: {}
[289.801909] (cartographer) StdoutLine: {'line': b'[ 51%] \x1b[32mBuilding CXX object CMakeFiles/cartographer.dir/cartographer/mapping/proto/scan_matching/real_time_correlative_scan_matcher_options.pb.cc.o\x1b[0m\n'}
[289.890120] (-) TimerEvent: {}
[289.990592] (-) TimerEvent: {}
[290.091007] (-) TimerEvent: {}
[290.192685] (-) TimerEvent: {}
[290.293207] (-) TimerEvent: {}
[290.393580] (-) TimerEvent: {}
[290.425346] (cartographer) StdoutLine: {'line': b'[ 51%] \x1b[32mBuilding CXX object CMakeFiles/cartographer.dir/cartographer/mapping/proto/serialization.pb.cc.o\x1b[0m\n'}
[290.494544] (-) TimerEvent: {}
[290.594922] (-) TimerEvent: {}
[290.695989] (-) TimerEvent: {}
[290.796383] (-) TimerEvent: {}
[290.896973] (-) TimerEvent: {}
[290.907208] (cartographer) StdoutLine: {'line': b'[ 51%] \x1b[32mBuilding CXX object CMakeFiles/cartographer.dir/cartographer/mapping/proto/submap.pb.cc.o\x1b[0m\n'}
[290.987608] (cartographer) StdoutLine: {'line': b'[ 52%] \x1b[32mBuilding CXX object CMakeFiles/cartographer.dir/cartographer/mapping/proto/submap_visualization.pb.cc.o\x1b[0m\n'}
[290.997056] (-) TimerEvent: {}
[291.097381] (-) TimerEvent: {}
[291.197792] (-) TimerEvent: {}
[291.298475] (-) TimerEvent: {}
[291.399154] (-) TimerEvent: {}
[291.499621] (-) TimerEvent: {}
[291.600220] (-) TimerEvent: {}
[291.700981] (-) TimerEvent: {}
[291.801427] (-) TimerEvent: {}
[291.902179] (-) TimerEvent: {}
[292.002639] (-) TimerEvent: {}
[292.103645] (-) TimerEvent: {}
[292.204892] (-) TimerEvent: {}
[292.303784] (cartographer) StdoutLine: {'line': b'[ 52%] \x1b[32mBuilding CXX object CMakeFiles/cartographer.dir/cartographer/mapping/proto/submaps_options_2d.pb.cc.o\x1b[0m\n'}
[292.304982] (-) TimerEvent: {}
[292.406492] (-) TimerEvent: {}
[292.506867] (-) TimerEvent: {}
[292.607251] (-) TimerEvent: {}
[292.707676] (-) TimerEvent: {}
[292.809565] (-) TimerEvent: {}
[292.910183] (-) TimerEvent: {}
[293.010581] (-) TimerEvent: {}
[293.110974] (-) TimerEvent: {}
[293.211491] (-) TimerEvent: {}
[293.312689] (-) TimerEvent: {}
[293.413245] (-) TimerEvent: {}
[293.445024] (cartographer) StdoutLine: {'line': b'[ 52%] \x1b[32mBuilding CXX object CMakeFiles/cartographer.dir/cartographer/mapping/proto/submaps_options_3d.pb.cc.o\x1b[0m\n'}
[293.513376] (-) TimerEvent: {}
[293.614553] (-) TimerEvent: {}
[293.714929] (-) TimerEvent: {}
[293.815618] (-) TimerEvent: {}
[293.916241] (-) TimerEvent: {}
[294.016737] (-) TimerEvent: {}
[294.117738] (-) TimerEvent: {}
[294.218950] (-) TimerEvent: {}
[294.242125] (cartographer) StdoutLine: {'line': b'[ 52%] \x1b[32mBuilding CXX object CMakeFiles/cartographer.dir/cartographer/mapping/proto/trajectory.pb.cc.o\x1b[0m\n'}
[294.319082] (-) TimerEvent: {}
[294.420034] (-) TimerEvent: {}
[294.520419] (-) TimerEvent: {}
[294.565757] (cartographer) StdoutLine: {'line': b'[ 53%] \x1b[32mBuilding CXX object CMakeFiles/cartographer.dir/cartographer/mapping/proto/trajectory_builder_options.pb.cc.o\x1b[0m\n'}
[294.620550] (-) TimerEvent: {}
[294.720922] (-) TimerEvent: {}
[294.821515] (-) TimerEvent: {}
[294.921907] (-) TimerEvent: {}
[295.022553] (-) TimerEvent: {}
[295.039780] (cartographer) StdoutLine: {'line': b'[ 53%] \x1b[32mBuilding CXX object CMakeFiles/cartographer.dir/cartographer/mapping/proto/trajectory_node_data.pb.cc.o\x1b[0m\n'}
[295.122678] (-) TimerEvent: {}
[295.223545] (-) TimerEvent: {}
[295.323952] (-) TimerEvent: {}
[295.424336] (-) TimerEvent: {}
[295.525540] (-) TimerEvent: {}
[295.625904] (-) TimerEvent: {}
[295.726288] (-) TimerEvent: {}
[295.827545] (-) TimerEvent: {}
[295.928134] (-) TimerEvent: {}
[296.029546] (-) TimerEvent: {}
[296.129914] (-) TimerEvent: {}
[296.230277] (-) TimerEvent: {}
[296.330649] (-) TimerEvent: {}
[296.431545] (-) TimerEvent: {}
[296.531924] (-) TimerEvent: {}
[296.621651] (cartographer) StdoutLine: {'line': b'[ 53%] \x1b[32mBuilding CXX object CMakeFiles/cartographer.dir/cartographer/mapping/proto/tsdf_2d.pb.cc.o\x1b[0m\n'}
[296.632054] (-) TimerEvent: {}
[296.661613] (cartographer) StdoutLine: {'line': b'[ 53%] \x1b[32mBuilding CXX object CMakeFiles/cartographer.dir/cartographer/mapping/proto/tsdf_range_data_inserter_options_2d.pb.cc.o\x1b[0m\n'}
[296.732193] (-) TimerEvent: {}
[296.832568] (-) TimerEvent: {}
[296.932952] (-) TimerEvent: {}
[297.033655] (-) TimerEvent: {}
[297.134338] (-) TimerEvent: {}
[297.167628] (cartographer) StdoutLine: {'line': b'[ 54%] \x1b[32mBuilding CXX object CMakeFiles/cartographer.dir/cartographer/sensor/proto/adaptive_voxel_filter_options.pb.cc.o\x1b[0m\n'}
[297.234498] (-) TimerEvent: {}
[297.335230] (-) TimerEvent: {}
[297.436123] (-) TimerEvent: {}
[297.536894] (-) TimerEvent: {}
[297.637453] (-) TimerEvent: {}
[297.738332] (-) TimerEvent: {}
[297.771550] (cartographer) StdoutLine: {'line': b'[ 54%] \x1b[32mBuilding CXX object CMakeFiles/cartographer.dir/cartographer/sensor/proto/sensor.pb.cc.o\x1b[0m\n'}
[297.838477] (-) TimerEvent: {}
[297.938899] (-) TimerEvent: {}
[298.039801] (-) TimerEvent: {}
[298.140193] (-) TimerEvent: {}
[298.240976] (-) TimerEvent: {}
[298.341762] (-) TimerEvent: {}
[298.436647] (cartographer) StdoutLine: {'line': b'[ 54%] \x1b[32mBuilding CXX object CMakeFiles/cartographer.dir/cartographer/transform/proto/timestamped_transform.pb.cc.o\x1b[0m\n'}
[298.441853] (-) TimerEvent: {}
[298.542190] (-) TimerEvent: {}
[298.643319] (-) TimerEvent: {}
[298.744543] (-) TimerEvent: {}
[298.845717] (-) TimerEvent: {}
[298.946196] (-) TimerEvent: {}
[298.980998] (cartographer) StdoutLine: {'line': b'[ 54%] \x1b[32mBuilding CXX object CMakeFiles/cartographer.dir/cartographer/transform/proto/transform.pb.cc.o\x1b[0m\n'}
[299.046333] (-) TimerEvent: {}
[299.147277] (-) TimerEvent: {}
[299.247675] (-) TimerEvent: {}
[299.348193] (-) TimerEvent: {}
[299.448882] (-) TimerEvent: {}
[299.549442] (-) TimerEvent: {}
[299.651348] (-) TimerEvent: {}
[299.751749] (-) TimerEvent: {}
[299.852538] (-) TimerEvent: {}
[299.953171] (-) TimerEvent: {}
[300.053817] (-) TimerEvent: {}
[300.154195] (-) TimerEvent: {}
[300.255073] (-) TimerEvent: {}
[300.355882] (-) TimerEvent: {}
[300.456280] (-) TimerEvent: {}
[300.556700] (-) TimerEvent: {}
[300.657219] (-) TimerEvent: {}
[300.757552] (-) TimerEvent: {}
[300.857878] (-) TimerEvent: {}
[300.958138] (-) TimerEvent: {}
[301.058513] (-) TimerEvent: {}
[301.158995] (-) TimerEvent: {}
[301.259529] (-) TimerEvent: {}
[301.360017] (-) TimerEvent: {}
[301.460551] (-) TimerEvent: {}
[301.561031] (-) TimerEvent: {}
[301.631129] (cartographer) StdoutLine: {'line': b'[ 55%] \x1b[32m\x1b[1mLinking CXX static library libcartographer.a\x1b[0m\n'}
[301.661107] (-) TimerEvent: {}
[301.761374] (-) TimerEvent: {}
[301.828387] (cartographer) StdoutLine: {'line': b'[ 55%] Built target cartographer\n'}
[301.862551] (cartographer) StdoutLine: {'line': b'[ 55%] \x1b[32mBuilding CXX object gmock/CMakeFiles/gmock_main.dir/src/gmock_main.cc.o\x1b[0m\n'}
[301.862811] (-) TimerEvent: {}
[301.862989] (cartographer) StdoutLine: {'line': b'[ 55%] \x1b[32mBuilding CXX object CMakeFiles/cartographer_compute_relations_metrics.dir/cartographer/ground_truth/compute_relations_metrics_main.cc.o\x1b[0m\n'}
[301.872070] (cartographer) StdoutLine: {'line': b'[ 55%] \x1b[32mBuilding CXX object CMakeFiles/cartographer_autogenerate_ground_truth.dir/cartographer/ground_truth/autogenerate_ground_truth_main.cc.o\x1b[0m\n'}
[301.872469] (cartographer) StdoutLine: {'line': b'[ 55%] \x1b[32mBuilding CXX object CMakeFiles/cartographer_pbstream.dir/cartographer/io/pbstream_main.cc.o\x1b[0m\n'}
[301.962946] (-) TimerEvent: {}
[302.063786] (-) TimerEvent: {}
[302.166645] (-) TimerEvent: {}
[302.267030] (-) TimerEvent: {}
[302.367410] (-) TimerEvent: {}
[302.467805] (-) TimerEvent: {}
[302.568549] (-) TimerEvent: {}
[302.670637] (-) TimerEvent: {}
[302.771222] (-) TimerEvent: {}
[302.871816] (-) TimerEvent: {}
[302.974663] (-) TimerEvent: {}
[303.075059] (-) TimerEvent: {}
[303.175448] (-) TimerEvent: {}
[303.275834] (-) TimerEvent: {}
[303.376220] (-) TimerEvent: {}
[303.476629] (-) TimerEvent: {}
[303.577034] (-) TimerEvent: {}
[303.677548] (-) TimerEvent: {}
[303.777959] (-) TimerEvent: {}
[303.872205] (cartographer) StdoutLine: {'line': b'[ 56%] \x1b[32m\x1b[1mLinking CXX executable cartographer_pbstream\x1b[0m\n'}
[303.878537] (-) TimerEvent: {}
[303.978978] (-) TimerEvent: {}
[304.036728] (cartographer) StdoutLine: {'line': b'[ 56%] \x1b[32m\x1b[1mLinking CXX static library ../lib/libgmock_main.a\x1b[0m\n'}
[304.069040] (cartographer) StdoutLine: {'line': b'[ 56%] Built target gmock_main\n'}
[304.079073] (-) TimerEvent: {}
[304.090127] (cartographer) StdoutLine: {'line': b'[ 56%] \x1b[32mBuilding CXX object CMakeFiles/cartographer_print_configuration.dir/cartographer/common/print_configuration_main.cc.o\x1b[0m\n'}
[304.179210] (-) TimerEvent: {}
[304.279570] (-) TimerEvent: {}
[304.381807] (-) TimerEvent: {}
[304.482296] (-) TimerEvent: {}
[304.582858] (-) TimerEvent: {}
[304.684563] (-) TimerEvent: {}
[304.785062] (-) TimerEvent: {}
[304.860806] (cartographer) StdoutLine: {'line': b'[ 56%] Built target cartographer_pbstream\n'}
[304.885564] (-) TimerEvent: {}
[304.900924] (cartographer) StdoutLine: {'line': b'[ 56%] \x1b[32mBuilding CXX object CMakeFiles/cartographer_test_library.dir/cartographer/io/fake_file_writer.cc.o\x1b[0m\n'}
[304.985718] (-) TimerEvent: {}
[305.087974] (-) TimerEvent: {}
[305.189168] (-) TimerEvent: {}
[305.290363] (-) TimerEvent: {}
[305.391544] (-) TimerEvent: {}
[305.494647] (-) TimerEvent: {}
[305.595089] (-) TimerEvent: {}
[305.695503] (-) TimerEvent: {}
[305.795909] (-) TimerEvent: {}
[305.896496] (-) TimerEvent: {}
[305.998622] (-) TimerEvent: {}
[306.100543] (-) TimerEvent: {}
[306.200945] (-) TimerEvent: {}
[306.301420] (-) TimerEvent: {}
[306.402549] (-) TimerEvent: {}
[306.503202] (-) TimerEvent: {}
[306.605697] (-) TimerEvent: {}
[306.706191] (-) TimerEvent: {}
[306.806734] (-) TimerEvent: {}
[306.907129] (-) TimerEvent: {}
[306.908678] (cartographer) StdoutLine: {'line': b'[ 56%] \x1b[32m\x1b[1mLinking CXX executable cartographer_print_configuration\x1b[0m\n'}
[307.007549] (-) TimerEvent: {}
[307.064972] (cartographer) StdoutLine: {'line': b'[ 56%] Built target cartographer_print_configuration\n'}
[307.079362] (cartographer) StdoutLine: {'line': b'[ 57%] \x1b[32mBuilding CXX object CMakeFiles/cartographer_test_library.dir/cartographer/io/fake_file_writer_test.cc.o\x1b[0m\n'}
[307.107671] (-) TimerEvent: {}
[307.210678] (-) TimerEvent: {}
[307.311066] (-) TimerEvent: {}
[307.411484] (-) TimerEvent: {}
[307.511926] (-) TimerEvent: {}
[307.612356] (-) TimerEvent: {}
[307.712796] (-) TimerEvent: {}
[307.747553] (cartographer) StdoutLine: {'line': b'[ 58%] \x1b[32m\x1b[1mLinking CXX executable cartographer_autogenerate_ground_truth\x1b[0m\n'}
[307.812923] (-) TimerEvent: {}
[307.913363] (-) TimerEvent: {}
[308.014190] (-) TimerEvent: {}
[308.018653] (cartographer) StdoutLine: {'line': b'[ 58%] Built target cartographer_autogenerate_ground_truth\n'}
[308.035727] (cartographer) StdoutLine: {'line': b'[ 58%] \x1b[32mBuilding CXX object CMakeFiles/cartographer_test_library.dir/cartographer/io/internal/testing/test_helpers.cc.o\x1b[0m\n'}
[308.114314] (-) TimerEvent: {}
[308.214723] (-) TimerEvent: {}
[308.315127] (-) TimerEvent: {}
[308.415514] (-) TimerEvent: {}
[308.508783] (cartographer) StdoutLine: {'line': b'[ 58%] \x1b[32mBuilding CXX object CMakeFiles/cartographer_test_library.dir/cartographer/mapping/internal/testing/test_helpers.cc.o\x1b[0m\n'}
[308.515593] (-) TimerEvent: {}
[308.616492] (-) TimerEvent: {}
[308.719573] (-) TimerEvent: {}
[308.820276] (-) TimerEvent: {}
[308.902424] (cartographer) StdoutLine: {'line': b'[ 58%] \x1b[32m\x1b[1mLinking CXX executable cartographer_compute_relations_metrics\x1b[0m\n'}
[308.920378] (-) TimerEvent: {}
[309.020845] (-) TimerEvent: {}
[309.121376] (-) TimerEvent: {}
[309.194229] (cartographer) StdoutLine: {'line': b'[ 58%] Built target cartographer_compute_relations_metrics\n'}
[309.221490] (-) TimerEvent: {}
[309.321932] (-) TimerEvent: {}
[309.422318] (-) TimerEvent: {}
[309.523545] (-) TimerEvent: {}
[309.623923] (-) TimerEvent: {}
[309.724301] (-) TimerEvent: {}
[309.824700] (-) TimerEvent: {}
[309.925548] (-) TimerEvent: {}
[310.025966] (-) TimerEvent: {}
[310.127035] (-) TimerEvent: {}
[310.227442] (-) TimerEvent: {}
[310.328544] (-) TimerEvent: {}
[310.428925] (-) TimerEvent: {}
[310.529311] (-) TimerEvent: {}
[310.629711] (-) TimerEvent: {}
[310.730086] (-) TimerEvent: {}
[310.830548] (-) TimerEvent: {}
[310.931548] (-) TimerEvent: {}
[311.031913] (-) TimerEvent: {}
[311.132245] (-) TimerEvent: {}
[311.232642] (-) TimerEvent: {}
[311.333029] (-) TimerEvent: {}
[311.433414] (-) TimerEvent: {}
[311.533789] (-) TimerEvent: {}
[311.634211] (-) TimerEvent: {}
[311.734839] (-) TimerEvent: {}
[311.835386] (-) TimerEvent: {}
[311.936037] (-) TimerEvent: {}
[312.036575] (-) TimerEvent: {}
[312.137122] (-) TimerEvent: {}
[312.237746] (-) TimerEvent: {}
[312.338303] (-) TimerEvent: {}
[312.438920] (-) TimerEvent: {}
[312.539557] (-) TimerEvent: {}
[312.640096] (-) TimerEvent: {}
[312.740643] (-) TimerEvent: {}
[312.841379] (-) TimerEvent: {}
[312.941992] (-) TimerEvent: {}
[313.042585] (-) TimerEvent: {}
[313.143203] (-) TimerEvent: {}
[313.243770] (-) TimerEvent: {}
[313.344189] (-) TimerEvent: {}
[313.445026] (-) TimerEvent: {}
[313.545574] (-) TimerEvent: {}
[313.646047] (-) TimerEvent: {}
[313.746445] (-) TimerEvent: {}
[313.847031] (-) TimerEvent: {}
[313.947566] (-) TimerEvent: {}
[313.979228] (cartographer) StdoutLine: {'line': b'[ 58%] \x1b[32m\x1b[1mLinking CXX static library libcartographer_test_library.a\x1b[0m\n'}
[314.013970] (cartographer) StdoutLine: {'line': b'[ 58%] Built target cartographer_test_library\n'}
[314.048092] (-) TimerEvent: {}
[314.049032] (cartographer) StdoutLine: {'line': b'[ 58%] \x1b[32mBuilding CXX object CMakeFiles/cartographer.common.fixed_ratio_sampler_test.dir/cartographer/common/fixed_ratio_sampler_test.cc.o\x1b[0m\n'}
[314.049269] (cartographer) StdoutLine: {'line': b'[ 58%] \x1b[32mBuilding CXX object CMakeFiles/cartographer.common.internal.blocking_queue_test.dir/cartographer/common/internal/blocking_queue_test.cc.o\x1b[0m\n'}
[314.049414] (cartographer) StdoutLine: {'line': b'[ 58%] \x1b[32mBuilding CXX object CMakeFiles/cartographer.common.internal.rate_timer_test.dir/cartographer/common/internal/rate_timer_test.cc.o\x1b[0m\n'}
[314.049711] (cartographer) StdoutLine: {'line': b'[ 58%] \x1b[32mBuilding CXX object CMakeFiles/cartographer.common.configuration_files_test.dir/cartographer/common/configuration_files_test.cc.o\x1b[0m\n'}
[314.148547] (-) TimerEvent: {}
[314.249540] (-) TimerEvent: {}
[314.349941] (-) TimerEvent: {}
[314.451093] (-) TimerEvent: {}
[314.551540] (-) TimerEvent: {}
[314.652537] (-) TimerEvent: {}
[314.752912] (-) TimerEvent: {}
[314.853537] (-) TimerEvent: {}
[314.954543] (-) TimerEvent: {}
[315.054955] (-) TimerEvent: {}
[315.155356] (-) TimerEvent: {}
[315.256681] (-) TimerEvent: {}
[315.357081] (-) TimerEvent: {}
[315.459680] (-) TimerEvent: {}
[315.560103] (-) TimerEvent: {}
[315.660533] (-) TimerEvent: {}
[315.760938] (-) TimerEvent: {}
[315.861317] (-) TimerEvent: {}
[315.962546] (-) TimerEvent: {}
[316.062943] (-) TimerEvent: {}
[316.163339] (-) TimerEvent: {}
[316.263760] (-) TimerEvent: {}
[316.364165] (-) TimerEvent: {}
[316.465545] (-) TimerEvent: {}
[316.565949] (-) TimerEvent: {}
[316.666336] (-) TimerEvent: {}
[316.766748] (-) TimerEvent: {}
[316.867543] (-) TimerEvent: {}
[316.967940] (-) TimerEvent: {}
[317.068339] (-) TimerEvent: {}
[317.171545] (-) TimerEvent: {}
[317.272105] (-) TimerEvent: {}
[317.372526] (-) TimerEvent: {}
[317.472927] (-) TimerEvent: {}
[317.573379] (-) TimerEvent: {}
[317.673801] (-) TimerEvent: {}
[317.774176] (-) TimerEvent: {}
[317.874553] (-) TimerEvent: {}
[317.975552] (-) TimerEvent: {}
[318.062650] (cartographer) StdoutLine: {'line': b'[ 59%] \x1b[32m\x1b[1mLinking CXX executable cartographer.common.fixed_ratio_sampler_test\x1b[0m\n'}
[318.076229] (-) TimerEvent: {}
[318.176763] (-) TimerEvent: {}
[318.255880] (cartographer) StdoutLine: {'line': b'[ 59%] Built target cartographer.common.fixed_ratio_sampler_test\n'}
[318.279538] (-) TimerEvent: {}
[318.291071] (cartographer) StdoutLine: {'line': b'[ 59%] \x1b[32mBuilding CXX object CMakeFiles/cartographer.common.lua_parameter_dictionary_test.dir/cartographer/common/lua_parameter_dictionary_test.cc.o\x1b[0m\n'}
[318.379663] (-) TimerEvent: {}
[318.480109] (-) TimerEvent: {}
[318.581242] (-) TimerEvent: {}
[318.683117] (-) TimerEvent: {}
[318.784160] (-) TimerEvent: {}
[318.885390] (-) TimerEvent: {}
[318.988893] (-) TimerEvent: {}
[319.089706] (-) TimerEvent: {}
[319.190549] (-) TimerEvent: {}
[319.291404] (-) TimerEvent: {}
[319.391867] (-) TimerEvent: {}
[319.492242] (-) TimerEvent: {}
[319.566777] (cartographer) StdoutLine: {'line': b'[ 60%] \x1b[32m\x1b[1mLinking CXX executable cartographer.common.internal.rate_timer_test\x1b[0m\n'}
[319.592543] (-) TimerEvent: {}
[319.693696] (-) TimerEvent: {}
[319.765313] (cartographer) StdoutLine: {'line': b'[ 60%] Built target cartographer.common.internal.rate_timer_test\n'}
[319.794547] (-) TimerEvent: {}
[319.797012] (cartographer) StdoutLine: {'line': b'[ 60%] \x1b[32mBuilding CXX object CMakeFiles/cartographer.common.math_test.dir/cartographer/common/math_test.cc.o\x1b[0m\n'}
[319.894698] (-) TimerEvent: {}
[319.996717] (-) TimerEvent: {}
[320.097118] (-) TimerEvent: {}
[320.197511] (-) TimerEvent: {}
[320.260091] (cartographer) StdoutLine: {'line': b'[ 60%] \x1b[32m\x1b[1mLinking CXX executable cartographer.common.internal.blocking_queue_test\x1b[0m\n'}
[320.298543] (-) TimerEvent: {}
[320.398957] (-) TimerEvent: {}
[320.451591] (cartographer) StdoutLine: {'line': b'[ 60%] Built target cartographer.common.internal.blocking_queue_test\n'}
[320.480035] (cartographer) StdoutLine: {'line': b'[ 60%] \x1b[32mBuilding CXX object CMakeFiles/cartographer.common.task_test.dir/cartographer/common/task_test.cc.o\x1b[0m\n'}
[320.499063] (-) TimerEvent: {}
[320.599472] (-) TimerEvent: {}
[320.701637] (-) TimerEvent: {}
[320.802164] (-) TimerEvent: {}
[320.902546] (-) TimerEvent: {}
[321.003544] (-) TimerEvent: {}
[321.103939] (-) TimerEvent: {}
[321.197894] (cartographer) StdoutLine: {'line': b'[ 60%] \x1b[32m\x1b[1mLinking CXX executable cartographer.common.configuration_files_test\x1b[0m\n'}
[321.204021] (-) TimerEvent: {}
[321.304608] (-) TimerEvent: {}
[321.406701] (-) TimerEvent: {}
[321.507174] (-) TimerEvent: {}
[321.607637] (-) TimerEvent: {}
[321.642267] (cartographer) StdoutLine: {'line': b'[ 60%] Built target cartographer.common.configuration_files_test\n'}
[321.675646] (cartographer) StdoutLine: {'line': b'[ 60%] \x1b[32mBuilding CXX object CMakeFiles/cartographer.common.thread_pool_test.dir/cartographer/common/thread_pool_test.cc.o\x1b[0m\n'}
[321.708542] (-) TimerEvent: {}
[321.809098] (-) TimerEvent: {}
[321.909550] (-) TimerEvent: {}
[322.009935] (-) TimerEvent: {}
[322.110546] (-) TimerEvent: {}
[322.211548] (-) TimerEvent: {}
[322.311947] (-) TimerEvent: {}
[322.412834] (-) TimerEvent: {}
[322.513237] (-) TimerEvent: {}
[322.614543] (-) TimerEvent: {}
[322.715048] (-) TimerEvent: {}
[322.816545] (-) TimerEvent: {}
[322.916939] (-) TimerEvent: {}
[323.017327] (-) TimerEvent: {}
[323.117803] (-) TimerEvent: {}
[323.218545] (-) TimerEvent: {}
[323.318960] (-) TimerEvent: {}
[323.419546] (-) TimerEvent: {}
[323.520552] (-) TimerEvent: {}
[323.621076] (-) TimerEvent: {}
[323.721877] (-) TimerEvent: {}
[323.825892] (-) TimerEvent: {}
[323.926625] (-) TimerEvent: {}
[324.027350] (-) TimerEvent: {}
[324.128084] (-) TimerEvent: {}
[324.228495] (-) TimerEvent: {}
[324.328912] (-) TimerEvent: {}
[324.429639] (-) TimerEvent: {}
[324.530340] (-) TimerEvent: {}
[324.632686] (-) TimerEvent: {}
[324.733085] (-) TimerEvent: {}
[324.833483] (-) TimerEvent: {}
[324.933888] (-) TimerEvent: {}
[325.026084] (cartographer) StdoutLine: {'line': b'[ 60%] \x1b[32m\x1b[1mLinking CXX executable cartographer.common.lua_parameter_dictionary_test\x1b[0m\n'}
[325.033973] (-) TimerEvent: {}
[325.134293] (-) TimerEvent: {}
[325.213962] (cartographer) StdoutLine: {'line': b'[ 60%] Built target cartographer.common.lua_parameter_dictionary_test\n'}
[325.234409] (-) TimerEvent: {}
[325.242357] (cartographer) StdoutLine: {'line': b'[ 61%] \x1b[32m\x1b[1mLinking CXX executable cartographer.common.math_test\x1b[0m\n'}
[325.244346] (cartographer) StdoutLine: {'line': b'[ 61%] \x1b[32mBuilding CXX object CMakeFiles/cartographer.io.fake_file_writer_test.dir/cartographer/io/fake_file_writer_test.cc.o\x1b[0m\n'}
[325.334614] (-) TimerEvent: {}
[325.418798] (cartographer) StdoutLine: {'line': b'[ 61%] Built target cartographer.common.math_test\n'}
[325.434689] (-) TimerEvent: {}
[325.449598] (cartographer) StdoutLine: {'line': b'[ 61%] \x1b[32mBuilding CXX object CMakeFiles/cartographer.io.internal.in_memory_proto_stream_test.dir/cartographer/io/internal/in_memory_proto_stream_test.cc.o\x1b[0m\n'}
[325.534821] (-) TimerEvent: {}
[325.637647] (-) TimerEvent: {}
[325.738034] (-) TimerEvent: {}
[325.838569] (-) TimerEvent: {}
[325.887409] (cartographer) StdoutLine: {'line': b'[ 62%] \x1b[32m\x1b[1mLinking CXX executable cartographer.common.thread_pool_test\x1b[0m\n'}
[325.938684] (-) TimerEvent: {}
[326.039066] (-) TimerEvent: {}
[326.071329] (cartographer) StdoutLine: {'line': b'[ 62%] Built target cartographer.common.thread_pool_test\n'}
[326.101990] (cartographer) StdoutLine: {'line': b'[ 62%] \x1b[32mBuilding CXX object CMakeFiles/cartographer.io.points_processor_pipeline_builder_test.dir/cartographer/io/points_processor_pipeline_builder_test.cc.o\x1b[0m\n'}
[326.139539] (-) TimerEvent: {}
[326.239917] (-) TimerEvent: {}
[326.340682] (-) TimerEvent: {}
[326.441093] (-) TimerEvent: {}
[326.524253] (cartographer) StdoutLine: {'line': b'[ 62%] \x1b[32m\x1b[1mLinking CXX executable cartographer.common.task_test\x1b[0m\n'}
[326.541207] (-) TimerEvent: {}
[326.641727] (-) TimerEvent: {}
[326.718521] (cartographer) StdoutLine: {'line': b'[ 62%] Built target cartographer.common.task_test\n'}
[326.741838] (-) TimerEvent: {}
[326.749009] (cartographer) StdoutLine: {'line': b'[ 62%] \x1b[32mBuilding CXX object CMakeFiles/cartographer.io.probability_grid_points_processor_test.dir/cartographer/io/probability_grid_points_processor_test.cc.o\x1b[0m\n'}
[326.841973] (-) TimerEvent: {}
[326.942435] (-) TimerEvent: {}
[327.042881] (-) TimerEvent: {}
[327.143316] (-) TimerEvent: {}
[327.243765] (-) TimerEvent: {}
[327.344546] (-) TimerEvent: {}
[327.445542] (-) TimerEvent: {}
[327.545921] (-) TimerEvent: {}
[327.646657] (-) TimerEvent: {}
[327.747053] (-) TimerEvent: {}
[327.847543] (-) TimerEvent: {}
[327.947943] (-) TimerEvent: {}
[328.050550] (-) TimerEvent: {}
[328.150944] (-) TimerEvent: {}
[328.251348] (-) TimerEvent: {}
[328.351783] (-) TimerEvent: {}
[328.452185] (-) TimerEvent: {}
[328.552554] (-) TimerEvent: {}
[328.652945] (-) TimerEvent: {}
[328.753546] (-) TimerEvent: {}
[328.854549] (-) TimerEvent: {}
[328.955007] (-) TimerEvent: {}
[329.055517] (-) TimerEvent: {}
[329.156556] (-) TimerEvent: {}
[329.256970] (-) TimerEvent: {}
[329.357359] (-) TimerEvent: {}
[329.457767] (-) TimerEvent: {}
[329.558544] (-) TimerEvent: {}
[329.658933] (-) TimerEvent: {}
[329.759547] (-) TimerEvent: {}
[329.860545] (-) TimerEvent: {}
[329.960926] (-) TimerEvent: {}
[330.061547] (-) TimerEvent: {}
[330.162542] (-) TimerEvent: {}
[330.247960] (cartographer) StdoutLine: {'line': b'[ 62%] \x1b[32m\x1b[1mLinking CXX executable cartographer.io.fake_file_writer_test\x1b[0m\n'}
[330.263083] (-) TimerEvent: {}
[330.364302] (-) TimerEvent: {}
[330.458786] (cartographer) StdoutLine: {'line': b'[ 62%] Built target cartographer.io.fake_file_writer_test\n'}
[330.464516] (-) TimerEvent: {}
[330.491526] (cartographer) StdoutLine: {'line': b'[ 62%] \x1b[32mBuilding CXX object CMakeFiles/cartographer.io.proto_stream_deserializer_test.dir/cartographer/io/proto_stream_deserializer_test.cc.o\x1b[0m\n'}
[330.564659] (-) TimerEvent: {}
[330.665031] (-) TimerEvent: {}
[330.767643] (-) TimerEvent: {}
[330.868045] (-) TimerEvent: {}
[330.968473] (-) TimerEvent: {}
[330.980585] (cartographer) StdoutLine: {'line': b'[ 63%] \x1b[32m\x1b[1mLinking CXX executable cartographer.io.internal.in_memory_proto_stream_test\x1b[0m\n'}
[331.068554] (-) TimerEvent: {}
[331.170621] (-) TimerEvent: {}
[331.267179] (cartographer) StdoutLine: {'line': b'[ 63%] Built target cartographer.io.internal.in_memory_proto_stream_test\n'}
[331.270701] (-) TimerEvent: {}
[331.298523] (cartographer) StdoutLine: {'line': b'[ 64%] \x1b[32mBuilding CXX object CMakeFiles/cartographer.io.proto_stream_test.dir/cartographer/io/proto_stream_test.cc.o\x1b[0m\n'}
[331.370840] (-) TimerEvent: {}
[331.471222] (-) TimerEvent: {}
[331.572542] (-) TimerEvent: {}
[331.672937] (-) TimerEvent: {}
[331.773341] (-) TimerEvent: {}
[331.873738] (-) TimerEvent: {}
[331.974543] (-) TimerEvent: {}
[332.074926] (-) TimerEvent: {}
[332.175542] (-) TimerEvent: {}
[332.276544] (-) TimerEvent: {}
[332.376928] (-) TimerEvent: {}
[332.477576] (-) TimerEvent: {}
[332.578548] (-) TimerEvent: {}
[332.678955] (-) TimerEvent: {}
[332.779546] (-) TimerEvent: {}
[332.880553] (-) TimerEvent: {}
[332.908426] (cartographer) StdoutLine: {'line': b'[ 64%] \x1b[32m\x1b[1mLinking CXX executable cartographer.io.points_processor_pipeline_builder_test\x1b[0m\n'}
[332.980678] (-) TimerEvent: {}
[333.081271] (-) TimerEvent: {}
[333.181942] (-) TimerEvent: {}
[333.282543] (-) TimerEvent: {}
[333.316531] (cartographer) StdoutLine: {'line': b'[ 64%] Built target cartographer.io.points_processor_pipeline_builder_test\n'}
[333.348085] (cartographer) StdoutLine: {'line': b'[ 64%] \x1b[32mBuilding CXX object CMakeFiles/cartographer.io.serialization_format_migration_test.dir/cartographer/io/serialization_format_migration_test.cc.o\x1b[0m\n'}
[333.382674] (-) TimerEvent: {}
[333.483060] (-) TimerEvent: {}
[333.583485] (-) TimerEvent: {}
[333.683870] (-) TimerEvent: {}
[333.784252] (-) TimerEvent: {}
[333.885161] (-) TimerEvent: {}
[333.986019] (-) TimerEvent: {}
[334.086893] (-) TimerEvent: {}
[334.190728] (-) TimerEvent: {}
[334.291283] (-) TimerEvent: {}
[334.394148] (-) TimerEvent: {}
[334.494891] (-) TimerEvent: {}
[334.595504] (-) TimerEvent: {}
[334.696322] (-) TimerEvent: {}
[334.799712] (-) TimerEvent: {}
[334.900288] (-) TimerEvent: {}
[335.000893] (-) TimerEvent: {}
[335.101496] (-) TimerEvent: {}
[335.202106] (-) TimerEvent: {}
[335.303869] (-) TimerEvent: {}
[335.404828] (-) TimerEvent: {}
[335.505230] (-) TimerEvent: {}
[335.608650] (-) TimerEvent: {}
[335.709089] (-) TimerEvent: {}
[335.809867] (-) TimerEvent: {}
[335.840199] (cartographer) StdoutLine: {'line': b'[ 64%] \x1b[32m\x1b[1mLinking CXX executable cartographer.io.proto_stream_test\x1b[0m\n'}
[335.910031] (-) TimerEvent: {}
[336.010871] (-) TimerEvent: {}
[336.078668] (cartographer) StdoutLine: {'line': b'[ 64%] Built target cartographer.io.proto_stream_test\n'}
[336.111003] (-) TimerEvent: {}
[336.111899] (cartographer) StdoutLine: {'line': b'[ 65%] \x1b[32mBuilding CXX object CMakeFiles/cartographer.mapping.2d.map_limits_test.dir/cartographer/mapping/2d/map_limits_test.cc.o\x1b[0m\n'}
[336.211123] (-) TimerEvent: {}
[336.312121] (-) TimerEvent: {}
[336.413550] (-) TimerEvent: {}
[336.514545] (-) TimerEvent: {}
[336.614933] (-) TimerEvent: {}
[336.701998] (cartographer) StdoutLine: {'line': b'[ 66%] \x1b[32m\x1b[1mLinking CXX executable cartographer.io.probability_grid_points_processor_test\x1b[0m\n'}
[336.715522] (-) TimerEvent: {}
[336.815939] (-) TimerEvent: {}
[336.916013] (cartographer) StdoutLine: {'line': b'[ 66%] \x1b[32m\x1b[1mLinking CXX executable cartographer.io.proto_stream_deserializer_test\x1b[0m\n'}
[336.916252] (-) TimerEvent: {}
[337.018665] (-) TimerEvent: {}
[337.026231] (cartographer) StdoutLine: {'line': b'[ 66%] Built target cartographer.io.probability_grid_points_processor_test\n'}
[337.057546] (cartographer) StdoutLine: {'line': b'[ 66%] \x1b[32mBuilding CXX object CMakeFiles/cartographer.mapping.2d.probability_grid_test.dir/cartographer/mapping/2d/probability_grid_test.cc.o\x1b[0m\n'}
[337.118794] (-) TimerEvent: {}
[337.217987] (cartographer) StdoutLine: {'line': b'[ 66%] Built target cartographer.io.proto_stream_deserializer_test\n'}
[337.218866] (-) TimerEvent: {}
[337.254532] (cartographer) StdoutLine: {'line': b'[ 67%] \x1b[32mBuilding CXX object CMakeFiles/cartographer.mapping.2d.range_data_inserter_2d_test.dir/cartographer/mapping/2d/range_data_inserter_2d_test.cc.o\x1b[0m\n'}
[337.319002] (-) TimerEvent: {}
[337.420633] (-) TimerEvent: {}
[337.521542] (-) TimerEvent: {}
[337.624862] (-) TimerEvent: {}
[337.725800] (-) TimerEvent: {}
[337.826785] (-) TimerEvent: {}
[337.927795] (-) TimerEvent: {}
[338.028182] (-) TimerEvent: {}
[338.128555] (-) TimerEvent: {}
[338.229006] (-) TimerEvent: {}
[338.331874] (-) TimerEvent: {}
[338.432701] (-) TimerEvent: {}
[338.533185] (-) TimerEvent: {}
[338.633988] (-) TimerEvent: {}
[338.734915] (-) TimerEvent: {}
[338.836544] (-) TimerEvent: {}
[338.939965] (-) TimerEvent: {}
[339.040364] (-) TimerEvent: {}
[339.140768] (-) TimerEvent: {}
[339.241163] (-) TimerEvent: {}
[339.342552] (-) TimerEvent: {}
[339.442981] (-) TimerEvent: {}
[339.543545] (-) TimerEvent: {}
[339.644545] (-) TimerEvent: {}
[339.744938] (-) TimerEvent: {}
[339.845546] (-) TimerEvent: {}
[339.948705] (-) TimerEvent: {}
[340.049478] (-) TimerEvent: {}
[340.150019] (-) TimerEvent: {}
[340.250553] (-) TimerEvent: {}
[340.351103] (-) TimerEvent: {}
[340.451559] (-) TimerEvent: {}
[340.552128] (-) TimerEvent: {}
[340.652540] (-) TimerEvent: {}
[340.752940] (-) TimerEvent: {}
[340.853541] (-) TimerEvent: {}
[340.953925] (-) TimerEvent: {}
[341.054545] (-) TimerEvent: {}
[341.155163] (-) TimerEvent: {}
[341.256091] (-) TimerEvent: {}
[341.357314] (-) TimerEvent: {}
[341.458334] (-) TimerEvent: {}
[341.561835] (-) TimerEvent: {}
[341.662299] (-) TimerEvent: {}
[341.762767] (-) TimerEvent: {}
[341.863245] (-) TimerEvent: {}
[341.963709] (-) TimerEvent: {}
[341.990935] (cartographer) StdoutLine: {'line': b'[ 67%] \x1b[32m\x1b[1mLinking CXX executable cartographer.io.serialization_format_migration_test\x1b[0m\n'}
[342.063833] (-) TimerEvent: {}
[342.164321] (-) TimerEvent: {}
[342.264730] (-) TimerEvent: {}
[342.365185] (-) TimerEvent: {}
[342.445932] (cartographer) StdoutLine: {'line': b'[ 67%] Built target cartographer.io.serialization_format_migration_test\n'}
[342.465540] (-) TimerEvent: {}
[342.477281] (cartographer) StdoutLine: {'line': b'[ 67%] \x1b[32mBuilding CXX object CMakeFiles/cartographer.mapping.2d.submap_2d_test.dir/cartographer/mapping/2d/submap_2d_test.cc.o\x1b[0m\n'}
[342.565666] (-) TimerEvent: {}
[342.666663] (-) TimerEvent: {}
[342.767654] (-) TimerEvent: {}
[342.870657] (-) TimerEvent: {}
[342.971087] (-) TimerEvent: {}
[343.026350] (cartographer) StdoutLine: {'line': b'[ 67%] \x1b[32m\x1b[1mLinking CXX executable cartographer.mapping.2d.map_limits_test\x1b[0m\n'}
[343.071213] (-) TimerEvent: {}
[343.171662] (-) TimerEvent: {}
[343.255320] (cartographer) StdoutLine: {'line': b'[ 67%] Built target cartographer.mapping.2d.map_limits_test\n'}
[343.271764] (-) TimerEvent: {}
[343.287214] (cartographer) StdoutLine: {'line': b'[ 68%] \x1b[32mBuilding CXX object CMakeFiles/cartographer.mapping.2d.xy_index_test.dir/cartographer/mapping/2d/xy_index_test.cc.o\x1b[0m\n'}
[343.371897] (-) TimerEvent: {}
[343.472543] (-) TimerEvent: {}
[343.572938] (-) TimerEvent: {}
[343.673545] (-) TimerEvent: {}
[343.775918] (-) TimerEvent: {}
[343.876332] (-) TimerEvent: {}
[343.976784] (-) TimerEvent: {}
[344.077554] (-) TimerEvent: {}
[344.178856] (-) TimerEvent: {}
[344.279246] (-) TimerEvent: {}
[344.380545] (-) TimerEvent: {}
[344.480920] (-) TimerEvent: {}
[344.581295] (-) TimerEvent: {}
[344.681684] (-) TimerEvent: {}
[344.782069] (-) TimerEvent: {}
[344.882481] (-) TimerEvent: {}
[344.933529] (cartographer) StdoutLine: {'line': b'[ 68%] \x1b[32m\x1b[1mLinking CXX executable cartographer.mapping.2d.range_data_inserter_2d_test\x1b[0m\n'}
[344.982546] (-) TimerEvent: {}
[345.082934] (-) TimerEvent: {}
[345.183357] (-) TimerEvent: {}
[345.189439] (cartographer) StdoutLine: {'line': b'[ 68%] Built target cartographer.mapping.2d.range_data_inserter_2d_test\n'}
[345.221201] (cartographer) StdoutLine: {'line': b'[ 68%] \x1b[32mBuilding CXX object CMakeFiles/cartographer.mapping.3d.hybrid_grid_test.dir/cartographer/mapping/3d/hybrid_grid_test.cc.o\x1b[0m\n'}
[345.283519] (-) TimerEvent: {}
[345.383918] (-) TimerEvent: {}
[345.485542] (-) TimerEvent: {}
[345.575544] (cartographer) StdoutLine: {'line': b'[ 68%] \x1b[32m\x1b[1mLinking CXX executable cartographer.mapping.2d.probability_grid_test\x1b[0m\n'}
[345.585628] (-) TimerEvent: {}
[345.685979] (-) TimerEvent: {}
[345.786547] (-) TimerEvent: {}
[345.834689] (cartographer) StdoutLine: {'line': b'[ 68%] Built target cartographer.mapping.2d.probability_grid_test\n'}
[345.865054] (cartographer) StdoutLine: {'line': b'[ 69%] \x1b[32mBuilding CXX object CMakeFiles/cartographer.mapping.3d.range_data_inserter_3d_test.dir/cartographer/mapping/3d/range_data_inserter_3d_test.cc.o\x1b[0m\n'}
[345.887526] (-) TimerEvent: {}
[345.987924] (-) TimerEvent: {}
[346.088530] (-) TimerEvent: {}
[346.189536] (-) TimerEvent: {}
[346.289930] (-) TimerEvent: {}
[346.390543] (-) TimerEvent: {}
[346.491548] (-) TimerEvent: {}
[346.591942] (-) TimerEvent: {}
[346.692540] (-) TimerEvent: {}
[346.793544] (-) TimerEvent: {}
[346.893931] (-) TimerEvent: {}
[346.994314] (-) TimerEvent: {}
[347.095634] (-) TimerEvent: {}
[347.196071] (-) TimerEvent: {}
[347.296553] (-) TimerEvent: {}
[347.399872] (-) TimerEvent: {}
[347.500365] (-) TimerEvent: {}
[347.600898] (-) TimerEvent: {}
[347.701405] (-) TimerEvent: {}
[347.802122] (-) TimerEvent: {}
[347.902840] (-) TimerEvent: {}
[348.003258] (-) TimerEvent: {}
[348.106679] (-) TimerEvent: {}
[348.207090] (-) TimerEvent: {}
[348.307520] (-) TimerEvent: {}
[348.407913] (-) TimerEvent: {}
[348.508299] (-) TimerEvent: {}
[348.608728] (-) TimerEvent: {}
[348.709141] (-) TimerEvent: {}
[348.809549] (-) TimerEvent: {}
[348.910544] (-) TimerEvent: {}
[349.010941] (-) TimerEvent: {}
[349.114697] (-) TimerEvent: {}
[349.215117] (-) TimerEvent: {}
[349.315530] (-) TimerEvent: {}
[349.416196] (-) TimerEvent: {}
[349.481556] (cartographer) StdoutLine: {'line': b'[ 69%] \x1b[32m\x1b[1mLinking CXX executable cartographer.mapping.2d.xy_index_test\x1b[0m\n'}
[349.516331] (-) TimerEvent: {}
[349.617067] (-) TimerEvent: {}
[349.697136] (cartographer) StdoutLine: {'line': b'[ 69%] Built target cartographer.mapping.2d.xy_index_test\n'}
[349.717191] (-) TimerEvent: {}
[349.730901] (cartographer) StdoutLine: {'line': b'[ 69%] \x1b[32mBuilding CXX object CMakeFiles/cartographer.mapping.3d.submap_3d_test.dir/cartographer/mapping/3d/submap_3d_test.cc.o\x1b[0m\n'}
[349.817325] (-) TimerEvent: {}
[349.918066] (-) TimerEvent: {}
[350.018869] (-) TimerEvent: {}
[350.123132] (-) TimerEvent: {}
[350.223554] (-) TimerEvent: {}
[350.323954] (-) TimerEvent: {}
[350.424353] (-) TimerEvent: {}
[350.524764] (-) TimerEvent: {}
[350.625167] (-) TimerEvent: {}
[350.725597] (-) TimerEvent: {}
[350.826549] (-) TimerEvent: {}
[350.926955] (-) TimerEvent: {}
[351.027362] (-) TimerEvent: {}
[351.127824] (-) TimerEvent: {}
[351.228235] (-) TimerEvent: {}
[351.329545] (-) TimerEvent: {}
[351.429930] (-) TimerEvent: {}
[351.530310] (-) TimerEvent: {}
[351.631549] (-) TimerEvent: {}
[351.731943] (-) TimerEvent: {}
[351.832345] (-) TimerEvent: {}
[351.932763] (-) TimerEvent: {}
[352.033561] (-) TimerEvent: {}
[352.109694] (cartographer) StdoutLine: {'line': b'[ 69%] \x1b[32m\x1b[1mLinking CXX executable cartographer.mapping.2d.submap_2d_test\x1b[0m\n'}
[352.134538] (-) TimerEvent: {}
[352.234927] (-) TimerEvent: {}
[352.335724] (-) TimerEvent: {}
[352.436263] (-) TimerEvent: {}
[352.456951] (cartographer) StdoutLine: {'line': b'[ 69%] Built target cartographer.mapping.2d.submap_2d_test\n'}
[352.507561] (cartographer) StdoutLine: {'line': b'[ 70%] \x1b[32mBuilding CXX object CMakeFiles/cartographer.mapping.id_test.dir/cartographer/mapping/id_test.cc.o\x1b[0m\n'}
[352.536409] (-) TimerEvent: {}
[352.636804] (-) TimerEvent: {}
[352.737186] (-) TimerEvent: {}
[352.837551] (-) TimerEvent: {}
[352.937921] (-) TimerEvent: {}
[353.038375] (-) TimerEvent: {}
[353.138823] (-) TimerEvent: {}
[353.239196] (-) TimerEvent: {}
[353.340544] (-) TimerEvent: {}
[353.440950] (-) TimerEvent: {}
[353.541343] (-) TimerEvent: {}
[353.643215] (-) TimerEvent: {}
[353.744286] (-) TimerEvent: {}
[353.845037] (-) TimerEvent: {}
[353.948644] (-) TimerEvent: {}
[354.049285] (-) TimerEvent: {}
[354.150039] (-) TimerEvent: {}
[354.250745] (-) TimerEvent: {}
[354.351449] (-) TimerEvent: {}
[354.451855] (-) TimerEvent: {}
[354.552547] (-) TimerEvent: {}
[354.652923] (-) TimerEvent: {}
[354.754884] (-) TimerEvent: {}
[354.855723] (-) TimerEvent: {}
[354.957548] (-) TimerEvent: {}
[355.058637] (-) TimerEvent: {}
[355.098627] (cartographer) StdoutLine: {'line': b'[ 70%] \x1b[32m\x1b[1mLinking CXX executable cartographer.mapping.3d.range_data_inserter_3d_test\x1b[0m\n'}
[355.159547] (-) TimerEvent: {}
[355.260041] (-) TimerEvent: {}
[355.324557] (cartographer) StdoutLine: {'line': b'[ 70%] Built target cartographer.mapping.3d.range_data_inserter_3d_test\n'}
[355.357851] (cartographer) StdoutLine: {'line': b'[ 70%] \x1b[32mBuilding CXX object CMakeFiles/cartographer.mapping.imu_tracker_test.dir/cartographer/mapping/imu_tracker_test.cc.o\x1b[0m\n'}
[355.360117] (-) TimerEvent: {}
[355.460544] (-) TimerEvent: {}
[355.561082] (-) TimerEvent: {}
[355.661554] (-) TimerEvent: {}
[355.762193] (-) TimerEvent: {}
[355.863543] (-) TimerEvent: {}
[355.963913] (-) TimerEvent: {}
[356.064296] (-) TimerEvent: {}
[356.164713] (-) TimerEvent: {}
[356.267541] (-) TimerEvent: {}
[356.367919] (-) TimerEvent: {}
[356.468815] (-) TimerEvent: {}
[356.569210] (-) TimerEvent: {}
[356.669854] (-) TimerEvent: {}
[356.770256] (-) TimerEvent: {}
[356.873649] (-) TimerEvent: {}
[356.969621] (cartographer) StdoutLine: {'line': b'[ 70%] \x1b[32m\x1b[1mLinking CXX executable cartographer.mapping.3d.hybrid_grid_test\x1b[0m\n'}
[356.973734] (-) TimerEvent: {}
[357.074089] (-) TimerEvent: {}
[357.174512] (-) TimerEvent: {}
[357.177708] (cartographer) StdoutLine: {'line': b'[ 70%] Built target cartographer.mapping.3d.hybrid_grid_test\n'}
[357.210522] (cartographer) StdoutLine: {'line': b'[ 71%] \x1b[32mBuilding CXX object CMakeFiles/cartographer.mapping.internal.2d.normal_estimation_2d_test.dir/cartographer/mapping/internal/2d/normal_estimation_2d_test.cc.o\x1b[0m\n'}
[357.274639] (-) TimerEvent: {}
[357.376613] (-) TimerEvent: {}
[357.477047] (-) TimerEvent: {}
[357.577442] (-) TimerEvent: {}
[357.677856] (-) TimerEvent: {}
[357.778559] (-) TimerEvent: {}
[357.878982] (-) TimerEvent: {}
[357.981711] (-) TimerEvent: {}
[358.082188] (-) TimerEvent: {}
[358.182725] (-) TimerEvent: {}
[358.283263] (-) TimerEvent: {}
[358.384210] (-) TimerEvent: {}
[358.485546] (-) TimerEvent: {}
[358.586008] (-) TimerEvent: {}
[358.686525] (-) TimerEvent: {}
[358.787182] (-) TimerEvent: {}
[358.889715] (-) TimerEvent: {}
[358.990251] (-) TimerEvent: {}
[359.000233] (cartographer) StdoutLine: {'line': b'[ 71%] \x1b[32m\x1b[1mLinking CXX executable cartographer.mapping.3d.submap_3d_test\x1b[0m\n'}
[359.090376] (-) TimerEvent: {}
[359.190847] (-) TimerEvent: {}
[359.291253] (-) TimerEvent: {}
[359.328670] (cartographer) StdoutLine: {'line': b'[ 71%] Built target cartographer.mapping.3d.submap_3d_test\n'}
[359.361915] (cartographer) StdoutLine: {'line': b'[ 71%] \x1b[32mBuilding CXX object CMakeFiles/cartographer.mapping.internal.2d.overlapping_submaps_trimmer_2d_test.dir/cartographer/mapping/internal/2d/overlapping_submaps_trimmer_2d_test.cc.o\x1b[0m\n'}
[359.391374] (-) TimerEvent: {}
[359.492236] (-) TimerEvent: {}
[359.593545] (-) TimerEvent: {}
[359.693935] (-) TimerEvent: {}
[359.794308] (-) TimerEvent: {}
[359.894848] (-) TimerEvent: {}
[359.995239] (-) TimerEvent: {}
[360.096576] (-) TimerEvent: {}
[360.197252] (-) TimerEvent: {}
[360.298552] (-) TimerEvent: {}
[360.398954] (-) TimerEvent: {}
[360.499543] (-) TimerEvent: {}
[360.600545] (-) TimerEvent: {}
[360.700996] (-) TimerEvent: {}
[360.801542] (-) TimerEvent: {}
[360.868521] (cartographer) StdoutLine: {'line': b'[ 71%] \x1b[32m\x1b[1mLinking CXX executable cartographer.mapping.imu_tracker_test\x1b[0m\n'}
[360.901668] (-) TimerEvent: {}
[361.003606] (-) TimerEvent: {}
[361.034525] (cartographer) StdoutLine: {'line': b'[ 71%] \x1b[32m\x1b[1mLinking CXX executable cartographer.mapping.id_test\x1b[0m\n'}
[361.065356] (cartographer) StdoutLine: {'line': b'[ 71%] Built target cartographer.mapping.imu_tracker_test\n'}
[361.100307] (cartographer) StdoutLine: {'line': b'[ 72%] \x1b[32mBuilding CXX object CMakeFiles/cartographer.mapping.internal.2d.pose_graph_2d_test.dir/cartographer/mapping/internal/2d/pose_graph_2d_test.cc.o\x1b[0m\n'}
[361.104502] (-) TimerEvent: {}
[361.205382] (-) TimerEvent: {}
[361.222644] (cartographer) StdoutLine: {'line': b'[ 72%] Built target cartographer.mapping.id_test\n'}
[361.253565] (cartographer) StdoutLine: {'line': b'[ 72%] \x1b[32mBuilding CXX object CMakeFiles/cartographer.mapping.internal.2d.ray_to_pixel_mask_test.dir/cartographer/mapping/internal/2d/ray_to_pixel_mask_test.cc.o\x1b[0m\n'}
[361.305541] (-) TimerEvent: {}
[361.407751] (-) TimerEvent: {}
[361.508896] (-) TimerEvent: {}
[361.609711] (-) TimerEvent: {}
[361.710372] (-) TimerEvent: {}
[361.813645] (-) TimerEvent: {}
[361.914043] (-) TimerEvent: {}
[362.014515] (-) TimerEvent: {}
[362.114907] (-) TimerEvent: {}
[362.215305] (-) TimerEvent: {}
[362.315725] (-) TimerEvent: {}
[362.416126] (-) TimerEvent: {}
[362.516539] (-) TimerEvent: {}
[362.617750] (-) TimerEvent: {}
[362.721173] (-) TimerEvent: {}
[362.821551] (-) TimerEvent: {}
[362.921952] (-) TimerEvent: {}
[363.022354] (-) TimerEvent: {}
[363.122759] (-) TimerEvent: {}
[363.223191] (-) TimerEvent: {}
[363.326660] (-) TimerEvent: {}
[363.427072] (-) TimerEvent: {}
[363.527495] (-) TimerEvent: {}
[363.627882] (-) TimerEvent: {}
[363.728281] (-) TimerEvent: {}
[363.828717] (-) TimerEvent: {}
[363.930549] (-) TimerEvent: {}
[364.031114] (-) TimerEvent: {}
[364.131534] (-) TimerEvent: {}
[364.233543] (-) TimerEvent: {}
[364.334420] (-) TimerEvent: {}
[364.434850] (-) TimerEvent: {}
[364.535241] (-) TimerEvent: {}
[364.635800] (-) TimerEvent: {}
[364.736508] (-) TimerEvent: {}
[364.839670] (-) TimerEvent: {}
[364.940076] (-) TimerEvent: {}
[365.040488] (-) TimerEvent: {}
[365.140866] (-) TimerEvent: {}
[365.241247] (-) TimerEvent: {}
[365.341725] (-) TimerEvent: {}
[365.442540] (-) TimerEvent: {}
[365.496210] (cartographer) StdoutLine: {'line': b'[ 72%] \x1b[32m\x1b[1mLinking CXX executable cartographer.mapping.internal.2d.normal_estimation_2d_test\x1b[0m\n'}
[365.544550] (-) TimerEvent: {}
[365.644963] (-) TimerEvent: {}
[365.743621] (cartographer) StdoutLine: {'line': b'[ 72%] Built target cartographer.mapping.internal.2d.normal_estimation_2d_test\n'}
[365.745049] (-) TimerEvent: {}
[365.774572] (cartographer) StdoutLine: {'line': b'[ 73%] \x1b[32mBuilding CXX object CMakeFiles/cartographer.mapping.internal.2d.scan_matching.ceres_scan_matcher_2d_test.dir/cartographer/mapping/internal/2d/scan_matching/ceres_scan_matcher_2d_test.cc.o\x1b[0m\n'}
[365.845189] (-) TimerEvent: {}
[365.945973] (-) TimerEvent: {}
[366.048884] (-) TimerEvent: {}
[366.149389] (-) TimerEvent: {}
[366.249902] (-) TimerEvent: {}
[366.350392] (-) TimerEvent: {}
[366.451059] (-) TimerEvent: {}
[366.551435] (-) TimerEvent: {}
[366.651828] (-) TimerEvent: {}
[366.752540] (-) TimerEvent: {}
[366.852955] (-) TimerEvent: {}
[366.956723] (-) TimerEvent: {}
[367.057173] (-) TimerEvent: {}
[367.157549] (-) TimerEvent: {}
[367.257956] (-) TimerEvent: {}
[367.358776] (-) TimerEvent: {}
[367.459194] (-) TimerEvent: {}
[367.559553] (-) TimerEvent: {}
[367.661685] (-) TimerEvent: {}
[367.762144] (-) TimerEvent: {}
[367.862559] (-) TimerEvent: {}
[367.963040] (-) TimerEvent: {}
[368.065798] (-) TimerEvent: {}
[368.166188] (-) TimerEvent: {}
[368.266630] (-) TimerEvent: {}
[368.367165] (-) TimerEvent: {}
[368.467584] (-) TimerEvent: {}
[368.568686] (-) TimerEvent: {}
[368.670562] (-) TimerEvent: {}
[368.770981] (-) TimerEvent: {}
[368.871377] (-) TimerEvent: {}
[368.971783] (-) TimerEvent: {}
[369.072176] (-) TimerEvent: {}
[369.173550] (-) TimerEvent: {}
[369.273936] (-) TimerEvent: {}
[369.374334] (-) TimerEvent: {}
[369.474711] (-) TimerEvent: {}
[369.575544] (-) TimerEvent: {}
[369.675941] (-) TimerEvent: {}
[369.776544] (-) TimerEvent: {}
[369.878545] (-) TimerEvent: {}
[369.978948] (-) TimerEvent: {}
[370.079341] (-) TimerEvent: {}
[370.179762] (-) TimerEvent: {}
[370.280160] (-) TimerEvent: {}
[370.381548] (-) TimerEvent: {}
[370.481961] (-) TimerEvent: {}
[370.582351] (-) TimerEvent: {}
[370.682758] (-) TimerEvent: {}
[370.783551] (-) TimerEvent: {}
[370.883959] (-) TimerEvent: {}
[370.984547] (-) TimerEvent: {}
[371.085704] (-) TimerEvent: {}
[371.186102] (-) TimerEvent: {}
[371.224218] (cartographer) StdoutLine: {'line': b'[ 73%] \x1b[32m\x1b[1mLinking CXX executable cartographer.mapping.internal.2d.ray_to_pixel_mask_test\x1b[0m\n'}
[371.286228] (-) TimerEvent: {}
[371.389720] (-) TimerEvent: {}
[371.412693] (cartographer) StdoutLine: {'line': b'[ 73%] Built target cartographer.mapping.internal.2d.ray_to_pixel_mask_test\n'}
[371.437386] (cartographer) StdoutLine: {'line': b'[ 73%] \x1b[32m\x1b[1mLinking CXX executable cartographer.mapping.internal.2d.overlapping_submaps_trimmer_2d_test\x1b[0m\n'}
[371.443256] (cartographer) StdoutLine: {'line': b'[ 73%] \x1b[32mBuilding CXX object CMakeFiles/cartographer.mapping.internal.2d.scan_matching.correlative_scan_matcher_test.dir/cartographer/mapping/internal/2d/scan_matching/correlative_scan_matcher_test.cc.o\x1b[0m\n'}
[371.489843] (-) TimerEvent: {}
[371.590664] (-) TimerEvent: {}
[371.691279] (-) TimerEvent: {}
[371.781018] (cartographer) StdoutLine: {'line': b'[ 73%] Built target cartographer.mapping.internal.2d.overlapping_submaps_trimmer_2d_test\n'}
[371.791378] (-) TimerEvent: {}
[371.818250] (cartographer) StdoutLine: {'line': b'[ 74%] \x1b[32mBuilding CXX object CMakeFiles/cartographer.mapping.internal.2d.scan_matching.fast_correlative_scan_matcher_2d_test.dir/cartographer/mapping/internal/2d/scan_matching/fast_correlative_scan_matcher_2d_test.cc.o\x1b[0m\n'}
[371.891528] (-) TimerEvent: {}
[371.992304] (-) TimerEvent: {}
[372.092789] (-) TimerEvent: {}
[372.193277] (-) TimerEvent: {}
[372.296699] (-) TimerEvent: {}
[372.397178] (-) TimerEvent: {}
[372.498277] (-) TimerEvent: {}
[372.598707] (-) TimerEvent: {}
[372.699112] (-) TimerEvent: {}
[372.799540] (-) TimerEvent: {}
[372.899986] (-) TimerEvent: {}
[373.003668] (-) TimerEvent: {}
[373.104060] (-) TimerEvent: {}
[373.204446] (-) TimerEvent: {}
[373.304854] (-) TimerEvent: {}
[373.405249] (-) TimerEvent: {}
[373.505674] (-) TimerEvent: {}
[373.607085] (-) TimerEvent: {}
[373.707708] (-) TimerEvent: {}
[373.810729] (-) TimerEvent: {}
[373.911124] (-) TimerEvent: {}
[374.011536] (-) TimerEvent: {}
[374.111935] (-) TimerEvent: {}
[374.212328] (-) TimerEvent: {}
[374.312739] (-) TimerEvent: {}
[374.414807] (-) TimerEvent: {}
[374.515547] (-) TimerEvent: {}
[374.615939] (-) TimerEvent: {}
[374.716545] (-) TimerEvent: {}
[374.817543] (-) TimerEvent: {}
[374.917913] (-) TimerEvent: {}
[375.018308] (-) TimerEvent: {}
[375.119708] (-) TimerEvent: {}
[375.220131] (-) TimerEvent: {}
[375.246393] (cartographer) StdoutLine: {'line': b'[ 74%] \x1b[32m\x1b[1mLinking CXX executable cartographer.mapping.internal.2d.scan_matching.ceres_scan_matcher_2d_test\x1b[0m\n'}
[375.320261] (-) TimerEvent: {}
[375.423691] (-) TimerEvent: {}
[375.524139] (-) TimerEvent: {}
[375.550766] (cartographer) StdoutLine: {'line': b'[ 74%] Built target cartographer.mapping.internal.2d.scan_matching.ceres_scan_matcher_2d_test\n'}
[375.580880] (cartographer) StdoutLine: {'line': b'[ 74%] \x1b[32mBuilding CXX object CMakeFiles/cartographer.mapping.internal.2d.scan_matching.interpolated_tsdf_2d_test.dir/cartographer/mapping/internal/2d/scan_matching/interpolated_tsdf_2d_test.cc.o\x1b[0m\n'}
[375.624266] (-) TimerEvent: {}
[375.724755] (-) TimerEvent: {}
[375.825350] (-) TimerEvent: {}
[375.925841] (-) TimerEvent: {}
[376.027711] (-) TimerEvent: {}
[376.128446] (-) TimerEvent: {}
[376.228942] (-) TimerEvent: {}
[376.331713] (-) TimerEvent: {}
[376.432182] (-) TimerEvent: {}
[376.532688] (-) TimerEvent: {}
[376.633172] (-) TimerEvent: {}
[376.733763] (-) TimerEvent: {}
[376.834167] (-) TimerEvent: {}
[376.935542] (-) TimerEvent: {}
[377.028546] (cartographer) StdoutLine: {'line': b'[ 74%] \x1b[32m\x1b[1mLinking CXX executable cartographer.mapping.internal.2d.pose_graph_2d_test\x1b[0m\n'}
[377.035623] (-) TimerEvent: {}
[377.136012] (-) TimerEvent: {}
[377.236560] (-) TimerEvent: {}
[377.337000] (-) TimerEvent: {}
[377.437421] (-) TimerEvent: {}
[377.480728] (cartographer) StdoutLine: {'line': b'[ 74%] Built target cartographer.mapping.internal.2d.pose_graph_2d_test\n'}
[377.512056] (cartographer) StdoutLine: {'line': b'[ 74%] \x1b[32mBuilding CXX object CMakeFiles/cartographer.mapping.internal.2d.scan_matching.occupied_space_cost_function_2d_test.dir/cartographer/mapping/internal/2d/scan_matching/occupied_space_cost_function_2d_test.cc.o\x1b[0m\n'}
[377.537542] (-) TimerEvent: {}
[377.638036] (-) TimerEvent: {}
[377.738551] (-) TimerEvent: {}
[377.840311] (-) TimerEvent: {}
[377.943641] (-) TimerEvent: {}
[378.044049] (-) TimerEvent: {}
[378.144499] (-) TimerEvent: {}
[378.244914] (-) TimerEvent: {}
[378.345385] (-) TimerEvent: {}
[378.446778] (-) TimerEvent: {}
[378.547548] (-) TimerEvent: {}
[378.648571] (-) TimerEvent: {}
[378.749546] (-) TimerEvent: {}
[378.836845] (cartographer) StdoutLine: {'line': b'[ 74%] \x1b[32m\x1b[1mLinking CXX executable cartographer.mapping.internal.2d.scan_matching.correlative_scan_matcher_test\x1b[0m\n'}
[378.851546] (-) TimerEvent: {}
[378.951939] (-) TimerEvent: {}
[379.023038] (cartographer) StdoutLine: {'line': b'[ 74%] Built target cartographer.mapping.internal.2d.scan_matching.correlative_scan_matcher_test\n'}
[379.052063] (-) TimerEvent: {}
[379.055100] (cartographer) StdoutLine: {'line': b'[ 74%] \x1b[32mBuilding CXX object CMakeFiles/cartographer.mapping.internal.2d.scan_matching.real_time_correlative_scan_matcher_2d_test.dir/cartographer/mapping/internal/2d/scan_matching/real_time_correlative_scan_matcher_2d_test.cc.o\x1b[0m\n'}
[379.152186] (-) TimerEvent: {}
[379.255698] (-) TimerEvent: {}
[379.356105] (-) TimerEvent: {}
[379.457202] (-) TimerEvent: {}
[379.557677] (-) TimerEvent: {}
[379.658110] (-) TimerEvent: {}
[379.758550] (-) TimerEvent: {}
[379.859126] (-) TimerEvent: {}
[379.959527] (-) TimerEvent: {}
[380.060545] (-) TimerEvent: {}
[380.160950] (-) TimerEvent: {}
[380.261547] (-) TimerEvent: {}
[380.362550] (-) TimerEvent: {}
[380.462962] (-) TimerEvent: {}
[380.563548] (-) TimerEvent: {}
[380.664551] (-) TimerEvent: {}
[380.764962] (-) TimerEvent: {}
[380.865552] (-) TimerEvent: {}
[380.966551] (-) TimerEvent: {}
[381.066953] (-) TimerEvent: {}
[381.168545] (-) TimerEvent: {}
[381.269060] (-) TimerEvent: {}
[381.369554] (-) TimerEvent: {}
[381.470500] (-) TimerEvent: {}
[381.573647] (-) TimerEvent: {}
[381.674036] (-) TimerEvent: {}
[381.774433] (-) TimerEvent: {}
[381.874850] (-) TimerEvent: {}
[381.975237] (-) TimerEvent: {}
[382.075651] (-) TimerEvent: {}
[382.176169] (-) TimerEvent: {}
[382.277549] (-) TimerEvent: {}
[382.377945] (-) TimerEvent: {}
[382.478342] (-) TimerEvent: {}
[382.579545] (-) TimerEvent: {}
[382.679940] (-) TimerEvent: {}
[382.780338] (-) TimerEvent: {}
[382.840107] (cartographer) StdoutLine: {'line': b'[ 74%] \x1b[32m\x1b[1mLinking CXX executable cartographer.mapping.internal.2d.scan_matching.fast_correlative_scan_matcher_2d_test\x1b[0m\n'}
[382.880479] (-) TimerEvent: {}
[382.980851] (-) TimerEvent: {}
[383.001602] (cartographer) StdoutLine: {'line': b'[ 75%] \x1b[32m\x1b[1mLinking CXX executable cartographer.mapping.internal.2d.scan_matching.interpolated_tsdf_2d_test\x1b[0m\n'}
[383.080975] (-) TimerEvent: {}
[383.112999] (cartographer) StdoutLine: {'line': b'[ 75%] Built target cartographer.mapping.internal.2d.scan_matching.fast_correlative_scan_matcher_2d_test\n'}
[383.147811] (cartographer) StdoutLine: {'line': b'[ 75%] \x1b[32mBuilding CXX object CMakeFiles/cartographer.mapping.internal.2d.scan_matching.tsdf_match_cost_function_2d_test.dir/cartographer/mapping/internal/2d/scan_matching/tsdf_match_cost_function_2d_test.cc.o\x1b[0m\n'}
[383.181100] (-) TimerEvent: {}
[383.260170] (cartographer) StdoutLine: {'line': b'[ 75%] Built target cartographer.mapping.internal.2d.scan_matching.interpolated_tsdf_2d_test\n'}
[383.281549] (-) TimerEvent: {}
[383.291881] (cartographer) StdoutLine: {'line': b'[ 75%] \x1b[32mBuilding CXX object CMakeFiles/cartographer.mapping.internal.2d.tsd_value_converter_test.dir/cartographer/mapping/internal/2d/tsd_value_converter_test.cc.o\x1b[0m\n'}
[383.381675] (-) TimerEvent: {}
[383.484136] (-) TimerEvent: {}
[383.585124] (-) TimerEvent: {}
[383.687544] (-) TimerEvent: {}
[383.788586] (-) TimerEvent: {}
[383.888980] (-) TimerEvent: {}
[383.989537] (-) TimerEvent: {}
[384.090541] (-) TimerEvent: {}
[384.190923] (-) TimerEvent: {}
[384.291548] (-) TimerEvent: {}
[384.391940] (-) TimerEvent: {}
[384.492331] (-) TimerEvent: {}
[384.593548] (-) TimerEvent: {}
[384.693928] (-) TimerEvent: {}
[384.794318] (-) TimerEvent: {}
[384.895546] (-) TimerEvent: {}
[384.995934] (-) TimerEvent: {}
[385.096322] (-) TimerEvent: {}
[385.197555] (-) TimerEvent: {}
[385.297975] (-) TimerEvent: {}
[385.398447] (-) TimerEvent: {}
[385.500701] (-) TimerEvent: {}
[385.516418] (cartographer) StdoutLine: {'line': b'[ 75%] \x1b[32m\x1b[1mLinking CXX executable cartographer.mapping.internal.2d.scan_matching.occupied_space_cost_function_2d_test\x1b[0m\n'}
[385.600832] (-) TimerEvent: {}
[385.701856] (-) TimerEvent: {}
[385.802241] (-) TimerEvent: {}
[385.813515] (cartographer) StdoutLine: {'line': b'[ 75%] Built target cartographer.mapping.internal.2d.scan_matching.occupied_space_cost_function_2d_test\n'}
[385.845627] (cartographer) StdoutLine: {'line': b'[ 75%] \x1b[32mBuilding CXX object CMakeFiles/cartographer.mapping.internal.2d.tsdf_2d_test.dir/cartographer/mapping/internal/2d/tsdf_2d_test.cc.o\x1b[0m\n'}
[385.902369] (-) TimerEvent: {}
[386.002778] (-) TimerEvent: {}
[386.103169] (-) TimerEvent: {}
[386.203547] (-) TimerEvent: {}
[386.303931] (-) TimerEvent: {}
[386.404312] (-) TimerEvent: {}
[386.504725] (-) TimerEvent: {}
[386.605548] (-) TimerEvent: {}
[386.705943] (-) TimerEvent: {}
[386.806337] (-) TimerEvent: {}
[386.906730] (-) TimerEvent: {}
[387.007599] (-) TimerEvent: {}
[387.108549] (-) TimerEvent: {}
[387.209548] (-) TimerEvent: {}
[387.309967] (-) TimerEvent: {}
[387.337392] (cartographer) StdoutLine: {'line': b'[ 76%] \x1b[32m\x1b[1mLinking CXX executable cartographer.mapping.internal.2d.scan_matching.real_time_correlative_scan_matcher_2d_test\x1b[0m\n'}
[387.410092] (-) TimerEvent: {}
[387.511054] (-) TimerEvent: {}
[387.612637] (-) TimerEvent: {}
[387.624687] (cartographer) StdoutLine: {'line': b'[ 76%] Built target cartographer.mapping.internal.2d.scan_matching.real_time_correlative_scan_matcher_2d_test\n'}
[387.655974] (cartographer) StdoutLine: {'line': b'[ 76%] \x1b[32mBuilding CXX object CMakeFiles/cartographer.mapping.internal.2d.tsdf_range_data_inserter_2d_test.dir/cartographer/mapping/internal/2d/tsdf_range_data_inserter_2d_test.cc.o\x1b[0m\n'}
[387.712764] (-) TimerEvent: {}
[387.813673] (-) TimerEvent: {}
[387.914566] (-) TimerEvent: {}
[388.015509] (-) TimerEvent: {}
[388.116863] (-) TimerEvent: {}
[388.219646] (-) TimerEvent: {}
[388.320099] (-) TimerEvent: {}
[388.420522] (-) TimerEvent: {}
[388.520901] (-) TimerEvent: {}
[388.621294] (-) TimerEvent: {}
[388.721913] (-) TimerEvent: {}
[388.824649] (-) TimerEvent: {}
[388.925058] (-) TimerEvent: {}
[389.025471] (-) TimerEvent: {}
[389.125888] (-) TimerEvent: {}
[389.213801] (cartographer) StdoutLine: {'line': b'[ 77%] \x1b[32m\x1b[1mLinking CXX executable cartographer.mapping.internal.2d.tsd_value_converter_test\x1b[0m\n'}
[389.225979] (-) TimerEvent: {}
[389.327333] (-) TimerEvent: {}
[389.403148] (cartographer) StdoutLine: {'line': b'[ 77%] Built target cartographer.mapping.internal.2d.tsd_value_converter_test\n'}
[389.427479] (-) TimerEvent: {}
[389.435592] (cartographer) StdoutLine: {'line': b'[ 77%] \x1b[32mBuilding CXX object CMakeFiles/cartographer.mapping.internal.3d.local_trajectory_builder_3d_test.dir/cartographer/mapping/internal/3d/local_trajectory_builder_3d_test.cc.o\x1b[0m\n'}
[389.527546] (-) TimerEvent: {}
[389.628300] (-) TimerEvent: {}
[389.729029] (-) TimerEvent: {}
[389.829832] (-) TimerEvent: {}
[389.933854] (-) TimerEvent: {}
[390.034539] (-) TimerEvent: {}
[390.135185] (-) TimerEvent: {}
[390.235866] (-) TimerEvent: {}
[390.336551] (-) TimerEvent: {}
[390.437202] (-) TimerEvent: {}
[390.537654] (-) TimerEvent: {}
[390.638139] (-) TimerEvent: {}
[390.738535] (-) TimerEvent: {}
[390.840890] (-) TimerEvent: {}
[390.941915] (-) TimerEvent: {}
[391.042871] (-) TimerEvent: {}
[391.143545] (-) TimerEvent: {}
[391.244544] (-) TimerEvent: {}
[391.344950] (-) TimerEvent: {}
[391.445546] (-) TimerEvent: {}
[391.545942] (-) TimerEvent: {}
[391.646548] (-) TimerEvent: {}
[391.747549] (-) TimerEvent: {}
[391.847950] (-) TimerEvent: {}
[391.948542] (-) TimerEvent: {}
[392.049544] (-) TimerEvent: {}
[392.149930] (-) TimerEvent: {}
[392.250544] (-) TimerEvent: {}
[392.351840] (-) TimerEvent: {}
[392.452249] (-) TimerEvent: {}
[392.555143] (-) TimerEvent: {}
[392.655557] (-) TimerEvent: {}
[392.755980] (-) TimerEvent: {}
[392.856398] (-) TimerEvent: {}
[392.956826] (-) TimerEvent: {}
[393.057252] (-) TimerEvent: {}
[393.158693] (-) TimerEvent: {}
[393.259089] (-) TimerEvent: {}
[393.359912] (-) TimerEvent: {}
[393.462696] (-) TimerEvent: {}
[393.533272] (cartographer) StdoutLine: {'line': b'[ 77%] \x1b[32m\x1b[1mLinking CXX executable cartographer.mapping.internal.2d.scan_matching.tsdf_match_cost_function_2d_test\x1b[0m\n'}
[393.562822] (-) TimerEvent: {}
[393.663745] (-) TimerEvent: {}
[393.764955] (-) TimerEvent: {}
[393.813566] (cartographer) StdoutLine: {'line': b'[ 77%] Built target cartographer.mapping.internal.2d.scan_matching.tsdf_match_cost_function_2d_test\n'}
[393.847535] (cartographer) StdoutLine: {'line': b'[ 77%] \x1b[32mBuilding CXX object CMakeFiles/cartographer.mapping.internal.3d.pose_graph_3d_test.dir/cartographer/mapping/internal/3d/pose_graph_3d_test.cc.o\x1b[0m\n'}
[393.865068] (-) TimerEvent: {}
[393.965537] (-) TimerEvent: {}
[394.066215] (-) TimerEvent: {}
[394.097152] (cartographer) StdoutLine: {'line': b'[ 77%] \x1b[32m\x1b[1mLinking CXX executable cartographer.mapping.internal.2d.tsdf_2d_test\x1b[0m\n'}
[394.166342] (-) TimerEvent: {}
[394.266770] (-) TimerEvent: {}
[394.353972] (cartographer) StdoutLine: {'line': b'[ 77%] Built target cartographer.mapping.internal.2d.tsdf_2d_test\n'}
[394.366870] (-) TimerEvent: {}
[394.385524] (cartographer) StdoutLine: {'line': b'[ 77%] \x1b[32mBuilding CXX object CMakeFiles/cartographer.mapping.internal.3d.rotation_parameterization_test.dir/cartographer/mapping/internal/3d/rotation_parameterization_test.cc.o\x1b[0m\n'}
[394.417187] (cartographer) StdoutLine: {'line': b'[ 77%] \x1b[32m\x1b[1mLinking CXX executable cartographer.mapping.internal.3d.rotation_parameterization_test\x1b[0m\n'}
[394.467004] (-) TimerEvent: {}
[394.567914] (-) TimerEvent: {}
[394.608427] (cartographer) StdoutLine: {'line': b'[ 77%] Built target cartographer.mapping.internal.3d.rotation_parameterization_test\n'}
[394.641189] (cartographer) StdoutLine: {'line': b'[ 77%] \x1b[32mBuilding CXX object CMakeFiles/cartographer.mapping.internal.3d.scan_matching.ceres_scan_matcher_3d_test.dir/cartographer/mapping/internal/3d/scan_matching/ceres_scan_matcher_3d_test.cc.o\x1b[0m\n'}
[394.668033] (-) TimerEvent: {}
[394.770706] (-) TimerEvent: {}
[394.871393] (-) TimerEvent: {}
[394.972103] (-) TimerEvent: {}
[395.072636] (-) TimerEvent: {}
[395.173103] (-) TimerEvent: {}
[395.274732] (-) TimerEvent: {}
[395.375550] (-) TimerEvent: {}
[395.477692] (-) TimerEvent: {}
[395.578215] (-) TimerEvent: {}
[395.678766] (-) TimerEvent: {}
[395.779180] (-) TimerEvent: {}
[395.880199] (-) TimerEvent: {}
[395.982703] (-) TimerEvent: {}
[396.083124] (-) TimerEvent: {}
[396.183542] (-) TimerEvent: {}
[396.283960] (-) TimerEvent: {}
[396.384374] (-) TimerEvent: {}
[396.485676] (-) TimerEvent: {}
[396.586549] (-) TimerEvent: {}
[396.689677] (-) TimerEvent: {}
[396.790076] (-) TimerEvent: {}
[396.890450] (-) TimerEvent: {}
[396.990831] (-) TimerEvent: {}
[397.091219] (-) TimerEvent: {}
[397.191736] (-) TimerEvent: {}
[397.292277] (-) TimerEvent: {}
[397.393553] (-) TimerEvent: {}
[397.493946] (-) TimerEvent: {}
[397.594356] (-) TimerEvent: {}
[397.694759] (-) TimerEvent: {}
[397.700726] (cartographer) StdoutLine: {'line': b'[ 78%] \x1b[32m\x1b[1mLinking CXX executable cartographer.mapping.internal.2d.tsdf_range_data_inserter_2d_test\x1b[0m\n'}
[397.795551] (-) TimerEvent: {}
[397.896507] (-) TimerEvent: {}
[397.964595] (cartographer) StdoutLine: {'line': b'[ 78%] Built target cartographer.mapping.internal.2d.tsdf_range_data_inserter_2d_test\n'}
[397.996628] (-) TimerEvent: {}
[397.998075] (cartographer) StdoutLine: {'line': b'[ 78%] \x1b[32mBuilding CXX object CMakeFiles/cartographer.mapping.internal.3d.scan_matching.fast_correlative_scan_matcher_3d_test.dir/cartographer/mapping/internal/3d/scan_matching/fast_correlative_scan_matcher_3d_test.cc.o\x1b[0m\n'}
[398.096750] (-) TimerEvent: {}
[398.197670] (-) TimerEvent: {}
[398.300661] (-) TimerEvent: {}
[398.401059] (-) TimerEvent: {}
[398.501434] (-) TimerEvent: {}
[398.601833] (-) TimerEvent: {}
[398.702225] (-) TimerEvent: {}
[398.802642] (-) TimerEvent: {}
[398.903030] (-) TimerEvent: {}
[399.004675] (-) TimerEvent: {}
[399.105089] (-) TimerEvent: {}
[399.205524] (-) TimerEvent: {}
[399.306326] (-) TimerEvent: {}
[399.409819] (-) TimerEvent: {}
[399.510225] (-) TimerEvent: {}
[399.610815] (-) TimerEvent: {}
[399.711257] (-) TimerEvent: {}
[399.812066] (-) TimerEvent: {}
[399.912546] (-) TimerEvent: {}
[400.012943] (-) TimerEvent: {}
[400.115643] (-) TimerEvent: {}
[400.216040] (-) TimerEvent: {}
[400.316438] (-) TimerEvent: {}
[400.416877] (-) TimerEvent: {}
[400.517307] (-) TimerEvent: {}
[400.617748] (-) TimerEvent: {}
[400.718170] (-) TimerEvent: {}
[400.819034] (-) TimerEvent: {}
[400.921688] (-) TimerEvent: {}
[401.022107] (-) TimerEvent: {}
[401.122532] (-) TimerEvent: {}
[401.222962] (-) TimerEvent: {}
[401.323369] (-) TimerEvent: {}
[401.423763] (-) TimerEvent: {}
[401.524543] (-) TimerEvent: {}
[401.624930] (-) TimerEvent: {}
[401.725545] (-) TimerEvent: {}
[401.826759] (-) TimerEvent: {}
[401.927166] (-) TimerEvent: {}
[402.028544] (-) TimerEvent: {}
[402.047647] (cartographer) StdoutLine: {'line': b'[ 78%] \x1b[32m\x1b[1mLinking CXX executable cartographer.mapping.internal.3d.local_trajectory_builder_3d_test\x1b[0m\n'}
[402.128675] (-) TimerEvent: {}
[402.229551] (-) TimerEvent: {}
[402.329950] (-) TimerEvent: {}
[402.430358] (-) TimerEvent: {}
[402.480548] (cartographer) StdoutLine: {'line': b'[ 78%] Built target cartographer.mapping.internal.3d.local_trajectory_builder_3d_test\n'}
[402.511196] (cartographer) StdoutLine: {'line': b'[ 78%] \x1b[32mBuilding CXX object CMakeFiles/cartographer.mapping.internal.3d.scan_matching.intensity_cost_function_3d_test.dir/cartographer/mapping/internal/3d/scan_matching/intensity_cost_function_3d_test.cc.o\x1b[0m\n'}
[402.530511] (-) TimerEvent: {}
[402.631542] (-) TimerEvent: {}
[402.732481] (-) TimerEvent: {}
[402.833557] (-) TimerEvent: {}
[402.933941] (-) TimerEvent: {}
[403.034326] (-) TimerEvent: {}
[403.135542] (-) TimerEvent: {}
[403.235923] (-) TimerEvent: {}
[403.336313] (-) TimerEvent: {}
[403.437545] (-) TimerEvent: {}
[403.537929] (-) TimerEvent: {}
[403.638312] (-) TimerEvent: {}
[403.739667] (-) TimerEvent: {}
[403.840060] (-) TimerEvent: {}
[403.940544] (-) TimerEvent: {}
[404.041546] (-) TimerEvent: {}
[404.141933] (-) TimerEvent: {}
[404.242546] (-) TimerEvent: {}
[404.343549] (-) TimerEvent: {}
[404.443955] (-) TimerEvent: {}
[404.544354] (-) TimerEvent: {}
[404.645547] (-) TimerEvent: {}
[404.745929] (-) TimerEvent: {}
[404.846340] (-) TimerEvent: {}
[404.947188] (-) TimerEvent: {}
[405.050719] (-) TimerEvent: {}
[405.151171] (-) TimerEvent: {}
[405.251560] (-) TimerEvent: {}
[405.352017] (-) TimerEvent: {}
[405.452439] (-) TimerEvent: {}
[405.552846] (-) TimerEvent: {}
[405.653241] (-) TimerEvent: {}
[405.753634] (-) TimerEvent: {}
[405.854032] (-) TimerEvent: {}
[405.954546] (-) TimerEvent: {}
[406.055548] (-) TimerEvent: {}
[406.155957] (-) TimerEvent: {}
[406.196982] (cartographer) StdoutLine: {'line': b'[ 79%] \x1b[32m\x1b[1mLinking CXX executable cartographer.mapping.internal.3d.scan_matching.ceres_scan_matcher_3d_test\x1b[0m\n'}
[406.256187] (-) TimerEvent: {}
[406.357192] (-) TimerEvent: {}
[406.460736] (-) TimerEvent: {}
[406.475237] (cartographer) StdoutLine: {'line': b'[ 79%] Built target cartographer.mapping.internal.3d.scan_matching.ceres_scan_matcher_3d_test\n'}
[406.506154] (cartographer) StdoutLine: {'line': b'[ 79%] \x1b[32mBuilding CXX object CMakeFiles/cartographer.mapping.internal.3d.scan_matching.interpolated_grid_test.dir/cartographer/mapping/internal/3d/scan_matching/interpolated_grid_test.cc.o\x1b[0m\n'}
[406.560857] (-) TimerEvent: {}
[406.661288] (-) TimerEvent: {}
[406.761716] (-) TimerEvent: {}
[406.859030] (cartographer) StdoutLine: {'line': b'[ 80%] \x1b[32m\x1b[1mLinking CXX executable cartographer.mapping.internal.3d.pose_graph_3d_test\x1b[0m\n'}
[406.862502] (-) TimerEvent: {}
[406.962827] (-) TimerEvent: {}
[407.063228] (-) TimerEvent: {}
[407.164549] (-) TimerEvent: {}
[407.264963] (-) TimerEvent: {}
[407.299612] (cartographer) StdoutLine: {'line': b'[ 80%] Built target cartographer.mapping.internal.3d.pose_graph_3d_test\n'}
[407.329535] (cartographer) StdoutLine: {'line': b'[ 80%] \x1b[32mBuilding CXX object CMakeFiles/cartographer.mapping.internal.3d.scan_matching.precomputation_grid_3d_test.dir/cartographer/mapping/internal/3d/scan_matching/precomputation_grid_3d_test.cc.o\x1b[0m\n'}
[407.365091] (-) TimerEvent: {}
[407.465528] (-) TimerEvent: {}
[407.565933] (-) TimerEvent: {}
[407.666328] (-) TimerEvent: {}
[407.767549] (-) TimerEvent: {}
[407.867958] (-) TimerEvent: {}
[407.968364] (-) TimerEvent: {}
[408.069545] (-) TimerEvent: {}
[408.169937] (-) TimerEvent: {}
[408.270334] (-) TimerEvent: {}
[408.371552] (-) TimerEvent: {}
[408.471976] (-) TimerEvent: {}
[408.572386] (-) TimerEvent: {}
[408.673547] (-) TimerEvent: {}
[408.773935] (-) TimerEvent: {}
[408.874322] (-) TimerEvent: {}
[408.975549] (-) TimerEvent: {}
[409.075941] (-) TimerEvent: {}
[409.176338] (-) TimerEvent: {}
[409.277548] (-) TimerEvent: {}
[409.377956] (-) TimerEvent: {}
[409.478350] (-) TimerEvent: {}
[409.579541] (-) TimerEvent: {}
[409.679904] (-) TimerEvent: {}
[409.780304] (-) TimerEvent: {}
[409.880889] (-) TimerEvent: {}
[409.984911] (-) TimerEvent: {}
[410.085313] (-) TimerEvent: {}
[410.185733] (-) TimerEvent: {}
[410.286130] (-) TimerEvent: {}
[410.386532] (-) TimerEvent: {}
[410.486939] (-) TimerEvent: {}
[410.587356] (-) TimerEvent: {}
[410.688545] (-) TimerEvent: {}
[410.728225] (cartographer) StdoutLine: {'line': b'[ 80%] \x1b[32m\x1b[1mLinking CXX executable cartographer.mapping.internal.3d.scan_matching.fast_correlative_scan_matcher_3d_test\x1b[0m\n'}
[410.788709] (-) TimerEvent: {}
[410.889704] (-) TimerEvent: {}
[410.990242] (-) TimerEvent: {}
[410.992719] (cartographer) StdoutLine: {'line': b'[ 80%] Built target cartographer.mapping.internal.3d.scan_matching.fast_correlative_scan_matcher_3d_test\n'}
[411.025316] (cartographer) StdoutLine: {'line': b'[ 80%] \x1b[32mBuilding CXX object CMakeFiles/cartographer.mapping.internal.3d.scan_matching.real_time_correlative_scan_matcher_3d_test.dir/cartographer/mapping/internal/3d/scan_matching/real_time_correlative_scan_matcher_3d_test.cc.o\x1b[0m\n'}
[411.090544] (-) TimerEvent: {}
[411.190930] (-) TimerEvent: {}
[411.291302] (-) TimerEvent: {}
[411.392545] (-) TimerEvent: {}
[411.492927] (-) TimerEvent: {}
[411.593314] (-) TimerEvent: {}
[411.694130] (-) TimerEvent: {}
[411.771755] (cartographer) StdoutLine: {'line': b'[ 81%] \x1b[32m\x1b[1mLinking CXX executable cartographer.mapping.internal.3d.scan_matching.intensity_cost_function_3d_test\x1b[0m\n'}
[411.794248] (-) TimerEvent: {}
[411.894626] (-) TimerEvent: {}
[411.957091] (cartographer) StdoutLine: {'line': b'[ 81%] Built target cartographer.mapping.internal.3d.scan_matching.intensity_cost_function_3d_test\n'}
[411.987788] (cartographer) StdoutLine: {'line': b'[ 81%] \x1b[32mBuilding CXX object CMakeFiles/cartographer.mapping.internal.3d.scan_matching.rotation_delta_cost_functor_3d_test.dir/cartographer/mapping/internal/3d/scan_matching/rotation_delta_cost_functor_3d_test.cc.o\x1b[0m\n'}
[411.994715] (-) TimerEvent: {}
[412.095142] (-) TimerEvent: {}
[412.195530] (-) TimerEvent: {}
[412.297738] (-) TimerEvent: {}
[412.398125] (-) TimerEvent: {}
[412.498546] (-) TimerEvent: {}
[412.600107] (-) TimerEvent: {}
[412.703672] (-) TimerEvent: {}
[412.804171] (-) TimerEvent: {}
[412.904635] (-) TimerEvent: {}
[413.005040] (-) TimerEvent: {}
[413.105489] (-) TimerEvent: {}
[413.206138] (-) TimerEvent: {}
[413.306645] (-) TimerEvent: {}
[413.409715] (-) TimerEvent: {}
[413.510174] (-) TimerEvent: {}
[413.610649] (-) TimerEvent: {}
[413.711065] (-) TimerEvent: {}
[413.812203] (-) TimerEvent: {}
[413.912903] (-) TimerEvent: {}
[414.013357] (-) TimerEvent: {}
[414.114546] (-) TimerEvent: {}
[414.215550] (-) TimerEvent: {}
[414.250545] (cartographer) StdoutLine: {'line': b'[ 81%] \x1b[32m\x1b[1mLinking CXX executable cartographer.mapping.internal.3d.scan_matching.interpolated_grid_test\x1b[0m\n'}
[414.315673] (-) TimerEvent: {}
[414.416523] (-) TimerEvent: {}
[414.435237] (cartographer) StdoutLine: {'line': b'[ 81%] Built target cartographer.mapping.internal.3d.scan_matching.interpolated_grid_test\n'}
[414.467620] (cartographer) StdoutLine: {'line': b'[ 81%] \x1b[32mBuilding CXX object CMakeFiles/cartographer.mapping.internal.3d.scan_matching.rotational_scan_matcher_test.dir/cartographer/mapping/internal/3d/scan_matching/rotational_scan_matcher_test.cc.o\x1b[0m\n'}
[414.517543] (-) TimerEvent: {}
[414.618027] (-) TimerEvent: {}
[414.718788] (-) TimerEvent: {}
[414.820554] (-) TimerEvent: {}
[414.921546] (-) TimerEvent: {}
[415.022250] (-) TimerEvent: {}
[415.104099] (cartographer) StdoutLine: {'line': b'[ 82%] \x1b[32m\x1b[1mLinking CXX executable cartographer.mapping.internal.3d.scan_matching.precomputation_grid_3d_test\x1b[0m\n'}
[415.122357] (-) TimerEvent: {}
[415.224825] (-) TimerEvent: {}
[415.280017] (cartographer) StdoutLine: {'line': b'[ 82%] Built target cartographer.mapping.internal.3d.scan_matching.precomputation_grid_3d_test\n'}
[415.309822] (cartographer) StdoutLine: {'line': b'[ 82%] \x1b[32mBuilding CXX object CMakeFiles/cartographer.mapping.internal.connected_components_test.dir/cartographer/mapping/internal/connected_components_test.cc.o\x1b[0m\n'}
[415.324942] (-) TimerEvent: {}
[415.425289] (-) TimerEvent: {}
[415.526539] (-) TimerEvent: {}
[415.626919] (-) TimerEvent: {}
[415.727307] (-) TimerEvent: {}
[415.827719] (-) TimerEvent: {}
[415.928545] (-) TimerEvent: {}
[416.028929] (-) TimerEvent: {}
[416.129303] (-) TimerEvent: {}
[416.230549] (-) TimerEvent: {}
[416.330944] (-) TimerEvent: {}
[416.431331] (-) TimerEvent: {}
[416.532548] (-) TimerEvent: {}
[416.632964] (-) TimerEvent: {}
[416.733544] (-) TimerEvent: {}
[416.833939] (-) TimerEvent: {}
[416.934343] (-) TimerEvent: {}
[417.034757] (-) TimerEvent: {}
[417.135151] (-) TimerEvent: {}
[417.235547] (-) TimerEvent: {}
[417.335947] (-) TimerEvent: {}
[417.436349] (-) TimerEvent: {}
[417.537543] (-) TimerEvent: {}
[417.637957] (-) TimerEvent: {}
[417.738364] (-) TimerEvent: {}
[417.839548] (-) TimerEvent: {}
[417.939979] (-) TimerEvent: {}
[418.040399] (-) TimerEvent: {}
[418.140818] (-) TimerEvent: {}
[418.146775] (cartographer) StdoutLine: {'line': b'[ 83%] \x1b[32m\x1b[1mLinking CXX executable cartographer.mapping.internal.3d.scan_matching.rotation_delta_cost_functor_3d_test\x1b[0m\n'}
[418.240943] (-) TimerEvent: {}
[418.316912] (cartographer) StdoutLine: {'line': b'[ 83%] Built target cartographer.mapping.internal.3d.scan_matching.rotation_delta_cost_functor_3d_test\n'}
[418.341068] (-) TimerEvent: {}
[418.346494] (cartographer) StdoutLine: {'line': b'[ 83%] \x1b[32mBuilding CXX object CMakeFiles/cartographer.mapping.internal.constraints.constraint_builder_2d_test.dir/cartographer/mapping/internal/constraints/constraint_builder_2d_test.cc.o\x1b[0m\n'}
[418.441196] (-) TimerEvent: {}
[418.542653] (-) TimerEvent: {}
[418.643260] (-) TimerEvent: {}
[418.744973] (-) TimerEvent: {}
[418.846313] (-) TimerEvent: {}
[418.947545] (-) TimerEvent: {}
[419.047921] (-) TimerEvent: {}
[419.148325] (-) TimerEvent: {}
[419.250647] (-) TimerEvent: {}
[419.351045] (-) TimerEvent: {}
[419.451444] (-) TimerEvent: {}
[419.551869] (-) TimerEvent: {}
[419.653198] (-) TimerEvent: {}
[419.755646] (-) TimerEvent: {}
[419.856053] (-) TimerEvent: {}
[419.956475] (-) TimerEvent: {}
[420.056885] (-) TimerEvent: {}
[420.157303] (-) TimerEvent: {}
[420.258543] (-) TimerEvent: {}
[420.358961] (-) TimerEvent: {}
[420.461679] (-) TimerEvent: {}
[420.562099] (-) TimerEvent: {}
[420.662529] (-) TimerEvent: {}
[420.762938] (-) TimerEvent: {}
[420.863345] (-) TimerEvent: {}
[420.964546] (-) TimerEvent: {}
[421.064944] (-) TimerEvent: {}
[421.165335] (-) TimerEvent: {}
[421.266543] (-) TimerEvent: {}
[421.366939] (-) TimerEvent: {}
[421.377080] (cartographer) StdoutLine: {'line': b'[ 83%] \x1b[32m\x1b[1mLinking CXX executable cartographer.mapping.internal.3d.scan_matching.rotational_scan_matcher_test\x1b[0m\n'}
[421.467546] (-) TimerEvent: {}
[421.568554] (-) TimerEvent: {}
[421.596213] (cartographer) StdoutLine: {'line': b'[ 83%] Built target cartographer.mapping.internal.3d.scan_matching.rotational_scan_matcher_test\n'}
[421.630340] (cartographer) StdoutLine: {'line': b'[ 84%] \x1b[32mBuilding CXX object CMakeFiles/cartographer.mapping.internal.constraints.constraint_builder_3d_test.dir/cartographer/mapping/internal/constraints/constraint_builder_3d_test.cc.o\x1b[0m\n'}
[421.668677] (-) TimerEvent: {}
[421.769445] (-) TimerEvent: {}
[421.869895] (-) TimerEvent: {}
[421.922767] (cartographer) StdoutLine: {'line': b'[ 84%] \x1b[32m\x1b[1mLinking CXX executable cartographer.mapping.internal.3d.scan_matching.real_time_correlative_scan_matcher_3d_test\x1b[0m\n'}
[421.970028] (-) TimerEvent: {}
[422.070547] (-) TimerEvent: {}
[422.161755] (cartographer) StdoutLine: {'line': b'[ 84%] Built target cartographer.mapping.internal.3d.scan_matching.real_time_correlative_scan_matcher_3d_test\n'}
[422.172520] (-) TimerEvent: {}
[422.196481] (cartographer) StdoutLine: {'line': b'[ 84%] \x1b[32mBuilding CXX object CMakeFiles/cartographer.mapping.internal.motion_filter_test.dir/cartographer/mapping/internal/motion_filter_test.cc.o\x1b[0m\n'}
[422.272646] (-) TimerEvent: {}
[422.373200] (-) TimerEvent: {}
[422.473717] (-) TimerEvent: {}
[422.574121] (-) TimerEvent: {}
[422.674538] (-) TimerEvent: {}
[422.776647] (-) TimerEvent: {}
[422.877060] (-) TimerEvent: {}
[422.977480] (-) TimerEvent: {}
[423.077885] (-) TimerEvent: {}
[423.180688] (-) TimerEvent: {}
[423.281098] (-) TimerEvent: {}
[423.309296] (cartographer) StdoutLine: {'line': b'[ 85%] \x1b[32m\x1b[1mLinking CXX executable cartographer.mapping.internal.connected_components_test\x1b[0m\n'}
[423.381226] (-) TimerEvent: {}
[423.482163] (-) TimerEvent: {}
[423.538333] (cartographer) StdoutLine: {'line': b'[ 85%] Built target cartographer.mapping.internal.connected_components_test\n'}
[423.569137] (cartographer) StdoutLine: {'line': b'[ 86%] \x1b[32mBuilding CXX object CMakeFiles/cartographer.mapping.internal.optimization.cost_functions.landmark_cost_function_2d_test.dir/cartographer/mapping/internal/optimization/cost_functions/landmark_cost_function_2d_test.cc.o\x1b[0m\n'}
[423.584517] (-) TimerEvent: {}
[423.685184] (-) TimerEvent: {}
[423.785882] (-) TimerEvent: {}
[423.886550] (-) TimerEvent: {}
[423.986948] (-) TimerEvent: {}
[424.087344] (-) TimerEvent: {}
[424.190979] (-) TimerEvent: {}
[424.291369] (-) TimerEvent: {}
[424.391780] (-) TimerEvent: {}
[424.492181] (-) TimerEvent: {}
[424.592655] (-) TimerEvent: {}
[424.693068] (-) TimerEvent: {}
[424.793497] (-) TimerEvent: {}
[424.896699] (-) TimerEvent: {}
[424.997174] (-) TimerEvent: {}
[425.097623] (-) TimerEvent: {}
[425.198654] (-) TimerEvent: {}
[425.299087] (-) TimerEvent: {}
[425.399528] (-) TimerEvent: {}
[425.499967] (-) TimerEvent: {}
[425.601713] (-) TimerEvent: {}
[425.702181] (-) TimerEvent: {}
[425.802721] (-) TimerEvent: {}
[425.903117] (-) TimerEvent: {}
[426.003556] (-) TimerEvent: {}
[426.104633] (-) TimerEvent: {}
[426.205047] (-) TimerEvent: {}
[426.305621] (-) TimerEvent: {}
[426.406016] (-) TimerEvent: {}
[426.506414] (-) TimerEvent: {}
[426.607554] (-) TimerEvent: {}
[426.707979] (-) TimerEvent: {}
[426.808385] (-) TimerEvent: {}
[426.909549] (-) TimerEvent: {}
[427.009942] (-) TimerEvent: {}
[427.110323] (-) TimerEvent: {}
[427.210757] (-) TimerEvent: {}
[427.311155] (-) TimerEvent: {}
[427.412550] (-) TimerEvent: {}
[427.512950] (-) TimerEvent: {}
[427.613331] (-) TimerEvent: {}
[427.713748] (-) TimerEvent: {}
[427.814545] (-) TimerEvent: {}
[427.914950] (-) TimerEvent: {}
[428.015357] (-) TimerEvent: {}
[428.118793] (-) TimerEvent: {}
[428.219165] (-) TimerEvent: {}
[428.319555] (-) TimerEvent: {}
[428.419946] (-) TimerEvent: {}
[428.520329] (-) TimerEvent: {}
[428.620759] (-) TimerEvent: {}
[428.721180] (-) TimerEvent: {}
[428.821618] (-) TimerEvent: {}
[428.922549] (-) TimerEvent: {}
[429.022951] (-) TimerEvent: {}
[429.123555] (-) TimerEvent: {}
[429.194860] (cartographer) StdoutLine: {'line': b'[ 86%] \x1b[32m\x1b[1mLinking CXX executable cartographer.mapping.internal.motion_filter_test\x1b[0m\n'}
[429.223675] (-) TimerEvent: {}
[429.324554] (-) TimerEvent: {}
[429.425019] (-) TimerEvent: {}
[429.451524] (cartographer) StdoutLine: {'line': b'[ 86%] Built target cartographer.mapping.internal.motion_filter_test\n'}
[429.484619] (cartographer) StdoutLine: {'line': b'[ 86%] \x1b[32mBuilding CXX object CMakeFiles/cartographer.mapping.internal.optimization.cost_functions.landmark_cost_function_3d_test.dir/cartographer/mapping/internal/optimization/cost_functions/landmark_cost_function_3d_test.cc.o\x1b[0m\n'}
[429.525145] (-) TimerEvent: {}
[429.625549] (-) TimerEvent: {}
[429.725965] (-) TimerEvent: {}
[429.826396] (-) TimerEvent: {}
[429.927510] (-) TimerEvent: {}
[430.028513] (-) TimerEvent: {}
[430.129542] (-) TimerEvent: {}
[430.229917] (-) TimerEvent: {}
[430.330295] (-) TimerEvent: {}
[430.431544] (-) TimerEvent: {}
[430.433735] (cartographer) StdoutLine: {'line': b'[ 86%] \x1b[32m\x1b[1mLinking CXX executable cartographer.mapping.internal.constraints.constraint_builder_2d_test\x1b[0m\n'}
[430.531675] (-) TimerEvent: {}
[430.632079] (-) TimerEvent: {}
[430.732504] (-) TimerEvent: {}
[430.834545] (-) TimerEvent: {}
[430.890583] (cartographer) StdoutLine: {'line': b'[ 86%] Built target cartographer.mapping.internal.constraints.constraint_builder_2d_test\n'}
[430.921126] (cartographer) StdoutLine: {'line': b'[ 87%] \x1b[32mBuilding CXX object CMakeFiles/cartographer.mapping.internal.optimization.cost_functions.spa_cost_function_2d_test.dir/cartographer/mapping/internal/optimization/cost_functions/spa_cost_function_2d_test.cc.o\x1b[0m\n'}
[430.934659] (-) TimerEvent: {}
[431.035049] (-) TimerEvent: {}
[431.135448] (-) TimerEvent: {}
[431.237664] (-) TimerEvent: {}
[431.338061] (-) TimerEvent: {}
[431.438478] (-) TimerEvent: {}
[431.538881] (-) TimerEvent: {}
[431.640129] (-) TimerEvent: {}
[431.741688] (-) TimerEvent: {}
[431.842115] (-) TimerEvent: {}
[431.943545] (-) TimerEvent: {}
[432.044545] (-) TimerEvent: {}
[432.144949] (-) TimerEvent: {}
[432.245545] (-) TimerEvent: {}
[432.346548] (-) TimerEvent: {}
[432.446954] (-) TimerEvent: {}
[432.547550] (-) TimerEvent: {}
[432.648549] (-) TimerEvent: {}
[432.749249] (-) TimerEvent: {}
[432.850675] (-) TimerEvent: {}
[432.951080] (-) TimerEvent: {}
[433.052553] (-) TimerEvent: {}
[433.152969] (-) TimerEvent: {}
[433.253549] (-) TimerEvent: {}
[433.354550] (-) TimerEvent: {}
[433.454945] (-) TimerEvent: {}
[433.555547] (-) TimerEvent: {}
[433.657545] (-) TimerEvent: {}
[433.758050] (-) TimerEvent: {}
[433.858779] (-) TimerEvent: {}
[433.959199] (-) TimerEvent: {}
[434.059978] (-) TimerEvent: {}
[434.162683] (-) TimerEvent: {}
[434.263068] (-) TimerEvent: {}
[434.363475] (-) TimerEvent: {}
[434.459584] (cartographer) StdoutLine: {'line': b'[ 87%] \x1b[32m\x1b[1mLinking CXX executable cartographer.mapping.internal.constraints.constraint_builder_3d_test\x1b[0m\n'}
[434.463503] (-) TimerEvent: {}
[434.563846] (-) TimerEvent: {}
[434.666547] (-) TimerEvent: {}
[434.766961] (-) TimerEvent: {}
[434.867385] (-) TimerEvent: {}
[434.907653] (cartographer) StdoutLine: {'line': b'[ 87%] Built target cartographer.mapping.internal.constraints.constraint_builder_3d_test\n'}
[434.938212] (cartographer) StdoutLine: {'line': b'[ 87%] \x1b[32mBuilding CXX object CMakeFiles/cartographer.mapping.internal.optimization.optimization_problem_3d_test.dir/cartographer/mapping/internal/optimization/optimization_problem_3d_test.cc.o\x1b[0m\n'}
[434.967520] (-) TimerEvent: {}
[435.067886] (-) TimerEvent: {}
[435.168545] (-) TimerEvent: {}
[435.268917] (-) TimerEvent: {}
[435.369542] (-) TimerEvent: {}
[435.470541] (-) TimerEvent: {}
[435.570927] (-) TimerEvent: {}
[435.671539] (-) TimerEvent: {}
[435.771920] (-) TimerEvent: {}
[435.872539] (-) TimerEvent: {}
[435.972935] (-) TimerEvent: {}
[436.073551] (-) TimerEvent: {}
[436.173944] (-) TimerEvent: {}
[436.277696] (-) TimerEvent: {}
[436.378147] (-) TimerEvent: {}
[436.478562] (-) TimerEvent: {}
[436.579016] (-) TimerEvent: {}
[436.679470] (-) TimerEvent: {}
[436.779891] (-) TimerEvent: {}
[436.880280] (-) TimerEvent: {}
[436.920570] (cartographer) StdoutLine: {'line': b'[ 87%] \x1b[32m\x1b[1mLinking CXX executable cartographer.mapping.internal.optimization.cost_functions.landmark_cost_function_2d_test\x1b[0m\n'}
[436.980547] (-) TimerEvent: {}
[437.081559] (-) TimerEvent: {}
[437.113791] (cartographer) StdoutLine: {'line': b'[ 87%] Built target cartographer.mapping.internal.optimization.cost_functions.landmark_cost_function_2d_test\n'}
[437.144074] (cartographer) StdoutLine: {'line': b'[ 88%] \x1b[32mBuilding CXX object CMakeFiles/cartographer.mapping.internal.range_data_collator_test.dir/cartographer/mapping/internal/range_data_collator_test.cc.o\x1b[0m\n'}
[437.181679] (-) TimerEvent: {}
[437.282525] (-) TimerEvent: {}
[437.384743] (-) TimerEvent: {}
[437.485347] (-) TimerEvent: {}
[437.585773] (-) TimerEvent: {}
[437.686185] (-) TimerEvent: {}
[437.787546] (-) TimerEvent: {}
[437.887946] (-) TimerEvent: {}
[437.988548] (-) TimerEvent: {}
[438.088942] (-) TimerEvent: {}
[438.189321] (-) TimerEvent: {}
[438.291702] (-) TimerEvent: {}
[438.392070] (-) TimerEvent: {}
[438.492539] (-) TimerEvent: {}
[438.592920] (-) TimerEvent: {}
[438.694544] (-) TimerEvent: {}
[438.794940] (-) TimerEvent: {}
[438.895337] (-) TimerEvent: {}
[438.995757] (-) TimerEvent: {}
[439.096545] (-) TimerEvent: {}
[439.196950] (-) TimerEvent: {}
[439.297542] (-) TimerEvent: {}
[439.398542] (-) TimerEvent: {}
[439.499160] (-) TimerEvent: {}
[439.600548] (-) TimerEvent: {}
[439.700938] (-) TimerEvent: {}
[439.801435] (-) TimerEvent: {}
[439.902544] (-) TimerEvent: {}
[440.002913] (-) TimerEvent: {}
[440.103288] (-) TimerEvent: {}
[440.204543] (-) TimerEvent: {}
[440.304921] (-) TimerEvent: {}
[440.405352] (-) TimerEvent: {}
[440.506543] (-) TimerEvent: {}
[440.606937] (-) TimerEvent: {}
[440.707330] (-) TimerEvent: {}
[440.808660] (-) TimerEvent: {}
[440.909054] (-) TimerEvent: {}
[441.009452] (-) TimerEvent: {}
[441.109846] (-) TimerEvent: {}
[441.210539] (-) TimerEvent: {}
[441.310913] (-) TimerEvent: {}
[441.411542] (-) TimerEvent: {}
[441.512542] (-) TimerEvent: {}
[441.612929] (-) TimerEvent: {}
[441.713544] (-) TimerEvent: {}
[441.814538] (-) TimerEvent: {}
[441.914905] (-) TimerEvent: {}
[441.936533] (cartographer) StdoutLine: {'line': b'[ 88%] \x1b[32m\x1b[1mLinking CXX executable cartographer.mapping.internal.optimization.cost_functions.spa_cost_function_2d_test\x1b[0m\n'}
[442.015545] (-) TimerEvent: {}
[442.115933] (-) TimerEvent: {}
[442.127119] (cartographer) StdoutLine: {'line': b'[ 88%] Built target cartographer.mapping.internal.optimization.cost_functions.spa_cost_function_2d_test\n'}
[442.155746] (cartographer) StdoutLine: {'line': b'[ 88%] \x1b[32mBuilding CXX object CMakeFiles/cartographer.mapping.internal.trajectory_connectivity_state_test.dir/cartographer/mapping/internal/trajectory_connectivity_state_test.cc.o\x1b[0m\n'}
[442.216548] (-) TimerEvent: {}
[442.221832] (cartographer) StdoutLine: {'line': b'[ 88%] \x1b[32m\x1b[1mLinking CXX executable cartographer.mapping.internal.optimization.cost_functions.landmark_cost_function_3d_test\x1b[0m\n'}
[442.316673] (-) TimerEvent: {}
[442.416323] (cartographer) StdoutLine: {'line': b'[ 88%] Built target cartographer.mapping.internal.optimization.cost_functions.landmark_cost_function_3d_test\n'}
[442.419497] (-) TimerEvent: {}
[442.449624] (cartographer) StdoutLine: {'line': b'[ 89%] \x1b[32mBuilding CXX object CMakeFiles/cartographer.mapping.map_builder_test.dir/cartographer/mapping/map_builder_test.cc.o\x1b[0m\n'}
[442.519635] (-) TimerEvent: {}
[442.620363] (-) TimerEvent: {}
[442.720900] (-) TimerEvent: {}
[442.821405] (-) TimerEvent: {}
[442.922266] (-) TimerEvent: {}
[443.022717] (-) TimerEvent: {}
[443.124544] (-) TimerEvent: {}
[443.224963] (-) TimerEvent: {}
[443.325438] (-) TimerEvent: {}
[443.427717] (-) TimerEvent: {}
[443.528126] (-) TimerEvent: {}
[443.628548] (-) TimerEvent: {}
[443.729111] (-) TimerEvent: {}
[443.832732] (-) TimerEvent: {}
[443.933180] (-) TimerEvent: {}
[444.033593] (-) TimerEvent: {}
[444.134655] (-) TimerEvent: {}
[444.235371] (-) TimerEvent: {}
[444.336129] (-) TimerEvent: {}
[444.436545] (-) TimerEvent: {}
[444.537546] (-) TimerEvent: {}
[444.637974] (-) TimerEvent: {}
[444.738998] (-) TimerEvent: {}
[444.840763] (-) TimerEvent: {}
[444.941187] (-) TimerEvent: {}
[445.042549] (-) TimerEvent: {}
[445.142958] (-) TimerEvent: {}
[445.197211] (cartographer) StdoutLine: {'line': b'[ 89%] \x1b[32m\x1b[1mLinking CXX executable cartographer.mapping.internal.optimization.optimization_problem_3d_test\x1b[0m\n'}
[445.243103] (-) TimerEvent: {}
[445.344553] (-) TimerEvent: {}
[445.445448] (-) TimerEvent: {}
[445.475304] (cartographer) StdoutLine: {'line': b'[ 89%] Built target cartographer.mapping.internal.optimization.optimization_problem_3d_test\n'}
[445.506996] (cartographer) StdoutLine: {'line': b'[ 89%] \x1b[32mBuilding CXX object CMakeFiles/cartographer.mapping.pose_extrapolator_test.dir/cartographer/mapping/pose_extrapolator_test.cc.o\x1b[0m\n'}
[445.545549] (-) TimerEvent: {}
[445.647728] (-) TimerEvent: {}
[445.748533] (-) TimerEvent: {}
[445.849208] (-) TimerEvent: {}
[445.950543] (-) TimerEvent: {}
[446.051552] (cartographer) StdoutLine: {'line': b'[ 89%] \x1b[32m\x1b[1mLinking CXX executable cartographer.mapping.internal.range_data_collator_test\x1b[0m\n'}
[446.051831] (-) TimerEvent: {}
[446.152259] (-) TimerEvent: {}
[446.248615] (cartographer) StdoutLine: {'line': b'[ 89%] Built target cartographer.mapping.internal.range_data_collator_test\n'}
[446.252337] (-) TimerEvent: {}
[446.277427] (cartographer) StdoutLine: {'line': b'[ 90%] \x1b[32mBuilding CXX object CMakeFiles/cartographer.mapping.pose_graph_test.dir/cartographer/mapping/pose_graph_test.cc.o\x1b[0m\n'}
[446.352503] (-) TimerEvent: {}
[446.453359] (-) TimerEvent: {}
[446.554922] (-) TimerEvent: {}
[446.655844] (-) TimerEvent: {}
[446.756917] (-) TimerEvent: {}
[446.859693] (-) TimerEvent: {}
[446.960162] (-) TimerEvent: {}
[447.060549] (-) TimerEvent: {}
[447.160967] (-) TimerEvent: {}
[447.261388] (-) TimerEvent: {}
[447.361826] (-) TimerEvent: {}
[447.463679] (-) TimerEvent: {}
[447.564106] (-) TimerEvent: {}
[447.664558] (-) TimerEvent: {}
[447.766680] (-) TimerEvent: {}
[447.867102] (-) TimerEvent: {}
[447.967540] (-) TimerEvent: {}
[448.068296] (-) TimerEvent: {}
[448.168713] (-) TimerEvent: {}
[448.269542] (-) TimerEvent: {}
[448.369937] (-) TimerEvent: {}
[448.471546] (-) TimerEvent: {}
[448.571947] (-) TimerEvent: {}
[448.672342] (-) TimerEvent: {}
[448.774701] (-) TimerEvent: {}
[448.875095] (-) TimerEvent: {}
[448.975510] (-) TimerEvent: {}
[449.075908] (-) TimerEvent: {}
[449.176307] (-) TimerEvent: {}
[449.277543] (-) TimerEvent: {}
[449.377943] (-) TimerEvent: {}
[449.478330] (-) TimerEvent: {}
[449.578740] (-) TimerEvent: {}
[449.679546] (-) TimerEvent: {}
[449.779952] (-) TimerEvent: {}
[449.880541] (-) TimerEvent: {}
[449.981551] (-) TimerEvent: {}
[450.010543] (cartographer) StdoutLine: {'line': b'[ 90%] \x1b[32m\x1b[1mLinking CXX executable cartographer.mapping.internal.trajectory_connectivity_state_test\x1b[0m\n'}
[450.081673] (-) TimerEvent: {}
[450.182546] (-) TimerEvent: {}
[450.236066] (cartographer) StdoutLine: {'line': b'[ 90%] Built target cartographer.mapping.internal.trajectory_connectivity_state_test\n'}
[450.274043] (cartographer) StdoutLine: {'line': b'[ 90%] \x1b[32mBuilding CXX object CMakeFiles/cartographer.mapping.pose_graph_trimmer_test.dir/cartographer/mapping/pose_graph_trimmer_test.cc.o\x1b[0m\n'}
[450.282654] (-) TimerEvent: {}
[450.384807] (-) TimerEvent: {}
[450.485226] (-) TimerEvent: {}
[450.585639] (-) TimerEvent: {}
[450.686053] (-) TimerEvent: {}
[450.786923] (-) TimerEvent: {}
[450.887722] (-) TimerEvent: {}
[450.989545] (-) TimerEvent: {}
[451.089994] (-) TimerEvent: {}
[451.190412] (-) TimerEvent: {}
[451.290900] (-) TimerEvent: {}
[451.391967] (-) TimerEvent: {}
[451.493747] (-) TimerEvent: {}
[451.594266] (-) TimerEvent: {}
[451.695546] (-) TimerEvent: {}
[451.796076] (-) TimerEvent: {}
[451.896644] (-) TimerEvent: {}
[451.997735] (-) TimerEvent: {}
[452.099772] (-) TimerEvent: {}
[452.200300] (-) TimerEvent: {}
[452.300839] (-) TimerEvent: {}
[452.401771] (-) TimerEvent: {}
[452.503030] (-) TimerEvent: {}
[452.604009] (-) TimerEvent: {}
[452.707649] (-) TimerEvent: {}
[452.808055] (-) TimerEvent: {}
[452.910108] (-) TimerEvent: {}
[453.010558] (-) TimerEvent: {}
[453.111550] (-) TimerEvent: {}
[453.212545] (-) TimerEvent: {}
[453.313545] (-) TimerEvent: {}
[453.415963] (-) TimerEvent: {}
[453.516431] (-) TimerEvent: {}
[453.616856] (-) TimerEvent: {}
[453.717259] (-) TimerEvent: {}
[453.818547] (-) TimerEvent: {}
[453.918977] (-) TimerEvent: {}
[454.020544] (-) TimerEvent: {}
[454.121009] (-) TimerEvent: {}
[454.221486] (-) TimerEvent: {}
[454.322382] (-) TimerEvent: {}
[454.344003] (cartographer) StdoutLine: {'line': b'[ 90%] \x1b[32m\x1b[1mLinking CXX executable cartographer.mapping.pose_graph_test\x1b[0m\n'}
[454.422544] (-) TimerEvent: {}
[454.524560] (-) TimerEvent: {}
[454.625045] (-) TimerEvent: {}
[454.726550] (-) TimerEvent: {}
[454.767310] (cartographer) StdoutLine: {'line': b'[ 90%] Built target cartographer.mapping.pose_graph_test\n'}
[454.800834] (cartographer) StdoutLine: {'line': b'[ 91%] \x1b[32mBuilding CXX object CMakeFiles/cartographer.mapping.probability_values_test.dir/cartographer/mapping/probability_values_test.cc.o\x1b[0m\n'}
[454.827573] (-) TimerEvent: {}
[454.931196] (-) TimerEvent: {}
[455.031640] (-) TimerEvent: {}
[455.132076] (-) TimerEvent: {}
[455.232528] (-) TimerEvent: {}
[455.333680] (-) TimerEvent: {}
[455.434960] (-) TimerEvent: {}
[455.537033] (-) TimerEvent: {}
[455.637902] (-) TimerEvent: {}
[455.738368] (-) TimerEvent: {}
[455.840703] (-) TimerEvent: {}
[455.941163] (-) TimerEvent: {}
[456.041549] (-) TimerEvent: {}
[456.142000] (-) TimerEvent: {}
[456.242447] (-) TimerEvent: {}
[456.343701] (-) TimerEvent: {}
[456.444844] (-) TimerEvent: {}
[456.546549] (-) TimerEvent: {}
[456.647036] (-) TimerEvent: {}
[456.747503] (-) TimerEvent: {}
[456.848543] (-) TimerEvent: {}
[456.950546] (-) TimerEvent: {}
[456.988628] (cartographer) StdoutLine: {'line': b'[ 91%] \x1b[32m\x1b[1mLinking CXX executable cartographer.mapping.pose_extrapolator_test\x1b[0m\n'}
[457.050669] (-) TimerEvent: {}
[457.151130] (-) TimerEvent: {}
[457.184804] (cartographer) StdoutLine: {'line': b'[ 91%] Built target cartographer.mapping.pose_extrapolator_test\n'}
[457.217498] (cartographer) StdoutLine: {'line': b'[ 91%] \x1b[32mBuilding CXX object CMakeFiles/cartographer.mapping.submaps_test.dir/cartographer/mapping/submaps_test.cc.o\x1b[0m\n'}
[457.251252] (-) TimerEvent: {}
[457.351752] (-) TimerEvent: {}
[457.452542] (-) TimerEvent: {}
[457.553139] (-) TimerEvent: {}
[457.654060] (-) TimerEvent: {}
[457.756705] (-) TimerEvent: {}
[457.857193] (-) TimerEvent: {}
[457.957704] (-) TimerEvent: {}
[457.971163] (cartographer) StdoutLine: {'line': b'[ 91%] \x1b[32m\x1b[1mLinking CXX executable cartographer.mapping.pose_graph_trimmer_test\x1b[0m\n'}
[458.057833] (-) TimerEvent: {}
[458.157642] (cartographer) StdoutLine: {'line': b'[ 91%] Built target cartographer.mapping.pose_graph_trimmer_test\n'}
[458.157902] (-) TimerEvent: {}
[458.189523] (cartographer) StdoutLine: {'line': b'[ 92%] \x1b[32mBuilding CXX object CMakeFiles/cartographer.mapping.trajectory_node_test.dir/cartographer/mapping/trajectory_node_test.cc.o\x1b[0m\n'}
[458.258050] (-) TimerEvent: {}
[458.358419] (-) TimerEvent: {}
[458.459541] (-) TimerEvent: {}
[458.488567] (cartographer) StdoutLine: {'line': b'[ 92%] \x1b[32m\x1b[1mLinking CXX executable cartographer.mapping.map_builder_test\x1b[0m\n'}
[458.559669] (-) TimerEvent: {}
[458.660549] (-) TimerEvent: {}
[458.760951] (-) TimerEvent: {}
[458.863680] (-) TimerEvent: {}
[458.964286] (-) TimerEvent: {}
[459.064734] (-) TimerEvent: {}
[459.110066] (cartographer) StdoutLine: {'line': b'[ 92%] Built target cartographer.mapping.map_builder_test\n'}
[459.153656] (cartographer) StdoutLine: {'line': b'[ 92%] \x1b[32mBuilding CXX object CMakeFiles/cartographer.mapping.value_conversion_tables_test.dir/cartographer/mapping/value_conversion_tables_test.cc.o\x1b[0m\n'}
[459.164841] (-) TimerEvent: {}
[459.268713] (-) TimerEvent: {}
[459.369225] (-) TimerEvent: {}
[459.469734] (-) TimerEvent: {}
[459.570222] (-) TimerEvent: {}
[459.670776] (-) TimerEvent: {}
[459.772680] (-) TimerEvent: {}
[459.873079] (-) TimerEvent: {}
[459.973479] (-) TimerEvent: {}
[460.074546] (-) TimerEvent: {}
[460.174933] (-) TimerEvent: {}
[460.275307] (-) TimerEvent: {}
[460.376542] (-) TimerEvent: {}
[460.476954] (-) TimerEvent: {}
[460.575719] (cartographer) StdoutLine: {'line': b'[ 92%] \x1b[32m\x1b[1mLinking CXX executable cartographer.mapping.probability_values_test\x1b[0m\n'}
[460.577024] (-) TimerEvent: {}
[460.677356] (-) TimerEvent: {}
[460.779870] (-) TimerEvent: {}
[460.781818] (cartographer) StdoutLine: {'line': b'[ 92%] Built target cartographer.mapping.probability_values_test\n'}
[460.811972] (cartographer) StdoutLine: {'line': b'[ 93%] \x1b[32mBuilding CXX object CMakeFiles/cartographer.sensor.compressed_point_cloud_test.dir/cartographer/sensor/compressed_point_cloud_test.cc.o\x1b[0m\n'}
[460.879998] (-) TimerEvent: {}
[460.981883] (-) TimerEvent: {}
[461.082853] (-) TimerEvent: {}
[461.183791] (-) TimerEvent: {}
[461.285484] (-) TimerEvent: {}
[461.386399] (-) TimerEvent: {}
[461.488875] (-) TimerEvent: {}
[461.589839] (-) TimerEvent: {}
[461.690768] (-) TimerEvent: {}
[461.791625] (-) TimerEvent: {}
[461.892851] (-) TimerEvent: {}
[461.994842] (-) TimerEvent: {}
[462.095556] (-) TimerEvent: {}
[462.196003] (-) TimerEvent: {}
[462.297282] (-) TimerEvent: {}
[462.398883] (-) TimerEvent: {}
[462.499289] (-) TimerEvent: {}
[462.600547] (-) TimerEvent: {}
[462.700953] (-) TimerEvent: {}
[462.801353] (-) TimerEvent: {}
[462.902545] (-) TimerEvent: {}
[463.002958] (-) TimerEvent: {}
[463.066562] (cartographer) StdoutLine: {'line': b'[ 93%] \x1b[32m\x1b[1mLinking CXX executable cartographer.mapping.value_conversion_tables_test\x1b[0m\n'}
[463.103550] (-) TimerEvent: {}
[463.203961] (-) TimerEvent: {}
[463.251544] (cartographer) StdoutLine: {'line': b'[ 93%] Built target cartographer.mapping.value_conversion_tables_test\n'}
[463.280601] (cartographer) StdoutLine: {'line': b'[ 93%] \x1b[32mBuilding CXX object CMakeFiles/cartographer.sensor.internal.collator_test.dir/cartographer/sensor/internal/collator_test.cc.o\x1b[0m\n'}
[463.304076] (-) TimerEvent: {}
[463.404479] (-) TimerEvent: {}
[463.507642] (-) TimerEvent: {}
[463.608022] (-) TimerEvent: {}
[463.708404] (-) TimerEvent: {}
[463.808834] (-) TimerEvent: {}
[463.909252] (-) TimerEvent: {}
[464.009691] (-) TimerEvent: {}
[464.110101] (-) TimerEvent: {}
[464.132073] (cartographer) StdoutLine: {'line': b'[ 93%] \x1b[32m\x1b[1mLinking CXX executable cartographer.mapping.submaps_test\x1b[0m\n'}
[464.211549] (-) TimerEvent: {}
[464.312079] (-) TimerEvent: {}
[464.320096] (cartographer) StdoutLine: {'line': b'[ 93%] Built target cartographer.mapping.submaps_test\n'}
[464.354549] (cartographer) StdoutLine: {'line': b'[ 94%] \x1b[32mBuilding CXX object CMakeFiles/cartographer.sensor.internal.ordered_multi_queue_test.dir/cartographer/sensor/internal/ordered_multi_queue_test.cc.o\x1b[0m\n'}
[464.412208] (-) TimerEvent: {}
[464.512716] (-) TimerEvent: {}
[464.613504] (-) TimerEvent: {}
[464.714004] (-) TimerEvent: {}
[464.815036] (-) TimerEvent: {}
[464.916645] (-) TimerEvent: {}
[465.017078] (-) TimerEvent: {}
[465.117509] (-) TimerEvent: {}
[465.220685] (-) TimerEvent: {}
[465.321079] (-) TimerEvent: {}
[465.421540] (-) TimerEvent: {}
[465.521931] (-) TimerEvent: {}
[465.623487] (-) TimerEvent: {}
[465.723878] (-) TimerEvent: {}
[465.824523] (-) TimerEvent: {}
[465.925681] (-) TimerEvent: {}
[466.027679] (-) TimerEvent: {}
[466.128110] (-) TimerEvent: {}
[466.228538] (-) TimerEvent: {}
[466.328955] (-) TimerEvent: {}
[466.431679] (-) TimerEvent: {}
[466.532093] (-) TimerEvent: {}
[466.632529] (-) TimerEvent: {}
[466.732941] (-) TimerEvent: {}
[466.833342] (-) TimerEvent: {}
[466.933738] (-) TimerEvent: {}
[467.034556] (-) TimerEvent: {}
[467.134937] (-) TimerEvent: {}
[467.236001] (-) TimerEvent: {}
[467.336483] (-) TimerEvent: {}
[467.437325] (-) TimerEvent: {}
[467.539698] (-) TimerEvent: {}
[467.640118] (-) TimerEvent: {}
[467.660062] (cartographer) StdoutLine: {'line': b'[ 94%] \x1b[32m\x1b[1mLinking CXX executable cartographer.mapping.trajectory_node_test\x1b[0m\n'}
[467.740248] (-) TimerEvent: {}
[467.840670] (-) TimerEvent: {}
[467.902452] (cartographer) StdoutLine: {'line': b'[ 94%] Built target cartographer.mapping.trajectory_node_test\n'}
[467.933939] (cartographer) StdoutLine: {'line': b'[ 94%] \x1b[32mBuilding CXX object CMakeFiles/cartographer.sensor.internal.trajectory_collator_test.dir/cartographer/sensor/internal/trajectory_collator_test.cc.o\x1b[0m\n'}
[467.940757] (-) TimerEvent: {}
[468.041122] (-) TimerEvent: {}
[468.141623] (-) TimerEvent: {}
[468.242035] (-) TimerEvent: {}
[468.343544] (-) TimerEvent: {}
[468.443944] (-) TimerEvent: {}
[468.544351] (-) TimerEvent: {}
[468.646546] (-) TimerEvent: {}
[468.746946] (-) TimerEvent: {}
[468.847339] (-) TimerEvent: {}
[468.947754] (-) TimerEvent: {}
[469.048136] (-) TimerEvent: {}
[469.148530] (-) TimerEvent: {}
[469.248909] (-) TimerEvent: {}
[469.349551] (-) TimerEvent: {}
[469.450541] (-) TimerEvent: {}
[469.550906] (-) TimerEvent: {}
[469.651300] (-) TimerEvent: {}
[469.703343] (cartographer) StdoutLine: {'line': b'[ 94%] \x1b[32m\x1b[1mLinking CXX executable cartographer.sensor.compressed_point_cloud_test\x1b[0m\n'}
[469.751426] (-) TimerEvent: {}
[469.851881] (-) TimerEvent: {}
[469.937610] (cartographer) StdoutLine: {'line': b'[ 94%] Built target cartographer.sensor.compressed_point_cloud_test\n'}
[469.951986] (-) TimerEvent: {}
[469.968785] (cartographer) StdoutLine: {'line': b'[ 94%] \x1b[32mBuilding CXX object CMakeFiles/cartographer.sensor.internal.voxel_filter_test.dir/cartographer/sensor/internal/voxel_filter_test.cc.o\x1b[0m\n'}
[470.052119] (-) TimerEvent: {}
[470.154702] (-) TimerEvent: {}
[470.255125] (-) TimerEvent: {}
[470.355551] (-) TimerEvent: {}
[470.455978] (-) TimerEvent: {}
[470.556397] (-) TimerEvent: {}
[470.658548] (-) TimerEvent: {}
[470.759543] (-) TimerEvent: {}
[470.859965] (-) TimerEvent: {}
[470.960754] (-) TimerEvent: {}
[471.063676] (-) TimerEvent: {}
[471.164132] (-) TimerEvent: {}
[471.264551] (-) TimerEvent: {}
[471.364967] (-) TimerEvent: {}
[471.465386] (-) TimerEvent: {}
[471.565820] (-) TimerEvent: {}
[471.667016] (-) TimerEvent: {}
[471.767407] (-) TimerEvent: {}
[471.867819] (-) TimerEvent: {}
[471.968547] (-) TimerEvent: {}
[472.068929] (-) TimerEvent: {}
[472.169545] (-) TimerEvent: {}
[472.270258] (-) TimerEvent: {}
[472.372688] (-) TimerEvent: {}
[472.473087] (-) TimerEvent: {}
[472.573661] (-) TimerEvent: {}
[472.674073] (-) TimerEvent: {}
[472.774508] (-) TimerEvent: {}
[472.875682] (-) TimerEvent: {}
[472.963533] (cartographer) StdoutLine: {'line': b'[ 94%] \x1b[32m\x1b[1mLinking CXX executable cartographer.sensor.internal.ordered_multi_queue_test\x1b[0m\n'}
[472.975786] (-) TimerEvent: {}
[473.076514] (-) TimerEvent: {}
[473.164587] (cartographer) StdoutLine: {'line': b'[ 94%] Built target cartographer.sensor.internal.ordered_multi_queue_test\n'}
[473.176614] (-) TimerEvent: {}
[473.195652] (cartographer) StdoutLine: {'line': b'[ 94%] \x1b[32mBuilding CXX object CMakeFiles/cartographer.sensor.landmark_data_test.dir/cartographer/sensor/landmark_data_test.cc.o\x1b[0m\n'}
[473.276749] (-) TimerEvent: {}
[473.377162] (-) TimerEvent: {}
[473.477550] (-) TimerEvent: {}
[473.579681] (-) TimerEvent: {}
[473.680103] (-) TimerEvent: {}
[473.780517] (-) TimerEvent: {}
[473.881853] (-) TimerEvent: {}
[473.942286] (cartographer) StdoutLine: {'line': b'[ 94%] \x1b[32m\x1b[1mLinking CXX executable cartographer.sensor.internal.collator_test\x1b[0m\n'}
[473.981977] (-) TimerEvent: {}
[474.083689] (-) TimerEvent: {}
[474.157553] (cartographer) StdoutLine: {'line': b'[ 94%] Built target cartographer.sensor.internal.collator_test\n'}
[474.183814] (-) TimerEvent: {}
[474.190103] (cartographer) StdoutLine: {'line': b'[ 94%] \x1b[32mBuilding CXX object CMakeFiles/cartographer.sensor.map_by_time_test.dir/cartographer/sensor/map_by_time_test.cc.o\x1b[0m\n'}
[474.283939] (-) TimerEvent: {}
[474.384737] (-) TimerEvent: {}
[474.487677] (-) TimerEvent: {}
[474.588098] (-) TimerEvent: {}
[474.688527] (-) TimerEvent: {}
[474.788942] (-) TimerEvent: {}
[474.889344] (-) TimerEvent: {}
[474.989776] (-) TimerEvent: {}
[475.090182] (-) TimerEvent: {}
[475.193677] (-) TimerEvent: {}
[475.294076] (-) TimerEvent: {}
[475.394488] (-) TimerEvent: {}
[475.494888] (-) TimerEvent: {}
[475.595277] (-) TimerEvent: {}
[475.695971] (-) TimerEvent: {}
[475.796367] (-) TimerEvent: {}
[475.896802] (-) TimerEvent: {}
[475.997630] (-) TimerEvent: {}
[476.098767] (-) TimerEvent: {}
[476.202688] (-) TimerEvent: {}
[476.303113] (-) TimerEvent: {}
[476.403541] (-) TimerEvent: {}
[476.504041] (-) TimerEvent: {}
[476.604475] (-) TimerEvent: {}
[476.704893] (-) TimerEvent: {}
[476.805309] (-) TimerEvent: {}
[476.905743] (-) TimerEvent: {}
[477.008696] (-) TimerEvent: {}
[477.109415] (-) TimerEvent: {}
[477.209837] (-) TimerEvent: {}
[477.310215] (-) TimerEvent: {}
[477.410629] (-) TimerEvent: {}
[477.511047] (-) TimerEvent: {}
[477.614679] (-) TimerEvent: {}
[477.715092] (-) TimerEvent: {}
[477.815507] (-) TimerEvent: {}
[477.915904] (-) TimerEvent: {}
[478.016312] (-) TimerEvent: {}
[478.116734] (-) TimerEvent: {}
[478.181810] (cartographer) StdoutLine: {'line': b'[ 95%] \x1b[32m\x1b[1mLinking CXX executable cartographer.sensor.internal.trajectory_collator_test\x1b[0m\n'}
[478.216866] (-) TimerEvent: {}
[478.318018] (-) TimerEvent: {}
[478.377593] (cartographer) StdoutLine: {'line': b'[ 95%] Built target cartographer.sensor.internal.trajectory_collator_test\n'}
[478.411552] (cartographer) StdoutLine: {'line': b'[ 95%] \x1b[32mBuilding CXX object CMakeFiles/cartographer.sensor.point_cloud_test.dir/cartographer/sensor/point_cloud_test.cc.o\x1b[0m\n'}
[478.418099] (-) TimerEvent: {}
[478.518979] (-) TimerEvent: {}
[478.619749] (-) TimerEvent: {}
[478.720696] (-) TimerEvent: {}
[478.729997] (cartographer) StdoutLine: {'line': b'[ 95%] \x1b[32m\x1b[1mLinking CXX executable cartographer.sensor.internal.voxel_filter_test\x1b[0m\n'}
[478.820820] (-) TimerEvent: {}
[478.921708] (-) TimerEvent: {}
[478.973328] (cartographer) StdoutLine: {'line': b'[ 95%] Built target cartographer.sensor.internal.voxel_filter_test\n'}
[479.005862] (cartographer) StdoutLine: {'line': b'[ 95%] \x1b[32mBuilding CXX object CMakeFiles/cartographer.sensor.range_data_test.dir/cartographer/sensor/range_data_test.cc.o\x1b[0m\n'}
[479.021833] (-) TimerEvent: {}
[479.122540] (-) TimerEvent: {}
[479.222908] (-) TimerEvent: {}
[479.323541] (-) TimerEvent: {}
[479.424544] (-) TimerEvent: {}
[479.524926] (-) TimerEvent: {}
[479.625316] (-) TimerEvent: {}
[479.726544] (-) TimerEvent: {}
[479.826926] (-) TimerEvent: {}
[479.927300] (-) TimerEvent: {}
[480.027687] (-) TimerEvent: {}
[480.128545] (-) TimerEvent: {}
[480.150106] (cartographer) StdoutLine: {'line': b'[ 95%] \x1b[32m\x1b[1mLinking CXX executable cartographer.sensor.map_by_time_test\x1b[0m\n'}
[480.229545] (-) TimerEvent: {}
[480.329960] (-) TimerEvent: {}
[480.350519] (cartographer) StdoutLine: {'line': b'[ 95%] Built target cartographer.sensor.map_by_time_test\n'}
[480.383625] (cartographer) StdoutLine: {'line': b'[ 95%] \x1b[32mBuilding CXX object CMakeFiles/cartographer.transform.rigid_transform_test.dir/cartographer/transform/rigid_transform_test.cc.o\x1b[0m\n'}
[480.430084] (-) TimerEvent: {}
[480.530545] (-) TimerEvent: {}
[480.638154] (-) TimerEvent: {}
[480.738549] (-) TimerEvent: {}
[480.838995] (-) TimerEvent: {}
[480.939431] (-) TimerEvent: {}
[481.039869] (-) TimerEvent: {}
[481.141201] (-) TimerEvent: {}
[481.242555] (-) TimerEvent: {}
[481.342959] (-) TimerEvent: {}
[481.443347] (-) TimerEvent: {}
[481.544549] (-) TimerEvent: {}
[481.644939] (-) TimerEvent: {}
[481.745339] (-) TimerEvent: {}
[481.846548] (-) TimerEvent: {}
[481.946948] (-) TimerEvent: {}
[482.047341] (-) TimerEvent: {}
[482.148551] (-) TimerEvent: {}
[482.248945] (-) TimerEvent: {}
[482.349368] (-) TimerEvent: {}
[482.450553] (-) TimerEvent: {}
[482.550970] (-) TimerEvent: {}
[482.651548] (-) TimerEvent: {}
[482.751953] (-) TimerEvent: {}
[482.852546] (-) TimerEvent: {}
[482.953546] (-) TimerEvent: {}
[483.053942] (-) TimerEvent: {}
[483.154338] (-) TimerEvent: {}
[483.255545] (-) TimerEvent: {}
[483.355941] (-) TimerEvent: {}
[483.456335] (-) TimerEvent: {}
[483.557546] (-) TimerEvent: {}
[483.657933] (-) TimerEvent: {}
[483.758381] (-) TimerEvent: {}
[483.860088] (-) TimerEvent: {}
[483.960927] (-) TimerEvent: {}
[484.061773] (-) TimerEvent: {}
[484.164689] (-) TimerEvent: {}
[484.265120] (-) TimerEvent: {}
[484.365685] (-) TimerEvent: {}
[484.466235] (-) TimerEvent: {}
[484.566675] (-) TimerEvent: {}
[484.667112] (-) TimerEvent: {}
[484.768685] (-) TimerEvent: {}
[484.869121] (-) TimerEvent: {}
[484.969534] (-) TimerEvent: {}
[485.071664] (-) TimerEvent: {}
[485.172063] (-) TimerEvent: {}
[485.272485] (-) TimerEvent: {}
[485.372881] (-) TimerEvent: {}
[485.473280] (-) TimerEvent: {}
[485.574546] (-) TimerEvent: {}
[485.674933] (-) TimerEvent: {}
[485.710369] (cartographer) StdoutLine: {'line': b'[ 96%] \x1b[32m\x1b[1mLinking CXX executable cartographer.sensor.landmark_data_test\x1b[0m\n'}
[485.775064] (-) TimerEvent: {}
[485.875489] (-) TimerEvent: {}
[485.968058] (cartographer) StdoutLine: {'line': b'[ 96%] Built target cartographer.sensor.landmark_data_test\n'}
[485.975556] (-) TimerEvent: {}
[486.000244] (cartographer) StdoutLine: {'line': b'[ 96%] \x1b[32mBuilding CXX object CMakeFiles/cartographer.transform.timestamped_transform_test.dir/cartographer/transform/timestamped_transform_test.cc.o\x1b[0m\n'}
[486.076551] (-) TimerEvent: {}
[486.176925] (-) TimerEvent: {}
[486.277296] (-) TimerEvent: {}
[486.378546] (-) TimerEvent: {}
[486.478936] (-) TimerEvent: {}
[486.579312] (-) TimerEvent: {}
[486.680539] (-) TimerEvent: {}
[486.780901] (-) TimerEvent: {}
[486.881317] (-) TimerEvent: {}
[486.982548] (-) TimerEvent: {}
[487.082961] (-) TimerEvent: {}
[487.183405] (-) TimerEvent: {}
[487.281471] (cartographer) StdoutLine: {'line': b'[ 96%] \x1b[32m\x1b[1mLinking CXX executable cartographer.sensor.range_data_test\x1b[0m\n'}
[487.283498] (-) TimerEvent: {}
[487.383839] (-) TimerEvent: {}
[487.480396] (cartographer) StdoutLine: {'line': b'[ 96%] Built target cartographer.sensor.range_data_test\n'}
[487.483938] (-) TimerEvent: {}
[487.513522] (cartographer) StdoutLine: {'line': b'[ 96%] \x1b[32mBuilding CXX object CMakeFiles/cartographer.transform.transform_interpolation_buffer_test.dir/cartographer/transform/transform_interpolation_buffer_test.cc.o\x1b[0m\n'}
[487.584072] (-) TimerEvent: {}
[487.684444] (-) TimerEvent: {}
[487.785548] (-) TimerEvent: {}
[487.885948] (-) TimerEvent: {}
[487.986339] (-) TimerEvent: {}
[488.086735] (-) TimerEvent: {}
[488.187540] (-) TimerEvent: {}
[488.287903] (-) TimerEvent: {}
[488.388275] (-) TimerEvent: {}
[488.489546] (-) TimerEvent: {}
[488.589930] (-) TimerEvent: {}
[488.607629] (cartographer) StdoutLine: {'line': b'[ 97%] \x1b[32m\x1b[1mLinking CXX executable cartographer.sensor.point_cloud_test\x1b[0m\n'}
[488.690059] (-) TimerEvent: {}
[488.793697] (-) TimerEvent: {}
[488.829232] (cartographer) StdoutLine: {'line': b'[ 97%] Built target cartographer.sensor.point_cloud_test\n'}
[488.860229] (cartographer) StdoutLine: {'line': b'[ 97%] \x1b[32mBuilding CXX object CMakeFiles/cartographer.transform.transform_test.dir/cartographer/transform/transform_test.cc.o\x1b[0m\n'}
[488.893826] (-) TimerEvent: {}
[488.994337] (-) TimerEvent: {}
[489.094841] (-) TimerEvent: {}
[489.195383] (-) TimerEvent: {}
[489.297703] (-) TimerEvent: {}
[489.398219] (-) TimerEvent: {}
[489.498973] (-) TimerEvent: {}
[489.599360] (-) TimerEvent: {}
[489.700361] (-) TimerEvent: {}
[489.801652] (-) TimerEvent: {}
[489.902053] (-) TimerEvent: {}
[490.002484] (-) TimerEvent: {}
[490.105690] (-) TimerEvent: {}
[490.206120] (-) TimerEvent: {}
[490.306549] (-) TimerEvent: {}
[490.406976] (-) TimerEvent: {}
[490.507395] (-) TimerEvent: {}
[490.607811] (-) TimerEvent: {}
[490.708217] (-) TimerEvent: {}
[490.808991] (-) TimerEvent: {}
[490.911651] (-) TimerEvent: {}
[491.012086] (-) TimerEvent: {}
[491.113360] (-) TimerEvent: {}
[491.213823] (-) TimerEvent: {}
[491.314234] (-) TimerEvent: {}
[491.415032] (-) TimerEvent: {}
[491.516157] (-) TimerEvent: {}
[491.616943] (-) TimerEvent: {}
[491.718551] (-) TimerEvent: {}
[491.818964] (-) TimerEvent: {}
[491.919367] (-) TimerEvent: {}
[492.020544] (-) TimerEvent: {}
[492.120935] (-) TimerEvent: {}
[492.221343] (-) TimerEvent: {}
[492.322546] (-) TimerEvent: {}
[492.422953] (-) TimerEvent: {}
[492.523548] (-) TimerEvent: {}
[492.624546] (-) TimerEvent: {}
[492.725118] (-) TimerEvent: {}
[492.825540] (-) TimerEvent: {}
[492.927647] (-) TimerEvent: {}
[493.028101] (-) TimerEvent: {}
[493.128672] (-) TimerEvent: {}
[493.229097] (-) TimerEvent: {}
[493.329911] (-) TimerEvent: {}
[493.430717] (-) TimerEvent: {}
[493.533684] (-) TimerEvent: {}
[493.634347] (-) TimerEvent: {}
[493.734787] (-) TimerEvent: {}
[493.835306] (-) TimerEvent: {}
[493.935831] (-) TimerEvent: {}
[494.036479] (-) TimerEvent: {}
[494.139808] (-) TimerEvent: {}
[494.240258] (-) TimerEvent: {}
[494.341141] (-) TimerEvent: {}
[494.441661] (-) TimerEvent: {}
[494.542271] (-) TimerEvent: {}
[494.642792] (-) TimerEvent: {}
[494.743243] (-) TimerEvent: {}
[494.793520] (cartographer) StdoutLine: {'line': b'[ 97%] \x1b[32m\x1b[1mLinking CXX executable cartographer.transform.timestamped_transform_test\x1b[0m\n'}
[494.843370] (-) TimerEvent: {}
[494.944550] (-) TimerEvent: {}
[495.027172] (cartographer) StdoutLine: {'line': b'[ 97%] Built target cartographer.transform.timestamped_transform_test\n'}
[495.044646] (-) TimerEvent: {}
[495.145047] (-) TimerEvent: {}
[495.245544] (-) TimerEvent: {}
[495.345990] (-) TimerEvent: {}
[495.446645] (-) TimerEvent: {}
[495.547523] (-) TimerEvent: {}
[495.647819] (-) TimerEvent: {}
[495.748120] (-) TimerEvent: {}
[495.818305] (cartographer) StdoutLine: {'line': b'[ 98%] \x1b[32m\x1b[1mLinking CXX executable cartographer.transform.rigid_transform_test\x1b[0m\n'}
[495.848269] (-) TimerEvent: {}
[495.948662] (-) TimerEvent: {}
[496.011684] (cartographer) StdoutLine: {'line': b'[ 98%] Built target cartographer.transform.rigid_transform_test\n'}
[496.048787] (-) TimerEvent: {}
[496.149152] (-) TimerEvent: {}
[496.249550] (-) TimerEvent: {}
[496.350163] (-) TimerEvent: {}
[496.450591] (-) TimerEvent: {}
[496.516523] (cartographer) StdoutLine: {'line': b'[100%] \x1b[32m\x1b[1mLinking CXX executable cartographer.transform.transform_interpolation_buffer_test\x1b[0m\n'}
[496.550726] (-) TimerEvent: {}
[496.651140] (-) TimerEvent: {}
[496.659143] (cartographer) StdoutLine: {'line': b'[100%] Built target cartographer.transform.transform_interpolation_buffer_test\n'}
[496.751346] (-) TimerEvent: {}
[496.851946] (-) TimerEvent: {}
[496.952515] (-) TimerEvent: {}
[497.053062] (-) TimerEvent: {}
[497.153585] (-) TimerEvent: {}
[497.254103] (-) TimerEvent: {}
[497.354632] (-) TimerEvent: {}
[497.455162] (-) TimerEvent: {}
[497.555675] (-) TimerEvent: {}
[497.584151] (cartographer) StdoutLine: {'line': b'[100%] \x1b[32m\x1b[1mLinking CXX executable cartographer.transform.transform_test\x1b[0m\n'}
[497.655810] (-) TimerEvent: {}
[497.710353] (cartographer) StdoutLine: {'line': b'[100%] Built target cartographer.transform.transform_test\n'}
[497.725627] (cartographer) CommandEnded: {'returncode': 0}
[497.726575] (cartographer) JobProgress: {'identifier': 'cartographer', 'progress': 'install'}
[497.726989] (cartographer) Command: {'cmd': ['/usr/bin/cmake', '--install', '/root/distr_slam_ws/build/cartographer'], 'cwd': '/root/distr_slam_ws/build/cartographer', 'env': OrderedDict([('HOSTNAME', 'user-Virtual-Machine'), ('SHLVL', '1'), ('LIBGL_ALWAYS_SOFTWARE', '1'), ('LD_LIBRARY_PATH', '/usr/lib/x86_64-linux-gnu/gazebo-11/plugins:/opt/ros/humble/opt/rviz_ogre_vendor/lib:/opt/ros/humble/lib/x86_64-linux-gnu:/opt/ros/humble/lib'), ('HOME', '/root'), ('ROS_PYTHON_VERSION', '3'), ('ROS_DISTRO', 'humble'), ('_', '/usr/bin/colcon'), ('ROS_VERSION', '2'), ('TERM', 'xterm'), ('ROS_LOCALHOST_ONLY', '1'), ('QT_X11_NO_MITSHM', '1'), ('PATH', '/opt/ros/humble/bin:/usr/local/sbin:/usr/local/bin:/usr/sbin:/usr/bin:/sbin:/bin'), ('DISPLAY', ':0'), ('LANG', 'en_US.UTF-8'), ('XAUTHORITY', '/root/.Xauthority'), ('LS_COLORS', 'rs=0:di=01;34:ln=01;36:mh=00:pi=40;33:so=01;35:do=01;35:bd=40;33;01:cd=40;33;01:or=40;31;01:mi=00:su=37;41:sg=30;43:ca=30;41:tw=30;42:ow=34;42:st=37;44:ex=01;32:*.tar=01;31:*.tgz=01;31:*.arc=01;31:*.arj=01;31:*.taz=01;31:*.lha=01;31:*.lz4=01;31:*.lzh=01;31:*.lzma=01;31:*.tlz=01;31:*.txz=01;31:*.tzo=01;31:*.t7z=01;31:*.zip=01;31:*.z=01;31:*.dz=01;31:*.gz=01;31:*.lrz=01;31:*.lz=01;31:*.lzo=01;31:*.xz=01;31:*.zst=01;31:*.tzst=01;31:*.bz2=01;31:*.bz=01;31:*.tbz=01;31:*.tbz2=01;31:*.tz=01;31:*.deb=01;31:*.rpm=01;31:*.jar=01;31:*.war=01;31:*.ear=01;31:*.sar=01;31:*.rar=01;31:*.alz=01;31:*.ace=01;31:*.zoo=01;31:*.cpio=01;31:*.7z=01;31:*.rz=01;31:*.cab=01;31:*.wim=01;31:*.swm=01;31:*.dwm=01;31:*.esd=01;31:*.jpg=01;35:*.jpeg=01;35:*.mjpg=01;35:*.mjpeg=01;35:*.gif=01;35:*.bmp=01;35:*.pbm=01;35:*.pgm=01;35:*.ppm=01;35:*.tga=01;35:*.xbm=01;35:*.xpm=01;35:*.tif=01;35:*.tiff=01;35:*.png=01;35:*.svg=01;35:*.svgz=01;35:*.mng=01;35:*.pcx=01;35:*.mov=01;35:*.mpg=01;35:*.mpeg=01;35:*.m2v=01;35:*.mkv=01;35:*.webm=01;35:*.webp=01;35:*.ogm=01;35:*.mp4=01;35:*.m4v=01;35:*.mp4v=01;35:*.vob=01;35:*.qt=01;35:*.nuv=01;35:*.wmv=01;35:*.asf=01;35:*.rm=01;35:*.rmvb=01;35:*.flc=01;35:*.avi=01;35:*.fli=01;35:*.flv=01;35:*.gl=01;35:*.dl=01;35:*.xcf=01;35:*.xwd=01;35:*.yuv=01;35:*.cgm=01;35:*.emf=01;35:*.ogv=01;35:*.ogx=01;35:*.aac=00;36:*.au=00;36:*.flac=00;36:*.m4a=00;36:*.mid=00;36:*.midi=00;36:*.mka=00;36:*.mp3=00;36:*.mpc=00;36:*.ogg=00;36:*.ra=00;36:*.wav=00;36:*.oga=00;36:*.opus=00;36:*.spx=00;36:*.xspf=00;36:'), ('AMENT_PREFIX_PATH', '/opt/ros/humble'), ('DEBIAN_FRONTEND', 'noninteractive'), ('PWD', '/root/distr_slam_ws/build/cartographer'), ('TURTLEBOT3_MODEL', 'burger'), ('LC_ALL', 'en_US.UTF-8'), ('PYTHONPATH', '/opt/ros/humble/lib/python3.10/site-packages:/opt/ros/humble/local/lib/python3.10/dist-packages'), ('COLCON', '1'), ('CMAKE_PREFIX_PATH', '/opt/ros/humble')]), 'shell': False}
[497.735015] (cartographer) StdoutLine: {'line': b'-- Install configuration: "Release"\n'}
[497.735474] (cartographer) StdoutLine: {'line': b'-- Up-to-date: /root/distr_slam_ws/install/cartographer/share/cartographer/package.xml\n'}
[497.735670] (cartographer) StdoutLine: {'line': b'-- Up-to-date: /root/distr_slam_ws/install/cartographer/share/cartographer//configuration_files\n'}
[497.755992] (-) TimerEvent: {}
[497.834235] (cartographer) StdoutLine: {'line': b'-- Up-to-date: /root/distr_slam_ws/install/cartographer/share/cartographer//configuration_files/map_builder.lua\n'}
[497.834947] (cartographer) StdoutLine: {'line': b'-- Up-to-date: /root/distr_slam_ws/install/cartographer/share/cartographer//configuration_files/trajectory_builder_2d.lua\n'}
[497.835558] (cartographer) StdoutLine: {'line': b'-- Up-to-date: /root/distr_slam_ws/install/cartographer/share/cartographer//configuration_files/map_builder_server.lua\n'}
[497.836163] (cartographer) StdoutLine: {'line': b'-- Up-to-date: /root/distr_slam_ws/install/cartographer/share/cartographer//configuration_files/trajectory_builder.lua\n'}
[497.836551] (cartographer) StdoutLine: {'line': b'-- Up-to-date: /root/distr_slam_ws/install/cartographer/share/cartographer//configuration_files/pose_graph.lua\n'}
[497.837081] (cartographer) StdoutLine: {'line': b'-- Up-to-date: /root/distr_slam_ws/install/cartographer/share/cartographer//configuration_files/trajectory_builder_3d.lua\n'}
[497.837755] (cartographer) StdoutLine: {'line': b'-- Up-to-date: /root/distr_slam_ws/install/cartographer/share/cartographer//cmake\n'}
[497.838403] (cartographer) StdoutLine: {'line': b'-- Up-to-date: /root/distr_slam_ws/install/cartographer/share/cartographer//cmake/modules\n'}
[497.838685] (cartographer) StdoutLine: {'line': b'-- Up-to-date: /root/distr_slam_ws/install/cartographer/share/cartographer//cmake/modules/FindGMock.cmake\n'}
[497.838906] (cartographer) StdoutLine: {'line': b'-- Up-to-date: /root/distr_slam_ws/install/cartographer/share/cartographer//cmake/modules/FindSphinx.cmake\n'}
[497.839074] (cartographer) StdoutLine: {'line': b'-- Up-to-date: /root/distr_slam_ws/install/cartographer/share/cartographer//cmake/modules/FindEigen3.cmake\n'}
[497.839236] (cartographer) StdoutLine: {'line': b'-- Up-to-date: /root/distr_slam_ws/install/cartographer/share/cartographer//cmake/modules/FindLuaGoogle.cmake\n'}
[497.839397] (cartographer) StdoutLine: {'line': b'-- Up-to-date: /root/distr_slam_ws/install/cartographer/share/cartographer//cmake/functions.cmake\n'}
[497.851171] (cartographer) StdoutLine: {'line': b'-- Installing: /root/distr_slam_ws/install/cartographer/bin/cartographer_autogenerate_ground_truth\n'}
[497.856199] (-) TimerEvent: {}
[497.872594] (cartographer) StdoutLine: {'line': b'-- Installing: /root/distr_slam_ws/install/cartographer/bin/cartographer_compute_relations_metrics\n'}
[497.890831] (cartographer) StdoutLine: {'line': b'-- Installing: /root/distr_slam_ws/install/cartographer/bin/cartographer_pbstream\n'}
[497.898448] (cartographer) StdoutLine: {'line': b'-- Installing: /root/distr_slam_ws/install/cartographer/bin/cartographer_print_configuration\n'}
[497.899530] (cartographer) StdoutLine: {'line': b'-- Installing: /root/distr_slam_ws/install/cartographer/lib/libcartographer.a\n'}
[497.916655] (cartographer) StdoutLine: {'line': b'-- Up-to-date: /root/distr_slam_ws/install/cartographer/include/cartographer/common/configuration_file_resolver.h\n'}
[497.917246] (cartographer) StdoutLine: {'line': b'-- Up-to-date: /root/distr_slam_ws/install/cartographer/include/cartographer/common/fixed_ratio_sampler.h\n'}
[497.917840] (cartographer) StdoutLine: {'line': b'-- Up-to-date: /root/distr_slam_ws/install/cartographer/include/cartographer/common/histogram.h\n'}
[497.918147] (cartographer) StdoutLine: {'line': b'-- Up-to-date: /root/distr_slam_ws/install/cartographer/include/cartographer/common/lua.h\n'}
[497.918516] (cartographer) StdoutLine: {'line': b'-- Up-to-date: /root/distr_slam_ws/install/cartographer/include/cartographer/common/lua_parameter_dictionary.h\n'}
[497.918871] (cartographer) StdoutLine: {'line': b'-- Up-to-date: /root/distr_slam_ws/install/cartographer/include/cartographer/common/math.h\n'}
[497.919197] (cartographer) StdoutLine: {'line': b'-- Up-to-date: /root/distr_slam_ws/install/cartographer/include/cartographer/common/port.h\n'}
[497.919808] (cartographer) StdoutLine: {'line': b'-- Up-to-date: /root/distr_slam_ws/install/cartographer/include/cartographer/common/task.h\n'}
[497.920141] (cartographer) StdoutLine: {'line': b'-- Up-to-date: /root/distr_slam_ws/install/cartographer/include/cartographer/common/thread_pool.h\n'}
[497.920498] (cartographer) StdoutLine: {'line': b'-- Up-to-date: /root/distr_slam_ws/install/cartographer/include/cartographer/common/time.h\n'}
[497.920848] (cartographer) StdoutLine: {'line': b'-- Up-to-date: /root/distr_slam_ws/install/cartographer/include/cartographer/ground_truth/autogenerate_ground_truth.h\n'}
[497.921169] (cartographer) StdoutLine: {'line': b'-- Up-to-date: /root/distr_slam_ws/install/cartographer/include/cartographer/ground_truth/relations_text_file.h\n'}
[497.921976] (cartographer) StdoutLine: {'line': b'-- Up-to-date: /root/distr_slam_ws/install/cartographer/include/cartographer/io/color.h\n'}
[497.922325] (cartographer) StdoutLine: {'line': b'-- Up-to-date: /root/distr_slam_ws/install/cartographer/include/cartographer/io/coloring_points_processor.h\n'}
[497.922741] (cartographer) StdoutLine: {'line': b'-- Up-to-date: /root/distr_slam_ws/install/cartographer/include/cartographer/io/counting_points_processor.h\n'}
[497.923076] (cartographer) StdoutLine: {'line': b'-- Up-to-date: /root/distr_slam_ws/install/cartographer/include/cartographer/io/draw_trajectories.h\n'}
[497.923397] (cartographer) StdoutLine: {'line': b'-- Up-to-date: /root/distr_slam_ws/install/cartographer/include/cartographer/io/file_writer.h\n'}
[497.923768] (cartographer) StdoutLine: {'line': b'-- Up-to-date: /root/distr_slam_ws/install/cartographer/include/cartographer/io/fixed_ratio_sampling_points_processor.h\n'}
[497.924124] (cartographer) StdoutLine: {'line': b'-- Up-to-date: /root/distr_slam_ws/install/cartographer/include/cartographer/io/frame_id_filtering_points_processor.h\n'}
[497.924503] (cartographer) StdoutLine: {'line': b'-- Up-to-date: /root/distr_slam_ws/install/cartographer/include/cartographer/io/hybrid_grid_points_processor.h\n'}
[497.924856] (cartographer) StdoutLine: {'line': b'-- Up-to-date: /root/distr_slam_ws/install/cartographer/include/cartographer/io/image.h\n'}
[497.925177] (cartographer) StdoutLine: {'line': b'-- Up-to-date: /root/distr_slam_ws/install/cartographer/include/cartographer/io/intensity_to_color_points_processor.h\n'}
[497.925535] (cartographer) StdoutLine: {'line': b'-- Up-to-date: /root/distr_slam_ws/install/cartographer/include/cartographer/io/min_max_range_filtering_points_processor.h\n'}
[497.925960] (cartographer) StdoutLine: {'line': b'-- Up-to-date: /root/distr_slam_ws/install/cartographer/include/cartographer/io/null_points_processor.h\n'}
[497.926231] (cartographer) StdoutLine: {'line': b'-- Up-to-date: /root/distr_slam_ws/install/cartographer/include/cartographer/io/outlier_removing_points_processor.h\n'}
[497.926854] (cartographer) StdoutLine: {'line': b'-- Up-to-date: /root/distr_slam_ws/install/cartographer/include/cartographer/io/pcd_writing_points_processor.h\n'}
[497.927400] (cartographer) StdoutLine: {'line': b'-- Up-to-date: /root/distr_slam_ws/install/cartographer/include/cartographer/io/ply_writing_points_processor.h\n'}
[497.927948] (cartographer) StdoutLine: {'line': b'-- Up-to-date: /root/distr_slam_ws/install/cartographer/include/cartographer/io/points_batch.h\n'}
[497.928324] (cartographer) StdoutLine: {'line': b'-- Up-to-date: /root/distr_slam_ws/install/cartographer/include/cartographer/io/points_processor.h\n'}
[497.928741] (cartographer) StdoutLine: {'line': b'-- Up-to-date: /root/distr_slam_ws/install/cartographer/include/cartographer/io/points_processor_pipeline_builder.h\n'}
[497.929256] (cartographer) StdoutLine: {'line': b'-- Up-to-date: /root/distr_slam_ws/install/cartographer/include/cartographer/io/probability_grid_points_processor.h\n'}
[497.929577] (cartographer) StdoutLine: {'line': b'-- Up-to-date: /root/distr_slam_ws/install/cartographer/include/cartographer/io/proto_stream.h\n'}
[497.929985] (cartographer) StdoutLine: {'line': b'-- Up-to-date: /root/distr_slam_ws/install/cartographer/include/cartographer/io/proto_stream_deserializer.h\n'}
[497.930248] (cartographer) StdoutLine: {'line': b'-- Up-to-date: /root/distr_slam_ws/install/cartographer/include/cartographer/io/proto_stream_interface.h\n'}
[497.930547] (cartographer) StdoutLine: {'line': b'-- Up-to-date: /root/distr_slam_ws/install/cartographer/include/cartographer/io/serialization_format_migration.h\n'}
[497.930943] (cartographer) StdoutLine: {'line': b'-- Up-to-date: /root/distr_slam_ws/install/cartographer/include/cartographer/io/submap_painter.h\n'}
[497.931353] (cartographer) StdoutLine: {'line': b'-- Up-to-date: /root/distr_slam_ws/install/cartographer/include/cartographer/io/vertical_range_filtering_points_processor.h\n'}
[497.931727] (cartographer) StdoutLine: {'line': b'-- Up-to-date: /root/distr_slam_ws/install/cartographer/include/cartographer/io/xray_points_processor.h\n'}
[497.932217] (cartographer) StdoutLine: {'line': b'-- Up-to-date: /root/distr_slam_ws/install/cartographer/include/cartographer/io/xyz_writing_points_processor.h\n'}
[497.932503] (cartographer) StdoutLine: {'line': b'-- Up-to-date: /root/distr_slam_ws/install/cartographer/include/cartographer/mapping/2d/grid_2d.h\n'}
[497.932767] (cartographer) StdoutLine: {'line': b'-- Up-to-date: /root/distr_slam_ws/install/cartographer/include/cartographer/mapping/2d/map_limits.h\n'}
[497.932990] (cartographer) StdoutLine: {'line': b'-- Up-to-date: /root/distr_slam_ws/install/cartographer/include/cartographer/mapping/2d/probability_grid.h\n'}
[497.933224] (cartographer) StdoutLine: {'line': b'-- Up-to-date: /root/distr_slam_ws/install/cartographer/include/cartographer/mapping/2d/probability_grid_range_data_inserter_2d.h\n'}
[497.933437] (cartographer) StdoutLine: {'line': b'-- Up-to-date: /root/distr_slam_ws/install/cartographer/include/cartographer/mapping/2d/submap_2d.h\n'}
[497.933810] (cartographer) StdoutLine: {'line': b'-- Up-to-date: /root/distr_slam_ws/install/cartographer/include/cartographer/mapping/2d/xy_index.h\n'}
[497.934064] (cartographer) StdoutLine: {'line': b'-- Up-to-date: /root/distr_slam_ws/install/cartographer/include/cartographer/mapping/3d/hybrid_grid.h\n'}
[497.934274] (cartographer) StdoutLine: {'line': b'-- Up-to-date: /root/distr_slam_ws/install/cartographer/include/cartographer/mapping/3d/range_data_inserter_3d.h\n'}
[497.934635] (cartographer) StdoutLine: {'line': b'-- Up-to-date: /root/distr_slam_ws/install/cartographer/include/cartographer/mapping/3d/submap_3d.h\n'}
[497.934850] (cartographer) StdoutLine: {'line': b'-- Up-to-date: /root/distr_slam_ws/install/cartographer/include/cartographer/mapping/detect_floors.h\n'}
[497.935102] (cartographer) StdoutLine: {'line': b'-- Up-to-date: /root/distr_slam_ws/install/cartographer/include/cartographer/mapping/grid_interface.h\n'}
[497.935338] (cartographer) StdoutLine: {'line': b'-- Up-to-date: /root/distr_slam_ws/install/cartographer/include/cartographer/mapping/id.h\n'}
[497.935614] (cartographer) StdoutLine: {'line': b'-- Up-to-date: /root/distr_slam_ws/install/cartographer/include/cartographer/mapping/imu_tracker.h\n'}
[497.935866] (cartographer) StdoutLine: {'line': b'-- Up-to-date: /root/distr_slam_ws/install/cartographer/include/cartographer/mapping/map_builder.h\n'}
[497.936069] (cartographer) StdoutLine: {'line': b'-- Up-to-date: /root/distr_slam_ws/install/cartographer/include/cartographer/mapping/map_builder_interface.h\n'}
[497.936300] (cartographer) StdoutLine: {'line': b'-- Up-to-date: /root/distr_slam_ws/install/cartographer/include/cartographer/mapping/pose_extrapolator.h\n'}
[497.936593] (cartographer) StdoutLine: {'line': b'-- Up-to-date: /root/distr_slam_ws/install/cartographer/include/cartographer/mapping/pose_extrapolator_interface.h\n'}
[497.936834] (cartographer) StdoutLine: {'line': b'-- Up-to-date: /root/distr_slam_ws/install/cartographer/include/cartographer/mapping/pose_graph.h\n'}
[497.937085] (cartographer) StdoutLine: {'line': b'-- Up-to-date: /root/distr_slam_ws/install/cartographer/include/cartographer/mapping/pose_graph_interface.h\n'}
[497.937426] (cartographer) StdoutLine: {'line': b'-- Up-to-date: /root/distr_slam_ws/install/cartographer/include/cartographer/mapping/pose_graph_trimmer.h\n'}
[497.937715] (cartographer) StdoutLine: {'line': b'-- Up-to-date: /root/distr_slam_ws/install/cartographer/include/cartographer/mapping/probability_values.h\n'}
[497.938070] (cartographer) StdoutLine: {'line': b'-- Up-to-date: /root/distr_slam_ws/install/cartographer/include/cartographer/mapping/range_data_inserter_interface.h\n'}
[497.938780] (cartographer) StdoutLine: {'line': b'-- Up-to-date: /root/distr_slam_ws/install/cartographer/include/cartographer/mapping/submaps.h\n'}
[497.938893] (cartographer) StdoutLine: {'line': b'-- Up-to-date: /root/distr_slam_ws/install/cartographer/include/cartographer/mapping/trajectory_builder_interface.h\n'}
[497.939040] (cartographer) StdoutLine: {'line': b'-- Up-to-date: /root/distr_slam_ws/install/cartographer/include/cartographer/mapping/trajectory_node.h\n'}
[497.939125] (cartographer) StdoutLine: {'line': b'-- Up-to-date: /root/distr_slam_ws/install/cartographer/include/cartographer/mapping/value_conversion_tables.h\n'}
[497.939236] (cartographer) StdoutLine: {'line': b'-- Up-to-date: /root/distr_slam_ws/install/cartographer/include/cartographer/metrics/counter.h\n'}
[497.939371] (cartographer) StdoutLine: {'line': b'-- Up-to-date: /root/distr_slam_ws/install/cartographer/include/cartographer/metrics/family_factory.h\n'}
[497.939473] (cartographer) StdoutLine: {'line': b'-- Up-to-date: /root/distr_slam_ws/install/cartographer/include/cartographer/metrics/gauge.h\n'}
[497.939620] (cartographer) StdoutLine: {'line': b'-- Up-to-date: /root/distr_slam_ws/install/cartographer/include/cartographer/metrics/histogram.h\n'}
[497.939695] (cartographer) StdoutLine: {'line': b'-- Up-to-date: /root/distr_slam_ws/install/cartographer/include/cartographer/metrics/register.h\n'}
[497.939805] (cartographer) StdoutLine: {'line': b'-- Up-to-date: /root/distr_slam_ws/install/cartographer/include/cartographer/sensor/collator_interface.h\n'}
[497.939929] (cartographer) StdoutLine: {'line': b'-- Up-to-date: /root/distr_slam_ws/install/cartographer/include/cartographer/sensor/compressed_point_cloud.h\n'}
[497.940010] (cartographer) StdoutLine: {'line': b'-- Up-to-date: /root/distr_slam_ws/install/cartographer/include/cartographer/sensor/data.h\n'}
[497.940109] (cartographer) StdoutLine: {'line': b'-- Up-to-date: /root/distr_slam_ws/install/cartographer/include/cartographer/sensor/fixed_frame_pose_data.h\n'}
[497.940250] (cartographer) StdoutLine: {'line': b'-- Up-to-date: /root/distr_slam_ws/install/cartographer/include/cartographer/sensor/imu_data.h\n'}
[497.940328] (cartographer) StdoutLine: {'line': b'-- Up-to-date: /root/distr_slam_ws/install/cartographer/include/cartographer/sensor/landmark_data.h\n'}
[497.940416] (cartographer) StdoutLine: {'line': b'-- Up-to-date: /root/distr_slam_ws/install/cartographer/include/cartographer/sensor/map_by_time.h\n'}
[497.940546] (cartographer) StdoutLine: {'line': b'-- Up-to-date: /root/distr_slam_ws/install/cartographer/include/cartographer/sensor/odometry_data.h\n'}
[497.940684] (cartographer) StdoutLine: {'line': b'-- Up-to-date: /root/distr_slam_ws/install/cartographer/include/cartographer/sensor/point_cloud.h\n'}
[497.940765] (cartographer) StdoutLine: {'line': b'-- Up-to-date: /root/distr_slam_ws/install/cartographer/include/cartographer/sensor/range_data.h\n'}
[497.940841] (cartographer) StdoutLine: {'line': b'-- Up-to-date: /root/distr_slam_ws/install/cartographer/include/cartographer/sensor/rangefinder_point.h\n'}
[497.940910] (cartographer) StdoutLine: {'line': b'-- Up-to-date: /root/distr_slam_ws/install/cartographer/include/cartographer/sensor/timed_point_cloud_data.h\n'}
[497.940979] (cartographer) StdoutLine: {'line': b'-- Up-to-date: /root/distr_slam_ws/install/cartographer/include/cartographer/transform/rigid_transform.h\n'}
[497.941088] (cartographer) StdoutLine: {'line': b'-- Up-to-date: /root/distr_slam_ws/install/cartographer/include/cartographer/transform/timestamped_transform.h\n'}
[497.941243] (cartographer) StdoutLine: {'line': b'-- Up-to-date: /root/distr_slam_ws/install/cartographer/include/cartographer/transform/transform.h\n'}
[497.941325] (cartographer) StdoutLine: {'line': b'-- Up-to-date: /root/distr_slam_ws/install/cartographer/include/cartographer/transform/transform_interpolation_buffer.h\n'}
[497.941429] (cartographer) StdoutLine: {'line': b'-- Up-to-date: /root/distr_slam_ws/install/cartographer/include/cartographer/io/fake_file_writer.h\n'}
[497.941562] (cartographer) StdoutLine: {'line': b'-- Up-to-date: /root/distr_slam_ws/install/cartographer/include/cartographer/transform/rigid_transform_test_helpers.h\n'}
[497.941658] (cartographer) StdoutLine: {'line': b'-- Installing: /root/distr_slam_ws/install/cartographer/include/cartographer/common/proto/ceres_solver_options.pb.h\n'}
[497.941818] (cartographer) StdoutLine: {'line': b'-- Installing: /root/distr_slam_ws/install/cartographer/include/cartographer/ground_truth/proto/relations.pb.h\n'}
[497.941961] (cartographer) StdoutLine: {'line': b'-- Installing: /root/distr_slam_ws/install/cartographer/include/cartographer/mapping/proto/cell_limits_2d.pb.h\n'}
[497.942034] (cartographer) StdoutLine: {'line': b'-- Installing: /root/distr_slam_ws/install/cartographer/include/cartographer/mapping/proto/connected_components.pb.h\n'}
[497.942113] (cartographer) StdoutLine: {'line': b'-- Installing: /root/distr_slam_ws/install/cartographer/include/cartographer/mapping/proto/grid_2d.pb.h\n'}
[497.942226] (cartographer) StdoutLine: {'line': b'-- Installing: /root/distr_slam_ws/install/cartographer/include/cartographer/mapping/proto/grid_2d_options.pb.h\n'}
[497.942359] (cartographer) StdoutLine: {'line': b'-- Installing: /root/distr_slam_ws/install/cartographer/include/cartographer/mapping/proto/hybrid_grid.pb.h\n'}
[497.942441] (cartographer) StdoutLine: {'line': b'-- Installing: /root/distr_slam_ws/install/cartographer/include/cartographer/mapping/proto/local_trajectory_builder_options_2d.pb.h\n'}
[497.942564] (cartographer) StdoutLine: {'line': b'-- Installing: /root/distr_slam_ws/install/cartographer/include/cartographer/mapping/proto/local_trajectory_builder_options_3d.pb.h\n'}
[497.942727] (cartographer) StdoutLine: {'line': b'-- Installing: /root/distr_slam_ws/install/cartographer/include/cartographer/mapping/proto/map_builder_options.pb.h\n'}
[497.942813] (cartographer) StdoutLine: {'line': b'-- Installing: /root/distr_slam_ws/install/cartographer/include/cartographer/mapping/proto/map_limits.pb.h\n'}
[497.942923] (cartographer) StdoutLine: {'line': b'-- Installing: /root/distr_slam_ws/install/cartographer/include/cartographer/mapping/proto/motion_filter_options.pb.h\n'}
[497.943015] (cartographer) StdoutLine: {'line': b'-- Installing: /root/distr_slam_ws/install/cartographer/include/cartographer/mapping/proto/normal_estimation_options_2d.pb.h\n'}
[497.943108] (cartographer) StdoutLine: {'line': b'-- Installing: /root/distr_slam_ws/install/cartographer/include/cartographer/mapping/proto/pose_extrapolator_options.pb.h\n'}
[497.943213] (cartographer) StdoutLine: {'line': b'-- Installing: /root/distr_slam_ws/install/cartographer/include/cartographer/mapping/proto/pose_graph.pb.h\n'}
[497.943381] (cartographer) StdoutLine: {'line': b'-- Installing: /root/distr_slam_ws/install/cartographer/include/cartographer/mapping/proto/pose_graph/constraint_builder_options.pb.h\n'}
[497.943491] (cartographer) StdoutLine: {'line': b'-- Installing: /root/distr_slam_ws/install/cartographer/include/cartographer/mapping/proto/pose_graph/optimization_problem_options.pb.h\n'}
[497.943581] (cartographer) StdoutLine: {'line': b'-- Installing: /root/distr_slam_ws/install/cartographer/include/cartographer/mapping/proto/pose_graph_options.pb.h\n'}
[497.943653] (cartographer) StdoutLine: {'line': b'-- Installing: /root/distr_slam_ws/install/cartographer/include/cartographer/mapping/proto/probability_grid.pb.h\n'}
[497.943742] (cartographer) StdoutLine: {'line': b'-- Installing: /root/distr_slam_ws/install/cartographer/include/cartographer/mapping/proto/probability_grid_range_data_inserter_options_2d.pb.h\n'}
[497.943851] (cartographer) StdoutLine: {'line': b'-- Installing: /root/distr_slam_ws/install/cartographer/include/cartographer/mapping/proto/range_data_inserter_options.pb.h\n'}
[497.943951] (cartographer) StdoutLine: {'line': b'-- Installing: /root/distr_slam_ws/install/cartographer/include/cartographer/mapping/proto/range_data_inserter_options_3d.pb.h\n'}
[497.944114] (cartographer) StdoutLine: {'line': b'-- Installing: /root/distr_slam_ws/install/cartographer/include/cartographer/mapping/proto/scan_matching/ceres_scan_matcher_options_2d.pb.h\n'}
[497.944292] (cartographer) StdoutLine: {'line': b'-- Installing: /root/distr_slam_ws/install/cartographer/include/cartographer/mapping/proto/scan_matching/ceres_scan_matcher_options_3d.pb.h\n'}
[497.944531] (cartographer) StdoutLine: {'line': b'-- Installing: /root/distr_slam_ws/install/cartographer/include/cartographer/mapping/proto/scan_matching/fast_correlative_scan_matcher_options_2d.pb.h\n'}
[497.944864] (cartographer) StdoutLine: {'line': b'-- Installing: /root/distr_slam_ws/install/cartographer/include/cartographer/mapping/proto/scan_matching/fast_correlative_scan_matcher_options_3d.pb.h\n'}
[497.945156] (cartographer) StdoutLine: {'line': b'-- Installing: /root/distr_slam_ws/install/cartographer/include/cartographer/mapping/proto/scan_matching/real_time_correlative_scan_matcher_options.pb.h\n'}
[497.945440] (cartographer) StdoutLine: {'line': b'-- Installing: /root/distr_slam_ws/install/cartographer/include/cartographer/mapping/proto/serialization.pb.h\n'}
[497.945886] (cartographer) StdoutLine: {'line': b'-- Installing: /root/distr_slam_ws/install/cartographer/include/cartographer/mapping/proto/submap.pb.h\n'}
[497.946197] (cartographer) StdoutLine: {'line': b'-- Installing: /root/distr_slam_ws/install/cartographer/include/cartographer/mapping/proto/submap_visualization.pb.h\n'}
[497.946588] (cartographer) StdoutLine: {'line': b'-- Installing: /root/distr_slam_ws/install/cartographer/include/cartographer/mapping/proto/submaps_options_2d.pb.h\n'}
[497.946919] (cartographer) StdoutLine: {'line': b'-- Installing: /root/distr_slam_ws/install/cartographer/include/cartographer/mapping/proto/submaps_options_3d.pb.h\n'}
[497.947213] (cartographer) StdoutLine: {'line': b'-- Installing: /root/distr_slam_ws/install/cartographer/include/cartographer/mapping/proto/trajectory.pb.h\n'}
[497.947535] (cartographer) StdoutLine: {'line': b'-- Installing: /root/distr_slam_ws/install/cartographer/include/cartographer/mapping/proto/trajectory_builder_options.pb.h\n'}
[497.947929] (cartographer) StdoutLine: {'line': b'-- Installing: /root/distr_slam_ws/install/cartographer/include/cartographer/mapping/proto/trajectory_node_data.pb.h\n'}
[497.948235] (cartographer) StdoutLine: {'line': b'-- Installing: /root/distr_slam_ws/install/cartographer/include/cartographer/mapping/proto/tsdf_2d.pb.h\n'}
[497.948529] (cartographer) StdoutLine: {'line': b'-- Installing: /root/distr_slam_ws/install/cartographer/include/cartographer/mapping/proto/tsdf_range_data_inserter_options_2d.pb.h\n'}
[497.949105] (cartographer) StdoutLine: {'line': b'-- Installing: /root/distr_slam_ws/install/cartographer/include/cartographer/sensor/proto/adaptive_voxel_filter_options.pb.h\n'}
[497.949382] (cartographer) StdoutLine: {'line': b'-- Installing: /root/distr_slam_ws/install/cartographer/include/cartographer/sensor/proto/sensor.pb.h\n'}
[497.949998] (cartographer) StdoutLine: {'line': b'-- Installing: /root/distr_slam_ws/install/cartographer/include/cartographer/transform/proto/timestamped_transform.pb.h\n'}
[497.950288] (cartographer) StdoutLine: {'line': b'-- Installing: /root/distr_slam_ws/install/cartographer/include/cartographer/transform/proto/transform.pb.h\n'}
[497.950747] (cartographer) StdoutLine: {'line': b'-- Old export file "/root/distr_slam_ws/install/cartographer/share/cartographer/cmake/CartographerTargets.cmake" will be replaced.  Removing files [/root/distr_slam_ws/install/cartographer/share/cartographer/cmake/CartographerTargets-release.cmake].\n'}
[497.950952] (cartographer) StdoutLine: {'line': b'-- Installing: /root/distr_slam_ws/install/cartographer/share/cartographer/cmake/CartographerTargets.cmake\n'}
[497.951154] (cartographer) StdoutLine: {'line': b'-- Installing: /root/distr_slam_ws/install/cartographer/share/cartographer/cmake/CartographerTargets-release.cmake\n'}
[497.951407] (cartographer) StdoutLine: {'line': b'-- Installing: /root/distr_slam_ws/install/cartographer/share/cartographer/cartographer-config.cmake\n'}
[497.953762] (cartographer) CommandEnded: {'returncode': 0}
[497.956291] (-) TimerEvent: {}
[497.973630] (cartographer) JobEnded: {'identifier': 'cartographer', 'rc': 0}
[497.975307] (cartographer_ros) JobStarted: {'identifier': 'cartographer_ros'}
[497.985336] (cartographer_ros) JobProgress: {'identifier': 'cartographer_ros', 'progress': 'cmake'}
[497.986343] (cartographer_ros) Command: {'cmd': ['/usr/bin/cmake', '/root/distr_slam_ws/src/cartographer_ros/cartographer_ros', '-DCMAKE_INSTALL_PREFIX=/root/distr_slam_ws/install/cartographer_ros'], 'cwd': '/root/distr_slam_ws/build/cartographer_ros', 'env': OrderedDict([('HOSTNAME', 'user-Virtual-Machine'), ('SHLVL', '1'), ('LIBGL_ALWAYS_SOFTWARE', '1'), ('LD_LIBRARY_PATH', '/root/distr_slam_ws/install/cartographer_ros_msgs/lib:/usr/lib/x86_64-linux-gnu/gazebo-11/plugins:/opt/ros/humble/opt/rviz_ogre_vendor/lib:/opt/ros/humble/lib/x86_64-linux-gnu:/opt/ros/humble/lib'), ('HOME', '/root'), ('ROS_PYTHON_VERSION', '3'), ('ROS_DISTRO', 'humble'), ('_', '/usr/bin/colcon'), ('ROS_VERSION', '2'), ('PKG_CONFIG_PATH', '/root/distr_slam_ws/install/cartographer/lib/x86_64-linux-gnu/pkgconfig:/root/distr_slam_ws/install/cartographer/lib/pkgconfig'), ('TERM', 'xterm'), ('ROS_LOCALHOST_ONLY', '1'), ('QT_X11_NO_MITSHM', '1'), ('PATH', '/root/distr_slam_ws/install/cartographer/bin:/opt/ros/humble/bin:/usr/local/sbin:/usr/local/bin:/usr/sbin:/usr/bin:/sbin:/bin'), ('DISPLAY', ':0'), ('LANG', 'en_US.UTF-8'), ('XAUTHORITY', '/root/.Xauthority'), ('LS_COLORS', 'rs=0:di=01;34:ln=01;36:mh=00:pi=40;33:so=01;35:do=01;35:bd=40;33;01:cd=40;33;01:or=40;31;01:mi=00:su=37;41:sg=30;43:ca=30;41:tw=30;42:ow=34;42:st=37;44:ex=01;32:*.tar=01;31:*.tgz=01;31:*.arc=01;31:*.arj=01;31:*.taz=01;31:*.lha=01;31:*.lz4=01;31:*.lzh=01;31:*.lzma=01;31:*.tlz=01;31:*.txz=01;31:*.tzo=01;31:*.t7z=01;31:*.zip=01;31:*.z=01;31:*.dz=01;31:*.gz=01;31:*.lrz=01;31:*.lz=01;31:*.lzo=01;31:*.xz=01;31:*.zst=01;31:*.tzst=01;31:*.bz2=01;31:*.bz=01;31:*.tbz=01;31:*.tbz2=01;31:*.tz=01;31:*.deb=01;31:*.rpm=01;31:*.jar=01;31:*.war=01;31:*.ear=01;31:*.sar=01;31:*.rar=01;31:*.alz=01;31:*.ace=01;31:*.zoo=01;31:*.cpio=01;31:*.7z=01;31:*.rz=01;31:*.cab=01;31:*.wim=01;31:*.swm=01;31:*.dwm=01;31:*.esd=01;31:*.jpg=01;35:*.jpeg=01;35:*.mjpg=01;35:*.mjpeg=01;35:*.gif=01;35:*.bmp=01;35:*.pbm=01;35:*.pgm=01;35:*.ppm=01;35:*.tga=01;35:*.xbm=01;35:*.xpm=01;35:*.tif=01;35:*.tiff=01;35:*.png=01;35:*.svg=01;35:*.svgz=01;35:*.mng=01;35:*.pcx=01;35:*.mov=01;35:*.mpg=01;35:*.mpeg=01;35:*.m2v=01;35:*.mkv=01;35:*.webm=01;35:*.webp=01;35:*.ogm=01;35:*.mp4=01;35:*.m4v=01;35:*.mp4v=01;35:*.vob=01;35:*.qt=01;35:*.nuv=01;35:*.wmv=01;35:*.asf=01;35:*.rm=01;35:*.rmvb=01;35:*.flc=01;35:*.avi=01;35:*.fli=01;35:*.flv=01;35:*.gl=01;35:*.dl=01;35:*.xcf=01;35:*.xwd=01;35:*.yuv=01;35:*.cgm=01;35:*.emf=01;35:*.ogv=01;35:*.ogx=01;35:*.aac=00;36:*.au=00;36:*.flac=00;36:*.m4a=00;36:*.mid=00;36:*.midi=00;36:*.mka=00;36:*.mp3=00;36:*.mpc=00;36:*.ogg=00;36:*.ra=00;36:*.wav=00;36:*.oga=00;36:*.opus=00;36:*.spx=00;36:*.xspf=00;36:'), ('AMENT_PREFIX_PATH', '/root/distr_slam_ws/install/cartographer_ros_msgs:/opt/ros/humble'), ('DEBIAN_FRONTEND', 'noninteractive'), ('PWD', '/root/distr_slam_ws/build/cartographer_ros'), ('TURTLEBOT3_MODEL', 'burger'), ('LC_ALL', 'en_US.UTF-8'), ('PYTHONPATH', '/root/distr_slam_ws/install/cartographer_ros_msgs/local/lib/python3.10/dist-packages:/opt/ros/humble/lib/python3.10/site-packages:/opt/ros/humble/local/lib/python3.10/dist-packages'), ('COLCON', '1'), ('CMAKE_PREFIX_PATH', '/root/distr_slam_ws/install/cartographer_ros_msgs:/root/distr_slam_ws/install/cartographer:/opt/ros/humble')]), 'shell': False}
[498.043011] (cartographer_ros) StdoutLine: {'line': b'-- The C compiler identification is GNU 11.4.0\n'}
[498.056396] (-) TimerEvent: {}
[498.100961] (cartographer_ros) StdoutLine: {'line': b'-- The CXX compiler identification is GNU 11.4.0\n'}
[498.109219] (cartographer_ros) StdoutLine: {'line': b'-- Detecting C compiler ABI info\n'}
[498.156535] (-) TimerEvent: {}
[498.181589] (cartographer_ros) StdoutLine: {'line': b'-- Detecting C compiler ABI info - done\n'}
[498.189117] (cartographer_ros) StdoutLine: {'line': b'-- Check for working C compiler: /usr/bin/cc - skipped\n'}
[498.189409] (cartographer_ros) StdoutLine: {'line': b'-- Detecting C compile features\n'}
[498.189913] (cartographer_ros) StdoutLine: {'line': b'-- Detecting C compile features - done\n'}
[498.193111] (cartographer_ros) StdoutLine: {'line': b'-- Detecting CXX compiler ABI info\n'}
[498.256693] (-) TimerEvent: {}
[498.272104] (cartographer_ros) StdoutLine: {'line': b'-- Detecting CXX compiler ABI info - done\n'}
[498.280431] (cartographer_ros) StdoutLine: {'line': b'-- Check for working CXX compiler: /usr/bin/c++ - skipped\n'}
[498.280800] (cartographer_ros) StdoutLine: {'line': b'-- Detecting CXX compile features\n'}
[498.281441] (cartographer_ros) StdoutLine: {'line': b'-- Detecting CXX compile features - done\n'}
[498.284784] (cartographer_ros) StdoutLine: {'line': b'-- Found ament_cmake: 1.3.14 (/opt/ros/humble/share/ament_cmake/cmake)\n'}
[498.356832] (-) TimerEvent: {}
[498.457322] (-) TimerEvent: {}
[498.474955] (cartographer_ros) StdoutLine: {'line': b'-- Found Python3: /usr/bin/python3 (found version "3.10.12") found components: Interpreter \n'}
[498.557412] (-) TimerEvent: {}
[498.587082] (cartographer_ros) StdoutLine: {'line': b'-- Looking for pthread.h\n'}
[498.657549] (-) TimerEvent: {}
[498.660877] (cartographer_ros) StdoutLine: {'line': b'-- Looking for pthread.h - found\n'}
[498.661128] (cartographer_ros) StdoutLine: {'line': b'-- Performing Test CMAKE_HAVE_LIBC_PTHREAD\n'}
[498.739147] (cartographer_ros) StdoutLine: {'line': b'-- Performing Test CMAKE_HAVE_LIBC_PTHREAD - Success\n'}
[498.740061] (cartographer_ros) StdoutLine: {'line': b'-- Found Threads: TRUE  \n'}
[498.747579] (cartographer_ros) StdoutLine: {'line': b'-- Found builtin_interfaces: 1.2.2 (/opt/ros/humble/share/builtin_interfaces/cmake)\n'}
[498.757612] (-) TimerEvent: {}
[498.789694] (cartographer_ros) StdoutLine: {'line': b'-- Found rosidl_generator_c: 3.1.8 (/opt/ros/humble/share/rosidl_generator_c/cmake)\n'}
[498.797238] (cartographer_ros) StdoutLine: {'line': b'-- Found rosidl_adapter: 3.1.8 (/opt/ros/humble/share/rosidl_adapter/cmake)\n'}
[498.809519] (cartographer_ros) StdoutLine: {'line': b'-- Found rosidl_generator_cpp: 3.1.8 (/opt/ros/humble/share/rosidl_generator_cpp/cmake)\n'}
[498.825627] (cartographer_ros) StdoutLine: {'line': b'-- Using all available rosidl_typesupport_c: rosidl_typesupport_fastrtps_c;rosidl_typesupport_introspection_c\n'}
[498.846537] (cartographer_ros) StdoutLine: {'line': b'-- Using all available rosidl_typesupport_cpp: rosidl_typesupport_fastrtps_cpp;rosidl_typesupport_introspection_cpp\n'}
[498.857723] (-) TimerEvent: {}
[498.879094] (cartographer_ros) StdoutLine: {'line': b'-- Found required Ceres dependency: Eigen version 3.4.0 in /usr/include/eigen3\n'}
[498.886272] (cartographer_ros) StdoutLine: {'line': b'-- Found required Ceres dependency: glog\n'}
[498.886905] (cartographer_ros) StdoutLine: {'line': b'-- Found required Ceres dependency: gflags\n'}
[498.887299] (cartographer_ros) StdoutLine: {'line': b'-- Found Ceres version: 2.0.0 installed in: /usr with components: [EigenSparse, SparseLinearAlgebraLibrary, LAPACK, SuiteSparse, CXSparse, SchurSpecializations, Multithreading]\n'}
[498.903643] (cartographer_ros) StdoutLine: {'line': b'-- Found Boost: /usr/lib/x86_64-linux-gnu/cmake/Boost-1.74.0/BoostConfig.cmake (found version "1.74.0") found components: iostreams \n'}
[498.905100] (cartographer_ros) StdoutLine: {'line': b'-- Found cartographer_ros_msgs: 2.0.9003 (/root/distr_slam_ws/install/cartographer_ros_msgs/share/cartographer_ros_msgs/cmake)\n'}
[498.957918] (-) TimerEvent: {}
[498.984538] (cartographer_ros) StdoutLine: {'line': b'-- Found nav_msgs: 4.9.1 (/opt/ros/humble/share/nav_msgs/cmake)\n'}
[499.058027] (-) TimerEvent: {}
[499.088277] (cartographer_ros) StdoutLine: {'line': b"-- Checking for module 'eigen3'\n"}
[499.111025] (cartographer_ros) StdoutLine: {'line': b'--   Found eigen3, version 3.4.0\n'}
[499.143334] (cartographer_ros) StdoutLine: {'line': b'-- Found Eigen: /usr/include/eigen3 (Required is at least version "3.1") \n'}
[499.143495] (cartographer_ros) StdoutLine: {'line': b'-- Eigen found (include: /usr/include/eigen3, version: 3.4.0)\n'}
[499.158148] (-) TimerEvent: {}
[499.188348] (cartographer_ros) StdoutLine: {'line': b'-- Found Boost: /usr/lib/x86_64-linux-gnu/cmake/Boost-1.74.0/BoostConfig.cmake (found suitable version "1.74.0", minimum required is "1.65.0") found components: system filesystem date_time iostreams serialization \n'}
[499.189744] (cartographer_ros) StdoutLine: {'line': b'-- looking for PCL_COMMON\n'}
[499.191014] (cartographer_ros) StdoutLine: {'line': b'-- Found PCL_COMMON: /usr/lib/x86_64-linux-gnu/libpcl_common.so  \n'}
[499.191480] (cartographer_ros) StdoutLine: {'line': b'-- Found PCL: pcl_common;Boost::system;Boost::filesystem;Boost::date_time;Boost::iostreams;Boost::serialization  \n'}
[499.202634] (cartographer_ros) StdoutLine: {'line': b'-- Found pcl_conversions: 2.4.5 (/opt/ros/humble/share/pcl_conversions/cmake)\n'}
[499.258348] (-) TimerEvent: {}
[499.336121] (cartographer_ros) StdoutLine: {'line': b'-- Found rmw_implementation_cmake: 6.1.2 (/opt/ros/humble/share/rmw_implementation_cmake/cmake)\n'}
[499.342054] (cartographer_ros) StdoutLine: {'line': b'-- Found rmw_fastrtps_cpp: 6.2.10 (/opt/ros/humble/share/rmw_fastrtps_cpp/cmake)\n'}
[499.358524] (-) TimerEvent: {}
[499.459021] (-) TimerEvent: {}
[499.525428] (cartographer_ros) StdoutLine: {'line': b'-- Found OpenSSL: /usr/lib/x86_64-linux-gnu/libcrypto.so (found version "3.0.2")  \n'}
[499.559138] (-) TimerEvent: {}
[499.565361] (cartographer_ros) StdoutLine: {'line': b'-- Found FastRTPS: /opt/ros/humble/include  \n'}
[499.623384] (cartographer_ros) StdoutLine: {'line': b"-- Using RMW implementation 'rmw_fastrtps_cpp' as default\n"}
[499.659255] (-) TimerEvent: {}
[499.759598] (-) TimerEvent: {}
[499.860070] (-) TimerEvent: {}
[499.917139] (cartographer_ros) StdoutLine: {'line': b'-- Found ros_environment: 3.2.2 (/opt/ros/humble/share/ros_environment/cmake)\n'}
[499.924659] (cartographer_ros) StdoutLine: {'line': b'-- Found rosbag2_cpp: 0.15.16 (/opt/ros/humble/share/rosbag2_cpp/cmake)\n'}
[499.960203] (-) TimerEvent: {}
[500.056359] (cartographer_ros) StdoutLine: {'line': b'-- Found tf2: 0.25.20 (/opt/ros/humble/share/tf2/cmake)\n'}
[500.060395] (-) TimerEvent: {}
[500.070301] (cartographer_ros) StdoutLine: {'line': b'-- Found tf2_eigen: 0.25.20 (/opt/ros/humble/share/tf2_eigen/cmake)\n'}
[500.160583] (-) TimerEvent: {}
[500.261037] (-) TimerEvent: {}
[500.354086] (cartographer_ros) StdoutLine: {'line': b'-- Found urdf: 2.6.1 (/opt/ros/humble/share/urdf/cmake)\n'}
[500.361212] (-) TimerEvent: {}
[500.382021] (cartographer_ros) StdoutLine: {'line': b'-- Found visualization_msgs: 4.9.1 (/opt/ros/humble/share/visualization_msgs/cmake)\n'}
[500.414051] (cartographer_ros) StdoutLine: {'line': b'-- Found std_srvs: 4.9.1 (/opt/ros/humble/share/std_srvs/cmake)\n'}
[500.437897] (cartographer_ros) StdoutLine: {'line': b'-- Found PkgConfig: /usr/bin/pkg-config (found version "0.29.2") \n'}
[500.438929] (cartographer_ros) StdoutLine: {'line': b"-- Checking for module 'hiredis'\n"}
[500.444356] (cartographer_ros) StdoutLine: {'line': b"--   No package 'hiredis' found\n"}
[500.444737] (cartographer_ros) StderrLine: {'line': b'\x1b[31mCMake Error at /usr/share/cmake-3.22/Modules/FindPkgConfig.cmake:603 (message):\n'}
[500.445174] (cartographer_ros) StderrLine: {'line': b'  A required package was not found\n'}
[500.445381] (cartographer_ros) StderrLine: {'line': b'Call Stack (most recent call first):\n'}
[500.445618] (cartographer_ros) StderrLine: {'line': b'  /usr/share/cmake-3.22/Modules/FindPkgConfig.cmake:825 (_pkg_check_modules_internal)\n'}
[500.445781] (cartographer_ros) StderrLine: {'line': b'  CMakeLists.txt:56 (pkg_check_modules)\n'}
[500.445938] (cartographer_ros) StderrLine: {'line': b'\n'}
[500.446092] (cartographer_ros) StderrLine: {'line': b'\x1b[0m\n'}
[500.446245] (cartographer_ros) StdoutLine: {'line': b'-- Configuring incomplete, errors occurred!\n'}
[500.446416] (cartographer_ros) StdoutLine: {'line': b'See also "/root/distr_slam_ws/build/cartographer_ros/CMakeFiles/CMakeOutput.log".\n'}
[500.458890] (cartographer_ros) CommandEnded: {'returncode': 1}
[500.461511] (-) TimerEvent: {}
[500.491655] (cartographer_ros) JobEnded: {'identifier': 'cartographer_ros', 'rc': 1}
[500.502189] (cartographer_rviz) JobSkipped: {'identifier': 'cartographer_rviz'}
[500.502333] (-) EventReactorShutdown: {}
