[0.000000] (-) TimerEvent: {}
[0.000143] (cartographer) JobQueued: {'identifier': 'cartographer', 'dependencies': OrderedDict()}
[0.000230] (cartographer_ros_msgs) JobQueued: {'identifier': 'cartographer_ros_msgs', 'dependencies': OrderedDict()}
[0.000281] (cartographer_ros) JobQueued: {'identifier': 'cartographer_ros', 'dependencies': OrderedDict({'cartographer': '/root/distr_slam_ws/install/cartographer', 'cartographer_ros_msgs': '/root/distr_slam_ws/install/cartographer_ros_msgs'})}
[0.000370] (cartographer_rviz) JobQueued: {'identifier': 'cartographer_rviz', 'dependencies': OrderedDict({'cartographer': '/root/distr_slam_ws/install/cartographer', 'cartographer_ros_msgs': '/root/distr_slam_ws/install/cartographer_ros_msgs', 'cartographer_ros': '/root/distr_slam_ws/install/cartographer_ros'})}
[0.000570] (cartographer) JobStarted: {'identifier': 'cartographer'}
[0.008497] (cartographer_ros_msgs) JobStarted: {'identifier': 'cartographer_ros_msgs'}
[0.016502] (cartographer) JobProgress: {'identifier': 'cartographer', 'progress': 'cmake'}
[0.017347] (cartographer) JobProgress: {'identifier': 'cartographer', 'progress': 'build'}
[0.018108] (cartographer) Command: {'cmd': ['/usr/bin/cmake', '--build', '/root/distr_slam_ws/build/cartographer', '--', '-j8', '-l8'], 'cwd': '/root/distr_slam_ws/build/cartographer', 'env': OrderedDict({'HOSTNAME': 'user-dynabook-G83-DN', 'SHLVL': '1', 'LIBGL_ALWAYS_SOFTWARE': '1', 'LD_LIBRARY_PATH': '/root/distr_slam_ws/install/cartographer_rviz/lib:/root/distr_slam_ws/install/cartographer_ros/lib:/root/distr_slam_ws/install/cartographer_ros_msgs/lib:/opt/ros/jazzy/opt/rviz_ogre_vendor/lib:/opt/ros/jazzy/lib/x86_64-linux-gnu:/opt/ros/jazzy/opt/gz_math_vendor/lib:/opt/ros/jazzy/opt/gz_utils_vendor/lib:/opt/ros/jazzy/opt/gz_cmake_vendor/lib:/opt/ros/jazzy/lib', 'HOME': '/root', 'ROS_PYTHON_VERSION': '3', 'COLCON_PREFIX_PATH': '/root/distr_slam_ws/install', 'ROS_DISTRO': 'jazzy', '_': '/usr/bin/colcon', 'ROS_VERSION': '2', 'PKG_CONFIG_PATH': '/root/distr_slam_ws/install/cartographer/lib/x86_64-linux-gnu/pkgconfig:/root/distr_slam_ws/install/cartographer/lib/pkgconfig', 'TERM': 'xterm', 'ROS_LOCALHOST_ONLY': '1', 'QT_X11_NO_MITSHM': '1', 'PATH': '/root/distr_slam_ws/install/cartographer/bin:/opt/ros/jazzy/bin:/usr/local/sbin:/usr/local/bin:/usr/sbin:/usr/bin:/sbin:/bin', 'DISPLAY': ':0', 'LANG': 'en_US.UTF-8', 'XAUTHORITY': '/root/.Xauthority', 'LS_COLORS': 'rs=0:di=01;34:ln=01;36:mh=00:pi=40;33:so=01;35:do=01;35:bd=40;33;01:cd=40;33;01:or=40;31;01:mi=00:su=37;41:sg=30;43:ca=00:tw=30;42:ow=34;42:st=37;44:ex=01;32:*.tar=01;31:*.tgz=01;31:*.arc=01;31:*.arj=01;31:*.taz=01;31:*.lha=01;31:*.lz4=01;31:*.lzh=01;31:*.lzma=01;31:*.tlz=01;31:*.txz=01;31:*.tzo=01;31:*.t7z=01;31:*.zip=01;31:*.z=01;31:*.dz=01;31:*.gz=01;31:*.lrz=01;31:*.lz=01;31:*.lzo=01;31:*.xz=01;31:*.zst=01;31:*.tzst=01;31:*.bz2=01;31:*.bz=01;31:*.tbz=01;31:*.tbz2=01;31:*.tz=01;31:*.deb=01;31:*.rpm=01;31:*.jar=01;31:*.war=01;31:*.ear=01;31:*.sar=01;31:*.rar=01;31:*.alz=01;31:*.ace=01;31:*.zoo=01;31:*.cpio=01;31:*.7z=01;31:*.rz=01;31:*.cab=01;31:*.wim=01;31:*.swm=01;31:*.dwm=01;31:*.esd=01;31:*.avif=01;35:*.jpg=01;35:*.jpeg=01;35:*.mjpg=01;35:*.mjpeg=01;35:*.gif=01;35:*.bmp=01;35:*.pbm=01;35:*.pgm=01;35:*.ppm=01;35:*.tga=01;35:*.xbm=01;35:*.xpm=01;35:*.tif=01;35:*.tiff=01;35:*.png=01;35:*.svg=01;35:*.svgz=01;35:*.mng=01;35:*.pcx=01;35:*.mov=01;35:*.mpg=01;35:*.mpeg=01;35:*.m2v=01;35:*.mkv=01;35:*.webm=01;35:*.webp=01;35:*.ogm=01;35:*.mp4=01;35:*.m4v=01;35:*.mp4v=01;35:*.vob=01;35:*.qt=01;35:*.nuv=01;35:*.wmv=01;35:*.asf=01;35:*.rm=01;35:*.rmvb=01;35:*.flc=01;35:*.avi=01;35:*.fli=01;35:*.flv=01;35:*.gl=01;35:*.dl=01;35:*.xcf=01;35:*.xwd=01;35:*.yuv=01;35:*.cgm=01;35:*.emf=01;35:*.ogv=01;35:*.ogx=01;35:*.aac=00;36:*.au=00;36:*.flac=00;36:*.m4a=00;36:*.mid=00;36:*.midi=00;36:*.mka=00;36:*.mp3=00;36:*.mpc=00;36:*.ogg=00;36:*.ra=00;36:*.wav=00;36:*.oga=00;36:*.opus=00;36:*.spx=00;36:*.xspf=00;36:*~=00;90:*#=00;90:*.bak=00;90:*.crdownload=00;90:*.dpkg-dist=00;90:*.dpkg-new=00;90:*.dpkg-old=00;90:*.dpkg-tmp=00;90:*.old=00;90:*.orig=00;90:*.part=00;90:*.rej=00;90:*.rpmnew=00;90:*.rpmorig=00;90:*.rpmsave=00;90:*.swp=00;90:*.tmp=00;90:*.ucf-dist=00;90:*.ucf-new=00;90:*.ucf-old=00;90:', 'AMENT_PREFIX_PATH': '/root/distr_slam_ws/install/cartographer_rviz:/root/distr_slam_ws/install/cartographer_ros:/root/distr_slam_ws/install/cartographer_ros_msgs:/opt/ros/jazzy', 'DEBIAN_FRONTEND': 'noninteractive', 'ROS_AUTOMATIC_DISCOVERY_RANGE': 'SUBNET', 'PWD': '/root/distr_slam_ws/build/cartographer', 'TURTLEBOT3_MODEL': 'burger', 'LC_ALL': 'en_US.UTF-8', 'PYTHONPATH': '/root/distr_slam_ws/install/cartographer_ros_msgs/lib/python3.12/site-packages:/opt/ros/jazzy/lib/python3.12/site-packages', 'COLCON': '1', 'CMAKE_PREFIX_PATH': '/root/distr_slam_ws/install/cartographer_rviz:/root/distr_slam_ws/install/cartographer_ros:/root/distr_slam_ws/install/cartographer_ros_msgs:/root/distr_slam_ws/install/cartographer:/opt/ros/jazzy/opt/gz_math_vendor:/opt/ros/jazzy/opt/gz_utils_vendor:/opt/ros/jazzy/opt/gz_cmake_vendor:/opt/ros/jazzy'}), 'shell': False}
[0.020885] (cartographer_ros_msgs) JobProgress: {'identifier': 'cartographer_ros_msgs', 'progress': 'cmake'}
[0.021790] (cartographer_ros_msgs) JobProgress: {'identifier': 'cartographer_ros_msgs', 'progress': 'build'}
[0.022264] (cartographer_ros_msgs) Command: {'cmd': ['/usr/bin/cmake', '--build', '/root/distr_slam_ws/build/cartographer_ros_msgs', '--', '-j8', '-l8'], 'cwd': '/root/distr_slam_ws/build/cartographer_ros_msgs', 'env': OrderedDict({'HOSTNAME': 'user-dynabook-G83-DN', 'SHLVL': '1', 'LIBGL_ALWAYS_SOFTWARE': '1', 'LD_LIBRARY_PATH': '/root/distr_slam_ws/install/cartographer_rviz/lib:/root/distr_slam_ws/install/cartographer_ros/lib:/root/distr_slam_ws/install/cartographer_ros_msgs/lib:/opt/ros/jazzy/opt/rviz_ogre_vendor/lib:/opt/ros/jazzy/lib/x86_64-linux-gnu:/opt/ros/jazzy/opt/gz_math_vendor/lib:/opt/ros/jazzy/opt/gz_utils_vendor/lib:/opt/ros/jazzy/opt/gz_cmake_vendor/lib:/opt/ros/jazzy/lib', 'HOME': '/root', 'ROS_PYTHON_VERSION': '3', 'COLCON_PREFIX_PATH': '/root/distr_slam_ws/install', 'ROS_DISTRO': 'jazzy', '_': '/usr/bin/colcon', 'ROS_VERSION': '2', 'PKG_CONFIG_PATH': '/root/distr_slam_ws/install/cartographer/lib/x86_64-linux-gnu/pkgconfig:/root/distr_slam_ws/install/cartographer/lib/pkgconfig', 'TERM': 'xterm', 'ROS_LOCALHOST_ONLY': '1', 'QT_X11_NO_MITSHM': '1', 'PATH': '/root/distr_slam_ws/install/cartographer/bin:/opt/ros/jazzy/bin:/usr/local/sbin:/usr/local/bin:/usr/sbin:/usr/bin:/sbin:/bin', 'DISPLAY': ':0', 'LANG': 'en_US.UTF-8', 'XAUTHORITY': '/root/.Xauthority', 'LS_COLORS': 'rs=0:di=01;34:ln=01;36:mh=00:pi=40;33:so=01;35:do=01;35:bd=40;33;01:cd=40;33;01:or=40;31;01:mi=00:su=37;41:sg=30;43:ca=00:tw=30;42:ow=34;42:st=37;44:ex=01;32:*.tar=01;31:*.tgz=01;31:*.arc=01;31:*.arj=01;31:*.taz=01;31:*.lha=01;31:*.lz4=01;31:*.lzh=01;31:*.lzma=01;31:*.tlz=01;31:*.txz=01;31:*.tzo=01;31:*.t7z=01;31:*.zip=01;31:*.z=01;31:*.dz=01;31:*.gz=01;31:*.lrz=01;31:*.lz=01;31:*.lzo=01;31:*.xz=01;31:*.zst=01;31:*.tzst=01;31:*.bz2=01;31:*.bz=01;31:*.tbz=01;31:*.tbz2=01;31:*.tz=01;31:*.deb=01;31:*.rpm=01;31:*.jar=01;31:*.war=01;31:*.ear=01;31:*.sar=01;31:*.rar=01;31:*.alz=01;31:*.ace=01;31:*.zoo=01;31:*.cpio=01;31:*.7z=01;31:*.rz=01;31:*.cab=01;31:*.wim=01;31:*.swm=01;31:*.dwm=01;31:*.esd=01;31:*.avif=01;35:*.jpg=01;35:*.jpeg=01;35:*.mjpg=01;35:*.mjpeg=01;35:*.gif=01;35:*.bmp=01;35:*.pbm=01;35:*.pgm=01;35:*.ppm=01;35:*.tga=01;35:*.xbm=01;35:*.xpm=01;35:*.tif=01;35:*.tiff=01;35:*.png=01;35:*.svg=01;35:*.svgz=01;35:*.mng=01;35:*.pcx=01;35:*.mov=01;35:*.mpg=01;35:*.mpeg=01;35:*.m2v=01;35:*.mkv=01;35:*.webm=01;35:*.webp=01;35:*.ogm=01;35:*.mp4=01;35:*.m4v=01;35:*.mp4v=01;35:*.vob=01;35:*.qt=01;35:*.nuv=01;35:*.wmv=01;35:*.asf=01;35:*.rm=01;35:*.rmvb=01;35:*.flc=01;35:*.avi=01;35:*.fli=01;35:*.flv=01;35:*.gl=01;35:*.dl=01;35:*.xcf=01;35:*.xwd=01;35:*.yuv=01;35:*.cgm=01;35:*.emf=01;35:*.ogv=01;35:*.ogx=01;35:*.aac=00;36:*.au=00;36:*.flac=00;36:*.m4a=00;36:*.mid=00;36:*.midi=00;36:*.mka=00;36:*.mp3=00;36:*.mpc=00;36:*.ogg=00;36:*.ra=00;36:*.wav=00;36:*.oga=00;36:*.opus=00;36:*.spx=00;36:*.xspf=00;36:*~=00;90:*#=00;90:*.bak=00;90:*.crdownload=00;90:*.dpkg-dist=00;90:*.dpkg-new=00;90:*.dpkg-old=00;90:*.dpkg-tmp=00;90:*.old=00;90:*.orig=00;90:*.part=00;90:*.rej=00;90:*.rpmnew=00;90:*.rpmorig=00;90:*.rpmsave=00;90:*.swp=00;90:*.tmp=00;90:*.ucf-dist=00;90:*.ucf-new=00;90:*.ucf-old=00;90:', 'AMENT_PREFIX_PATH': '/root/distr_slam_ws/install/cartographer_rviz:/root/distr_slam_ws/install/cartographer_ros:/root/distr_slam_ws/install/cartographer_ros_msgs:/opt/ros/jazzy', 'DEBIAN_FRONTEND': 'noninteractive', 'ROS_AUTOMATIC_DISCOVERY_RANGE': 'SUBNET', 'PWD': '/root/distr_slam_ws/build/cartographer_ros_msgs', 'TURTLEBOT3_MODEL': 'burger', 'LC_ALL': 'en_US.UTF-8', 'PYTHONPATH': '/root/distr_slam_ws/install/cartographer_ros_msgs/lib/python3.12/site-packages:/opt/ros/jazzy/lib/python3.12/site-packages', 'COLCON': '1', 'CMAKE_PREFIX_PATH': '/root/distr_slam_ws/install/cartographer_rviz:/root/distr_slam_ws/install/cartographer_ros:/root/distr_slam_ws/install/cartographer_ros_msgs:/root/distr_slam_ws/install/cartographer:/opt/ros/jazzy/opt/gz_math_vendor:/opt/ros/jazzy/opt/gz_utils_vendor:/opt/ros/jazzy/opt/gz_cmake_vendor:/opt/ros/jazzy'}), 'shell': False}
[0.100336] (-) TimerEvent: {}
[0.109224] (cartographer_ros_msgs) StdoutLine: {'line': b'[  0%] Built target cartographer_ros_msgs__rs\n'}
[0.110807] (cartographer_ros_msgs) StdoutLine: {'line': b'[  1%] Built target cartographer_ros_msgs__rosidl_generator_type_description\n'}
[0.113934] (cartographer) StdoutLine: {'line': b'[  0%] \x1b[34m\x1b[1mBuilding documentation.\x1b[0m\n'}
[0.120122] (cartographer) StdoutLine: {'line': b'[  1%] Built target gtest\n'}
[0.135521] (cartographer) StdoutLine: {'line': b'[  1%] Built target cartographer_detect_changes\n'}
[0.140451] (cartographer_ros_msgs) StdoutLine: {'line': b'[  1%] Built target ament_cmake_python_copy_cartographer_ros_msgs\n'}
[0.148197] (cartographer_ros_msgs) StdoutLine: {'line': b'[  1%] Built target cartographer_ros_msgs__cpp\n'}
[0.158807] (cartographer) StdoutLine: {'line': b'[  2%] Built target gmock\n'}
[0.180593] (cartographer_ros_msgs) StdoutLine: {'line': b'[ 29%] Built target cartographer_ros_msgs__rosidl_generator_c\n'}
[0.196513] (cartographer) StdoutLine: {'line': b'[  2%] Built target gmock_main\n'}
[0.200433] (-) TimerEvent: {}
[0.239437] (cartographer_ros_msgs) StdoutLine: {'line': b'[ 39%] Built target cartographer_ros_msgs__rosidl_typesupport_introspection_c\n'}
[0.247398] (cartographer_ros_msgs) StdoutLine: {'line': b'[ 49%] Built target cartographer_ros_msgs__rosidl_typesupport_c\n'}
[0.256714] (cartographer_ros_msgs) StdoutLine: {'line': b'[ 59%] Built target cartographer_ros_msgs__rosidl_typesupport_fastrtps_c\n'}
[0.262980] (cartographer_ros_msgs) StdoutLine: {'line': b'[ 69%] Built target cartographer_ros_msgs__rosidl_typesupport_fastrtps_cpp\n'}
[0.270589] (cartographer_ros_msgs) StdoutLine: {'line': b'[ 78%] Built target cartographer_ros_msgs__rosidl_typesupport_cpp\n'}
[0.281215] (cartographer_ros_msgs) StdoutLine: {'line': b'[ 88%] Built target cartographer_ros_msgs__rosidl_typesupport_introspection_cpp\n'}
[0.300533] (-) TimerEvent: {}
[0.308633] (cartographer_ros_msgs) StdoutLine: {'line': b'[ 88%] Built target cartographer_ros_msgs\n'}
[0.338301] (cartographer_ros_msgs) StdoutLine: {'line': b'[ 88%] Built target cartographer_ros_msgs__py\n'}
[0.381773] (cartographer_ros_msgs) StdoutLine: {'line': b'[ 97%] Built target cartographer_ros_msgs__rosidl_generator_py\n'}
[0.400641] (-) TimerEvent: {}
[0.416071] (cartographer_ros_msgs) StdoutLine: {'line': b'[ 98%] Built target cartographer_ros_msgs_s__rosidl_typesupport_c\n'}
[0.421295] (cartographer_ros_msgs) StdoutLine: {'line': b'[ 99%] Built target cartographer_ros_msgs_s__rosidl_typesupport_introspection_c\n'}
[0.422587] (cartographer_ros_msgs) StdoutLine: {'line': b'[100%] Built target cartographer_ros_msgs_s__rosidl_typesupport_fastrtps_c\n'}
[0.455096] (cartographer) StdoutLine: {'line': b'\x1b[01mRunning Sphinx v7.2.6\x1b[39;49;00m\n'}
[0.480486] (cartographer_ros_msgs) StdoutLine: {'line': b'running egg_info\n'}
[0.495996] (cartographer) StdoutLine: {'line': b'[ 55%] Built target cartographer\n'}
[0.500745] (-) TimerEvent: {}
[0.513925] (cartographer_ros_msgs) StdoutLine: {'line': b'writing cartographer_ros_msgs.egg-info/PKG-INFO\n'}
[0.514209] (cartographer_ros_msgs) StdoutLine: {'line': b'writing dependency_links to cartographer_ros_msgs.egg-info/dependency_links.txt\n'}
[0.514469] (cartographer_ros_msgs) StdoutLine: {'line': b'writing top-level names to cartographer_ros_msgs.egg-info/top_level.txt\n'}
[0.540618] (cartographer) StdoutLine: {'line': b'[ 56%] Built target cartographer_pbstream\n'}
[0.547705] (cartographer) StdoutLine: {'line': b'[ 56%] Built target cartographer_print_configuration\n'}
[0.552902] (cartographer) StdoutLine: {'line': b'[ 56%] Built target cartographer_compute_relations_metrics\n'}
[0.554837] (cartographer) StdoutLine: {'line': b'[ 57%] Built target cartographer_autogenerate_ground_truth\n'}
[0.556336] (cartographer) StdoutLine: {'line': b'[ 58%] Built target cartographer_test_library\n'}
[0.601418] (-) TimerEvent: {}
[0.613254] (cartographer) StdoutLine: {'line': b'[ 58%] Built target cartographer.common.task_test\n'}
[0.613904] (cartographer) StdoutLine: {'line': b'[ 59%] Built target cartographer.common.internal.rate_timer_test\n'}
[0.617591] (cartographer) StdoutLine: {'line': b'[ 59%] Built target cartographer.common.lua_parameter_dictionary_test\n'}
[0.620059] (cartographer) StdoutLine: {'line': b'[ 59%] Built target cartographer.common.configuration_files_test\n'}
[0.627460] (cartographer) StdoutLine: {'line': b'[ 60%] Built target cartographer.common.fixed_ratio_sampler_test\n'}
[0.627851] (cartographer) StdoutLine: {'line': b'[ 61%] Built target cartographer.common.internal.blocking_queue_test\n'}
[0.628050] (cartographer) StdoutLine: {'line': b'[ 61%] Built target cartographer.common.math_test\n'}
[0.654064] (cartographer_ros_msgs) StdoutLine: {'line': b"reading manifest file 'cartographer_ros_msgs.egg-info/SOURCES.txt'\n"}
[0.660157] (cartographer_ros_msgs) StdoutLine: {'line': b"writing manifest file 'cartographer_ros_msgs.egg-info/SOURCES.txt'\n"}
[0.684477] (cartographer) StdoutLine: {'line': b'[ 61%] Built target cartographer.io.fake_file_writer_test\n'}
[0.690891] (cartographer) StdoutLine: {'line': b'[ 61%] Built target cartographer.io.points_processor_pipeline_builder_test\n'}
[0.691240] (cartographer) StdoutLine: {'line': b'[ 62%] Built target cartographer.common.thread_pool_test\n'}
[0.692446] (cartographer) StdoutLine: {'line': b'[ 63%] Built target cartographer.io.internal.in_memory_proto_stream_test\n'}
[0.702023] (cartographer) StdoutLine: {'line': b'[ 63%] Built target cartographer.io.proto_stream_deserializer_test\n'}
[0.702330] (-) TimerEvent: {}
[0.704509] (cartographer) StdoutLine: {'line': b'[ 64%] Built target cartographer.io.probability_grid_points_processor_test\n'}
[0.730779] (cartographer) StdoutLine: {'line': b'[ 65%] Built target cartographer.io.proto_stream_test\n'}
[0.731492] (cartographer_ros_msgs) StdoutLine: {'line': b'[100%] Built target ament_cmake_python_build_cartographer_ros_msgs_egg\n'}
[0.756637] (cartographer_ros_msgs) CommandEnded: {'returncode': 0}
[0.757199] (cartographer_ros_msgs) JobProgress: {'identifier': 'cartographer_ros_msgs', 'progress': 'install'}
[0.757349] (cartographer) StdoutLine: {'line': b'\x1b[01mloading pickled environment... \x1b[39;49;00mdone\n'}
[0.758285] (cartographer) StdoutLine: {'line': b'[ 65%] Built target cartographer.mapping.2d.probability_grid_test\n'}
[0.758564] (cartographer) StdoutLine: {'line': b'[ 66%] Built target cartographer.mapping.2d.map_limits_test\n'}
[0.766408] (cartographer) StdoutLine: {'line': b'\x1b[01mbuilding [mo]: \x1b[39;49;00mtargets for 0 po files that are out of date\n'}
[0.766822] (cartographer) StdoutLine: {'line': b'\x1b[01mwriting output... \x1b[39;49;00m\n'}
[0.767013] (cartographer) StdoutLine: {'line': b'\x1b[01mbuilding [html]: \x1b[39;49;00mtargets for 0 source files that are out of date\n'}
[0.768310] (cartographer) StdoutLine: {'line': b'\x1b[01mupdating environment: \x1b[39;49;00m0 added, 0 changed, 0 removed\n'}
[0.768695] (cartographer) StdoutLine: {'line': b'\x1b[01mreading sources... \x1b[39;49;00m\n'}
[0.769069] (cartographer) StdoutLine: {'line': b'\x1b[01mlooking for now-outdated files... \x1b[39;49;00mnone found\n'}
[0.769394] (cartographer) StdoutLine: {'line': b'\x1b[01mno targets are out of date.\x1b[39;49;00m\n'}
[0.769579] (cartographer) StdoutLine: {'line': b'\x1b[01mbuild succeeded.\x1b[39;49;00m\n'}
[0.769738] (cartographer) StdoutLine: {'line': b'\n'}
[0.769912] (cartographer) StdoutLine: {'line': b'The HTML pages are in html.\n'}
[0.776420] (cartographer) StdoutLine: {'line': b'[ 66%] Built target cartographer.mapping.2d.submap_2d_test\n'}
[0.780416] (cartographer) StdoutLine: {'line': b'[ 67%] Built target cartographer.mapping.2d.xy_index_test\n'}
[0.780715] (cartographer) StdoutLine: {'line': b'[ 67%] Built target cartographer.io.serialization_format_migration_test\n'}
[0.791849] (cartographer_ros_msgs) Command: {'cmd': ['/usr/bin/cmake', '--install', '/root/distr_slam_ws/build/cartographer_ros_msgs'], 'cwd': '/root/distr_slam_ws/build/cartographer_ros_msgs', 'env': OrderedDict({'HOSTNAME': 'user-dynabook-G83-DN', 'SHLVL': '1', 'LIBGL_ALWAYS_SOFTWARE': '1', 'LD_LIBRARY_PATH': '/root/distr_slam_ws/install/cartographer_rviz/lib:/root/distr_slam_ws/install/cartographer_ros/lib:/root/distr_slam_ws/install/cartographer_ros_msgs/lib:/opt/ros/jazzy/opt/rviz_ogre_vendor/lib:/opt/ros/jazzy/lib/x86_64-linux-gnu:/opt/ros/jazzy/opt/gz_math_vendor/lib:/opt/ros/jazzy/opt/gz_utils_vendor/lib:/opt/ros/jazzy/opt/gz_cmake_vendor/lib:/opt/ros/jazzy/lib', 'HOME': '/root', 'ROS_PYTHON_VERSION': '3', 'COLCON_PREFIX_PATH': '/root/distr_slam_ws/install', 'ROS_DISTRO': 'jazzy', '_': '/usr/bin/colcon', 'ROS_VERSION': '2', 'PKG_CONFIG_PATH': '/root/distr_slam_ws/install/cartographer/lib/x86_64-linux-gnu/pkgconfig:/root/distr_slam_ws/install/cartographer/lib/pkgconfig', 'TERM': 'xterm', 'ROS_LOCALHOST_ONLY': '1', 'QT_X11_NO_MITSHM': '1', 'PATH': '/root/distr_slam_ws/install/cartographer/bin:/opt/ros/jazzy/bin:/usr/local/sbin:/usr/local/bin:/usr/sbin:/usr/bin:/sbin:/bin', 'DISPLAY': ':0', 'LANG': 'en_US.UTF-8', 'XAUTHORITY': '/root/.Xauthority', 'LS_COLORS': 'rs=0:di=01;34:ln=01;36:mh=00:pi=40;33:so=01;35:do=01;35:bd=40;33;01:cd=40;33;01:or=40;31;01:mi=00:su=37;41:sg=30;43:ca=00:tw=30;42:ow=34;42:st=37;44:ex=01;32:*.tar=01;31:*.tgz=01;31:*.arc=01;31:*.arj=01;31:*.taz=01;31:*.lha=01;31:*.lz4=01;31:*.lzh=01;31:*.lzma=01;31:*.tlz=01;31:*.txz=01;31:*.tzo=01;31:*.t7z=01;31:*.zip=01;31:*.z=01;31:*.dz=01;31:*.gz=01;31:*.lrz=01;31:*.lz=01;31:*.lzo=01;31:*.xz=01;31:*.zst=01;31:*.tzst=01;31:*.bz2=01;31:*.bz=01;31:*.tbz=01;31:*.tbz2=01;31:*.tz=01;31:*.deb=01;31:*.rpm=01;31:*.jar=01;31:*.war=01;31:*.ear=01;31:*.sar=01;31:*.rar=01;31:*.alz=01;31:*.ace=01;31:*.zoo=01;31:*.cpio=01;31:*.7z=01;31:*.rz=01;31:*.cab=01;31:*.wim=01;31:*.swm=01;31:*.dwm=01;31:*.esd=01;31:*.avif=01;35:*.jpg=01;35:*.jpeg=01;35:*.mjpg=01;35:*.mjpeg=01;35:*.gif=01;35:*.bmp=01;35:*.pbm=01;35:*.pgm=01;35:*.ppm=01;35:*.tga=01;35:*.xbm=01;35:*.xpm=01;35:*.tif=01;35:*.tiff=01;35:*.png=01;35:*.svg=01;35:*.svgz=01;35:*.mng=01;35:*.pcx=01;35:*.mov=01;35:*.mpg=01;35:*.mpeg=01;35:*.m2v=01;35:*.mkv=01;35:*.webm=01;35:*.webp=01;35:*.ogm=01;35:*.mp4=01;35:*.m4v=01;35:*.mp4v=01;35:*.vob=01;35:*.qt=01;35:*.nuv=01;35:*.wmv=01;35:*.asf=01;35:*.rm=01;35:*.rmvb=01;35:*.flc=01;35:*.avi=01;35:*.fli=01;35:*.flv=01;35:*.gl=01;35:*.dl=01;35:*.xcf=01;35:*.xwd=01;35:*.yuv=01;35:*.cgm=01;35:*.emf=01;35:*.ogv=01;35:*.ogx=01;35:*.aac=00;36:*.au=00;36:*.flac=00;36:*.m4a=00;36:*.mid=00;36:*.midi=00;36:*.mka=00;36:*.mp3=00;36:*.mpc=00;36:*.ogg=00;36:*.ra=00;36:*.wav=00;36:*.oga=00;36:*.opus=00;36:*.spx=00;36:*.xspf=00;36:*~=00;90:*#=00;90:*.bak=00;90:*.crdownload=00;90:*.dpkg-dist=00;90:*.dpkg-new=00;90:*.dpkg-old=00;90:*.dpkg-tmp=00;90:*.old=00;90:*.orig=00;90:*.part=00;90:*.rej=00;90:*.rpmnew=00;90:*.rpmorig=00;90:*.rpmsave=00;90:*.swp=00;90:*.tmp=00;90:*.ucf-dist=00;90:*.ucf-new=00;90:*.ucf-old=00;90:', 'AMENT_PREFIX_PATH': '/root/distr_slam_ws/install/cartographer_rviz:/root/distr_slam_ws/install/cartographer_ros:/root/distr_slam_ws/install/cartographer_ros_msgs:/opt/ros/jazzy', 'DEBIAN_FRONTEND': 'noninteractive', 'ROS_AUTOMATIC_DISCOVERY_RANGE': 'SUBNET', 'PWD': '/root/distr_slam_ws/build/cartographer_ros_msgs', 'TURTLEBOT3_MODEL': 'burger', 'LC_ALL': 'en_US.UTF-8', 'PYTHONPATH': '/root/distr_slam_ws/install/cartographer_ros_msgs/lib/python3.12/site-packages:/opt/ros/jazzy/lib/python3.12/site-packages', 'COLCON': '1', 'CMAKE_PREFIX_PATH': '/root/distr_slam_ws/install/cartographer_rviz:/root/distr_slam_ws/install/cartographer_ros:/root/distr_slam_ws/install/cartographer_ros_msgs:/root/distr_slam_ws/install/cartographer:/opt/ros/jazzy/opt/gz_math_vendor:/opt/ros/jazzy/opt/gz_utils_vendor:/opt/ros/jazzy/opt/gz_cmake_vendor:/opt/ros/jazzy'}), 'shell': False}
[0.798734] (cartographer) StdoutLine: {'line': b'[ 67%] Built target cartographer.mapping.3d.hybrid_grid_test\n'}
[0.802469] (-) TimerEvent: {}
[0.815269] (cartographer_ros_msgs) StdoutLine: {'line': b'-- Install configuration: ""\n'}
[0.815949] (cartographer_ros_msgs) StdoutLine: {'line': b'-- Up-to-date: /root/distr_slam_ws/install/cartographer_ros_msgs/share/ament_index/resource_index/rosidl_interfaces/cartographer_ros_msgs\n'}
[0.816480] (cartographer_ros_msgs) StdoutLine: {'line': b'-- Up-to-date: /root/distr_slam_ws/install/cartographer_ros_msgs/share/cartographer_ros_msgs/msg/BagfileProgress.json\n'}
[0.817168] (cartographer_ros_msgs) StdoutLine: {'line': b'-- Up-to-date: /root/distr_slam_ws/install/cartographer_ros_msgs/share/cartographer_ros_msgs/msg/HistogramBucket.json\n'}
[0.817542] (cartographer_ros_msgs) StdoutLine: {'line': b'-- Up-to-date: /root/distr_slam_ws/install/cartographer_ros_msgs/share/cartographer_ros_msgs/msg/LandmarkEntry.json\n'}
[0.818279] (cartographer_ros_msgs) StdoutLine: {'line': b'-- Up-to-date: /root/distr_slam_ws/install/cartographer_ros_msgs/share/cartographer_ros_msgs/msg/LandmarkList.json\n'}
[0.819086] (cartographer_ros_msgs) StdoutLine: {'line': b'-- Up-to-date: /root/distr_slam_ws/install/cartographer_ros_msgs/share/cartographer_ros_msgs/msg/MetricFamily.json\n'}
[0.819384] (cartographer_ros_msgs) StdoutLine: {'line': b'-- Up-to-date: /root/distr_slam_ws/install/cartographer_ros_msgs/share/cartographer_ros_msgs/msg/MetricLabel.json\n'}
[0.820741] (cartographer_ros_msgs) StdoutLine: {'line': b'-- Up-to-date: /root/distr_slam_ws/install/cartographer_ros_msgs/share/cartographer_ros_msgs/msg/Metric.json\n'}
[0.821082] (cartographer_ros_msgs) StdoutLine: {'line': b'-- Up-to-date: /root/distr_slam_ws/install/cartographer_ros_msgs/share/cartographer_ros_msgs/msg/StatusCode.json\n'}
[0.821328] (cartographer_ros_msgs) StdoutLine: {'line': b'-- Up-to-date: /root/distr_slam_ws/install/cartographer_ros_msgs/share/cartographer_ros_msgs/msg/StatusResponse.json\n'}
[0.822560] (cartographer) StdoutLine: {'line': b'[ 67%] Built target cartographer.mapping.3d.submap_3d_test\n'}
[0.822878] (cartographer_ros_msgs) StdoutLine: {'line': b'-- Up-to-date: /root/distr_slam_ws/install/cartographer_ros_msgs/share/cartographer_ros_msgs/msg/SubmapEntry.json\n'}
[0.823707] (cartographer_ros_msgs) StdoutLine: {'line': b'-- Up-to-date: /root/distr_slam_ws/install/cartographer_ros_msgs/share/cartographer_ros_msgs/msg/SubmapList.json\n'}
[0.823963] (cartographer_ros_msgs) StdoutLine: {'line': b'-- Up-to-date: /root/distr_slam_ws/install/cartographer_ros_msgs/share/cartographer_ros_msgs/msg/SubmapTexture.json\n'}
[0.824191] (cartographer_ros_msgs) StdoutLine: {'line': b'-- Up-to-date: /root/distr_slam_ws/install/cartographer_ros_msgs/share/cartographer_ros_msgs/msg/TrajectoryStates.json\n'}
[0.825745] (cartographer_ros_msgs) StdoutLine: {'line': b'-- Up-to-date: /root/distr_slam_ws/install/cartographer_ros_msgs/share/cartographer_ros_msgs/srv/FinishTrajectory.json\n'}
[0.826044] (cartographer_ros_msgs) StdoutLine: {'line': b'-- Up-to-date: /root/distr_slam_ws/install/cartographer_ros_msgs/share/cartographer_ros_msgs/srv/GetTrajectoryStates.json\n'}
[0.826284] (cartographer) StdoutLine: {'line': b'[ 68%] Built target cartographer.mapping.3d.range_data_inserter_3d_test\n'}
[0.826555] (cartographer_ros_msgs) StdoutLine: {'line': b'-- Up-to-date: /root/distr_slam_ws/install/cartographer_ros_msgs/share/cartographer_ros_msgs/srv/ReadMetrics.json\n'}
[0.826801] (cartographer_ros_msgs) StdoutLine: {'line': b'-- Up-to-date: /root/distr_slam_ws/install/cartographer_ros_msgs/share/cartographer_ros_msgs/srv/StartTrajectory.json\n'}
[0.827037] (cartographer_ros_msgs) StdoutLine: {'line': b'-- Up-to-date: /root/distr_slam_ws/install/cartographer_ros_msgs/share/cartographer_ros_msgs/srv/TrajectoryQuery.json\n'}
[0.827297] (cartographer_ros_msgs) StdoutLine: {'line': b'-- Up-to-date: /root/distr_slam_ws/install/cartographer_ros_msgs/share/cartographer_ros_msgs/srv/SubmapQuery.json\n'}
[0.827594] (cartographer_ros_msgs) StdoutLine: {'line': b'-- Up-to-date: /root/distr_slam_ws/install/cartographer_ros_msgs/share/cartographer_ros_msgs/srv/WriteState.json\n'}
[0.827844] (cartographer_ros_msgs) StdoutLine: {'line': b'-- Up-to-date: /root/distr_slam_ws/install/cartographer_ros_msgs/share/cartographer_ros_msgs/srv/GetSlamState.json\n'}
[0.828106] (cartographer_ros_msgs) StdoutLine: {'line': b'-- Up-to-date: /root/distr_slam_ws/install/cartographer_ros_msgs/share/cartographer_ros_msgs/srv/SetSlamState.json\n'}
[0.833407] (cartographer_ros_msgs) StdoutLine: {'line': b'-- Up-to-date: /root/distr_slam_ws/install/cartographer_ros_msgs/include/cartographer_ros_msgs/cartographer_ros_msgs\n'}
[0.833785] (cartographer_ros_msgs) StdoutLine: {'line': b'-- Up-to-date: /root/distr_slam_ws/install/cartographer_ros_msgs/include/cartographer_ros_msgs/cartographer_ros_msgs/msg\n'}
[0.834059] (cartographer_ros_msgs) StdoutLine: {'line': b'-- Up-to-date: /root/distr_slam_ws/install/cartographer_ros_msgs/include/cartographer_ros_msgs/cartographer_ros_msgs/msg/submap_texture.h\n'}
[0.834318] (cartographer_ros_msgs) StdoutLine: {'line': b'-- Up-to-date: /root/distr_slam_ws/install/cartographer_ros_msgs/include/cartographer_ros_msgs/cartographer_ros_msgs/msg/status_code.h\n'}
[0.834605] (cartographer_ros_msgs) StdoutLine: {'line': b'-- Up-to-date: /root/distr_slam_ws/install/cartographer_ros_msgs/include/cartographer_ros_msgs/cartographer_ros_msgs/msg/bagfile_progress.h\n'}
[0.834865] (cartographer_ros_msgs) StdoutLine: {'line': b'-- Up-to-date: /root/distr_slam_ws/install/cartographer_ros_msgs/include/cartographer_ros_msgs/cartographer_ros_msgs/msg/landmark_list.h\n'}
[0.835118] (cartographer_ros_msgs) StdoutLine: {'line': b'-- Up-to-date: /root/distr_slam_ws/install/cartographer_ros_msgs/include/cartographer_ros_msgs/cartographer_ros_msgs/msg/trajectory_states.h\n'}
[0.836427] (cartographer_ros_msgs) StdoutLine: {'line': b'-- Up-to-date: /root/distr_slam_ws/install/cartographer_ros_msgs/include/cartographer_ros_msgs/cartographer_ros_msgs/msg/metric.h\n'}
[0.836775] (cartographer_ros_msgs) StdoutLine: {'line': b'-- Up-to-date: /root/distr_slam_ws/install/cartographer_ros_msgs/include/cartographer_ros_msgs/cartographer_ros_msgs/msg/rosidl_generator_c__visibility_control.h\n'}
[0.837040] (cartographer_ros_msgs) StdoutLine: {'line': b'-- Up-to-date: /root/distr_slam_ws/install/cartographer_ros_msgs/include/cartographer_ros_msgs/cartographer_ros_msgs/msg/submap_list.h\n'}
[0.837293] (cartographer_ros_msgs) StdoutLine: {'line': b'-- Up-to-date: /root/distr_slam_ws/install/cartographer_ros_msgs/include/cartographer_ros_msgs/cartographer_ros_msgs/msg/metric_label.h\n'}
[0.837565] (cartographer_ros_msgs) StdoutLine: {'line': b'-- Up-to-date: /root/distr_slam_ws/install/cartographer_ros_msgs/include/cartographer_ros_msgs/cartographer_ros_msgs/msg/landmark_entry.h\n'}
[0.837818] (cartographer_ros_msgs) StdoutLine: {'line': b'-- Up-to-date: /root/distr_slam_ws/install/cartographer_ros_msgs/include/cartographer_ros_msgs/cartographer_ros_msgs/msg/submap_entry.h\n'}
[0.838069] (cartographer_ros_msgs) StdoutLine: {'line': b'-- Up-to-date: /root/distr_slam_ws/install/cartographer_ros_msgs/include/cartographer_ros_msgs/cartographer_ros_msgs/msg/histogram_bucket.h\n'}
[0.838315] (cartographer_ros_msgs) StdoutLine: {'line': b'-- Up-to-date: /root/distr_slam_ws/install/cartographer_ros_msgs/include/cartographer_ros_msgs/cartographer_ros_msgs/msg/metric_family.h\n'}
[0.840246] (cartographer_ros_msgs) StdoutLine: {'line': b'-- Up-to-date: /root/distr_slam_ws/install/cartographer_ros_msgs/include/cartographer_ros_msgs/cartographer_ros_msgs/msg/status_response.h\n'}
[0.840542] (cartographer_ros_msgs) StdoutLine: {'line': b'-- Up-to-date: /root/distr_slam_ws/install/cartographer_ros_msgs/include/cartographer_ros_msgs/cartographer_ros_msgs/msg/detail\n'}
[0.840798] (cartographer) StdoutLine: {'line': b'[ 69%] Built target cartographer.mapping.2d.range_data_inserter_2d_test\n'}
[0.842091] (cartographer_ros_msgs) StdoutLine: {'line': b'-- Up-to-date: /root/distr_slam_ws/install/cartographer_ros_msgs/include/cartographer_ros_msgs/cartographer_ros_msgs/msg/detail/metric_family__description.c\n'}
[0.844928] (cartographer_ros_msgs) StdoutLine: {'line': b'-- Up-to-date: /root/distr_slam_ws/install/cartographer_ros_msgs/include/cartographer_ros_msgs/cartographer_ros_msgs/msg/detail/submap_texture__description.c\n'}
[0.845493] (cartographer_ros_msgs) StdoutLine: {'line': b'-- Installing: /root/distr_slam_ws/install/cartographer_ros_msgs/include/cartographer_ros_msgs/cartographer_ros_msgs/msg/detail/status_code__type_support.c\n'}
[0.845759] (cartographer_ros_msgs) StdoutLine: {'line': b'-- Up-to-date: /root/distr_slam_ws/install/cartographer_ros_msgs/include/cartographer_ros_msgs/cartographer_ros_msgs/msg/detail/submap_entry__functions.c\n'}
[0.846001] (cartographer_ros_msgs) StdoutLine: {'line': b'-- Up-to-date: /root/distr_slam_ws/install/cartographer_ros_msgs/include/cartographer_ros_msgs/cartographer_ros_msgs/msg/detail/bagfile_progress__functions.c\n'}
[0.846191] (cartographer_ros_msgs) StdoutLine: {'line': b'-- Installing: /root/distr_slam_ws/install/cartographer_ros_msgs/include/cartographer_ros_msgs/cartographer_ros_msgs/msg/detail/submap_texture__type_support.c\n'}
[0.846414] (cartographer_ros_msgs) StdoutLine: {'line': b'-- Up-to-date: /root/distr_slam_ws/install/cartographer_ros_msgs/include/cartographer_ros_msgs/cartographer_ros_msgs/msg/detail/status_code__functions.h\n'}
[0.846605] (cartographer_ros_msgs) StdoutLine: {'line': b'-- Up-to-date: /root/distr_slam_ws/install/cartographer_ros_msgs/include/cartographer_ros_msgs/cartographer_ros_msgs/msg/detail/metric_label__struct.h\n'}
[0.846780] (cartographer_ros_msgs) StdoutLine: {'line': b'-- Up-to-date: /root/distr_slam_ws/install/cartographer_ros_msgs/include/cartographer_ros_msgs/cartographer_ros_msgs/msg/detail/landmark_entry__functions.c\n'}
[0.846975] (cartographer_ros_msgs) StdoutLine: {'line': b'-- Up-to-date: /root/distr_slam_ws/install/cartographer_ros_msgs/include/cartographer_ros_msgs/cartographer_ros_msgs/msg/detail/submap_entry__struct.h\n'}
[0.847140] (cartographer_ros_msgs) StdoutLine: {'line': b'-- Up-to-date: /root/distr_slam_ws/install/cartographer_ros_msgs/include/cartographer_ros_msgs/cartographer_ros_msgs/msg/detail/trajectory_states__struct.h\n'}
[0.847320] (cartographer_ros_msgs) StdoutLine: {'line': b'-- Installing: /root/distr_slam_ws/install/cartographer_ros_msgs/include/cartographer_ros_msgs/cartographer_ros_msgs/msg/detail/submap_list__type_support.c\n'}
[0.847540] (cartographer_ros_msgs) StdoutLine: {'line': b'-- Up-to-date: /root/distr_slam_ws/install/cartographer_ros_msgs/include/cartographer_ros_msgs/cartographer_ros_msgs/msg/detail/metric__functions.h\n'}
[0.847740] (cartographer_ros_msgs) StdoutLine: {'line': b'-- Up-to-date: /root/distr_slam_ws/install/cartographer_ros_msgs/include/cartographer_ros_msgs/cartographer_ros_msgs/msg/detail/bagfile_progress__description.c\n'}
[0.847911] (cartographer_ros_msgs) StdoutLine: {'line': b'-- Up-to-date: /root/distr_slam_ws/install/cartographer_ros_msgs/include/cartographer_ros_msgs/cartographer_ros_msgs/msg/detail/status_response__type_support.h\n'}
[0.848112] (cartographer_ros_msgs) StdoutLine: {'line': b'-- Up-to-date: /root/distr_slam_ws/install/cartographer_ros_msgs/include/cartographer_ros_msgs/cartographer_ros_msgs/msg/detail/landmark_list__functions.c\n'}
[0.848275] (cartographer_ros_msgs) StdoutLine: {'line': b'-- Up-to-date: /root/distr_slam_ws/install/cartographer_ros_msgs/include/cartographer_ros_msgs/cartographer_ros_msgs/msg/detail/submap_entry__functions.h\n'}
[0.852249] (cartographer_ros_msgs) StdoutLine: {'line': b'-- Up-to-date: /root/distr_slam_ws/install/cartographer_ros_msgs/include/cartographer_ros_msgs/cartographer_ros_msgs/msg/detail/histogram_bucket__type_support.h\n'}
[0.852489] (cartographer_ros_msgs) StdoutLine: {'line': b'-- Up-to-date: /root/distr_slam_ws/install/cartographer_ros_msgs/include/cartographer_ros_msgs/cartographer_ros_msgs/msg/detail/histogram_bucket__description.c\n'}
[0.852723] (cartographer_ros_msgs) StdoutLine: {'line': b'-- Up-to-date: /root/distr_slam_ws/install/cartographer_ros_msgs/include/cartographer_ros_msgs/cartographer_ros_msgs/msg/detail/trajectory_states__type_support.h\n'}
[0.852901] (cartographer_ros_msgs) StdoutLine: {'line': b'-- Up-to-date: /root/distr_slam_ws/install/cartographer_ros_msgs/include/cartographer_ros_msgs/cartographer_ros_msgs/msg/detail/metric_label__type_support.h\n'}
[0.853067] (cartographer_ros_msgs) StdoutLine: {'line': b'-- Up-to-date: /root/distr_slam_ws/install/cartographer_ros_msgs/include/cartographer_ros_msgs/cartographer_ros_msgs/msg/detail/landmark_entry__type_support.h\n'}
[0.853277] (cartographer_ros_msgs) StdoutLine: {'line': b'-- Up-to-date: /root/distr_slam_ws/install/cartographer_ros_msgs/include/cartographer_ros_msgs/cartographer_ros_msgs/msg/detail/metric_family__functions.c\n'}
[0.853516] (cartographer_ros_msgs) StdoutLine: {'line': b'-- Up-to-date: /root/distr_slam_ws/install/cartographer_ros_msgs/include/cartographer_ros_msgs/cartographer_ros_msgs/msg/detail/landmark_list__description.c\n'}
[0.853733] (cartographer_ros_msgs) StdoutLine: {'line': b'-- Installing: /root/distr_slam_ws/install/cartographer_ros_msgs/include/cartographer_ros_msgs/cartographer_ros_msgs/msg/detail/histogram_bucket__type_support.c\n'}
[0.853922] (cartographer_ros_msgs) StdoutLine: {'line': b'-- Up-to-date: /root/distr_slam_ws/install/cartographer_ros_msgs/include/cartographer_ros_msgs/cartographer_ros_msgs/msg/detail/status_code__functions.c\n'}
[0.854132] (cartographer_ros_msgs) StdoutLine: {'line': b'-- Up-to-date: /root/distr_slam_ws/install/cartographer_ros_msgs/include/cartographer_ros_msgs/cartographer_ros_msgs/msg/detail/metric__struct.h\n'}
[0.854363] (cartographer_ros_msgs) StdoutLine: {'line': b'-- Installing: /root/distr_slam_ws/install/cartographer_ros_msgs/include/cartographer_ros_msgs/cartographer_ros_msgs/msg/detail/metric__type_support.c\n'}
[0.854585] (cartographer) StdoutLine: {'line': b'[ 69%] Built target cartographer.mapping.imu_tracker_test\n'}
[0.854783] (cartographer_ros_msgs) StdoutLine: {'line': b'-- Up-to-date: /root/distr_slam_ws/install/cartographer_ros_msgs/include/cartographer_ros_msgs/cartographer_ros_msgs/msg/detail/landmark_list__functions.h\n'}
[0.854960] (cartographer_ros_msgs) StdoutLine: {'line': b'-- Up-to-date: /root/distr_slam_ws/install/cartographer_ros_msgs/include/cartographer_ros_msgs/cartographer_ros_msgs/msg/detail/metric_label__functions.h\n'}
[0.855144] (cartographer_ros_msgs) StdoutLine: {'line': b'-- Up-to-date: /root/distr_slam_ws/install/cartographer_ros_msgs/include/cartographer_ros_msgs/cartographer_ros_msgs/msg/detail/trajectory_states__functions.c\n'}
[0.855325] (cartographer_ros_msgs) StdoutLine: {'line': b'-- Up-to-date: /root/distr_slam_ws/install/cartographer_ros_msgs/include/cartographer_ros_msgs/cartographer_ros_msgs/msg/detail/submap_list__description.c\n'}
[0.859624] (cartographer_ros_msgs) StdoutLine: {'line': b'-- Up-to-date: /root/distr_slam_ws/install/cartographer_ros_msgs/include/cartographer_ros_msgs/cartographer_ros_msgs/msg/detail/submap_list__struct.h\n'}
[0.859887] (cartographer_ros_msgs) StdoutLine: {'line': b'-- Up-to-date: /root/distr_slam_ws/install/cartographer_ros_msgs/include/cartographer_ros_msgs/cartographer_ros_msgs/msg/detail/trajectory_states__description.c\n'}
[0.860119] (cartographer_ros_msgs) StdoutLine: {'line': b'-- Up-to-date: /root/distr_slam_ws/install/cartographer_ros_msgs/include/cartographer_ros_msgs/cartographer_ros_msgs/msg/detail/bagfile_progress__type_support.h\n'}
[0.860366] (cartographer_ros_msgs) StdoutLine: {'line': b'-- Up-to-date: /root/distr_slam_ws/install/cartographer_ros_msgs/include/cartographer_ros_msgs/cartographer_ros_msgs/msg/detail/landmark_list__type_support.h\n'}
[0.860601] (cartographer_ros_msgs) StdoutLine: {'line': b'-- Up-to-date: /root/distr_slam_ws/install/cartographer_ros_msgs/include/cartographer_ros_msgs/cartographer_ros_msgs/msg/detail/submap_texture__struct.h\n'}
[0.860829] (cartographer_ros_msgs) StdoutLine: {'line': b'-- Up-to-date: /root/distr_slam_ws/install/cartographer_ros_msgs/include/cartographer_ros_msgs/cartographer_ros_msgs/msg/detail/landmark_entry__description.c\n'}
[0.861037] (cartographer_ros_msgs) StdoutLine: {'line': b'-- Up-to-date: /root/distr_slam_ws/install/cartographer_ros_msgs/include/cartographer_ros_msgs/cartographer_ros_msgs/msg/detail/bagfile_progress__functions.h\n'}
[0.861251] (cartographer_ros_msgs) StdoutLine: {'line': b'-- Up-to-date: /root/distr_slam_ws/install/cartographer_ros_msgs/include/cartographer_ros_msgs/cartographer_ros_msgs/msg/detail/metric_family__struct.h\n'}
[0.863463] (cartographer_ros_msgs) StdoutLine: {'line': b'-- Up-to-date: /root/distr_slam_ws/install/cartographer_ros_msgs/include/cartographer_ros_msgs/cartographer_ros_msgs/msg/detail/status_code__type_support.h\n'}
[0.864312] (cartographer_ros_msgs) StdoutLine: {'line': b'-- Up-to-date: /root/distr_slam_ws/install/cartographer_ros_msgs/include/cartographer_ros_msgs/cartographer_ros_msgs/msg/detail/histogram_bucket__functions.c\n'}
[0.864693] (cartographer_ros_msgs) StdoutLine: {'line': b'-- Up-to-date: /root/distr_slam_ws/install/cartographer_ros_msgs/include/cartographer_ros_msgs/cartographer_ros_msgs/msg/detail/metric_family__type_support.h\n'}
[0.864966] (cartographer_ros_msgs) StdoutLine: {'line': b'-- Installing: /root/distr_slam_ws/install/cartographer_ros_msgs/include/cartographer_ros_msgs/cartographer_ros_msgs/msg/detail/bagfile_progress__type_support.c\n'}
[0.865515] (cartographer_ros_msgs) StdoutLine: {'line': b'-- Up-to-date: /root/distr_slam_ws/install/cartographer_ros_msgs/include/cartographer_ros_msgs/cartographer_ros_msgs/msg/detail/status_code__struct.h\n'}
[0.865787] (cartographer_ros_msgs) StdoutLine: {'line': b'-- Up-to-date: /root/distr_slam_ws/install/cartographer_ros_msgs/include/cartographer_ros_msgs/cartographer_ros_msgs/msg/detail/bagfile_progress__struct.h\n'}
[0.866171] (cartographer_ros_msgs) StdoutLine: {'line': b'-- Up-to-date: /root/distr_slam_ws/install/cartographer_ros_msgs/include/cartographer_ros_msgs/cartographer_ros_msgs/msg/detail/metric_label__functions.c\n'}
[0.866444] (cartographer_ros_msgs) StdoutLine: {'line': b'-- Up-to-date: /root/distr_slam_ws/install/cartographer_ros_msgs/include/cartographer_ros_msgs/cartographer_ros_msgs/msg/detail/landmark_entry__struct.h\n'}
[0.866920] (cartographer_ros_msgs) StdoutLine: {'line': b'-- Installing: /root/distr_slam_ws/install/cartographer_ros_msgs/include/cartographer_ros_msgs/cartographer_ros_msgs/msg/detail/metric_label__type_support.c\n'}
[0.867181] (cartographer_ros_msgs) StdoutLine: {'line': b'-- Up-to-date: /root/distr_slam_ws/install/cartographer_ros_msgs/include/cartographer_ros_msgs/cartographer_ros_msgs/msg/detail/metric__description.c\n'}
[0.867546] (cartographer_ros_msgs) StdoutLine: {'line': b'-- Up-to-date: /root/distr_slam_ws/install/cartographer_ros_msgs/include/cartographer_ros_msgs/cartographer_ros_msgs/msg/detail/landmark_entry__functions.h\n'}
[0.867969] (cartographer_ros_msgs) StdoutLine: {'line': b'-- Up-to-date: /root/distr_slam_ws/install/cartographer_ros_msgs/include/cartographer_ros_msgs/cartographer_ros_msgs/msg/detail/submap_entry__description.c\n'}
[0.868290] (cartographer_ros_msgs) StdoutLine: {'line': b'-- Up-to-date: /root/distr_slam_ws/install/cartographer_ros_msgs/include/cartographer_ros_msgs/cartographer_ros_msgs/msg/detail/trajectory_states__functions.h\n'}
[0.868606] (cartographer_ros_msgs) StdoutLine: {'line': b'-- Up-to-date: /root/distr_slam_ws/install/cartographer_ros_msgs/include/cartographer_ros_msgs/cartographer_ros_msgs/msg/detail/status_code__description.c\n'}
[0.869055] (cartographer_ros_msgs) StdoutLine: {'line': b'-- Installing: /root/distr_slam_ws/install/cartographer_ros_msgs/include/cartographer_ros_msgs/cartographer_ros_msgs/msg/detail/landmark_list__type_support.c\n'}
[0.869309] (cartographer_ros_msgs) StdoutLine: {'line': b'-- Up-to-date: /root/distr_slam_ws/install/cartographer_ros_msgs/include/cartographer_ros_msgs/cartographer_ros_msgs/msg/detail/submap_texture__functions.c\n'}
[0.869577] (cartographer_ros_msgs) StdoutLine: {'line': b'-- Up-to-date: /root/distr_slam_ws/install/cartographer_ros_msgs/include/cartographer_ros_msgs/cartographer_ros_msgs/msg/detail/submap_texture__type_support.h\n'}
[0.869787] (cartographer_ros_msgs) StdoutLine: {'line': b'-- Installing: /root/distr_slam_ws/install/cartographer_ros_msgs/include/cartographer_ros_msgs/cartographer_ros_msgs/msg/detail/status_response__type_support.c\n'}
[0.869982] (cartographer_ros_msgs) StdoutLine: {'line': b'-- Up-to-date: /root/distr_slam_ws/install/cartographer_ros_msgs/include/cartographer_ros_msgs/cartographer_ros_msgs/msg/detail/histogram_bucket__functions.h\n'}
[0.870207] (cartographer_ros_msgs) StdoutLine: {'line': b'-- Up-to-date: /root/distr_slam_ws/install/cartographer_ros_msgs/include/cartographer_ros_msgs/cartographer_ros_msgs/msg/detail/status_response__functions.h\n'}
[0.870459] (cartographer_ros_msgs) StdoutLine: {'line': b'-- Installing: /root/distr_slam_ws/install/cartographer_ros_msgs/include/cartographer_ros_msgs/cartographer_ros_msgs/msg/detail/submap_entry__type_support.c\n'}
[0.870730] (cartographer_ros_msgs) StdoutLine: {'line': b'-- Up-to-date: /root/distr_slam_ws/install/cartographer_ros_msgs/include/cartographer_ros_msgs/cartographer_ros_msgs/msg/detail/metric_family__functions.h\n'}
[0.870948] (cartographer_ros_msgs) StdoutLine: {'line': b'-- Up-to-date: /root/distr_slam_ws/install/cartographer_ros_msgs/include/cartographer_ros_msgs/cartographer_ros_msgs/msg/detail/submap_texture__functions.h\n'}
[0.871177] (cartographer_ros_msgs) StdoutLine: {'line': b'-- Up-to-date: /root/distr_slam_ws/install/cartographer_ros_msgs/include/cartographer_ros_msgs/cartographer_ros_msgs/msg/detail/submap_list__functions.h\n'}
[0.871608] (cartographer_ros_msgs) StdoutLine: {'line': b'-- Installing: /root/distr_slam_ws/install/cartographer_ros_msgs/include/cartographer_ros_msgs/cartographer_ros_msgs/msg/detail/landmark_entry__type_support.c\n'}
[0.871945] (cartographer_ros_msgs) StdoutLine: {'line': b'-- Up-to-date: /root/distr_slam_ws/install/cartographer_ros_msgs/include/cartographer_ros_msgs/cartographer_ros_msgs/msg/detail/status_response__functions.c\n'}
[0.872415] (cartographer_ros_msgs) StdoutLine: {'line': b'-- Up-to-date: /root/distr_slam_ws/install/cartographer_ros_msgs/include/cartographer_ros_msgs/cartographer_ros_msgs/msg/detail/status_response__struct.h\n'}
[0.872985] (cartographer_ros_msgs) StdoutLine: {'line': b'-- Installing: /root/distr_slam_ws/install/cartographer_ros_msgs/include/cartographer_ros_msgs/cartographer_ros_msgs/msg/detail/trajectory_states__type_support.c\n'}
[0.873585] (cartographer_ros_msgs) StdoutLine: {'line': b'-- Up-to-date: /root/distr_slam_ws/install/cartographer_ros_msgs/include/cartographer_ros_msgs/cartographer_ros_msgs/msg/detail/landmark_list__struct.h\n'}
[0.874008] (cartographer_ros_msgs) StdoutLine: {'line': b'-- Up-to-date: /root/distr_slam_ws/install/cartographer_ros_msgs/include/cartographer_ros_msgs/cartographer_ros_msgs/msg/detail/metric__functions.c\n'}
[0.874531] (cartographer_ros_msgs) StdoutLine: {'line': b'-- Installing: /root/distr_slam_ws/install/cartographer_ros_msgs/include/cartographer_ros_msgs/cartographer_ros_msgs/msg/detail/metric_family__type_support.c\n'}
[0.875032] (cartographer_ros_msgs) StdoutLine: {'line': b'-- Up-to-date: /root/distr_slam_ws/install/cartographer_ros_msgs/include/cartographer_ros_msgs/cartographer_ros_msgs/msg/detail/submap_list__functions.c\n'}
[0.875334] (cartographer_ros_msgs) StdoutLine: {'line': b'-- Up-to-date: /root/distr_slam_ws/install/cartographer_ros_msgs/include/cartographer_ros_msgs/cartographer_ros_msgs/msg/detail/metric_label__description.c\n'}
[0.875610] (cartographer_ros_msgs) StdoutLine: {'line': b'-- Up-to-date: /root/distr_slam_ws/install/cartographer_ros_msgs/include/cartographer_ros_msgs/cartographer_ros_msgs/msg/detail/metric__type_support.h\n'}
[0.875922] (cartographer_ros_msgs) StdoutLine: {'line': b'-- Up-to-date: /root/distr_slam_ws/install/cartographer_ros_msgs/include/cartographer_ros_msgs/cartographer_ros_msgs/msg/detail/submap_entry__type_support.h\n'}
[0.876174] (cartographer_ros_msgs) StdoutLine: {'line': b'-- Up-to-date: /root/distr_slam_ws/install/cartographer_ros_msgs/include/cartographer_ros_msgs/cartographer_ros_msgs/msg/detail/histogram_bucket__struct.h\n'}
[0.876481] (cartographer_ros_msgs) StdoutLine: {'line': b'-- Up-to-date: /root/distr_slam_ws/install/cartographer_ros_msgs/include/cartographer_ros_msgs/cartographer_ros_msgs/msg/detail/submap_list__type_support.h\n'}
[0.876949] (cartographer_ros_msgs) StdoutLine: {'line': b'-- Up-to-date: /root/distr_slam_ws/install/cartographer_ros_msgs/include/cartographer_ros_msgs/cartographer_ros_msgs/msg/detail/status_response__description.c\n'}
[0.877348] (cartographer_ros_msgs) StdoutLine: {'line': b'-- Up-to-date: /root/distr_slam_ws/install/cartographer_ros_msgs/include/cartographer_ros_msgs/cartographer_ros_msgs/srv\n'}
[0.877615] (cartographer_ros_msgs) StdoutLine: {'line': b'-- Up-to-date: /root/distr_slam_ws/install/cartographer_ros_msgs/include/cartographer_ros_msgs/cartographer_ros_msgs/srv/finish_trajectory.h\n'}
[0.877975] (cartographer_ros_msgs) StdoutLine: {'line': b'-- Up-to-date: /root/distr_slam_ws/install/cartographer_ros_msgs/include/cartographer_ros_msgs/cartographer_ros_msgs/srv/start_trajectory.h\n'}
[0.878229] (cartographer_ros_msgs) StdoutLine: {'line': b'-- Up-to-date: /root/distr_slam_ws/install/cartographer_ros_msgs/include/cartographer_ros_msgs/cartographer_ros_msgs/srv/get_trajectory_states.h\n'}
[0.878638] (cartographer_ros_msgs) StdoutLine: {'line': b'-- Up-to-date: /root/distr_slam_ws/install/cartographer_ros_msgs/include/cartographer_ros_msgs/cartographer_ros_msgs/srv/write_state.h\n'}
[0.878891] (cartographer_ros_msgs) StdoutLine: {'line': b'-- Up-to-date: /root/distr_slam_ws/install/cartographer_ros_msgs/include/cartographer_ros_msgs/cartographer_ros_msgs/srv/get_slam_state.h\n'}
[0.879295] (cartographer_ros_msgs) StdoutLine: {'line': b'-- Up-to-date: /root/distr_slam_ws/install/cartographer_ros_msgs/include/cartographer_ros_msgs/cartographer_ros_msgs/srv/submap_query.h\n'}
[0.879564] (cartographer_ros_msgs) StdoutLine: {'line': b'-- Up-to-date: /root/distr_slam_ws/install/cartographer_ros_msgs/include/cartographer_ros_msgs/cartographer_ros_msgs/srv/trajectory_query.h\n'}
[0.879906] (cartographer_ros_msgs) StdoutLine: {'line': b'-- Up-to-date: /root/distr_slam_ws/install/cartographer_ros_msgs/include/cartographer_ros_msgs/cartographer_ros_msgs/srv/set_slam_state.h\n'}
[0.880238] (cartographer_ros_msgs) StdoutLine: {'line': b'-- Up-to-date: /root/distr_slam_ws/install/cartographer_ros_msgs/include/cartographer_ros_msgs/cartographer_ros_msgs/srv/read_metrics.h\n'}
[0.880629] (cartographer_ros_msgs) StdoutLine: {'line': b'-- Up-to-date: /root/distr_slam_ws/install/cartographer_ros_msgs/include/cartographer_ros_msgs/cartographer_ros_msgs/srv/detail\n'}
[0.880963] (cartographer_ros_msgs) StdoutLine: {'line': b'-- Up-to-date: /root/distr_slam_ws/install/cartographer_ros_msgs/include/cartographer_ros_msgs/cartographer_ros_msgs/srv/detail/get_slam_state__type_support.h\n'}
[0.881220] (cartographer_ros_msgs) StdoutLine: {'line': b'-- Up-to-date: /root/distr_slam_ws/install/cartographer_ros_msgs/include/cartographer_ros_msgs/cartographer_ros_msgs/srv/detail/read_metrics__struct.h\n'}
[0.881585] (cartographer_ros_msgs) StdoutLine: {'line': b'-- Up-to-date: /root/distr_slam_ws/install/cartographer_ros_msgs/include/cartographer_ros_msgs/cartographer_ros_msgs/srv/detail/trajectory_query__functions.h\n'}
[0.881958] (cartographer_ros_msgs) StdoutLine: {'line': b'-- Installing: /root/distr_slam_ws/install/cartographer_ros_msgs/include/cartographer_ros_msgs/cartographer_ros_msgs/srv/detail/set_slam_state__type_support.c\n'}
[0.882227] (cartographer_ros_msgs) StdoutLine: {'line': b'-- Up-to-date: /root/distr_slam_ws/install/cartographer_ros_msgs/include/cartographer_ros_msgs/cartographer_ros_msgs/srv/detail/get_slam_state__description.c\n'}
[0.882590] (cartographer) StdoutLine: {'line': b'[ 70%] Built target cartographer.mapping.id_test\n'}
[0.882870] (cartographer) StdoutLine: {'line': b'[ 71%] Built target cartographer.mapping.internal.2d.normal_estimation_2d_test\n'}
[0.883199] (cartographer_ros_msgs) StdoutLine: {'line': b'-- Installing: /root/distr_slam_ws/install/cartographer_ros_msgs/include/cartographer_ros_msgs/cartographer_ros_msgs/srv/detail/finish_trajectory__type_support.c\n'}
[0.883526] (cartographer_ros_msgs) StdoutLine: {'line': b'-- Installing: /root/distr_slam_ws/install/cartographer_ros_msgs/include/cartographer_ros_msgs/cartographer_ros_msgs/srv/detail/start_trajectory__type_support.c\n'}
[0.883779] (cartographer_ros_msgs) StdoutLine: {'line': b'-- Up-to-date: /root/distr_slam_ws/install/cartographer_ros_msgs/include/cartographer_ros_msgs/cartographer_ros_msgs/srv/detail/start_trajectory__functions.c\n'}
[0.884151] (cartographer_ros_msgs) StdoutLine: {'line': b'-- Up-to-date: /root/distr_slam_ws/install/cartographer_ros_msgs/include/cartographer_ros_msgs/cartographer_ros_msgs/srv/detail/read_metrics__functions.h\n'}
[0.884430] (cartographer_ros_msgs) StdoutLine: {'line': b'-- Up-to-date: /root/distr_slam_ws/install/cartographer_ros_msgs/include/cartographer_ros_msgs/cartographer_ros_msgs/srv/detail/submap_query__functions.h\n'}
[0.884899] (cartographer_ros_msgs) StdoutLine: {'line': b'-- Up-to-date: /root/distr_slam_ws/install/cartographer_ros_msgs/include/cartographer_ros_msgs/cartographer_ros_msgs/srv/detail/write_state__struct.h\n'}
[0.885284] (cartographer_ros_msgs) StdoutLine: {'line': b'-- Up-to-date: /root/distr_slam_ws/install/cartographer_ros_msgs/include/cartographer_ros_msgs/cartographer_ros_msgs/srv/detail/submap_query__struct.h\n'}
[0.885810] (cartographer_ros_msgs) StdoutLine: {'line': b'-- Up-to-date: /root/distr_slam_ws/install/cartographer_ros_msgs/include/cartographer_ros_msgs/cartographer_ros_msgs/srv/detail/start_trajectory__description.c\n'}
[0.886147] (cartographer_ros_msgs) StdoutLine: {'line': b'-- Up-to-date: /root/distr_slam_ws/install/cartographer_ros_msgs/include/cartographer_ros_msgs/cartographer_ros_msgs/srv/detail/trajectory_query__type_support.h\n'}
[0.886486] (cartographer_ros_msgs) StdoutLine: {'line': b'-- Up-to-date: /root/distr_slam_ws/install/cartographer_ros_msgs/include/cartographer_ros_msgs/cartographer_ros_msgs/srv/detail/start_trajectory__functions.h\n'}
[0.886750] (cartographer_ros_msgs) StdoutLine: {'line': b'-- Up-to-date: /root/distr_slam_ws/install/cartographer_ros_msgs/include/cartographer_ros_msgs/cartographer_ros_msgs/srv/detail/set_slam_state__type_support.h\n'}
[0.887121] (cartographer_ros_msgs) StdoutLine: {'line': b'-- Up-to-date: /root/distr_slam_ws/install/cartographer_ros_msgs/include/cartographer_ros_msgs/cartographer_ros_msgs/srv/detail/finish_trajectory__functions.c\n'}
[0.887553] (cartographer_ros_msgs) StdoutLine: {'line': b'-- Up-to-date: /root/distr_slam_ws/install/cartographer_ros_msgs/include/cartographer_ros_msgs/cartographer_ros_msgs/srv/detail/trajectory_query__struct.h\n'}
[0.887812] (cartographer_ros_msgs) StdoutLine: {'line': b'-- Up-to-date: /root/distr_slam_ws/install/cartographer_ros_msgs/include/cartographer_ros_msgs/cartographer_ros_msgs/srv/detail/get_slam_state__functions.c\n'}
[0.888205] (cartographer_ros_msgs) StdoutLine: {'line': b'-- Up-to-date: /root/distr_slam_ws/install/cartographer_ros_msgs/include/cartographer_ros_msgs/cartographer_ros_msgs/srv/detail/set_slam_state__struct.h\n'}
[0.888531] (cartographer_ros_msgs) StdoutLine: {'line': b'-- Up-to-date: /root/distr_slam_ws/install/cartographer_ros_msgs/include/cartographer_ros_msgs/cartographer_ros_msgs/srv/detail/write_state__description.c\n'}
[0.888876] (cartographer_ros_msgs) StdoutLine: {'line': b'-- Up-to-date: /root/distr_slam_ws/install/cartographer_ros_msgs/include/cartographer_ros_msgs/cartographer_ros_msgs/srv/detail/finish_trajectory__type_support.h\n'}
[0.889139] (cartographer_ros_msgs) StdoutLine: {'line': b'-- Up-to-date: /root/distr_slam_ws/install/cartographer_ros_msgs/include/cartographer_ros_msgs/cartographer_ros_msgs/srv/detail/start_trajectory__struct.h\n'}
[0.889484] (cartographer_ros_msgs) StdoutLine: {'line': b'-- Up-to-date: /root/distr_slam_ws/install/cartographer_ros_msgs/include/cartographer_ros_msgs/cartographer_ros_msgs/srv/detail/write_state__functions.h\n'}
[0.889737] (cartographer_ros_msgs) StdoutLine: {'line': b'-- Up-to-date: /root/distr_slam_ws/install/cartographer_ros_msgs/include/cartographer_ros_msgs/cartographer_ros_msgs/srv/detail/finish_trajectory__description.c\n'}
[0.890167] (cartographer_ros_msgs) StdoutLine: {'line': b'-- Installing: /root/distr_slam_ws/install/cartographer_ros_msgs/include/cartographer_ros_msgs/cartographer_ros_msgs/srv/detail/get_slam_state__type_support.c\n'}
[0.890430] (cartographer_ros_msgs) StdoutLine: {'line': b'-- Up-to-date: /root/distr_slam_ws/install/cartographer_ros_msgs/include/cartographer_ros_msgs/cartographer_ros_msgs/srv/detail/finish_trajectory__functions.h\n'}
[0.890763] (cartographer_ros_msgs) StdoutLine: {'line': b'-- Up-to-date: /root/distr_slam_ws/install/cartographer_ros_msgs/include/cartographer_ros_msgs/cartographer_ros_msgs/srv/detail/get_slam_state__functions.h\n'}
[0.891014] (cartographer_ros_msgs) StdoutLine: {'line': b'-- Up-to-date: /root/distr_slam_ws/install/cartographer_ros_msgs/include/cartographer_ros_msgs/cartographer_ros_msgs/srv/detail/trajectory_query__functions.c\n'}
[0.891257] (cartographer_ros_msgs) StdoutLine: {'line': b'-- Up-to-date: /root/distr_slam_ws/install/cartographer_ros_msgs/include/cartographer_ros_msgs/cartographer_ros_msgs/srv/detail/set_slam_state__functions.c\n'}
[0.891536] (cartographer_ros_msgs) StdoutLine: {'line': b'-- Up-to-date: /root/distr_slam_ws/install/cartographer_ros_msgs/include/cartographer_ros_msgs/cartographer_ros_msgs/srv/detail/write_state__type_support.h\n'}
[0.891849] (cartographer_ros_msgs) StdoutLine: {'line': b'-- Up-to-date: /root/distr_slam_ws/install/cartographer_ros_msgs/include/cartographer_ros_msgs/cartographer_ros_msgs/srv/detail/read_metrics__type_support.h\n'}
[0.892075] (cartographer_ros_msgs) StdoutLine: {'line': b'-- Installing: /root/distr_slam_ws/install/cartographer_ros_msgs/include/cartographer_ros_msgs/cartographer_ros_msgs/srv/detail/write_state__type_support.c\n'}
[0.892330] (cartographer_ros_msgs) StdoutLine: {'line': b'-- Up-to-date: /root/distr_slam_ws/install/cartographer_ros_msgs/include/cartographer_ros_msgs/cartographer_ros_msgs/srv/detail/read_metrics__functions.c\n'}
[0.892578] (cartographer_ros_msgs) StdoutLine: {'line': b'-- Up-to-date: /root/distr_slam_ws/install/cartographer_ros_msgs/include/cartographer_ros_msgs/cartographer_ros_msgs/srv/detail/set_slam_state__functions.h\n'}
[0.892837] (cartographer_ros_msgs) StdoutLine: {'line': b'-- Installing: /root/distr_slam_ws/install/cartographer_ros_msgs/include/cartographer_ros_msgs/cartographer_ros_msgs/srv/detail/trajectory_query__type_support.c\n'}
[0.893078] (cartographer_ros_msgs) StdoutLine: {'line': b'-- Up-to-date: /root/distr_slam_ws/install/cartographer_ros_msgs/include/cartographer_ros_msgs/cartographer_ros_msgs/srv/detail/start_trajectory__type_support.h\n'}
[0.893321] (cartographer_ros_msgs) StdoutLine: {'line': b'-- Up-to-date: /root/distr_slam_ws/install/cartographer_ros_msgs/include/cartographer_ros_msgs/cartographer_ros_msgs/srv/detail/get_slam_state__struct.h\n'}
[0.893864] (cartographer_ros_msgs) StdoutLine: {'line': b'-- Up-to-date: /root/distr_slam_ws/install/cartographer_ros_msgs/include/cartographer_ros_msgs/cartographer_ros_msgs/srv/detail/submap_query__type_support.h\n'}
[0.894409] (cartographer_ros_msgs) StdoutLine: {'line': b'-- Installing: /root/distr_slam_ws/install/cartographer_ros_msgs/include/cartographer_ros_msgs/cartographer_ros_msgs/srv/detail/get_trajectory_states__type_support.c\n'}
[0.894828] (cartographer_ros_msgs) StdoutLine: {'line': b'-- Up-to-date: /root/distr_slam_ws/install/cartographer_ros_msgs/include/cartographer_ros_msgs/cartographer_ros_msgs/srv/detail/get_trajectory_states__struct.h\n'}
[0.895798] (cartographer_ros_msgs) StdoutLine: {'line': b'-- Up-to-date: /root/distr_slam_ws/install/cartographer_ros_msgs/include/cartographer_ros_msgs/cartographer_ros_msgs/srv/detail/write_state__functions.c\n'}
[0.896311] (cartographer_ros_msgs) StdoutLine: {'line': b'-- Up-to-date: /root/distr_slam_ws/install/cartographer_ros_msgs/include/cartographer_ros_msgs/cartographer_ros_msgs/srv/detail/finish_trajectory__struct.h\n'}
[0.896809] (cartographer_ros_msgs) StdoutLine: {'line': b'-- Up-to-date: /root/distr_slam_ws/install/cartographer_ros_msgs/include/cartographer_ros_msgs/cartographer_ros_msgs/srv/detail/get_trajectory_states__functions.c\n'}
[0.897376] (cartographer_ros_msgs) StdoutLine: {'line': b'-- Up-to-date: /root/distr_slam_ws/install/cartographer_ros_msgs/include/cartographer_ros_msgs/cartographer_ros_msgs/srv/detail/submap_query__functions.c\n'}
[0.897861] (cartographer_ros_msgs) StdoutLine: {'line': b'-- Up-to-date: /root/distr_slam_ws/install/cartographer_ros_msgs/include/cartographer_ros_msgs/cartographer_ros_msgs/srv/detail/get_trajectory_states__description.c\n'}
[0.898423] (cartographer_ros_msgs) StdoutLine: {'line': b'-- Installing: /root/distr_slam_ws/install/cartographer_ros_msgs/include/cartographer_ros_msgs/cartographer_ros_msgs/srv/detail/submap_query__type_support.c\n'}
[0.898806] (cartographer_ros_msgs) StdoutLine: {'line': b'-- Up-to-date: /root/distr_slam_ws/install/cartographer_ros_msgs/include/cartographer_ros_msgs/cartographer_ros_msgs/srv/detail/get_trajectory_states__functions.h\n'}
[0.899258] (cartographer_ros_msgs) StdoutLine: {'line': b'-- Up-to-date: /root/distr_slam_ws/install/cartographer_ros_msgs/include/cartographer_ros_msgs/cartographer_ros_msgs/srv/detail/get_trajectory_states__type_support.h\n'}
[0.899514] (cartographer_ros_msgs) StdoutLine: {'line': b'-- Up-to-date: /root/distr_slam_ws/install/cartographer_ros_msgs/include/cartographer_ros_msgs/cartographer_ros_msgs/srv/detail/set_slam_state__description.c\n'}
[0.899753] (cartographer_ros_msgs) StdoutLine: {'line': b'-- Up-to-date: /root/distr_slam_ws/install/cartographer_ros_msgs/include/cartographer_ros_msgs/cartographer_ros_msgs/srv/detail/read_metrics__description.c\n'}
[0.899988] (cartographer_ros_msgs) StdoutLine: {'line': b'-- Installing: /root/distr_slam_ws/install/cartographer_ros_msgs/include/cartographer_ros_msgs/cartographer_ros_msgs/srv/detail/read_metrics__type_support.c\n'}
[0.900219] (cartographer_ros_msgs) StdoutLine: {'line': b'-- Up-to-date: /root/distr_slam_ws/install/cartographer_ros_msgs/include/cartographer_ros_msgs/cartographer_ros_msgs/srv/detail/submap_query__description.c\n'}
[0.900474] (cartographer_ros_msgs) StdoutLine: {'line': b'-- Up-to-date: /root/distr_slam_ws/install/cartographer_ros_msgs/include/cartographer_ros_msgs/cartographer_ros_msgs/srv/detail/trajectory_query__description.c\n'}
[0.900737] (cartographer_ros_msgs) StdoutLine: {'line': b'-- Up-to-date: /root/distr_slam_ws/install/cartographer_ros_msgs/share/cartographer_ros_msgs/environment/library_path.sh\n'}
[0.900973] (cartographer_ros_msgs) StdoutLine: {'line': b'-- Up-to-date: /root/distr_slam_ws/install/cartographer_ros_msgs/share/cartographer_ros_msgs/environment/library_path.dsv\n'}
[0.901207] (cartographer_ros_msgs) StdoutLine: {'line': b'-- Up-to-date: /root/distr_slam_ws/install/cartographer_ros_msgs/lib/libcartographer_ros_msgs__rosidl_generator_c.so\n'}
[0.901711] (cartographer_ros_msgs) StdoutLine: {'line': b'-- Up-to-date: /root/distr_slam_ws/install/cartographer_ros_msgs/include/cartographer_ros_msgs/cartographer_ros_msgs\n'}
[0.902217] (cartographer_ros_msgs) StdoutLine: {'line': b'-- Up-to-date: /root/distr_slam_ws/install/cartographer_ros_msgs/include/cartographer_ros_msgs/cartographer_ros_msgs/msg\n'}
[0.902718] (-) TimerEvent: {}
[0.903106] (cartographer_ros_msgs) StdoutLine: {'line': b'-- Up-to-date: /root/distr_slam_ws/install/cartographer_ros_msgs/include/cartographer_ros_msgs/cartographer_ros_msgs/msg/rosidl_typesupport_fastrtps_c__visibility_control.h\n'}
[0.903518] (cartographer_ros_msgs) StdoutLine: {'line': b'-- Up-to-date: /root/distr_slam_ws/install/cartographer_ros_msgs/include/cartographer_ros_msgs/cartographer_ros_msgs/msg/detail\n'}
[0.903841] (cartographer_ros_msgs) StdoutLine: {'line': b'-- Up-to-date: /root/distr_slam_ws/install/cartographer_ros_msgs/include/cartographer_ros_msgs/cartographer_ros_msgs/msg/detail/landmark_entry__rosidl_typesupport_fastrtps_c.h\n'}
[0.904302] (cartographer_ros_msgs) StdoutLine: {'line': b'-- Up-to-date: /root/distr_slam_ws/install/cartographer_ros_msgs/include/cartographer_ros_msgs/cartographer_ros_msgs/msg/detail/submap_entry__rosidl_typesupport_fastrtps_c.h\n'}
[0.904776] (cartographer_ros_msgs) StdoutLine: {'line': b'-- Up-to-date: /root/distr_slam_ws/install/cartographer_ros_msgs/include/cartographer_ros_msgs/cartographer_ros_msgs/msg/detail/histogram_bucket__rosidl_typesupport_fastrtps_c.h\n'}
[0.905295] (cartographer_ros_msgs) StdoutLine: {'line': b'-- Up-to-date: /root/distr_slam_ws/install/cartographer_ros_msgs/include/cartographer_ros_msgs/cartographer_ros_msgs/msg/detail/bagfile_progress__rosidl_typesupport_fastrtps_c.h\n'}
[0.905741] (cartographer_ros_msgs) StdoutLine: {'line': b'-- Up-to-date: /root/distr_slam_ws/install/cartographer_ros_msgs/include/cartographer_ros_msgs/cartographer_ros_msgs/msg/detail/trajectory_states__rosidl_typesupport_fastrtps_c.h\n'}
[0.906017] (cartographer_ros_msgs) StdoutLine: {'line': b'-- Up-to-date: /root/distr_slam_ws/install/cartographer_ros_msgs/include/cartographer_ros_msgs/cartographer_ros_msgs/msg/detail/landmark_list__rosidl_typesupport_fastrtps_c.h\n'}
[0.906525] (cartographer_ros_msgs) StdoutLine: {'line': b'-- Up-to-date: /root/distr_slam_ws/install/cartographer_ros_msgs/include/cartographer_ros_msgs/cartographer_ros_msgs/msg/detail/submap_list__rosidl_typesupport_fastrtps_c.h\n'}
[0.907100] (cartographer_ros_msgs) StdoutLine: {'line': b'-- Up-to-date: /root/distr_slam_ws/install/cartographer_ros_msgs/include/cartographer_ros_msgs/cartographer_ros_msgs/msg/detail/metric__rosidl_typesupport_fastrtps_c.h\n'}
[0.907703] (cartographer_ros_msgs) StdoutLine: {'line': b'-- Up-to-date: /root/distr_slam_ws/install/cartographer_ros_msgs/include/cartographer_ros_msgs/cartographer_ros_msgs/msg/detail/status_response__rosidl_typesupport_fastrtps_c.h\n'}
[0.908074] (cartographer_ros_msgs) StdoutLine: {'line': b'-- Up-to-date: /root/distr_slam_ws/install/cartographer_ros_msgs/include/cartographer_ros_msgs/cartographer_ros_msgs/msg/detail/status_code__rosidl_typesupport_fastrtps_c.h\n'}
[0.908556] (cartographer_ros_msgs) StdoutLine: {'line': b'-- Up-to-date: /root/distr_slam_ws/install/cartographer_ros_msgs/include/cartographer_ros_msgs/cartographer_ros_msgs/msg/detail/submap_texture__rosidl_typesupport_fastrtps_c.h\n'}
[0.908821] (cartographer_ros_msgs) StdoutLine: {'line': b'-- Up-to-date: /root/distr_slam_ws/install/cartographer_ros_msgs/include/cartographer_ros_msgs/cartographer_ros_msgs/msg/detail/metric_family__rosidl_typesupport_fastrtps_c.h\n'}
[0.909202] (cartographer_ros_msgs) StdoutLine: {'line': b'-- Up-to-date: /root/distr_slam_ws/install/cartographer_ros_msgs/include/cartographer_ros_msgs/cartographer_ros_msgs/msg/detail/metric_label__rosidl_typesupport_fastrtps_c.h\n'}
[0.909575] (cartographer_ros_msgs) StdoutLine: {'line': b'-- Up-to-date: /root/distr_slam_ws/install/cartographer_ros_msgs/include/cartographer_ros_msgs/cartographer_ros_msgs/srv\n'}
[0.909892] (cartographer_ros_msgs) StdoutLine: {'line': b'-- Up-to-date: /root/distr_slam_ws/install/cartographer_ros_msgs/include/cartographer_ros_msgs/cartographer_ros_msgs/srv/detail\n'}
[0.910080] (cartographer_ros_msgs) StdoutLine: {'line': b'-- Up-to-date: /root/distr_slam_ws/install/cartographer_ros_msgs/include/cartographer_ros_msgs/cartographer_ros_msgs/srv/detail/set_slam_state__rosidl_typesupport_fastrtps_c.h\n'}
[0.910365] (cartographer_ros_msgs) StdoutLine: {'line': b'-- Up-to-date: /root/distr_slam_ws/install/cartographer_ros_msgs/include/cartographer_ros_msgs/cartographer_ros_msgs/srv/detail/write_state__rosidl_typesupport_fastrtps_c.h\n'}
[0.910650] (cartographer_ros_msgs) StdoutLine: {'line': b'-- Up-to-date: /root/distr_slam_ws/install/cartographer_ros_msgs/include/cartographer_ros_msgs/cartographer_ros_msgs/srv/detail/read_metrics__rosidl_typesupport_fastrtps_c.h\n'}
[0.910890] (cartographer_ros_msgs) StdoutLine: {'line': b'-- Up-to-date: /root/distr_slam_ws/install/cartographer_ros_msgs/include/cartographer_ros_msgs/cartographer_ros_msgs/srv/detail/start_trajectory__rosidl_typesupport_fastrtps_c.h\n'}
[0.911151] (cartographer_ros_msgs) StdoutLine: {'line': b'-- Up-to-date: /root/distr_slam_ws/install/cartographer_ros_msgs/include/cartographer_ros_msgs/cartographer_ros_msgs/srv/detail/submap_query__rosidl_typesupport_fastrtps_c.h\n'}
[0.911503] (cartographer_ros_msgs) StdoutLine: {'line': b'-- Up-to-date: /root/distr_slam_ws/install/cartographer_ros_msgs/include/cartographer_ros_msgs/cartographer_ros_msgs/srv/detail/get_trajectory_states__rosidl_typesupport_fastrtps_c.h\n'}
[0.911912] (cartographer_ros_msgs) StdoutLine: {'line': b'-- Up-to-date: /root/distr_slam_ws/install/cartographer_ros_msgs/include/cartographer_ros_msgs/cartographer_ros_msgs/srv/detail/finish_trajectory__rosidl_typesupport_fastrtps_c.h\n'}
[0.912387] (cartographer_ros_msgs) StdoutLine: {'line': b'-- Up-to-date: /root/distr_slam_ws/install/cartographer_ros_msgs/include/cartographer_ros_msgs/cartographer_ros_msgs/srv/detail/get_slam_state__rosidl_typesupport_fastrtps_c.h\n'}
[0.912647] (cartographer_ros_msgs) StdoutLine: {'line': b'-- Up-to-date: /root/distr_slam_ws/install/cartographer_ros_msgs/include/cartographer_ros_msgs/cartographer_ros_msgs/srv/detail/trajectory_query__rosidl_typesupport_fastrtps_c.h\n'}
[0.912888] (cartographer_ros_msgs) StdoutLine: {'line': b'-- Up-to-date: /root/distr_slam_ws/install/cartographer_ros_msgs/lib/libcartographer_ros_msgs__rosidl_typesupport_fastrtps_c.so\n'}
[0.913126] (cartographer_ros_msgs) StdoutLine: {'line': b'-- Up-to-date: /root/distr_slam_ws/install/cartographer_ros_msgs/include/cartographer_ros_msgs/cartographer_ros_msgs\n'}
[0.913369] (cartographer_ros_msgs) StdoutLine: {'line': b'-- Up-to-date: /root/distr_slam_ws/install/cartographer_ros_msgs/include/cartographer_ros_msgs/cartographer_ros_msgs/msg\n'}
[0.913632] (cartographer_ros_msgs) StdoutLine: {'line': b'-- Up-to-date: /root/distr_slam_ws/install/cartographer_ros_msgs/include/cartographer_ros_msgs/cartographer_ros_msgs/msg/rosidl_typesupport_introspection_c__visibility_control.h\n'}
[0.913868] (cartographer_ros_msgs) StdoutLine: {'line': b'-- Up-to-date: /root/distr_slam_ws/install/cartographer_ros_msgs/include/cartographer_ros_msgs/cartographer_ros_msgs/msg/detail\n'}
[0.914102] (cartographer_ros_msgs) StdoutLine: {'line': b'-- Up-to-date: /root/distr_slam_ws/install/cartographer_ros_msgs/include/cartographer_ros_msgs/cartographer_ros_msgs/msg/detail/metric__rosidl_typesupport_introspection_c.h\n'}
[0.914336] (cartographer_ros_msgs) StdoutLine: {'line': b'-- Up-to-date: /root/distr_slam_ws/install/cartographer_ros_msgs/include/cartographer_ros_msgs/cartographer_ros_msgs/msg/detail/submap_list__rosidl_typesupport_introspection_c.h\n'}
[0.915051] (cartographer_ros_msgs) StdoutLine: {'line': b'-- Installing: /root/distr_slam_ws/install/cartographer_ros_msgs/include/cartographer_ros_msgs/cartographer_ros_msgs/msg/detail/status_code__type_support.c\n'}
[0.915557] (cartographer_ros_msgs) StdoutLine: {'line': b'-- Up-to-date: /root/distr_slam_ws/install/cartographer_ros_msgs/include/cartographer_ros_msgs/cartographer_ros_msgs/msg/detail/status_response__rosidl_typesupport_introspection_c.h\n'}
[0.916120] (cartographer_ros_msgs) StdoutLine: {'line': b'-- Installing: /root/distr_slam_ws/install/cartographer_ros_msgs/include/cartographer_ros_msgs/cartographer_ros_msgs/msg/detail/submap_texture__type_support.c\n'}
[0.916619] (cartographer_ros_msgs) StdoutLine: {'line': b'-- Up-to-date: /root/distr_slam_ws/install/cartographer_ros_msgs/include/cartographer_ros_msgs/cartographer_ros_msgs/msg/detail/landmark_entry__rosidl_typesupport_introspection_c.h\n'}
[0.916908] (cartographer_ros_msgs) StdoutLine: {'line': b'-- Installing: /root/distr_slam_ws/install/cartographer_ros_msgs/include/cartographer_ros_msgs/cartographer_ros_msgs/msg/detail/submap_list__type_support.c\n'}
[0.917154] (cartographer_ros_msgs) StdoutLine: {'line': b'-- Up-to-date: /root/distr_slam_ws/install/cartographer_ros_msgs/include/cartographer_ros_msgs/cartographer_ros_msgs/msg/detail/bagfile_progress__rosidl_typesupport_introspection_c.h\n'}
[0.917476] (cartographer_ros_msgs) StdoutLine: {'line': b'-- Up-to-date: /root/distr_slam_ws/install/cartographer_ros_msgs/include/cartographer_ros_msgs/cartographer_ros_msgs/msg/detail/submap_texture__rosidl_typesupport_introspection_c.h\n'}
[0.917748] (cartographer_ros_msgs) StdoutLine: {'line': b'-- Installing: /root/distr_slam_ws/install/cartographer_ros_msgs/include/cartographer_ros_msgs/cartographer_ros_msgs/msg/detail/histogram_bucket__type_support.c\n'}
[0.917978] (cartographer_ros_msgs) StdoutLine: {'line': b'-- Installing: /root/distr_slam_ws/install/cartographer_ros_msgs/include/cartographer_ros_msgs/cartographer_ros_msgs/msg/detail/metric__type_support.c\n'}
[0.918219] (cartographer_ros_msgs) StdoutLine: {'line': b'-- Up-to-date: /root/distr_slam_ws/install/cartographer_ros_msgs/include/cartographer_ros_msgs/cartographer_ros_msgs/msg/detail/metric_label__rosidl_typesupport_introspection_c.h\n'}
[0.918568] (cartographer_ros_msgs) StdoutLine: {'line': b'-- Up-to-date: /root/distr_slam_ws/install/cartographer_ros_msgs/include/cartographer_ros_msgs/cartographer_ros_msgs/msg/detail/trajectory_states__rosidl_typesupport_introspection_c.h\n'}
[0.918821] (cartographer_ros_msgs) StdoutLine: {'line': b'-- Installing: /root/distr_slam_ws/install/cartographer_ros_msgs/include/cartographer_ros_msgs/cartographer_ros_msgs/msg/detail/bagfile_progress__type_support.c\n'}
[0.919146] (cartographer_ros_msgs) StdoutLine: {'line': b'-- Installing: /root/distr_slam_ws/install/cartographer_ros_msgs/include/cartographer_ros_msgs/cartographer_ros_msgs/msg/detail/metric_label__type_support.c\n'}
[0.919588] (cartographer_ros_msgs) StdoutLine: {'line': b'-- Installing: /root/distr_slam_ws/install/cartographer_ros_msgs/include/cartographer_ros_msgs/cartographer_ros_msgs/msg/detail/landmark_list__type_support.c\n'}
[0.919903] (cartographer_ros_msgs) StdoutLine: {'line': b'-- Installing: /root/distr_slam_ws/install/cartographer_ros_msgs/include/cartographer_ros_msgs/cartographer_ros_msgs/msg/detail/status_response__type_support.c\n'}
[0.920239] (cartographer) StdoutLine: {'line': b'[ 71%] Built target cartographer.mapping.internal.2d.overlapping_submaps_trimmer_2d_test\n'}
[0.920521] (cartographer_ros_msgs) StdoutLine: {'line': b'-- Up-to-date: /root/distr_slam_ws/install/cartographer_ros_msgs/include/cartographer_ros_msgs/cartographer_ros_msgs/msg/detail/histogram_bucket__rosidl_typesupport_introspection_c.h\n'}
[0.920874] (cartographer_ros_msgs) StdoutLine: {'line': b'-- Installing: /root/distr_slam_ws/install/cartographer_ros_msgs/include/cartographer_ros_msgs/cartographer_ros_msgs/msg/detail/submap_entry__type_support.c\n'}
[0.921132] (cartographer_ros_msgs) StdoutLine: {'line': b'-- Installing: /root/distr_slam_ws/install/cartographer_ros_msgs/include/cartographer_ros_msgs/cartographer_ros_msgs/msg/detail/landmark_entry__type_support.c\n'}
[0.921473] (cartographer_ros_msgs) StdoutLine: {'line': b'-- Installing: /root/distr_slam_ws/install/cartographer_ros_msgs/include/cartographer_ros_msgs/cartographer_ros_msgs/msg/detail/trajectory_states__type_support.c\n'}
[0.921697] (cartographer_ros_msgs) StdoutLine: {'line': b'-- Up-to-date: /root/distr_slam_ws/install/cartographer_ros_msgs/include/cartographer_ros_msgs/cartographer_ros_msgs/msg/detail/status_code__rosidl_typesupport_introspection_c.h\n'}
[0.922116] (cartographer_ros_msgs) StdoutLine: {'line': b'-- Installing: /root/distr_slam_ws/install/cartographer_ros_msgs/include/cartographer_ros_msgs/cartographer_ros_msgs/msg/detail/metric_family__type_support.c\n'}
[0.922647] (cartographer_ros_msgs) StdoutLine: {'line': b'-- Up-to-date: /root/distr_slam_ws/install/cartographer_ros_msgs/include/cartographer_ros_msgs/cartographer_ros_msgs/msg/detail/metric_family__rosidl_typesupport_introspection_c.h\n'}
[0.923166] (cartographer_ros_msgs) StdoutLine: {'line': b'-- Up-to-date: /root/distr_slam_ws/install/cartographer_ros_msgs/include/cartographer_ros_msgs/cartographer_ros_msgs/msg/detail/landmark_list__rosidl_typesupport_introspection_c.h\n'}
[0.923634] (cartographer_ros_msgs) StdoutLine: {'line': b'-- Up-to-date: /root/distr_slam_ws/install/cartographer_ros_msgs/include/cartographer_ros_msgs/cartographer_ros_msgs/msg/detail/submap_entry__rosidl_typesupport_introspection_c.h\n'}
[0.923897] (cartographer_ros_msgs) StdoutLine: {'line': b'-- Up-to-date: /root/distr_slam_ws/install/cartographer_ros_msgs/include/cartographer_ros_msgs/cartographer_ros_msgs/srv\n'}
[0.924123] (cartographer_ros_msgs) StdoutLine: {'line': b'-- Up-to-date: /root/distr_slam_ws/install/cartographer_ros_msgs/include/cartographer_ros_msgs/cartographer_ros_msgs/srv/detail\n'}
[0.924360] (cartographer_ros_msgs) StdoutLine: {'line': b'-- Installing: /root/distr_slam_ws/install/cartographer_ros_msgs/include/cartographer_ros_msgs/cartographer_ros_msgs/srv/detail/set_slam_state__type_support.c\n'}
[0.924604] (cartographer_ros_msgs) StdoutLine: {'line': b'-- Installing: /root/distr_slam_ws/install/cartographer_ros_msgs/include/cartographer_ros_msgs/cartographer_ros_msgs/srv/detail/finish_trajectory__type_support.c\n'}
[0.924831] (cartographer_ros_msgs) StdoutLine: {'line': b'-- Installing: /root/distr_slam_ws/install/cartographer_ros_msgs/include/cartographer_ros_msgs/cartographer_ros_msgs/srv/detail/start_trajectory__type_support.c\n'}
[0.925053] (cartographer_ros_msgs) StdoutLine: {'line': b'-- Up-to-date: /root/distr_slam_ws/install/cartographer_ros_msgs/include/cartographer_ros_msgs/cartographer_ros_msgs/srv/detail/set_slam_state__rosidl_typesupport_introspection_c.h\n'}
[0.925277] (cartographer_ros_msgs) StdoutLine: {'line': b'-- Up-to-date: /root/distr_slam_ws/install/cartographer_ros_msgs/include/cartographer_ros_msgs/cartographer_ros_msgs/srv/detail/submap_query__rosidl_typesupport_introspection_c.h\n'}
[0.925884] (cartographer_ros_msgs) StdoutLine: {'line': b'-- Up-to-date: /root/distr_slam_ws/install/cartographer_ros_msgs/include/cartographer_ros_msgs/cartographer_ros_msgs/srv/detail/start_trajectory__rosidl_typesupport_introspection_c.h\n'}
[0.926386] (cartographer_ros_msgs) StdoutLine: {'line': b'-- Up-to-date: /root/distr_slam_ws/install/cartographer_ros_msgs/include/cartographer_ros_msgs/cartographer_ros_msgs/srv/detail/write_state__rosidl_typesupport_introspection_c.h\n'}
[0.926888] (cartographer_ros_msgs) StdoutLine: {'line': b'-- Installing: /root/distr_slam_ws/install/cartographer_ros_msgs/include/cartographer_ros_msgs/cartographer_ros_msgs/srv/detail/get_slam_state__type_support.c\n'}
[0.927280] (cartographer_ros_msgs) StdoutLine: {'line': b'-- Up-to-date: /root/distr_slam_ws/install/cartographer_ros_msgs/include/cartographer_ros_msgs/cartographer_ros_msgs/srv/detail/finish_trajectory__rosidl_typesupport_introspection_c.h\n'}
[0.927641] (cartographer_ros_msgs) StdoutLine: {'line': b'-- Up-to-date: /root/distr_slam_ws/install/cartographer_ros_msgs/include/cartographer_ros_msgs/cartographer_ros_msgs/srv/detail/read_metrics__rosidl_typesupport_introspection_c.h\n'}
[0.927869] (cartographer_ros_msgs) StdoutLine: {'line': b'-- Up-to-date: /root/distr_slam_ws/install/cartographer_ros_msgs/include/cartographer_ros_msgs/cartographer_ros_msgs/srv/detail/get_trajectory_states__rosidl_typesupport_introspection_c.h\n'}
[0.928108] (cartographer_ros_msgs) StdoutLine: {'line': b'-- Installing: /root/distr_slam_ws/install/cartographer_ros_msgs/include/cartographer_ros_msgs/cartographer_ros_msgs/srv/detail/write_state__type_support.c\n'}
[0.928326] (cartographer_ros_msgs) StdoutLine: {'line': b'-- Installing: /root/distr_slam_ws/install/cartographer_ros_msgs/include/cartographer_ros_msgs/cartographer_ros_msgs/srv/detail/trajectory_query__type_support.c\n'}
[0.928468] (cartographer_ros_msgs) StdoutLine: {'line': b'-- Installing: /root/distr_slam_ws/install/cartographer_ros_msgs/include/cartographer_ros_msgs/cartographer_ros_msgs/srv/detail/get_trajectory_states__type_support.c\n'}
[0.928569] (cartographer_ros_msgs) StdoutLine: {'line': b'-- Up-to-date: /root/distr_slam_ws/install/cartographer_ros_msgs/include/cartographer_ros_msgs/cartographer_ros_msgs/srv/detail/trajectory_query__rosidl_typesupport_introspection_c.h\n'}
[0.928728] (cartographer_ros_msgs) StdoutLine: {'line': b'-- Up-to-date: /root/distr_slam_ws/install/cartographer_ros_msgs/include/cartographer_ros_msgs/cartographer_ros_msgs/srv/detail/get_slam_state__rosidl_typesupport_introspection_c.h\n'}
[0.928957] (cartographer_ros_msgs) StdoutLine: {'line': b'-- Installing: /root/distr_slam_ws/install/cartographer_ros_msgs/include/cartographer_ros_msgs/cartographer_ros_msgs/srv/detail/submap_query__type_support.c\n'}
[0.929202] (cartographer_ros_msgs) StdoutLine: {'line': b'-- Installing: /root/distr_slam_ws/install/cartographer_ros_msgs/include/cartographer_ros_msgs/cartographer_ros_msgs/srv/detail/read_metrics__type_support.c\n'}
[0.929444] (cartographer_ros_msgs) StdoutLine: {'line': b'-- Up-to-date: /root/distr_slam_ws/install/cartographer_ros_msgs/lib/libcartographer_ros_msgs__rosidl_typesupport_introspection_c.so\n'}
[0.929673] (cartographer) StdoutLine: {'line': b'[ 71%] Built target cartographer.mapping.internal.2d.ray_to_pixel_mask_test\n'}
[0.929908] (cartographer_ros_msgs) StdoutLine: {'line': b'-- Up-to-date: /root/distr_slam_ws/install/cartographer_ros_msgs/lib/libcartographer_ros_msgs__rosidl_typesupport_c.so\n'}
[0.930107] (cartographer_ros_msgs) StdoutLine: {'line': b'-- Up-to-date: /root/distr_slam_ws/install/cartographer_ros_msgs/include/cartographer_ros_msgs/cartographer_ros_msgs\n'}
[0.930314] (cartographer_ros_msgs) StdoutLine: {'line': b'-- Up-to-date: /root/distr_slam_ws/install/cartographer_ros_msgs/include/cartographer_ros_msgs/cartographer_ros_msgs/msg\n'}
[0.930540] (cartographer_ros_msgs) StdoutLine: {'line': b'-- Up-to-date: /root/distr_slam_ws/install/cartographer_ros_msgs/include/cartographer_ros_msgs/cartographer_ros_msgs/msg/landmark_entry.hpp\n'}
[0.930701] (cartographer_ros_msgs) StdoutLine: {'line': b'-- Up-to-date: /root/distr_slam_ws/install/cartographer_ros_msgs/include/cartographer_ros_msgs/cartographer_ros_msgs/msg/metric.hpp\n'}
[0.930850] (cartographer_ros_msgs) StdoutLine: {'line': b'-- Up-to-date: /root/distr_slam_ws/install/cartographer_ros_msgs/include/cartographer_ros_msgs/cartographer_ros_msgs/msg/bagfile_progress.hpp\n'}
[0.931034] (cartographer_ros_msgs) StdoutLine: {'line': b'-- Up-to-date: /root/distr_slam_ws/install/cartographer_ros_msgs/include/cartographer_ros_msgs/cartographer_ros_msgs/msg/submap_texture.hpp\n'}
[0.931196] (cartographer_ros_msgs) StdoutLine: {'line': b'-- Up-to-date: /root/distr_slam_ws/install/cartographer_ros_msgs/include/cartographer_ros_msgs/cartographer_ros_msgs/msg/rosidl_generator_cpp__visibility_control.hpp\n'}
[0.931369] (cartographer_ros_msgs) StdoutLine: {'line': b'-- Up-to-date: /root/distr_slam_ws/install/cartographer_ros_msgs/include/cartographer_ros_msgs/cartographer_ros_msgs/msg/metric_label.hpp\n'}
[0.931545] (cartographer_ros_msgs) StdoutLine: {'line': b'-- Up-to-date: /root/distr_slam_ws/install/cartographer_ros_msgs/include/cartographer_ros_msgs/cartographer_ros_msgs/msg/submap_list.hpp\n'}
[0.931706] (cartographer_ros_msgs) StdoutLine: {'line': b'-- Up-to-date: /root/distr_slam_ws/install/cartographer_ros_msgs/include/cartographer_ros_msgs/cartographer_ros_msgs/msg/histogram_bucket.hpp\n'}
[0.931867] (cartographer_ros_msgs) StdoutLine: {'line': b'-- Up-to-date: /root/distr_slam_ws/install/cartographer_ros_msgs/include/cartographer_ros_msgs/cartographer_ros_msgs/msg/trajectory_states.hpp\n'}
[0.932035] (cartographer_ros_msgs) StdoutLine: {'line': b'-- Up-to-date: /root/distr_slam_ws/install/cartographer_ros_msgs/include/cartographer_ros_msgs/cartographer_ros_msgs/msg/submap_entry.hpp\n'}
[0.932191] (cartographer_ros_msgs) StdoutLine: {'line': b'-- Up-to-date: /root/distr_slam_ws/install/cartographer_ros_msgs/include/cartographer_ros_msgs/cartographer_ros_msgs/msg/landmark_list.hpp\n'}
[0.932375] (cartographer_ros_msgs) StdoutLine: {'line': b'-- Up-to-date: /root/distr_slam_ws/install/cartographer_ros_msgs/include/cartographer_ros_msgs/cartographer_ros_msgs/msg/status_code.hpp\n'}
[0.932560] (cartographer_ros_msgs) StdoutLine: {'line': b'-- Up-to-date: /root/distr_slam_ws/install/cartographer_ros_msgs/include/cartographer_ros_msgs/cartographer_ros_msgs/msg/status_response.hpp\n'}
[0.932727] (cartographer_ros_msgs) StdoutLine: {'line': b'-- Up-to-date: /root/distr_slam_ws/install/cartographer_ros_msgs/include/cartographer_ros_msgs/cartographer_ros_msgs/msg/detail\n'}
[0.932888] (cartographer_ros_msgs) StdoutLine: {'line': b'-- Up-to-date: /root/distr_slam_ws/install/cartographer_ros_msgs/include/cartographer_ros_msgs/cartographer_ros_msgs/msg/detail/landmark_entry__builder.hpp\n'}
[0.933045] (cartographer_ros_msgs) StdoutLine: {'line': b'-- Up-to-date: /root/distr_slam_ws/install/cartographer_ros_msgs/include/cartographer_ros_msgs/cartographer_ros_msgs/msg/detail/submap_texture__type_support.hpp\n'}
[0.933214] (cartographer_ros_msgs) StdoutLine: {'line': b'-- Up-to-date: /root/distr_slam_ws/install/cartographer_ros_msgs/include/cartographer_ros_msgs/cartographer_ros_msgs/msg/detail/status_response__traits.hpp\n'}
[0.933388] (cartographer_ros_msgs) StdoutLine: {'line': b'-- Up-to-date: /root/distr_slam_ws/install/cartographer_ros_msgs/include/cartographer_ros_msgs/cartographer_ros_msgs/msg/detail/landmark_list__builder.hpp\n'}
[0.933580] (cartographer_ros_msgs) StdoutLine: {'line': b'-- Up-to-date: /root/distr_slam_ws/install/cartographer_ros_msgs/include/cartographer_ros_msgs/cartographer_ros_msgs/msg/detail/metric__traits.hpp\n'}
[0.933740] (cartographer_ros_msgs) StdoutLine: {'line': b'-- Up-to-date: /root/distr_slam_ws/install/cartographer_ros_msgs/include/cartographer_ros_msgs/cartographer_ros_msgs/msg/detail/metric__struct.hpp\n'}
[0.933897] (cartographer_ros_msgs) StdoutLine: {'line': b'-- Up-to-date: /root/distr_slam_ws/install/cartographer_ros_msgs/include/cartographer_ros_msgs/cartographer_ros_msgs/msg/detail/status_response__type_support.hpp\n'}
[0.934055] (cartographer_ros_msgs) StdoutLine: {'line': b'-- Up-to-date: /root/distr_slam_ws/install/cartographer_ros_msgs/include/cartographer_ros_msgs/cartographer_ros_msgs/msg/detail/landmark_entry__struct.hpp\n'}
[0.934219] (cartographer_ros_msgs) StdoutLine: {'line': b'-- Up-to-date: /root/distr_slam_ws/install/cartographer_ros_msgs/include/cartographer_ros_msgs/cartographer_ros_msgs/msg/detail/status_code__type_support.hpp\n'}
[0.934395] (cartographer_ros_msgs) StdoutLine: {'line': b'-- Up-to-date: /root/distr_slam_ws/install/cartographer_ros_msgs/include/cartographer_ros_msgs/cartographer_ros_msgs/msg/detail/metric_label__struct.hpp\n'}
[0.934565] (cartographer_ros_msgs) StdoutLine: {'line': b'-- Up-to-date: /root/distr_slam_ws/install/cartographer_ros_msgs/include/cartographer_ros_msgs/cartographer_ros_msgs/msg/detail/submap_texture__builder.hpp\n'}
[0.934723] (cartographer_ros_msgs) StdoutLine: {'line': b'-- Up-to-date: /root/distr_slam_ws/install/cartographer_ros_msgs/include/cartographer_ros_msgs/cartographer_ros_msgs/msg/detail/histogram_bucket__type_support.hpp\n'}
[0.934880] (cartographer_ros_msgs) StdoutLine: {'line': b'-- Up-to-date: /root/distr_slam_ws/install/cartographer_ros_msgs/include/cartographer_ros_msgs/cartographer_ros_msgs/msg/detail/bagfile_progress__traits.hpp\n'}
[0.935037] (cartographer_ros_msgs) StdoutLine: {'line': b'-- Up-to-date: /root/distr_slam_ws/install/cartographer_ros_msgs/include/cartographer_ros_msgs/cartographer_ros_msgs/msg/detail/histogram_bucket__builder.hpp\n'}
[0.935202] (cartographer_ros_msgs) StdoutLine: {'line': b'-- Up-to-date: /root/distr_slam_ws/install/cartographer_ros_msgs/include/cartographer_ros_msgs/cartographer_ros_msgs/msg/detail/histogram_bucket__traits.hpp\n'}
[0.935369] (cartographer_ros_msgs) StdoutLine: {'line': b'-- Up-to-date: /root/distr_slam_ws/install/cartographer_ros_msgs/include/cartographer_ros_msgs/cartographer_ros_msgs/msg/detail/metric_label__type_support.hpp\n'}
[0.935543] (cartographer_ros_msgs) StdoutLine: {'line': b'-- Up-to-date: /root/distr_slam_ws/install/cartographer_ros_msgs/include/cartographer_ros_msgs/cartographer_ros_msgs/msg/detail/histogram_bucket__struct.hpp\n'}
[0.935701] (cartographer_ros_msgs) StdoutLine: {'line': b'-- Up-to-date: /root/distr_slam_ws/install/cartographer_ros_msgs/include/cartographer_ros_msgs/cartographer_ros_msgs/msg/detail/landmark_entry__traits.hpp\n'}
[0.935860] (cartographer_ros_msgs) StdoutLine: {'line': b'-- Up-to-date: /root/distr_slam_ws/install/cartographer_ros_msgs/include/cartographer_ros_msgs/cartographer_ros_msgs/msg/detail/status_code__struct.hpp\n'}
[0.936014] (cartographer_ros_msgs) StdoutLine: {'line': b'-- Up-to-date: /root/distr_slam_ws/install/cartographer_ros_msgs/include/cartographer_ros_msgs/cartographer_ros_msgs/msg/detail/status_response__builder.hpp\n'}
[0.936171] (cartographer_ros_msgs) StdoutLine: {'line': b'-- Up-to-date: /root/distr_slam_ws/install/cartographer_ros_msgs/include/cartographer_ros_msgs/cartographer_ros_msgs/msg/detail/submap_texture__struct.hpp\n'}
[0.936329] (cartographer_ros_msgs) StdoutLine: {'line': b'-- Up-to-date: /root/distr_slam_ws/install/cartographer_ros_msgs/include/cartographer_ros_msgs/cartographer_ros_msgs/msg/detail/trajectory_states__type_support.hpp\n'}
[0.936509] (cartographer_ros_msgs) StdoutLine: {'line': b'-- Up-to-date: /root/distr_slam_ws/install/cartographer_ros_msgs/include/cartographer_ros_msgs/cartographer_ros_msgs/msg/detail/submap_list__traits.hpp\n'}
[0.936671] (cartographer_ros_msgs) StdoutLine: {'line': b'-- Up-to-date: /root/distr_slam_ws/install/cartographer_ros_msgs/include/cartographer_ros_msgs/cartographer_ros_msgs/msg/detail/trajectory_states__struct.hpp\n'}
[0.936829] (cartographer_ros_msgs) StdoutLine: {'line': b'-- Up-to-date: /root/distr_slam_ws/install/cartographer_ros_msgs/include/cartographer_ros_msgs/cartographer_ros_msgs/msg/detail/status_code__builder.hpp\n'}
[0.936986] (cartographer_ros_msgs) StdoutLine: {'line': b'-- Up-to-date: /root/distr_slam_ws/install/cartographer_ros_msgs/include/cartographer_ros_msgs/cartographer_ros_msgs/msg/detail/submap_list__builder.hpp\n'}
[0.937171] (cartographer_ros_msgs) StdoutLine: {'line': b'-- Up-to-date: /root/distr_slam_ws/install/cartographer_ros_msgs/include/cartographer_ros_msgs/cartographer_ros_msgs/msg/detail/submap_list__type_support.hpp\n'}
[0.937335] (cartographer_ros_msgs) StdoutLine: {'line': b'-- Up-to-date: /root/distr_slam_ws/install/cartographer_ros_msgs/include/cartographer_ros_msgs/cartographer_ros_msgs/msg/detail/metric__builder.hpp\n'}
[0.937521] (cartographer_ros_msgs) StdoutLine: {'line': b'-- Up-to-date: /root/distr_slam_ws/install/cartographer_ros_msgs/include/cartographer_ros_msgs/cartographer_ros_msgs/msg/detail/metric_family__traits.hpp\n'}
[0.937720] (cartographer_ros_msgs) StdoutLine: {'line': b'-- Up-to-date: /root/distr_slam_ws/install/cartographer_ros_msgs/include/cartographer_ros_msgs/cartographer_ros_msgs/msg/detail/submap_entry__struct.hpp\n'}
[0.937986] (cartographer_ros_msgs) StdoutLine: {'line': b'-- Up-to-date: /root/distr_slam_ws/install/cartographer_ros_msgs/include/cartographer_ros_msgs/cartographer_ros_msgs/msg/detail/submap_texture__traits.hpp\n'}
[0.938208] (cartographer_ros_msgs) StdoutLine: {'line': b'-- Up-to-date: /root/distr_slam_ws/install/cartographer_ros_msgs/include/cartographer_ros_msgs/cartographer_ros_msgs/msg/detail/metric_label__traits.hpp\n'}
[0.938469] (cartographer_ros_msgs) StdoutLine: {'line': b'-- Up-to-date: /root/distr_slam_ws/install/cartographer_ros_msgs/include/cartographer_ros_msgs/cartographer_ros_msgs/msg/detail/bagfile_progress__type_support.hpp\n'}
[0.938701] (cartographer_ros_msgs) StdoutLine: {'line': b'-- Up-to-date: /root/distr_slam_ws/install/cartographer_ros_msgs/include/cartographer_ros_msgs/cartographer_ros_msgs/msg/detail/bagfile_progress__builder.hpp\n'}
[0.938914] (cartographer_ros_msgs) StdoutLine: {'line': b'-- Up-to-date: /root/distr_slam_ws/install/cartographer_ros_msgs/include/cartographer_ros_msgs/cartographer_ros_msgs/msg/detail/submap_list__struct.hpp\n'}
[0.939098] (cartographer_ros_msgs) StdoutLine: {'line': b'-- Up-to-date: /root/distr_slam_ws/install/cartographer_ros_msgs/include/cartographer_ros_msgs/cartographer_ros_msgs/msg/detail/metric_family__struct.hpp\n'}
[0.939313] (cartographer_ros_msgs) StdoutLine: {'line': b'-- Up-to-date: /root/distr_slam_ws/install/cartographer_ros_msgs/include/cartographer_ros_msgs/cartographer_ros_msgs/msg/detail/status_code__traits.hpp\n'}
[0.939565] (cartographer_ros_msgs) StdoutLine: {'line': b'-- Up-to-date: /root/distr_slam_ws/install/cartographer_ros_msgs/include/cartographer_ros_msgs/cartographer_ros_msgs/msg/detail/trajectory_states__builder.hpp\n'}
[0.939805] (cartographer_ros_msgs) StdoutLine: {'line': b'-- Up-to-date: /root/distr_slam_ws/install/cartographer_ros_msgs/include/cartographer_ros_msgs/cartographer_ros_msgs/msg/detail/metric_family__builder.hpp\n'}
[0.940015] (cartographer_ros_msgs) StdoutLine: {'line': b'-- Up-to-date: /root/distr_slam_ws/install/cartographer_ros_msgs/include/cartographer_ros_msgs/cartographer_ros_msgs/msg/detail/status_response__struct.hpp\n'}
[0.940237] (cartographer_ros_msgs) StdoutLine: {'line': b'-- Up-to-date: /root/distr_slam_ws/install/cartographer_ros_msgs/include/cartographer_ros_msgs/cartographer_ros_msgs/msg/detail/bagfile_progress__struct.hpp\n'}
[0.940494] (cartographer_ros_msgs) StdoutLine: {'line': b'-- Up-to-date: /root/distr_slam_ws/install/cartographer_ros_msgs/include/cartographer_ros_msgs/cartographer_ros_msgs/msg/detail/landmark_list__struct.hpp\n'}
[0.940736] (cartographer_ros_msgs) StdoutLine: {'line': b'-- Up-to-date: /root/distr_slam_ws/install/cartographer_ros_msgs/include/cartographer_ros_msgs/cartographer_ros_msgs/msg/detail/trajectory_states__traits.hpp\n'}
[0.940983] (cartographer_ros_msgs) StdoutLine: {'line': b'-- Up-to-date: /root/distr_slam_ws/install/cartographer_ros_msgs/include/cartographer_ros_msgs/cartographer_ros_msgs/msg/detail/metric__type_support.hpp\n'}
[0.941212] (cartographer_ros_msgs) StdoutLine: {'line': b'-- Up-to-date: /root/distr_slam_ws/install/cartographer_ros_msgs/include/cartographer_ros_msgs/cartographer_ros_msgs/msg/detail/landmark_list__type_support.hpp\n'}
[0.941462] (cartographer_ros_msgs) StdoutLine: {'line': b'-- Up-to-date: /root/distr_slam_ws/install/cartographer_ros_msgs/include/cartographer_ros_msgs/cartographer_ros_msgs/msg/detail/submap_entry__builder.hpp\n'}
[0.941700] (cartographer_ros_msgs) StdoutLine: {'line': b'-- Up-to-date: /root/distr_slam_ws/install/cartographer_ros_msgs/include/cartographer_ros_msgs/cartographer_ros_msgs/msg/detail/submap_entry__type_support.hpp\n'}
[0.941927] (cartographer_ros_msgs) StdoutLine: {'line': b'-- Up-to-date: /root/distr_slam_ws/install/cartographer_ros_msgs/include/cartographer_ros_msgs/cartographer_ros_msgs/msg/detail/metric_label__builder.hpp\n'}
[0.942155] (cartographer_ros_msgs) StdoutLine: {'line': b'-- Up-to-date: /root/distr_slam_ws/install/cartographer_ros_msgs/include/cartographer_ros_msgs/cartographer_ros_msgs/msg/detail/landmark_list__traits.hpp\n'}
[0.942394] (cartographer_ros_msgs) StdoutLine: {'line': b'-- Up-to-date: /root/distr_slam_ws/install/cartographer_ros_msgs/include/cartographer_ros_msgs/cartographer_ros_msgs/msg/detail/landmark_entry__type_support.hpp\n'}
[0.942644] (cartographer_ros_msgs) StdoutLine: {'line': b'-- Up-to-date: /root/distr_slam_ws/install/cartographer_ros_msgs/include/cartographer_ros_msgs/cartographer_ros_msgs/msg/detail/submap_entry__traits.hpp\n'}
[0.942873] (cartographer_ros_msgs) StdoutLine: {'line': b'-- Up-to-date: /root/distr_slam_ws/install/cartographer_ros_msgs/include/cartographer_ros_msgs/cartographer_ros_msgs/msg/detail/metric_family__type_support.hpp\n'}
[0.943221] (cartographer_ros_msgs) StdoutLine: {'line': b'-- Up-to-date: /root/distr_slam_ws/install/cartographer_ros_msgs/include/cartographer_ros_msgs/cartographer_ros_msgs/msg/metric_family.hpp\n'}
[0.943475] (cartographer_ros_msgs) StdoutLine: {'line': b'-- Up-to-date: /root/distr_slam_ws/install/cartographer_ros_msgs/include/cartographer_ros_msgs/cartographer_ros_msgs/srv\n'}
[0.943707] (cartographer_ros_msgs) StdoutLine: {'line': b'-- Up-to-date: /root/distr_slam_ws/install/cartographer_ros_msgs/include/cartographer_ros_msgs/cartographer_ros_msgs/srv/start_trajectory.hpp\n'}
[0.943931] (cartographer_ros_msgs) StdoutLine: {'line': b'-- Up-to-date: /root/distr_slam_ws/install/cartographer_ros_msgs/include/cartographer_ros_msgs/cartographer_ros_msgs/srv/read_metrics.hpp\n'}
[0.944157] (cartographer_ros_msgs) StdoutLine: {'line': b'-- Up-to-date: /root/distr_slam_ws/install/cartographer_ros_msgs/include/cartographer_ros_msgs/cartographer_ros_msgs/srv/trajectory_query.hpp\n'}
[0.944412] (cartographer_ros_msgs) StdoutLine: {'line': b'-- Up-to-date: /root/distr_slam_ws/install/cartographer_ros_msgs/include/cartographer_ros_msgs/cartographer_ros_msgs/srv/write_state.hpp\n'}
[0.944668] (cartographer_ros_msgs) StdoutLine: {'line': b'-- Up-to-date: /root/distr_slam_ws/install/cartographer_ros_msgs/include/cartographer_ros_msgs/cartographer_ros_msgs/srv/get_slam_state.hpp\n'}
[0.944897] (cartographer_ros_msgs) StdoutLine: {'line': b'-- Up-to-date: /root/distr_slam_ws/install/cartographer_ros_msgs/include/cartographer_ros_msgs/cartographer_ros_msgs/srv/submap_query.hpp\n'}
[0.945124] (cartographer_ros_msgs) StdoutLine: {'line': b'-- Up-to-date: /root/distr_slam_ws/install/cartographer_ros_msgs/include/cartographer_ros_msgs/cartographer_ros_msgs/srv/get_trajectory_states.hpp\n'}
[0.945347] (cartographer_ros_msgs) StdoutLine: {'line': b'-- Up-to-date: /root/distr_slam_ws/install/cartographer_ros_msgs/include/cartographer_ros_msgs/cartographer_ros_msgs/srv/set_slam_state.hpp\n'}
[0.945592] (cartographer_ros_msgs) StdoutLine: {'line': b'-- Up-to-date: /root/distr_slam_ws/install/cartographer_ros_msgs/include/cartographer_ros_msgs/cartographer_ros_msgs/srv/finish_trajectory.hpp\n'}
[0.945817] (cartographer_ros_msgs) StdoutLine: {'line': b'-- Up-to-date: /root/distr_slam_ws/install/cartographer_ros_msgs/include/cartographer_ros_msgs/cartographer_ros_msgs/srv/detail\n'}
[0.946010] (cartographer_ros_msgs) StdoutLine: {'line': b'-- Up-to-date: /root/distr_slam_ws/install/cartographer_ros_msgs/include/cartographer_ros_msgs/cartographer_ros_msgs/srv/detail/write_state__traits.hpp\n'}
[0.946193] (cartographer_ros_msgs) StdoutLine: {'line': b'-- Up-to-date: /root/distr_slam_ws/install/cartographer_ros_msgs/include/cartographer_ros_msgs/cartographer_ros_msgs/srv/detail/start_trajectory__builder.hpp\n'}
[0.946404] (cartographer_ros_msgs) StdoutLine: {'line': b'-- Up-to-date: /root/distr_slam_ws/install/cartographer_ros_msgs/include/cartographer_ros_msgs/cartographer_ros_msgs/srv/detail/get_slam_state__type_support.hpp\n'}
[0.946609] (cartographer_ros_msgs) StdoutLine: {'line': b'-- Up-to-date: /root/distr_slam_ws/install/cartographer_ros_msgs/include/cartographer_ros_msgs/cartographer_ros_msgs/srv/detail/set_slam_state__type_support.hpp\n'}
[0.946769] (cartographer_ros_msgs) StdoutLine: {'line': b'-- Up-to-date: /root/distr_slam_ws/install/cartographer_ros_msgs/include/cartographer_ros_msgs/cartographer_ros_msgs/srv/detail/trajectory_query__traits.hpp\n'}
[0.946928] (cartographer_ros_msgs) StdoutLine: {'line': b'-- Up-to-date: /root/distr_slam_ws/install/cartographer_ros_msgs/include/cartographer_ros_msgs/cartographer_ros_msgs/srv/detail/trajectory_query__type_support.hpp\n'}
[0.947078] (cartographer_ros_msgs) StdoutLine: {'line': b'-- Up-to-date: /root/distr_slam_ws/install/cartographer_ros_msgs/include/cartographer_ros_msgs/cartographer_ros_msgs/srv/detail/set_slam_state__traits.hpp\n'}
[0.947229] (cartographer_ros_msgs) StdoutLine: {'line': b'-- Up-to-date: /root/distr_slam_ws/install/cartographer_ros_msgs/include/cartographer_ros_msgs/cartographer_ros_msgs/srv/detail/get_trajectory_states__type_support.hpp\n'}
[0.947455] (cartographer_ros_msgs) StdoutLine: {'line': b'-- Up-to-date: /root/distr_slam_ws/install/cartographer_ros_msgs/include/cartographer_ros_msgs/cartographer_ros_msgs/srv/detail/read_metrics__traits.hpp\n'}
[0.947671] (cartographer_ros_msgs) StdoutLine: {'line': b'-- Up-to-date: /root/distr_slam_ws/install/cartographer_ros_msgs/include/cartographer_ros_msgs/cartographer_ros_msgs/srv/detail/get_slam_state__builder.hpp\n'}
[0.947884] (cartographer_ros_msgs) StdoutLine: {'line': b'-- Up-to-date: /root/distr_slam_ws/install/cartographer_ros_msgs/include/cartographer_ros_msgs/cartographer_ros_msgs/srv/detail/set_slam_state__builder.hpp\n'}
[0.948062] (cartographer_ros_msgs) StdoutLine: {'line': b'-- Up-to-date: /root/distr_slam_ws/install/cartographer_ros_msgs/include/cartographer_ros_msgs/cartographer_ros_msgs/srv/detail/finish_trajectory__struct.hpp\n'}
[0.948241] (cartographer_ros_msgs) StdoutLine: {'line': b'-- Up-to-date: /root/distr_slam_ws/install/cartographer_ros_msgs/include/cartographer_ros_msgs/cartographer_ros_msgs/srv/detail/start_trajectory__type_support.hpp\n'}
[0.948431] (cartographer_ros_msgs) StdoutLine: {'line': b'-- Up-to-date: /root/distr_slam_ws/install/cartographer_ros_msgs/include/cartographer_ros_msgs/cartographer_ros_msgs/srv/detail/trajectory_query__builder.hpp\n'}
[0.948607] (cartographer_ros_msgs) StdoutLine: {'line': b'-- Up-to-date: /root/distr_slam_ws/install/cartographer_ros_msgs/include/cartographer_ros_msgs/cartographer_ros_msgs/srv/detail/read_metrics__builder.hpp\n'}
[0.948854] (cartographer_ros_msgs) StdoutLine: {'line': b'-- Up-to-date: /root/distr_slam_ws/install/cartographer_ros_msgs/include/cartographer_ros_msgs/cartographer_ros_msgs/srv/detail/read_metrics__type_support.hpp\n'}
[0.949012] (cartographer_ros_msgs) StdoutLine: {'line': b'-- Up-to-date: /root/distr_slam_ws/install/cartographer_ros_msgs/include/cartographer_ros_msgs/cartographer_ros_msgs/srv/detail/submap_query__traits.hpp\n'}
[0.949162] (cartographer_ros_msgs) StdoutLine: {'line': b'-- Up-to-date: /root/distr_slam_ws/install/cartographer_ros_msgs/include/cartographer_ros_msgs/cartographer_ros_msgs/srv/detail/submap_query__type_support.hpp\n'}
[0.949321] (cartographer_ros_msgs) StdoutLine: {'line': b'-- Up-to-date: /root/distr_slam_ws/install/cartographer_ros_msgs/include/cartographer_ros_msgs/cartographer_ros_msgs/srv/detail/set_slam_state__struct.hpp\n'}
[0.949521] (cartographer_ros_msgs) StdoutLine: {'line': b'-- Up-to-date: /root/distr_slam_ws/install/cartographer_ros_msgs/include/cartographer_ros_msgs/cartographer_ros_msgs/srv/detail/write_state__builder.hpp\n'}
[0.949716] (cartographer_ros_msgs) StdoutLine: {'line': b'-- Up-to-date: /root/distr_slam_ws/install/cartographer_ros_msgs/include/cartographer_ros_msgs/cartographer_ros_msgs/srv/detail/write_state__type_support.hpp\n'}
[0.949876] (cartographer_ros_msgs) StdoutLine: {'line': b'-- Up-to-date: /root/distr_slam_ws/install/cartographer_ros_msgs/include/cartographer_ros_msgs/cartographer_ros_msgs/srv/detail/read_metrics__struct.hpp\n'}
[0.950044] (cartographer_ros_msgs) StdoutLine: {'line': b'-- Up-to-date: /root/distr_slam_ws/install/cartographer_ros_msgs/include/cartographer_ros_msgs/cartographer_ros_msgs/srv/detail/start_trajectory__struct.hpp\n'}
[0.950187] (cartographer_ros_msgs) StdoutLine: {'line': b'-- Up-to-date: /root/distr_slam_ws/install/cartographer_ros_msgs/include/cartographer_ros_msgs/cartographer_ros_msgs/srv/detail/get_slam_state__struct.hpp\n'}
[0.950339] (cartographer_ros_msgs) StdoutLine: {'line': b'-- Up-to-date: /root/distr_slam_ws/install/cartographer_ros_msgs/include/cartographer_ros_msgs/cartographer_ros_msgs/srv/detail/submap_query__struct.hpp\n'}
[0.950513] (cartographer_ros_msgs) StdoutLine: {'line': b'-- Up-to-date: /root/distr_slam_ws/install/cartographer_ros_msgs/include/cartographer_ros_msgs/cartographer_ros_msgs/srv/detail/finish_trajectory__traits.hpp\n'}
[0.950688] (cartographer_ros_msgs) StdoutLine: {'line': b'-- Up-to-date: /root/distr_slam_ws/install/cartographer_ros_msgs/include/cartographer_ros_msgs/cartographer_ros_msgs/srv/detail/finish_trajectory__builder.hpp\n'}
[0.950862] (cartographer_ros_msgs) StdoutLine: {'line': b'-- Up-to-date: /root/distr_slam_ws/install/cartographer_ros_msgs/include/cartographer_ros_msgs/cartographer_ros_msgs/srv/detail/submap_query__builder.hpp\n'}
[0.951021] (cartographer_ros_msgs) StdoutLine: {'line': b'-- Up-to-date: /root/distr_slam_ws/install/cartographer_ros_msgs/include/cartographer_ros_msgs/cartographer_ros_msgs/srv/detail/get_trajectory_states__traits.hpp\n'}
[0.951170] (cartographer_ros_msgs) StdoutLine: {'line': b'-- Up-to-date: /root/distr_slam_ws/install/cartographer_ros_msgs/include/cartographer_ros_msgs/cartographer_ros_msgs/srv/detail/finish_trajectory__type_support.hpp\n'}
[0.951320] (cartographer_ros_msgs) StdoutLine: {'line': b'-- Up-to-date: /root/distr_slam_ws/install/cartographer_ros_msgs/include/cartographer_ros_msgs/cartographer_ros_msgs/srv/detail/trajectory_query__struct.hpp\n'}
[0.951537] (cartographer_ros_msgs) StdoutLine: {'line': b'-- Up-to-date: /root/distr_slam_ws/install/cartographer_ros_msgs/include/cartographer_ros_msgs/cartographer_ros_msgs/srv/detail/get_slam_state__traits.hpp\n'}
[0.951699] (cartographer_ros_msgs) StdoutLine: {'line': b'-- Up-to-date: /root/distr_slam_ws/install/cartographer_ros_msgs/include/cartographer_ros_msgs/cartographer_ros_msgs/srv/detail/get_trajectory_states__struct.hpp\n'}
[0.951854] (cartographer_ros_msgs) StdoutLine: {'line': b'-- Up-to-date: /root/distr_slam_ws/install/cartographer_ros_msgs/include/cartographer_ros_msgs/cartographer_ros_msgs/srv/detail/start_trajectory__traits.hpp\n'}
[0.952068] (cartographer_ros_msgs) StdoutLine: {'line': b'-- Up-to-date: /root/distr_slam_ws/install/cartographer_ros_msgs/include/cartographer_ros_msgs/cartographer_ros_msgs/srv/detail/write_state__struct.hpp\n'}
[0.952256] (cartographer_ros_msgs) StdoutLine: {'line': b'-- Up-to-date: /root/distr_slam_ws/install/cartographer_ros_msgs/include/cartographer_ros_msgs/cartographer_ros_msgs/srv/detail/get_trajectory_states__builder.hpp\n'}
[0.952468] (cartographer_ros_msgs) StdoutLine: {'line': b'-- Up-to-date: /root/distr_slam_ws/install/cartographer_ros_msgs/include/cartographer_ros_msgs/cartographer_ros_msgs\n'}
[0.952640] (cartographer_ros_msgs) StdoutLine: {'line': b'-- Up-to-date: /root/distr_slam_ws/install/cartographer_ros_msgs/include/cartographer_ros_msgs/cartographer_ros_msgs/msg\n'}
[0.952841] (cartographer_ros_msgs) StdoutLine: {'line': b'-- Up-to-date: /root/distr_slam_ws/install/cartographer_ros_msgs/include/cartographer_ros_msgs/cartographer_ros_msgs/msg/rosidl_typesupport_fastrtps_cpp__visibility_control.h\n'}
[0.953036] (cartographer_ros_msgs) StdoutLine: {'line': b'-- Up-to-date: /root/distr_slam_ws/install/cartographer_ros_msgs/include/cartographer_ros_msgs/cartographer_ros_msgs/msg/detail\n'}
[0.953230] (cartographer_ros_msgs) StdoutLine: {'line': b'-- Up-to-date: /root/distr_slam_ws/install/cartographer_ros_msgs/include/cartographer_ros_msgs/cartographer_ros_msgs/msg/detail/bagfile_progress__rosidl_typesupport_fastrtps_cpp.hpp\n'}
[0.953429] (cartographer_ros_msgs) StdoutLine: {'line': b'-- Up-to-date: /root/distr_slam_ws/install/cartographer_ros_msgs/include/cartographer_ros_msgs/cartographer_ros_msgs/msg/detail/submap_entry__rosidl_typesupport_fastrtps_cpp.hpp\n'}
[0.953626] (cartographer) StdoutLine: {'line': b'[ 72%] Built target cartographer.mapping.internal.2d.pose_graph_2d_test\n'}
[0.953845] (cartographer_ros_msgs) StdoutLine: {'line': b'-- Up-to-date: /root/distr_slam_ws/install/cartographer_ros_msgs/include/cartographer_ros_msgs/cartographer_ros_msgs/msg/detail/status_code__rosidl_typesupport_fastrtps_cpp.hpp\n'}
[0.954025] (cartographer_ros_msgs) StdoutLine: {'line': b'-- Up-to-date: /root/distr_slam_ws/install/cartographer_ros_msgs/include/cartographer_ros_msgs/cartographer_ros_msgs/msg/detail/metric_family__rosidl_typesupport_fastrtps_cpp.hpp\n'}
[0.954230] (cartographer_ros_msgs) StdoutLine: {'line': b'-- Up-to-date: /root/distr_slam_ws/install/cartographer_ros_msgs/include/cartographer_ros_msgs/cartographer_ros_msgs/msg/detail/metric__rosidl_typesupport_fastrtps_cpp.hpp\n'}
[0.954463] (cartographer_ros_msgs) StdoutLine: {'line': b'-- Up-to-date: /root/distr_slam_ws/install/cartographer_ros_msgs/include/cartographer_ros_msgs/cartographer_ros_msgs/msg/detail/landmark_entry__rosidl_typesupport_fastrtps_cpp.hpp\n'}
[0.954672] (cartographer_ros_msgs) StdoutLine: {'line': b'-- Up-to-date: /root/distr_slam_ws/install/cartographer_ros_msgs/include/cartographer_ros_msgs/cartographer_ros_msgs/msg/detail/trajectory_states__rosidl_typesupport_fastrtps_cpp.hpp\n'}
[0.954841] (cartographer_ros_msgs) StdoutLine: {'line': b'-- Up-to-date: /root/distr_slam_ws/install/cartographer_ros_msgs/include/cartographer_ros_msgs/cartographer_ros_msgs/msg/detail/metric_label__rosidl_typesupport_fastrtps_cpp.hpp\n'}
[0.955016] (cartographer) StdoutLine: {'line': b'[ 73%] Built target cartographer.mapping.internal.2d.scan_matching.ceres_scan_matcher_2d_test\n'}
[0.955226] (cartographer_ros_msgs) StdoutLine: {'line': b'-- Up-to-date: /root/distr_slam_ws/install/cartographer_ros_msgs/include/cartographer_ros_msgs/cartographer_ros_msgs/msg/detail/submap_texture__rosidl_typesupport_fastrtps_cpp.hpp\n'}
[0.955449] (cartographer_ros_msgs) StdoutLine: {'line': b'-- Up-to-date: /root/distr_slam_ws/install/cartographer_ros_msgs/include/cartographer_ros_msgs/cartographer_ros_msgs/msg/detail/landmark_list__rosidl_typesupport_fastrtps_cpp.hpp\n'}
[0.955662] (cartographer_ros_msgs) StdoutLine: {'line': b'-- Up-to-date: /root/distr_slam_ws/install/cartographer_ros_msgs/include/cartographer_ros_msgs/cartographer_ros_msgs/msg/detail/submap_list__rosidl_typesupport_fastrtps_cpp.hpp\n'}
[0.955867] (cartographer_ros_msgs) StdoutLine: {'line': b'-- Up-to-date: /root/distr_slam_ws/install/cartographer_ros_msgs/include/cartographer_ros_msgs/cartographer_ros_msgs/msg/detail/dds_fastrtps\n'}
[0.956072] (cartographer_ros_msgs) StdoutLine: {'line': b'-- Up-to-date: /root/distr_slam_ws/install/cartographer_ros_msgs/include/cartographer_ros_msgs/cartographer_ros_msgs/msg/detail/histogram_bucket__rosidl_typesupport_fastrtps_cpp.hpp\n'}
[0.956274] (cartographer_ros_msgs) StdoutLine: {'line': b'-- Up-to-date: /root/distr_slam_ws/install/cartographer_ros_msgs/include/cartographer_ros_msgs/cartographer_ros_msgs/msg/detail/status_response__rosidl_typesupport_fastrtps_cpp.hpp\n'}
[0.956510] (cartographer_ros_msgs) StdoutLine: {'line': b'-- Up-to-date: /root/distr_slam_ws/install/cartographer_ros_msgs/include/cartographer_ros_msgs/cartographer_ros_msgs/srv\n'}
[0.956658] (cartographer_ros_msgs) StdoutLine: {'line': b'-- Up-to-date: /root/distr_slam_ws/install/cartographer_ros_msgs/include/cartographer_ros_msgs/cartographer_ros_msgs/srv/detail\n'}
[0.956849] (cartographer_ros_msgs) StdoutLine: {'line': b'-- Up-to-date: /root/distr_slam_ws/install/cartographer_ros_msgs/include/cartographer_ros_msgs/cartographer_ros_msgs/srv/detail/submap_query__rosidl_typesupport_fastrtps_cpp.hpp\n'}
[0.957065] (cartographer_ros_msgs) StdoutLine: {'line': b'-- Up-to-date: /root/distr_slam_ws/install/cartographer_ros_msgs/include/cartographer_ros_msgs/cartographer_ros_msgs/srv/detail/write_state__rosidl_typesupport_fastrtps_cpp.hpp\n'}
[0.957291] (cartographer_ros_msgs) StdoutLine: {'line': b'-- Up-to-date: /root/distr_slam_ws/install/cartographer_ros_msgs/include/cartographer_ros_msgs/cartographer_ros_msgs/srv/detail/get_trajectory_states__rosidl_typesupport_fastrtps_cpp.hpp\n'}
[0.957548] (cartographer_ros_msgs) StdoutLine: {'line': b'-- Up-to-date: /root/distr_slam_ws/install/cartographer_ros_msgs/include/cartographer_ros_msgs/cartographer_ros_msgs/srv/detail/start_trajectory__rosidl_typesupport_fastrtps_cpp.hpp\n'}
[0.957784] (cartographer_ros_msgs) StdoutLine: {'line': b'-- Up-to-date: /root/distr_slam_ws/install/cartographer_ros_msgs/include/cartographer_ros_msgs/cartographer_ros_msgs/srv/detail/get_slam_state__rosidl_typesupport_fastrtps_cpp.hpp\n'}
[0.958024] (cartographer_ros_msgs) StdoutLine: {'line': b'-- Up-to-date: /root/distr_slam_ws/install/cartographer_ros_msgs/include/cartographer_ros_msgs/cartographer_ros_msgs/srv/detail/finish_trajectory__rosidl_typesupport_fastrtps_cpp.hpp\n'}
[0.958254] (cartographer_ros_msgs) StdoutLine: {'line': b'-- Up-to-date: /root/distr_slam_ws/install/cartographer_ros_msgs/include/cartographer_ros_msgs/cartographer_ros_msgs/srv/detail/read_metrics__rosidl_typesupport_fastrtps_cpp.hpp\n'}
[0.958521] (cartographer_ros_msgs) StdoutLine: {'line': b'-- Up-to-date: /root/distr_slam_ws/install/cartographer_ros_msgs/include/cartographer_ros_msgs/cartographer_ros_msgs/srv/detail/dds_fastrtps\n'}
[0.958761] (cartographer_ros_msgs) StdoutLine: {'line': b'-- Up-to-date: /root/distr_slam_ws/install/cartographer_ros_msgs/include/cartographer_ros_msgs/cartographer_ros_msgs/srv/detail/trajectory_query__rosidl_typesupport_fastrtps_cpp.hpp\n'}
[0.958988] (cartographer_ros_msgs) StdoutLine: {'line': b'-- Up-to-date: /root/distr_slam_ws/install/cartographer_ros_msgs/include/cartographer_ros_msgs/cartographer_ros_msgs/srv/detail/set_slam_state__rosidl_typesupport_fastrtps_cpp.hpp\n'}
[0.959217] (cartographer_ros_msgs) StdoutLine: {'line': b'-- Up-to-date: /root/distr_slam_ws/install/cartographer_ros_msgs/lib/libcartographer_ros_msgs__rosidl_typesupport_fastrtps_cpp.so\n'}
[0.959486] (cartographer_ros_msgs) StdoutLine: {'line': b'-- Up-to-date: /root/distr_slam_ws/install/cartographer_ros_msgs/include/cartographer_ros_msgs/cartographer_ros_msgs\n'}
[0.959720] (cartographer_ros_msgs) StdoutLine: {'line': b'-- Up-to-date: /root/distr_slam_ws/install/cartographer_ros_msgs/include/cartographer_ros_msgs/cartographer_ros_msgs/msg\n'}
[0.959948] (cartographer_ros_msgs) StdoutLine: {'line': b'-- Up-to-date: /root/distr_slam_ws/install/cartographer_ros_msgs/include/cartographer_ros_msgs/cartographer_ros_msgs/msg/detail\n'}
[0.960177] (cartographer_ros_msgs) StdoutLine: {'line': b'-- Up-to-date: /root/distr_slam_ws/install/cartographer_ros_msgs/include/cartographer_ros_msgs/cartographer_ros_msgs/msg/detail/metric_family__type_support.cpp\n'}
[0.960433] (cartographer_ros_msgs) StdoutLine: {'line': b'-- Up-to-date: /root/distr_slam_ws/install/cartographer_ros_msgs/include/cartographer_ros_msgs/cartographer_ros_msgs/msg/detail/submap_entry__type_support.cpp\n'}
[0.960676] (cartographer_ros_msgs) StdoutLine: {'line': b'-- Up-to-date: /root/distr_slam_ws/install/cartographer_ros_msgs/include/cartographer_ros_msgs/cartographer_ros_msgs/msg/detail/landmark_list__type_support.cpp\n'}
[0.960903] (cartographer_ros_msgs) StdoutLine: {'line': b'-- Up-to-date: /root/distr_slam_ws/install/cartographer_ros_msgs/include/cartographer_ros_msgs/cartographer_ros_msgs/msg/detail/status_response__rosidl_typesupport_introspection_cpp.hpp\n'}
[0.961137] (cartographer_ros_msgs) StdoutLine: {'line': b'-- Up-to-date: /root/distr_slam_ws/install/cartographer_ros_msgs/include/cartographer_ros_msgs/cartographer_ros_msgs/msg/detail/landmark_entry__rosidl_typesupport_introspection_cpp.hpp\n'}
[0.961374] (cartographer_ros_msgs) StdoutLine: {'line': b'-- Up-to-date: /root/distr_slam_ws/install/cartographer_ros_msgs/include/cartographer_ros_msgs/cartographer_ros_msgs/msg/detail/submap_list__type_support.cpp\n'}
[0.961615] (cartographer_ros_msgs) StdoutLine: {'line': b'-- Up-to-date: /root/distr_slam_ws/install/cartographer_ros_msgs/include/cartographer_ros_msgs/cartographer_ros_msgs/msg/detail/status_code__type_support.cpp\n'}
[0.961842] (cartographer_ros_msgs) StdoutLine: {'line': b'-- Up-to-date: /root/distr_slam_ws/install/cartographer_ros_msgs/include/cartographer_ros_msgs/cartographer_ros_msgs/msg/detail/bagfile_progress__rosidl_typesupport_introspection_cpp.hpp\n'}
[0.962063] (cartographer_ros_msgs) StdoutLine: {'line': b'-- Up-to-date: /root/distr_slam_ws/install/cartographer_ros_msgs/include/cartographer_ros_msgs/cartographer_ros_msgs/msg/detail/histogram_bucket__type_support.cpp\n'}
[0.962290] (cartographer_ros_msgs) StdoutLine: {'line': b'-- Up-to-date: /root/distr_slam_ws/install/cartographer_ros_msgs/include/cartographer_ros_msgs/cartographer_ros_msgs/msg/detail/metric_family__rosidl_typesupport_introspection_cpp.hpp\n'}
[0.962527] (cartographer_ros_msgs) StdoutLine: {'line': b'-- Up-to-date: /root/distr_slam_ws/install/cartographer_ros_msgs/include/cartographer_ros_msgs/cartographer_ros_msgs/msg/detail/landmark_list__rosidl_typesupport_introspection_cpp.hpp\n'}
[0.962721] (cartographer_ros_msgs) StdoutLine: {'line': b'-- Up-to-date: /root/distr_slam_ws/install/cartographer_ros_msgs/include/cartographer_ros_msgs/cartographer_ros_msgs/msg/detail/metric__rosidl_typesupport_introspection_cpp.hpp\n'}
[0.962925] (cartographer_ros_msgs) StdoutLine: {'line': b'-- Up-to-date: /root/distr_slam_ws/install/cartographer_ros_msgs/include/cartographer_ros_msgs/cartographer_ros_msgs/msg/detail/submap_entry__rosidl_typesupport_introspection_cpp.hpp\n'}
[0.963116] (cartographer_ros_msgs) StdoutLine: {'line': b'-- Up-to-date: /root/distr_slam_ws/install/cartographer_ros_msgs/include/cartographer_ros_msgs/cartographer_ros_msgs/msg/detail/metric_label__rosidl_typesupport_introspection_cpp.hpp\n'}
[0.963269] (cartographer_ros_msgs) StdoutLine: {'line': b'-- Up-to-date: /root/distr_slam_ws/install/cartographer_ros_msgs/include/cartographer_ros_msgs/cartographer_ros_msgs/msg/detail/status_code__rosidl_typesupport_introspection_cpp.hpp\n'}
[0.963467] (cartographer_ros_msgs) StdoutLine: {'line': b'-- Up-to-date: /root/distr_slam_ws/install/cartographer_ros_msgs/include/cartographer_ros_msgs/cartographer_ros_msgs/msg/detail/trajectory_states__rosidl_typesupport_introspection_cpp.hpp\n'}
[0.963626] (cartographer_ros_msgs) StdoutLine: {'line': b'-- Up-to-date: /root/distr_slam_ws/install/cartographer_ros_msgs/include/cartographer_ros_msgs/cartographer_ros_msgs/msg/detail/submap_list__rosidl_typesupport_introspection_cpp.hpp\n'}
[0.963782] (cartographer_ros_msgs) StdoutLine: {'line': b'-- Up-to-date: /root/distr_slam_ws/install/cartographer_ros_msgs/include/cartographer_ros_msgs/cartographer_ros_msgs/msg/detail/trajectory_states__type_support.cpp\n'}
[0.963973] (cartographer_ros_msgs) StdoutLine: {'line': b'-- Up-to-date: /root/distr_slam_ws/install/cartographer_ros_msgs/include/cartographer_ros_msgs/cartographer_ros_msgs/msg/detail/metric__type_support.cpp\n'}
[0.964185] (cartographer_ros_msgs) StdoutLine: {'line': b'-- Up-to-date: /root/distr_slam_ws/install/cartographer_ros_msgs/include/cartographer_ros_msgs/cartographer_ros_msgs/msg/detail/submap_texture__type_support.cpp\n'}
[0.964420] (cartographer_ros_msgs) StdoutLine: {'line': b'-- Up-to-date: /root/distr_slam_ws/install/cartographer_ros_msgs/include/cartographer_ros_msgs/cartographer_ros_msgs/msg/detail/submap_texture__rosidl_typesupport_introspection_cpp.hpp\n'}
[0.964604] (cartographer_ros_msgs) StdoutLine: {'line': b'-- Up-to-date: /root/distr_slam_ws/install/cartographer_ros_msgs/include/cartographer_ros_msgs/cartographer_ros_msgs/msg/detail/histogram_bucket__rosidl_typesupport_introspection_cpp.hpp\n'}
[0.964789] (cartographer_ros_msgs) StdoutLine: {'line': b'-- Up-to-date: /root/distr_slam_ws/install/cartographer_ros_msgs/include/cartographer_ros_msgs/cartographer_ros_msgs/msg/detail/bagfile_progress__type_support.cpp\n'}
[0.964958] (cartographer_ros_msgs) StdoutLine: {'line': b'-- Up-to-date: /root/distr_slam_ws/install/cartographer_ros_msgs/include/cartographer_ros_msgs/cartographer_ros_msgs/msg/detail/status_response__type_support.cpp\n'}
[0.965138] (cartographer_ros_msgs) StdoutLine: {'line': b'-- Up-to-date: /root/distr_slam_ws/install/cartographer_ros_msgs/include/cartographer_ros_msgs/cartographer_ros_msgs/msg/detail/metric_label__type_support.cpp\n'}
[0.965306] (cartographer_ros_msgs) StdoutLine: {'line': b'-- Up-to-date: /root/distr_slam_ws/install/cartographer_ros_msgs/include/cartographer_ros_msgs/cartographer_ros_msgs/msg/detail/landmark_entry__type_support.cpp\n'}
[0.965483] (cartographer_ros_msgs) StdoutLine: {'line': b'-- Up-to-date: /root/distr_slam_ws/install/cartographer_ros_msgs/include/cartographer_ros_msgs/cartographer_ros_msgs/srv\n'}
[0.965653] (cartographer_ros_msgs) StdoutLine: {'line': b'-- Up-to-date: /root/distr_slam_ws/install/cartographer_ros_msgs/include/cartographer_ros_msgs/cartographer_ros_msgs/srv/detail\n'}
[0.965822] (cartographer_ros_msgs) StdoutLine: {'line': b'-- Up-to-date: /root/distr_slam_ws/install/cartographer_ros_msgs/include/cartographer_ros_msgs/cartographer_ros_msgs/srv/detail/get_trajectory_states__type_support.cpp\n'}
[0.966001] (cartographer_ros_msgs) StdoutLine: {'line': b'-- Up-to-date: /root/distr_slam_ws/install/cartographer_ros_msgs/include/cartographer_ros_msgs/cartographer_ros_msgs/srv/detail/start_trajectory__rosidl_typesupport_introspection_cpp.hpp\n'}
[0.966161] (cartographer_ros_msgs) StdoutLine: {'line': b'-- Up-to-date: /root/distr_slam_ws/install/cartographer_ros_msgs/include/cartographer_ros_msgs/cartographer_ros_msgs/srv/detail/trajectory_query__rosidl_typesupport_introspection_cpp.hpp\n'}
[0.966343] (cartographer_ros_msgs) StdoutLine: {'line': b'-- Up-to-date: /root/distr_slam_ws/install/cartographer_ros_msgs/include/cartographer_ros_msgs/cartographer_ros_msgs/srv/detail/get_slam_state__type_support.cpp\n'}
[0.966525] (cartographer_ros_msgs) StdoutLine: {'line': b'-- Up-to-date: /root/distr_slam_ws/install/cartographer_ros_msgs/include/cartographer_ros_msgs/cartographer_ros_msgs/srv/detail/read_metrics__type_support.cpp\n'}
[0.966691] (cartographer_ros_msgs) StdoutLine: {'line': b'-- Up-to-date: /root/distr_slam_ws/install/cartographer_ros_msgs/include/cartographer_ros_msgs/cartographer_ros_msgs/srv/detail/write_state__type_support.cpp\n'}
[0.966850] (cartographer_ros_msgs) StdoutLine: {'line': b'-- Up-to-date: /root/distr_slam_ws/install/cartographer_ros_msgs/include/cartographer_ros_msgs/cartographer_ros_msgs/srv/detail/set_slam_state__rosidl_typesupport_introspection_cpp.hpp\n'}
[0.967005] (cartographer_ros_msgs) StdoutLine: {'line': b'-- Up-to-date: /root/distr_slam_ws/install/cartographer_ros_msgs/include/cartographer_ros_msgs/cartographer_ros_msgs/srv/detail/submap_query__type_support.cpp\n'}
[0.967171] (cartographer_ros_msgs) StdoutLine: {'line': b'-- Up-to-date: /root/distr_slam_ws/install/cartographer_ros_msgs/include/cartographer_ros_msgs/cartographer_ros_msgs/srv/detail/trajectory_query__type_support.cpp\n'}
[0.967333] (cartographer_ros_msgs) StdoutLine: {'line': b'-- Up-to-date: /root/distr_slam_ws/install/cartographer_ros_msgs/include/cartographer_ros_msgs/cartographer_ros_msgs/srv/detail/submap_query__rosidl_typesupport_introspection_cpp.hpp\n'}
[0.967527] (cartographer_ros_msgs) StdoutLine: {'line': b'-- Up-to-date: /root/distr_slam_ws/install/cartographer_ros_msgs/include/cartographer_ros_msgs/cartographer_ros_msgs/srv/detail/read_metrics__rosidl_typesupport_introspection_cpp.hpp\n'}
[0.967726] (cartographer_ros_msgs) StdoutLine: {'line': b'-- Up-to-date: /root/distr_slam_ws/install/cartographer_ros_msgs/include/cartographer_ros_msgs/cartographer_ros_msgs/srv/detail/write_state__rosidl_typesupport_introspection_cpp.hpp\n'}
[0.967888] (cartographer_ros_msgs) StdoutLine: {'line': b'-- Up-to-date: /root/distr_slam_ws/install/cartographer_ros_msgs/include/cartographer_ros_msgs/cartographer_ros_msgs/srv/detail/get_slam_state__rosidl_typesupport_introspection_cpp.hpp\n'}
[0.968038] (cartographer_ros_msgs) StdoutLine: {'line': b'-- Up-to-date: /root/distr_slam_ws/install/cartographer_ros_msgs/include/cartographer_ros_msgs/cartographer_ros_msgs/srv/detail/get_trajectory_states__rosidl_typesupport_introspection_cpp.hpp\n'}
[0.968228] (cartographer_ros_msgs) StdoutLine: {'line': b'-- Up-to-date: /root/distr_slam_ws/install/cartographer_ros_msgs/include/cartographer_ros_msgs/cartographer_ros_msgs/srv/detail/start_trajectory__type_support.cpp\n'}
[0.968455] (cartographer_ros_msgs) StdoutLine: {'line': b'-- Up-to-date: /root/distr_slam_ws/install/cartographer_ros_msgs/include/cartographer_ros_msgs/cartographer_ros_msgs/srv/detail/finish_trajectory__type_support.cpp\n'}
[0.968659] (cartographer_ros_msgs) StdoutLine: {'line': b'-- Up-to-date: /root/distr_slam_ws/install/cartographer_ros_msgs/include/cartographer_ros_msgs/cartographer_ros_msgs/srv/detail/finish_trajectory__rosidl_typesupport_introspection_cpp.hpp\n'}
[0.968836] (cartographer_ros_msgs) StdoutLine: {'line': b'-- Up-to-date: /root/distr_slam_ws/install/cartographer_ros_msgs/include/cartographer_ros_msgs/cartographer_ros_msgs/srv/detail/set_slam_state__type_support.cpp\n'}
[0.969039] (cartographer_ros_msgs) StdoutLine: {'line': b'-- Up-to-date: /root/distr_slam_ws/install/cartographer_ros_msgs/lib/libcartographer_ros_msgs__rosidl_typesupport_introspection_cpp.so\n'}
[0.969243] (cartographer_ros_msgs) StdoutLine: {'line': b'-- Up-to-date: /root/distr_slam_ws/install/cartographer_ros_msgs/lib/libcartographer_ros_msgs__rosidl_typesupport_cpp.so\n'}
[0.969461] (cartographer_ros_msgs) StdoutLine: {'line': b'-- Up-to-date: /root/distr_slam_ws/install/cartographer_ros_msgs/share/cartographer_ros_msgs/environment/pythonpath.sh\n'}
[0.969679] (cartographer_ros_msgs) StdoutLine: {'line': b'-- Up-to-date: /root/distr_slam_ws/install/cartographer_ros_msgs/share/cartographer_ros_msgs/environment/pythonpath.dsv\n'}
[0.969946] (cartographer_ros_msgs) StdoutLine: {'line': b'-- Up-to-date: /root/distr_slam_ws/install/cartographer_ros_msgs/lib/python3.12/site-packages/cartographer_ros_msgs-2.0.9003-py3.12.egg-info\n'}
[0.970129] (cartographer_ros_msgs) StdoutLine: {'line': b'-- Installing: /root/distr_slam_ws/install/cartographer_ros_msgs/lib/python3.12/site-packages/cartographer_ros_msgs-2.0.9003-py3.12.egg-info/PKG-INFO\n'}
[0.970320] (cartographer_ros_msgs) StdoutLine: {'line': b'-- Installing: /root/distr_slam_ws/install/cartographer_ros_msgs/lib/python3.12/site-packages/cartographer_ros_msgs-2.0.9003-py3.12.egg-info/dependency_links.txt\n'}
[0.970559] (cartographer_ros_msgs) StdoutLine: {'line': b'-- Installing: /root/distr_slam_ws/install/cartographer_ros_msgs/lib/python3.12/site-packages/cartographer_ros_msgs-2.0.9003-py3.12.egg-info/top_level.txt\n'}
[0.970749] (cartographer_ros_msgs) StdoutLine: {'line': b'-- Installing: /root/distr_slam_ws/install/cartographer_ros_msgs/lib/python3.12/site-packages/cartographer_ros_msgs-2.0.9003-py3.12.egg-info/SOURCES.txt\n'}
[0.970929] (cartographer_ros_msgs) StdoutLine: {'line': b'-- Up-to-date: /root/distr_slam_ws/install/cartographer_ros_msgs/lib/python3.12/site-packages/cartographer_ros_msgs\n'}
[0.971109] (cartographer_ros_msgs) StdoutLine: {'line': b'-- Up-to-date: /root/distr_slam_ws/install/cartographer_ros_msgs/lib/python3.12/site-packages/cartographer_ros_msgs/cartographer_ros_msgs_s__rosidl_typesupport_fastrtps_c.so\n'}
[0.971305] (cartographer_ros_msgs) StdoutLine: {'line': b'-- Up-to-date: /root/distr_slam_ws/install/cartographer_ros_msgs/lib/python3.12/site-packages/cartographer_ros_msgs/cartographer_ros_msgs_s__rosidl_typesupport_introspection_c.so\n'}
[0.971536] (cartographer_ros_msgs) StdoutLine: {'line': b'-- Up-to-date: /root/distr_slam_ws/install/cartographer_ros_msgs/lib/python3.12/site-packages/cartographer_ros_msgs/_cartographer_ros_msgs_s.ep.rosidl_typesupport_fastrtps_c.c\n'}
[0.971744] (cartographer_ros_msgs) StdoutLine: {'line': b'-- Up-to-date: /root/distr_slam_ws/install/cartographer_ros_msgs/lib/python3.12/site-packages/cartographer_ros_msgs/cartographer_ros_msgs_s__rosidl_typesupport_c.so\n'}
[0.971951] (cartographer_ros_msgs) StdoutLine: {'line': b'-- Up-to-date: /root/distr_slam_ws/install/cartographer_ros_msgs/lib/python3.12/site-packages/cartographer_ros_msgs/__init__.py\n'}
[0.972156] (cartographer_ros_msgs) StdoutLine: {'line': b'-- Up-to-date: /root/distr_slam_ws/install/cartographer_ros_msgs/lib/python3.12/site-packages/cartographer_ros_msgs/msg\n'}
[0.972378] (cartographer_ros_msgs) StdoutLine: {'line': b'-- Up-to-date: /root/distr_slam_ws/install/cartographer_ros_msgs/lib/python3.12/site-packages/cartographer_ros_msgs/msg/_histogram_bucket.py\n'}
[0.972677] (cartographer_ros_msgs) StdoutLine: {'line': b'-- Up-to-date: /root/distr_slam_ws/install/cartographer_ros_msgs/lib/python3.12/site-packages/cartographer_ros_msgs/msg/_submap_texture_s.c\n'}
[0.972883] (cartographer_ros_msgs) StdoutLine: {'line': b'-- Up-to-date: /root/distr_slam_ws/install/cartographer_ros_msgs/lib/python3.12/site-packages/cartographer_ros_msgs/msg/_submap_list_s.c\n'}
[0.973103] (cartographer_ros_msgs) StdoutLine: {'line': b'-- Up-to-date: /root/distr_slam_ws/install/cartographer_ros_msgs/lib/python3.12/site-packages/cartographer_ros_msgs/msg/_metric_label_s.c\n'}
[0.973313] (cartographer_ros_msgs) StdoutLine: {'line': b'-- Up-to-date: /root/distr_slam_ws/install/cartographer_ros_msgs/lib/python3.12/site-packages/cartographer_ros_msgs/msg/_metric_s.c\n'}
[0.973561] (cartographer_ros_msgs) StdoutLine: {'line': b'-- Up-to-date: /root/distr_slam_ws/install/cartographer_ros_msgs/lib/python3.12/site-packages/cartographer_ros_msgs/msg/_submap_entry.py\n'}
[0.973780] (cartographer_ros_msgs) StdoutLine: {'line': b'-- Up-to-date: /root/distr_slam_ws/install/cartographer_ros_msgs/lib/python3.12/site-packages/cartographer_ros_msgs/msg/_histogram_bucket_s.c\n'}
[0.973977] (cartographer_ros_msgs) StdoutLine: {'line': b'-- Up-to-date: /root/distr_slam_ws/install/cartographer_ros_msgs/lib/python3.12/site-packages/cartographer_ros_msgs/msg/_status_code.py\n'}
[0.974195] (cartographer_ros_msgs) StdoutLine: {'line': b'-- Up-to-date: /root/distr_slam_ws/install/cartographer_ros_msgs/lib/python3.12/site-packages/cartographer_ros_msgs/msg/_submap_entry_s.c\n'}
[0.974414] (cartographer_ros_msgs) StdoutLine: {'line': b'-- Up-to-date: /root/distr_slam_ws/install/cartographer_ros_msgs/lib/python3.12/site-packages/cartographer_ros_msgs/msg/_landmark_list.py\n'}
[0.974696] (cartographer_ros_msgs) StdoutLine: {'line': b'-- Up-to-date: /root/distr_slam_ws/install/cartographer_ros_msgs/lib/python3.12/site-packages/cartographer_ros_msgs/msg/_status_code_s.c\n'}
[0.974877] (cartographer_ros_msgs) StdoutLine: {'line': b'-- Up-to-date: /root/distr_slam_ws/install/cartographer_ros_msgs/lib/python3.12/site-packages/cartographer_ros_msgs/msg/_metric_family.py\n'}
[0.975024] (cartographer_ros_msgs) StdoutLine: {'line': b'-- Up-to-date: /root/distr_slam_ws/install/cartographer_ros_msgs/lib/python3.12/site-packages/cartographer_ros_msgs/msg/_submap_list.py\n'}
[0.975167] (cartographer_ros_msgs) StdoutLine: {'line': b'-- Up-to-date: /root/distr_slam_ws/install/cartographer_ros_msgs/lib/python3.12/site-packages/cartographer_ros_msgs/msg/_landmark_entry_s.c\n'}
[0.975344] (cartographer_ros_msgs) StdoutLine: {'line': b'-- Up-to-date: /root/distr_slam_ws/install/cartographer_ros_msgs/lib/python3.12/site-packages/cartographer_ros_msgs/msg/_metric_label.py\n'}
[0.975537] (cartographer_ros_msgs) StdoutLine: {'line': b'-- Up-to-date: /root/distr_slam_ws/install/cartographer_ros_msgs/lib/python3.12/site-packages/cartographer_ros_msgs/msg/_trajectory_states.py\n'}
[0.975708] (cartographer_ros_msgs) StdoutLine: {'line': b'-- Up-to-date: /root/distr_slam_ws/install/cartographer_ros_msgs/lib/python3.12/site-packages/cartographer_ros_msgs/msg/_status_response.py\n'}
[0.975864] (cartographer_ros_msgs) StdoutLine: {'line': b'-- Up-to-date: /root/distr_slam_ws/install/cartographer_ros_msgs/lib/python3.12/site-packages/cartographer_ros_msgs/msg/_bagfile_progress.py\n'}
[0.976018] (cartographer_ros_msgs) StdoutLine: {'line': b'-- Up-to-date: /root/distr_slam_ws/install/cartographer_ros_msgs/lib/python3.12/site-packages/cartographer_ros_msgs/msg/_bagfile_progress_s.c\n'}
[0.976171] (cartographer_ros_msgs) StdoutLine: {'line': b'-- Up-to-date: /root/distr_slam_ws/install/cartographer_ros_msgs/lib/python3.12/site-packages/cartographer_ros_msgs/msg/_landmark_entry.py\n'}
[0.976316] (cartographer_ros_msgs) StdoutLine: {'line': b'-- Up-to-date: /root/distr_slam_ws/install/cartographer_ros_msgs/lib/python3.12/site-packages/cartographer_ros_msgs/msg/_landmark_list_s.c\n'}
[0.976495] (cartographer_ros_msgs) StdoutLine: {'line': b'-- Up-to-date: /root/distr_slam_ws/install/cartographer_ros_msgs/lib/python3.12/site-packages/cartographer_ros_msgs/msg/_submap_texture.py\n'}
[0.976660] (cartographer_ros_msgs) StdoutLine: {'line': b'-- Up-to-date: /root/distr_slam_ws/install/cartographer_ros_msgs/lib/python3.12/site-packages/cartographer_ros_msgs/msg/_metric.py\n'}
[0.976829] (cartographer_ros_msgs) StdoutLine: {'line': b'-- Up-to-date: /root/distr_slam_ws/install/cartographer_ros_msgs/lib/python3.12/site-packages/cartographer_ros_msgs/msg/__init__.py\n'}
[0.976992] (cartographer_ros_msgs) StdoutLine: {'line': b'-- Up-to-date: /root/distr_slam_ws/install/cartographer_ros_msgs/lib/python3.12/site-packages/cartographer_ros_msgs/msg/_trajectory_states_s.c\n'}
[0.977139] (cartographer_ros_msgs) StdoutLine: {'line': b'-- Up-to-date: /root/distr_slam_ws/install/cartographer_ros_msgs/lib/python3.12/site-packages/cartographer_ros_msgs/msg/_metric_family_s.c\n'}
[0.977298] (cartographer_ros_msgs) StdoutLine: {'line': b'-- Up-to-date: /root/distr_slam_ws/install/cartographer_ros_msgs/lib/python3.12/site-packages/cartographer_ros_msgs/msg/_status_response_s.c\n'}
[0.977481] (cartographer_ros_msgs) StdoutLine: {'line': b'-- Up-to-date: /root/distr_slam_ws/install/cartographer_ros_msgs/lib/python3.12/site-packages/cartographer_ros_msgs/srv\n'}
[0.977638] (cartographer_ros_msgs) StdoutLine: {'line': b'-- Up-to-date: /root/distr_slam_ws/install/cartographer_ros_msgs/lib/python3.12/site-packages/cartographer_ros_msgs/srv/_get_trajectory_states_s.c\n'}
[0.977791] (cartographer_ros_msgs) StdoutLine: {'line': b'-- Up-to-date: /root/distr_slam_ws/install/cartographer_ros_msgs/lib/python3.12/site-packages/cartographer_ros_msgs/srv/_read_metrics.py\n'}
[0.977942] (cartographer_ros_msgs) StdoutLine: {'line': b'-- Up-to-date: /root/distr_slam_ws/install/cartographer_ros_msgs/lib/python3.12/site-packages/cartographer_ros_msgs/srv/_write_state.py\n'}
[0.978092] (cartographer_ros_msgs) StdoutLine: {'line': b'-- Up-to-date: /root/distr_slam_ws/install/cartographer_ros_msgs/lib/python3.12/site-packages/cartographer_ros_msgs/srv/_get_trajectory_states.py\n'}
[0.978243] (cartographer_ros_msgs) StdoutLine: {'line': b'-- Up-to-date: /root/distr_slam_ws/install/cartographer_ros_msgs/lib/python3.12/site-packages/cartographer_ros_msgs/srv/_set_slam_state_s.c\n'}
[0.978409] (cartographer_ros_msgs) StdoutLine: {'line': b'-- Up-to-date: /root/distr_slam_ws/install/cartographer_ros_msgs/lib/python3.12/site-packages/cartographer_ros_msgs/srv/_start_trajectory_s.c\n'}
[0.978570] (cartographer_ros_msgs) StdoutLine: {'line': b'-- Up-to-date: /root/distr_slam_ws/install/cartographer_ros_msgs/lib/python3.12/site-packages/cartographer_ros_msgs/srv/_trajectory_query_s.c\n'}
[0.978732] (cartographer_ros_msgs) StdoutLine: {'line': b'-- Up-to-date: /root/distr_slam_ws/install/cartographer_ros_msgs/lib/python3.12/site-packages/cartographer_ros_msgs/srv/_get_slam_state_s.c\n'}
[0.978883] (cartographer_ros_msgs) StdoutLine: {'line': b'-- Up-to-date: /root/distr_slam_ws/install/cartographer_ros_msgs/lib/python3.12/site-packages/cartographer_ros_msgs/srv/_finish_trajectory.py\n'}
[0.979032] (cartographer_ros_msgs) StdoutLine: {'line': b'-- Up-to-date: /root/distr_slam_ws/install/cartographer_ros_msgs/lib/python3.12/site-packages/cartographer_ros_msgs/srv/_set_slam_state.py\n'}
[0.979183] (cartographer_ros_msgs) StdoutLine: {'line': b'-- Up-to-date: /root/distr_slam_ws/install/cartographer_ros_msgs/lib/python3.12/site-packages/cartographer_ros_msgs/srv/_get_slam_state.py\n'}
[0.979329] (cartographer_ros_msgs) StdoutLine: {'line': b'-- Up-to-date: /root/distr_slam_ws/install/cartographer_ros_msgs/lib/python3.12/site-packages/cartographer_ros_msgs/srv/_finish_trajectory_s.c\n'}
[0.979556] (cartographer) StdoutLine: {'line': b'[ 73%] Built target cartographer.mapping.internal.2d.scan_matching.correlative_scan_matcher_test\n'}
[0.979734] (cartographer_ros_msgs) StdoutLine: {'line': b'-- Up-to-date: /root/distr_slam_ws/install/cartographer_ros_msgs/lib/python3.12/site-packages/cartographer_ros_msgs/srv/_submap_query_s.c\n'}
[0.979886] (cartographer_ros_msgs) StdoutLine: {'line': b'-- Up-to-date: /root/distr_slam_ws/install/cartographer_ros_msgs/lib/python3.12/site-packages/cartographer_ros_msgs/srv/_read_metrics_s.c\n'}
[0.980037] (cartographer_ros_msgs) StdoutLine: {'line': b'-- Up-to-date: /root/distr_slam_ws/install/cartographer_ros_msgs/lib/python3.12/site-packages/cartographer_ros_msgs/srv/_start_trajectory.py\n'}
[0.980195] (cartographer_ros_msgs) StdoutLine: {'line': b'-- Up-to-date: /root/distr_slam_ws/install/cartographer_ros_msgs/lib/python3.12/site-packages/cartographer_ros_msgs/srv/_write_state_s.c\n'}
[0.980346] (cartographer_ros_msgs) StdoutLine: {'line': b'-- Up-to-date: /root/distr_slam_ws/install/cartographer_ros_msgs/lib/python3.12/site-packages/cartographer_ros_msgs/srv/__init__.py\n'}
[0.980545] (cartographer_ros_msgs) StdoutLine: {'line': b'-- Up-to-date: /root/distr_slam_ws/install/cartographer_ros_msgs/lib/python3.12/site-packages/cartographer_ros_msgs/srv/_trajectory_query.py\n'}
[0.980697] (cartographer_ros_msgs) StdoutLine: {'line': b'-- Up-to-date: /root/distr_slam_ws/install/cartographer_ros_msgs/lib/python3.12/site-packages/cartographer_ros_msgs/srv/_submap_query.py\n'}
[0.980850] (cartographer_ros_msgs) StdoutLine: {'line': b'-- Up-to-date: /root/distr_slam_ws/install/cartographer_ros_msgs/lib/python3.12/site-packages/cartographer_ros_msgs/_cartographer_ros_msgs_s.ep.rosidl_typesupport_introspection_c.c\n'}
[0.981003] (cartographer_ros_msgs) StdoutLine: {'line': b'-- Up-to-date: /root/distr_slam_ws/install/cartographer_ros_msgs/lib/python3.12/site-packages/cartographer_ros_msgs/_cartographer_ros_msgs_s.ep.rosidl_typesupport_c.c\n'}
[0.981159] (cartographer) StdoutLine: {'line': b'[ 74%] Built target cartographer.mapping.internal.2d.scan_matching.fast_correlative_scan_matcher_2d_test\n'}
[0.981365] (cartographer) StdoutLine: {'line': b'[ 75%] Built target cartographer.mapping.internal.2d.scan_matching.interpolated_tsdf_2d_test\n'}
[0.981542] (cartographer) StdoutLine: {'line': b'[ 75%] Built target build_doc\n'}
[0.981709] (cartographer) StdoutLine: {'line': b'[ 76%] Built target cartographer.mapping.internal.2d.scan_matching.real_time_correlative_scan_matcher_2d_test\n'}
[0.991401] (cartographer) StdoutLine: {'line': b'[ 76%] Built target cartographer.mapping.internal.2d.scan_matching.tsdf_match_cost_function_2d_test\n'}
[0.996400] (cartographer) StdoutLine: {'line': b'[ 76%] Built target cartographer.mapping.internal.2d.scan_matching.occupied_space_cost_function_2d_test\n'}
[1.005471] (-) TimerEvent: {}
[1.006183] (cartographer) StdoutLine: {'line': b'[ 76%] Built target cartographer.mapping.internal.2d.tsdf_2d_test\n'}
[1.008406] (cartographer) StdoutLine: {'line': b'[ 77%] Built target cartographer.mapping.internal.2d.tsdf_range_data_inserter_2d_test\n'}
[1.010101] (cartographer) StdoutLine: {'line': b'[ 78%] Built target cartographer.mapping.internal.2d.tsd_value_converter_test\n'}
[1.013058] (cartographer_ros_msgs) StdoutLine: {'line': b"Listing '/root/distr_slam_ws/install/cartographer_ros_msgs/lib/python3.12/site-packages/cartographer_ros_msgs'...\n"}
[1.013388] (cartographer_ros_msgs) StdoutLine: {'line': b"Listing '/root/distr_slam_ws/install/cartographer_ros_msgs/lib/python3.12/site-packages/cartographer_ros_msgs/msg'...\n"}
[1.013582] (cartographer_ros_msgs) StdoutLine: {'line': b"Listing '/root/distr_slam_ws/install/cartographer_ros_msgs/lib/python3.12/site-packages/cartographer_ros_msgs/srv'...\n"}
[1.019556] (cartographer) StdoutLine: {'line': b'[ 78%] Built target cartographer.mapping.internal.3d.rotation_parameterization_test\n'}
[1.026686] (cartographer_ros_msgs) StdoutLine: {'line': b'-- Up-to-date: /root/distr_slam_ws/install/cartographer_ros_msgs/lib/python3.12/site-packages/cartographer_ros_msgs/cartographer_ros_msgs_s__rosidl_typesupport_fastrtps_c.so\n'}
[1.027712] (cartographer_ros_msgs) StdoutLine: {'line': b'-- Up-to-date: /root/distr_slam_ws/install/cartographer_ros_msgs/lib/python3.12/site-packages/cartographer_ros_msgs/cartographer_ros_msgs_s__rosidl_typesupport_introspection_c.so\n'}
[1.028554] (cartographer_ros_msgs) StdoutLine: {'line': b'-- Up-to-date: /root/distr_slam_ws/install/cartographer_ros_msgs/lib/python3.12/site-packages/cartographer_ros_msgs/cartographer_ros_msgs_s__rosidl_typesupport_c.so\n'}
[1.029502] (cartographer_ros_msgs) StdoutLine: {'line': b'-- Up-to-date: /root/distr_slam_ws/install/cartographer_ros_msgs/lib/libcartographer_ros_msgs__rosidl_generator_py.so\n'}
[1.030306] (cartographer_ros_msgs) StdoutLine: {'line': b'-- Up-to-date: /root/distr_slam_ws/install/cartographer_ros_msgs/share/ament_index/resource_index/rust_packages/cartographer_ros_msgs\n'}
[1.032397] (cartographer_ros_msgs) StdoutLine: {'line': b'-- Up-to-date: /root/distr_slam_ws/install/cartographer_ros_msgs/share/cartographer_ros_msgs/rust\n'}
[1.032779] (cartographer_ros_msgs) StdoutLine: {'line': b'-- Up-to-date: /root/distr_slam_ws/install/cartographer_ros_msgs/share/cartographer_ros_msgs/rust/Cargo.toml\n'}
[1.032987] (cartographer_ros_msgs) StdoutLine: {'line': b'-- Up-to-date: /root/distr_slam_ws/install/cartographer_ros_msgs/share/cartographer_ros_msgs/rust/src\n'}
[1.033174] (cartographer_ros_msgs) StdoutLine: {'line': b'-- Up-to-date: /root/distr_slam_ws/install/cartographer_ros_msgs/share/cartographer_ros_msgs/rust/src/srv.rs\n'}
[1.033373] (cartographer_ros_msgs) StdoutLine: {'line': b'-- Up-to-date: /root/distr_slam_ws/install/cartographer_ros_msgs/share/cartographer_ros_msgs/rust/src/msg.rs\n'}
[1.033594] (cartographer_ros_msgs) StdoutLine: {'line': b'-- Up-to-date: /root/distr_slam_ws/install/cartographer_ros_msgs/share/cartographer_ros_msgs/rust/src/lib.rs\n'}
[1.033801] (cartographer_ros_msgs) StdoutLine: {'line': b'-- Up-to-date: /root/distr_slam_ws/install/cartographer_ros_msgs/share/cartographer_ros_msgs/rust/src/msg\n'}
[1.035019] (cartographer_ros_msgs) StdoutLine: {'line': b'-- Up-to-date: /root/distr_slam_ws/install/cartographer_ros_msgs/share/cartographer_ros_msgs/rust/src/msg/rmw.rs\n'}
[1.035326] (cartographer_ros_msgs) StdoutLine: {'line': b'-- Up-to-date: /root/distr_slam_ws/install/cartographer_ros_msgs/share/cartographer_ros_msgs/rust/src/srv\n'}
[1.035698] (cartographer_ros_msgs) StdoutLine: {'line': b'-- Up-to-date: /root/distr_slam_ws/install/cartographer_ros_msgs/share/cartographer_ros_msgs/rust/src/srv/rmw.rs\n'}
[1.035999] (cartographer_ros_msgs) StdoutLine: {'line': b'-- Up-to-date: /root/distr_slam_ws/install/cartographer_ros_msgs/share/cartographer_ros_msgs/rust/build.rs\n'}
[1.036394] (cartographer_ros_msgs) StdoutLine: {'line': b'-- Up-to-date: /root/distr_slam_ws/install/cartographer_ros_msgs/share/cartographer_ros_msgs/msg/BagfileProgress.idl\n'}
[1.036772] (cartographer) StdoutLine: {'line': b'[ 78%] Built target cartographer.mapping.internal.3d.local_trajectory_builder_3d_test\n'}
[1.037131] (cartographer_ros_msgs) StdoutLine: {'line': b'-- Up-to-date: /root/distr_slam_ws/install/cartographer_ros_msgs/share/cartographer_ros_msgs/msg/HistogramBucket.idl\n'}
[1.037449] (cartographer_ros_msgs) StdoutLine: {'line': b'-- Up-to-date: /root/distr_slam_ws/install/cartographer_ros_msgs/share/cartographer_ros_msgs/msg/LandmarkEntry.idl\n'}
[1.037827] (cartographer_ros_msgs) StdoutLine: {'line': b'-- Up-to-date: /root/distr_slam_ws/install/cartographer_ros_msgs/share/cartographer_ros_msgs/msg/LandmarkList.idl\n'}
[1.038145] (cartographer_ros_msgs) StdoutLine: {'line': b'-- Up-to-date: /root/distr_slam_ws/install/cartographer_ros_msgs/share/cartographer_ros_msgs/msg/MetricFamily.idl\n'}
[1.038461] (cartographer_ros_msgs) StdoutLine: {'line': b'-- Up-to-date: /root/distr_slam_ws/install/cartographer_ros_msgs/share/cartographer_ros_msgs/msg/MetricLabel.idl\n'}
[1.038702] (cartographer_ros_msgs) StdoutLine: {'line': b'-- Up-to-date: /root/distr_slam_ws/install/cartographer_ros_msgs/share/cartographer_ros_msgs/msg/Metric.idl\n'}
[1.038889] (cartographer_ros_msgs) StdoutLine: {'line': b'-- Up-to-date: /root/distr_slam_ws/install/cartographer_ros_msgs/share/cartographer_ros_msgs/msg/StatusCode.idl\n'}
[1.039064] (cartographer_ros_msgs) StdoutLine: {'line': b'-- Up-to-date: /root/distr_slam_ws/install/cartographer_ros_msgs/share/cartographer_ros_msgs/msg/StatusResponse.idl\n'}
[1.039223] (cartographer_ros_msgs) StdoutLine: {'line': b'-- Up-to-date: /root/distr_slam_ws/install/cartographer_ros_msgs/share/cartographer_ros_msgs/msg/SubmapEntry.idl\n'}
[1.039406] (cartographer_ros_msgs) StdoutLine: {'line': b'-- Up-to-date: /root/distr_slam_ws/install/cartographer_ros_msgs/share/cartographer_ros_msgs/msg/SubmapList.idl\n'}
[1.039583] (cartographer_ros_msgs) StdoutLine: {'line': b'-- Up-to-date: /root/distr_slam_ws/install/cartographer_ros_msgs/share/cartographer_ros_msgs/msg/SubmapTexture.idl\n'}
[1.039778] (cartographer_ros_msgs) StdoutLine: {'line': b'-- Up-to-date: /root/distr_slam_ws/install/cartographer_ros_msgs/share/cartographer_ros_msgs/msg/TrajectoryStates.idl\n'}
[1.039986] (cartographer_ros_msgs) StdoutLine: {'line': b'-- Up-to-date: /root/distr_slam_ws/install/cartographer_ros_msgs/share/cartographer_ros_msgs/srv/FinishTrajectory.idl\n'}
[1.040202] (cartographer_ros_msgs) StdoutLine: {'line': b'-- Up-to-date: /root/distr_slam_ws/install/cartographer_ros_msgs/share/cartographer_ros_msgs/srv/GetTrajectoryStates.idl\n'}
[1.040419] (cartographer_ros_msgs) StdoutLine: {'line': b'-- Up-to-date: /root/distr_slam_ws/install/cartographer_ros_msgs/share/cartographer_ros_msgs/srv/ReadMetrics.idl\n'}
[1.040823] (cartographer_ros_msgs) StdoutLine: {'line': b'-- Up-to-date: /root/distr_slam_ws/install/cartographer_ros_msgs/share/cartographer_ros_msgs/srv/StartTrajectory.idl\n'}
[1.041000] (cartographer_ros_msgs) StdoutLine: {'line': b'-- Up-to-date: /root/distr_slam_ws/install/cartographer_ros_msgs/share/cartographer_ros_msgs/srv/TrajectoryQuery.idl\n'}
[1.041231] (cartographer_ros_msgs) StdoutLine: {'line': b'-- Up-to-date: /root/distr_slam_ws/install/cartographer_ros_msgs/share/cartographer_ros_msgs/srv/SubmapQuery.idl\n'}
[1.041463] (cartographer_ros_msgs) StdoutLine: {'line': b'-- Up-to-date: /root/distr_slam_ws/install/cartographer_ros_msgs/share/cartographer_ros_msgs/srv/WriteState.idl\n'}
[1.041768] (cartographer_ros_msgs) StdoutLine: {'line': b'-- Up-to-date: /root/distr_slam_ws/install/cartographer_ros_msgs/share/cartographer_ros_msgs/srv/GetSlamState.idl\n'}
[1.041958] (cartographer_ros_msgs) StdoutLine: {'line': b'-- Up-to-date: /root/distr_slam_ws/install/cartographer_ros_msgs/share/cartographer_ros_msgs/srv/SetSlamState.idl\n'}
[1.042257] (cartographer_ros_msgs) StdoutLine: {'line': b'-- Up-to-date: /root/distr_slam_ws/install/cartographer_ros_msgs/share/cartographer_ros_msgs/msg/BagfileProgress.msg\n'}
[1.042496] (cartographer_ros_msgs) StdoutLine: {'line': b'-- Up-to-date: /root/distr_slam_ws/install/cartographer_ros_msgs/share/cartographer_ros_msgs/msg/HistogramBucket.msg\n'}
[1.042741] (cartographer_ros_msgs) StdoutLine: {'line': b'-- Up-to-date: /root/distr_slam_ws/install/cartographer_ros_msgs/share/cartographer_ros_msgs/msg/LandmarkEntry.msg\n'}
[1.042981] (cartographer_ros_msgs) StdoutLine: {'line': b'-- Up-to-date: /root/distr_slam_ws/install/cartographer_ros_msgs/share/cartographer_ros_msgs/msg/LandmarkList.msg\n'}
[1.043220] (cartographer_ros_msgs) StdoutLine: {'line': b'-- Up-to-date: /root/distr_slam_ws/install/cartographer_ros_msgs/share/cartographer_ros_msgs/msg/MetricFamily.msg\n'}
[1.043461] (cartographer_ros_msgs) StdoutLine: {'line': b'-- Up-to-date: /root/distr_slam_ws/install/cartographer_ros_msgs/share/cartographer_ros_msgs/msg/MetricLabel.msg\n'}
[1.043728] (cartographer_ros_msgs) StdoutLine: {'line': b'-- Up-to-date: /root/distr_slam_ws/install/cartographer_ros_msgs/share/cartographer_ros_msgs/msg/Metric.msg\n'}
[1.043941] (cartographer_ros_msgs) StdoutLine: {'line': b'-- Up-to-date: /root/distr_slam_ws/install/cartographer_ros_msgs/share/cartographer_ros_msgs/msg/StatusCode.msg\n'}
[1.044098] (cartographer_ros_msgs) StdoutLine: {'line': b'-- Up-to-date: /root/distr_slam_ws/install/cartographer_ros_msgs/share/cartographer_ros_msgs/msg/StatusResponse.msg\n'}
[1.044312] (cartographer_ros_msgs) StdoutLine: {'line': b'-- Up-to-date: /root/distr_slam_ws/install/cartographer_ros_msgs/share/cartographer_ros_msgs/msg/SubmapEntry.msg\n'}
[1.044577] (cartographer_ros_msgs) StdoutLine: {'line': b'-- Up-to-date: /root/distr_slam_ws/install/cartographer_ros_msgs/share/cartographer_ros_msgs/msg/SubmapList.msg\n'}
[1.044764] (cartographer_ros_msgs) StdoutLine: {'line': b'-- Up-to-date: /root/distr_slam_ws/install/cartographer_ros_msgs/share/cartographer_ros_msgs/msg/SubmapTexture.msg\n'}
[1.045037] (cartographer_ros_msgs) StdoutLine: {'line': b'-- Up-to-date: /root/distr_slam_ws/install/cartographer_ros_msgs/share/cartographer_ros_msgs/msg/TrajectoryStates.msg\n'}
[1.045314] (cartographer_ros_msgs) StdoutLine: {'line': b'-- Up-to-date: /root/distr_slam_ws/install/cartographer_ros_msgs/share/cartographer_ros_msgs/srv/FinishTrajectory.srv\n'}
[1.045673] (cartographer_ros_msgs) StdoutLine: {'line': b'-- Up-to-date: /root/distr_slam_ws/install/cartographer_ros_msgs/share/cartographer_ros_msgs/srv/GetTrajectoryStates.srv\n'}
[1.045955] (cartographer_ros_msgs) StdoutLine: {'line': b'-- Up-to-date: /root/distr_slam_ws/install/cartographer_ros_msgs/share/cartographer_ros_msgs/srv/ReadMetrics.srv\n'}
[1.046138] (cartographer_ros_msgs) StdoutLine: {'line': b'-- Up-to-date: /root/distr_slam_ws/install/cartographer_ros_msgs/share/cartographer_ros_msgs/srv/StartTrajectory.srv\n'}
[1.046395] (cartographer_ros_msgs) StdoutLine: {'line': b'-- Up-to-date: /root/distr_slam_ws/install/cartographer_ros_msgs/share/cartographer_ros_msgs/srv/TrajectoryQuery.srv\n'}
[1.046662] (cartographer_ros_msgs) StdoutLine: {'line': b'-- Up-to-date: /root/distr_slam_ws/install/cartographer_ros_msgs/share/cartographer_ros_msgs/srv/SubmapQuery.srv\n'}
[1.046919] (cartographer_ros_msgs) StdoutLine: {'line': b'-- Up-to-date: /root/distr_slam_ws/install/cartographer_ros_msgs/share/cartographer_ros_msgs/srv/WriteState.srv\n'}
[1.047167] (cartographer_ros_msgs) StdoutLine: {'line': b'-- Up-to-date: /root/distr_slam_ws/install/cartographer_ros_msgs/share/cartographer_ros_msgs/srv/GetSlamState.srv\n'}
[1.047345] (cartographer_ros_msgs) StdoutLine: {'line': b'-- Up-to-date: /root/distr_slam_ws/install/cartographer_ros_msgs/share/cartographer_ros_msgs/srv/SetSlamState.srv\n'}
[1.047617] (cartographer_ros_msgs) StdoutLine: {'line': b'-- Up-to-date: /root/distr_slam_ws/install/cartographer_ros_msgs/share/ament_index/resource_index/package_run_dependencies/cartographer_ros_msgs\n'}
[1.047823] (cartographer_ros_msgs) StdoutLine: {'line': b'-- Up-to-date: /root/distr_slam_ws/install/cartographer_ros_msgs/share/ament_index/resource_index/parent_prefix_path/cartographer_ros_msgs\n'}
[1.048113] (cartographer_ros_msgs) StdoutLine: {'line': b'-- Up-to-date: /root/distr_slam_ws/install/cartographer_ros_msgs/share/cartographer_ros_msgs/environment/ament_prefix_path.sh\n'}
[1.048392] (cartographer_ros_msgs) StdoutLine: {'line': b'-- Up-to-date: /root/distr_slam_ws/install/cartographer_ros_msgs/share/cartographer_ros_msgs/environment/ament_prefix_path.dsv\n'}
[1.048686] (cartographer_ros_msgs) StdoutLine: {'line': b'-- Up-to-date: /root/distr_slam_ws/install/cartographer_ros_msgs/share/cartographer_ros_msgs/environment/path.sh\n'}
[1.048966] (cartographer_ros_msgs) StdoutLine: {'line': b'-- Up-to-date: /root/distr_slam_ws/install/cartographer_ros_msgs/share/cartographer_ros_msgs/environment/path.dsv\n'}
[1.049241] (cartographer_ros_msgs) StdoutLine: {'line': b'-- Up-to-date: /root/distr_slam_ws/install/cartographer_ros_msgs/share/cartographer_ros_msgs/local_setup.bash\n'}
[1.049523] (cartographer_ros_msgs) StdoutLine: {'line': b'-- Up-to-date: /root/distr_slam_ws/install/cartographer_ros_msgs/share/cartographer_ros_msgs/local_setup.sh\n'}
[1.049761] (cartographer_ros_msgs) StdoutLine: {'line': b'-- Up-to-date: /root/distr_slam_ws/install/cartographer_ros_msgs/share/cartographer_ros_msgs/local_setup.zsh\n'}
[1.050129] (cartographer_ros_msgs) StdoutLine: {'line': b'-- Up-to-date: /root/distr_slam_ws/install/cartographer_ros_msgs/share/cartographer_ros_msgs/local_setup.dsv\n'}
[1.050434] (cartographer_ros_msgs) StdoutLine: {'line': b'-- Installing: /root/distr_slam_ws/install/cartographer_ros_msgs/share/cartographer_ros_msgs/package.dsv\n'}
[1.050758] (cartographer_ros_msgs) StdoutLine: {'line': b'-- Up-to-date: /root/distr_slam_ws/install/cartographer_ros_msgs/share/ament_index/resource_index/packages/cartographer_ros_msgs\n'}
[1.051085] (cartographer_ros_msgs) StdoutLine: {'line': b'-- Up-to-date: /root/distr_slam_ws/install/cartographer_ros_msgs/share/cartographer_ros_msgs/cmake/export_cartographer_ros_msgs__rosidl_generator_cExport.cmake\n'}
[1.051373] (cartographer_ros_msgs) StdoutLine: {'line': b'-- Up-to-date: /root/distr_slam_ws/install/cartographer_ros_msgs/share/cartographer_ros_msgs/cmake/export_cartographer_ros_msgs__rosidl_generator_cExport-noconfig.cmake\n'}
[1.051620] (cartographer_ros_msgs) StdoutLine: {'line': b'-- Up-to-date: /root/distr_slam_ws/install/cartographer_ros_msgs/share/cartographer_ros_msgs/cmake/export_cartographer_ros_msgs__rosidl_typesupport_fastrtps_cExport.cmake\n'}
[1.051826] (cartographer_ros_msgs) StdoutLine: {'line': b'-- Up-to-date: /root/distr_slam_ws/install/cartographer_ros_msgs/share/cartographer_ros_msgs/cmake/export_cartographer_ros_msgs__rosidl_typesupport_fastrtps_cExport-noconfig.cmake\n'}
[1.052066] (cartographer_ros_msgs) StdoutLine: {'line': b'-- Up-to-date: /root/distr_slam_ws/install/cartographer_ros_msgs/share/cartographer_ros_msgs/cmake/cartographer_ros_msgs__rosidl_typesupport_introspection_cExport.cmake\n'}
[1.052265] (cartographer_ros_msgs) StdoutLine: {'line': b'-- Up-to-date: /root/distr_slam_ws/install/cartographer_ros_msgs/share/cartographer_ros_msgs/cmake/cartographer_ros_msgs__rosidl_typesupport_introspection_cExport-noconfig.cmake\n'}
[1.052443] (cartographer_ros_msgs) StdoutLine: {'line': b'-- Up-to-date: /root/distr_slam_ws/install/cartographer_ros_msgs/share/cartographer_ros_msgs/cmake/cartographer_ros_msgs__rosidl_typesupport_cExport.cmake\n'}
[1.052608] (cartographer_ros_msgs) StdoutLine: {'line': b'-- Up-to-date: /root/distr_slam_ws/install/cartographer_ros_msgs/share/cartographer_ros_msgs/cmake/cartographer_ros_msgs__rosidl_typesupport_cExport-noconfig.cmake\n'}
[1.052762] (cartographer_ros_msgs) StdoutLine: {'line': b'-- Up-to-date: /root/distr_slam_ws/install/cartographer_ros_msgs/share/cartographer_ros_msgs/cmake/export_cartographer_ros_msgs__rosidl_generator_cppExport.cmake\n'}
[1.052907] (cartographer_ros_msgs) StdoutLine: {'line': b'-- Up-to-date: /root/distr_slam_ws/install/cartographer_ros_msgs/share/cartographer_ros_msgs/cmake/export_cartographer_ros_msgs__rosidl_typesupport_fastrtps_cppExport.cmake\n'}
[1.053066] (cartographer_ros_msgs) StdoutLine: {'line': b'-- Up-to-date: /root/distr_slam_ws/install/cartographer_ros_msgs/share/cartographer_ros_msgs/cmake/export_cartographer_ros_msgs__rosidl_typesupport_fastrtps_cppExport-noconfig.cmake\n'}
[1.053229] (cartographer_ros_msgs) StdoutLine: {'line': b'-- Up-to-date: /root/distr_slam_ws/install/cartographer_ros_msgs/share/cartographer_ros_msgs/cmake/cartographer_ros_msgs__rosidl_typesupport_introspection_cppExport.cmake\n'}
[1.053403] (cartographer_ros_msgs) StdoutLine: {'line': b'-- Up-to-date: /root/distr_slam_ws/install/cartographer_ros_msgs/share/cartographer_ros_msgs/cmake/cartographer_ros_msgs__rosidl_typesupport_introspection_cppExport-noconfig.cmake\n'}
[1.053571] (cartographer_ros_msgs) StdoutLine: {'line': b'-- Up-to-date: /root/distr_slam_ws/install/cartographer_ros_msgs/share/cartographer_ros_msgs/cmake/cartographer_ros_msgs__rosidl_typesupport_cppExport.cmake\n'}
[1.053721] (cartographer_ros_msgs) StdoutLine: {'line': b'-- Up-to-date: /root/distr_slam_ws/install/cartographer_ros_msgs/share/cartographer_ros_msgs/cmake/cartographer_ros_msgs__rosidl_typesupport_cppExport-noconfig.cmake\n'}
[1.053894] (cartographer_ros_msgs) StdoutLine: {'line': b'-- Up-to-date: /root/distr_slam_ws/install/cartographer_ros_msgs/share/cartographer_ros_msgs/cmake/export_cartographer_ros_msgs__rosidl_generator_pyExport.cmake\n'}
[1.054052] (cartographer_ros_msgs) StdoutLine: {'line': b'-- Up-to-date: /root/distr_slam_ws/install/cartographer_ros_msgs/share/cartographer_ros_msgs/cmake/export_cartographer_ros_msgs__rosidl_generator_pyExport-noconfig.cmake\n'}
[1.054198] (cartographer_ros_msgs) StdoutLine: {'line': b'-- Up-to-date: /root/distr_slam_ws/install/cartographer_ros_msgs/share/cartographer_ros_msgs/cmake/rosidl_cmake-extras.cmake\n'}
[1.054391] (cartographer_ros_msgs) StdoutLine: {'line': b'-- Up-to-date: /root/distr_slam_ws/install/cartographer_ros_msgs/share/cartographer_ros_msgs/cmake/ament_cmake_export_dependencies-extras.cmake\n'}
[1.054615] (cartographer_ros_msgs) StdoutLine: {'line': b'-- Up-to-date: /root/distr_slam_ws/install/cartographer_ros_msgs/share/cartographer_ros_msgs/cmake/ament_cmake_export_include_directories-extras.cmake\n'}
[1.054836] (cartographer_ros_msgs) StdoutLine: {'line': b'-- Up-to-date: /root/distr_slam_ws/install/cartographer_ros_msgs/share/cartographer_ros_msgs/cmake/ament_cmake_export_libraries-extras.cmake\n'}
[1.055034] (cartographer_ros_msgs) StdoutLine: {'line': b'-- Up-to-date: /root/distr_slam_ws/install/cartographer_ros_msgs/share/cartographer_ros_msgs/cmake/ament_cmake_export_targets-extras.cmake\n'}
[1.055239] (cartographer_ros_msgs) StdoutLine: {'line': b'-- Up-to-date: /root/distr_slam_ws/install/cartographer_ros_msgs/share/cartographer_ros_msgs/cmake/rosidl_cmake_export_typesupport_targets-extras.cmake\n'}
[1.055471] (cartographer_ros_msgs) StdoutLine: {'line': b'-- Up-to-date: /root/distr_slam_ws/install/cartographer_ros_msgs/share/cartographer_ros_msgs/cmake/rosidl_cmake_export_typesupport_libraries-extras.cmake\n'}
[1.055804] (cartographer_ros_msgs) StdoutLine: {'line': b'-- Up-to-date: /root/distr_slam_ws/install/cartographer_ros_msgs/share/cartographer_ros_msgs/cmake/cartographer_ros_msgsConfig.cmake\n'}
[1.059807] (cartographer_ros_msgs) StdoutLine: {'line': b'-- Up-to-date: /root/distr_slam_ws/install/cartographer_ros_msgs/share/cartographer_ros_msgs/cmake/cartographer_ros_msgsConfig-version.cmake\n'}
[1.059993] (cartographer_ros_msgs) StdoutLine: {'line': b'-- Up-to-date: /root/distr_slam_ws/install/cartographer_ros_msgs/share/cartographer_ros_msgs/package.xml\n'}
[1.060151] (cartographer_ros_msgs) CommandEnded: {'returncode': 0}
[1.061915] (cartographer) StdoutLine: {'line': b'[ 79%] Built target cartographer.mapping.internal.3d.pose_graph_3d_test\n'}
[1.068745] (cartographer) StdoutLine: {'line': b'[ 80%] Built target cartographer.mapping.internal.3d.scan_matching.ceres_scan_matcher_3d_test\n'}
[1.074149] (cartographer) StdoutLine: {'line': b'[ 80%] Built target cartographer.mapping.internal.3d.scan_matching.fast_correlative_scan_matcher_3d_test\n'}
[1.084564] (cartographer) StdoutLine: {'line': b'[ 81%] Built target cartographer.mapping.internal.3d.scan_matching.intensity_cost_function_3d_test\n'}
[1.087407] (cartographer) StdoutLine: {'line': b'[ 81%] Built target cartographer.mapping.internal.3d.scan_matching.real_time_correlative_scan_matcher_3d_test\n'}
[1.087743] (cartographer) StdoutLine: {'line': b'[ 81%] Built target cartographer.mapping.internal.3d.scan_matching.interpolated_grid_test\n'}
[1.091925] (cartographer) StdoutLine: {'line': b'[ 82%] Built target cartographer.mapping.internal.3d.scan_matching.rotation_delta_cost_functor_3d_test\n'}
[1.095665] (cartographer) StdoutLine: {'line': b'[ 83%] Built target cartographer.mapping.internal.3d.scan_matching.precomputation_grid_3d_test\n'}
[1.105558] (-) TimerEvent: {}
[1.120509] (cartographer_ros_msgs) JobEnded: {'identifier': 'cartographer_ros_msgs', 'rc': 0}
[1.126547] (cartographer) StdoutLine: {'line': b'[ 83%] Built target cartographer.mapping.internal.3d.scan_matching.rotational_scan_matcher_test\n'}
[1.139731] (cartographer) StdoutLine: {'line': b'[ 83%] Built target cartographer.mapping.internal.constraints.constraint_builder_2d_test\n'}
[1.147202] (cartographer) StdoutLine: {'line': b'[ 84%] Built target cartographer.mapping.internal.connected_components_test\n'}
[1.147609] (cartographer) StdoutLine: {'line': b'[ 84%] Built target cartographer.mapping.internal.motion_filter_test\n'}
[1.157370] (cartographer) StdoutLine: {'line': b'[ 84%] Built target cartographer.mapping.internal.optimization.cost_functions.landmark_cost_function_3d_test\n'}
[1.157760] (cartographer) StdoutLine: {'line': b'[ 85%] Built target cartographer.mapping.internal.optimization.cost_functions.spa_cost_function_2d_test\n'}
[1.160541] (cartographer) StdoutLine: {'line': b'[ 86%] Built target cartographer.mapping.internal.constraints.constraint_builder_3d_test\n'}
[1.163934] (cartographer) StdoutLine: {'line': b'[ 87%] Built target cartographer.mapping.internal.optimization.cost_functions.landmark_cost_function_2d_test\n'}
[1.187746] (cartographer) StdoutLine: {'line': b'[ 87%] Built target cartographer.mapping.internal.optimization.optimization_problem_3d_test\n'}
[1.202915] (cartographer) StdoutLine: {'line': b'[ 88%] Built target cartographer.mapping.internal.range_data_collator_test\n'}
[1.207422] (-) TimerEvent: {}
[1.208801] (cartographer) StdoutLine: {'line': b'[ 88%] Built target cartographer.mapping.internal.trajectory_connectivity_state_test\n'}
[1.210423] (cartographer) StdoutLine: {'line': b'[ 89%] Built target cartographer.mapping.map_builder_test\n'}
[1.218850] (cartographer) StdoutLine: {'line': b'[ 89%] Built target cartographer.mapping.pose_extrapolator_test\n'}
[1.220007] (cartographer) StdoutLine: {'line': b'[ 90%] Built target cartographer.mapping.pose_graph_test\n'}
[1.220408] (cartographer) StdoutLine: {'line': b'[ 90%] Built target cartographer.mapping.pose_graph_trimmer_test\n'}
[1.234433] (cartographer) StdoutLine: {'line': b'[ 91%] Built target cartographer.mapping.probability_values_test\n'}
[1.250550] (cartographer) StdoutLine: {'line': b'[ 91%] Built target cartographer.mapping.submaps_test\n'}
[1.261421] (cartographer) StdoutLine: {'line': b'[ 92%] Built target cartographer.mapping.value_conversion_tables_test\n'}
[1.261804] (cartographer) StdoutLine: {'line': b'[ 92%] Built target cartographer.mapping.trajectory_node_test\n'}
[1.271482] (cartographer) StdoutLine: {'line': b'[ 93%] Built target cartographer.sensor.compressed_point_cloud_test\n'}
[1.282242] (cartographer) StdoutLine: {'line': b'[ 95%] Built target cartographer.sensor.internal.ordered_multi_queue_test\n'}
[1.282912] (cartographer) StdoutLine: {'line': b'[ 95%] Built target cartographer.sensor.internal.collator_test\n'}
[1.284768] (cartographer) StdoutLine: {'line': b'[ 95%] Built target cartographer.sensor.internal.trajectory_collator_test\n'}
[1.298159] (cartographer) StdoutLine: {'line': b'[ 95%] Built target cartographer.sensor.internal.voxel_filter_test\n'}
[1.310462] (-) TimerEvent: {}
[1.315893] (cartographer) StdoutLine: {'line': b'[ 96%] Built target cartographer.sensor.landmark_data_test\n'}
[1.316611] (cartographer) StdoutLine: {'line': b'[ 96%] Built target cartographer.sensor.map_by_time_test\n'}
[1.321703] (cartographer) StdoutLine: {'line': b'[ 97%] Built target cartographer.sensor.point_cloud_test\n'}
[1.329711] (cartographer) StdoutLine: {'line': b'[ 97%] Built target cartographer.sensor.range_data_test\n'}
[1.337783] (cartographer) StdoutLine: {'line': b'[ 97%] Built target cartographer.transform.timestamped_transform_test\n'}
[1.341546] (cartographer) StdoutLine: {'line': b'[ 98%] Built target cartographer.transform.rigid_transform_test\n'}
[1.341938] (cartographer) StdoutLine: {'line': b'[100%] Built target cartographer.transform.transform_interpolation_buffer_test\n'}
[1.345216] (cartographer) StdoutLine: {'line': b'[100%] Built target cartographer.transform.transform_test\n'}
[1.361056] (cartographer) CommandEnded: {'returncode': 0}
[1.362035] (cartographer) JobProgress: {'identifier': 'cartographer', 'progress': 'install'}
[1.362699] (cartographer) Command: {'cmd': ['/usr/bin/cmake', '--install', '/root/distr_slam_ws/build/cartographer'], 'cwd': '/root/distr_slam_ws/build/cartographer', 'env': OrderedDict({'HOSTNAME': 'user-dynabook-G83-DN', 'SHLVL': '1', 'LIBGL_ALWAYS_SOFTWARE': '1', 'LD_LIBRARY_PATH': '/root/distr_slam_ws/install/cartographer_rviz/lib:/root/distr_slam_ws/install/cartographer_ros/lib:/root/distr_slam_ws/install/cartographer_ros_msgs/lib:/opt/ros/jazzy/opt/rviz_ogre_vendor/lib:/opt/ros/jazzy/lib/x86_64-linux-gnu:/opt/ros/jazzy/opt/gz_math_vendor/lib:/opt/ros/jazzy/opt/gz_utils_vendor/lib:/opt/ros/jazzy/opt/gz_cmake_vendor/lib:/opt/ros/jazzy/lib', 'HOME': '/root', 'ROS_PYTHON_VERSION': '3', 'COLCON_PREFIX_PATH': '/root/distr_slam_ws/install', 'ROS_DISTRO': 'jazzy', '_': '/usr/bin/colcon', 'ROS_VERSION': '2', 'PKG_CONFIG_PATH': '/root/distr_slam_ws/install/cartographer/lib/x86_64-linux-gnu/pkgconfig:/root/distr_slam_ws/install/cartographer/lib/pkgconfig', 'TERM': 'xterm', 'ROS_LOCALHOST_ONLY': '1', 'QT_X11_NO_MITSHM': '1', 'PATH': '/root/distr_slam_ws/install/cartographer/bin:/opt/ros/jazzy/bin:/usr/local/sbin:/usr/local/bin:/usr/sbin:/usr/bin:/sbin:/bin', 'DISPLAY': ':0', 'LANG': 'en_US.UTF-8', 'XAUTHORITY': '/root/.Xauthority', 'LS_COLORS': 'rs=0:di=01;34:ln=01;36:mh=00:pi=40;33:so=01;35:do=01;35:bd=40;33;01:cd=40;33;01:or=40;31;01:mi=00:su=37;41:sg=30;43:ca=00:tw=30;42:ow=34;42:st=37;44:ex=01;32:*.tar=01;31:*.tgz=01;31:*.arc=01;31:*.arj=01;31:*.taz=01;31:*.lha=01;31:*.lz4=01;31:*.lzh=01;31:*.lzma=01;31:*.tlz=01;31:*.txz=01;31:*.tzo=01;31:*.t7z=01;31:*.zip=01;31:*.z=01;31:*.dz=01;31:*.gz=01;31:*.lrz=01;31:*.lz=01;31:*.lzo=01;31:*.xz=01;31:*.zst=01;31:*.tzst=01;31:*.bz2=01;31:*.bz=01;31:*.tbz=01;31:*.tbz2=01;31:*.tz=01;31:*.deb=01;31:*.rpm=01;31:*.jar=01;31:*.war=01;31:*.ear=01;31:*.sar=01;31:*.rar=01;31:*.alz=01;31:*.ace=01;31:*.zoo=01;31:*.cpio=01;31:*.7z=01;31:*.rz=01;31:*.cab=01;31:*.wim=01;31:*.swm=01;31:*.dwm=01;31:*.esd=01;31:*.avif=01;35:*.jpg=01;35:*.jpeg=01;35:*.mjpg=01;35:*.mjpeg=01;35:*.gif=01;35:*.bmp=01;35:*.pbm=01;35:*.pgm=01;35:*.ppm=01;35:*.tga=01;35:*.xbm=01;35:*.xpm=01;35:*.tif=01;35:*.tiff=01;35:*.png=01;35:*.svg=01;35:*.svgz=01;35:*.mng=01;35:*.pcx=01;35:*.mov=01;35:*.mpg=01;35:*.mpeg=01;35:*.m2v=01;35:*.mkv=01;35:*.webm=01;35:*.webp=01;35:*.ogm=01;35:*.mp4=01;35:*.m4v=01;35:*.mp4v=01;35:*.vob=01;35:*.qt=01;35:*.nuv=01;35:*.wmv=01;35:*.asf=01;35:*.rm=01;35:*.rmvb=01;35:*.flc=01;35:*.avi=01;35:*.fli=01;35:*.flv=01;35:*.gl=01;35:*.dl=01;35:*.xcf=01;35:*.xwd=01;35:*.yuv=01;35:*.cgm=01;35:*.emf=01;35:*.ogv=01;35:*.ogx=01;35:*.aac=00;36:*.au=00;36:*.flac=00;36:*.m4a=00;36:*.mid=00;36:*.midi=00;36:*.mka=00;36:*.mp3=00;36:*.mpc=00;36:*.ogg=00;36:*.ra=00;36:*.wav=00;36:*.oga=00;36:*.opus=00;36:*.spx=00;36:*.xspf=00;36:*~=00;90:*#=00;90:*.bak=00;90:*.crdownload=00;90:*.dpkg-dist=00;90:*.dpkg-new=00;90:*.dpkg-old=00;90:*.dpkg-tmp=00;90:*.old=00;90:*.orig=00;90:*.part=00;90:*.rej=00;90:*.rpmnew=00;90:*.rpmorig=00;90:*.rpmsave=00;90:*.swp=00;90:*.tmp=00;90:*.ucf-dist=00;90:*.ucf-new=00;90:*.ucf-old=00;90:', 'AMENT_PREFIX_PATH': '/root/distr_slam_ws/install/cartographer_rviz:/root/distr_slam_ws/install/cartographer_ros:/root/distr_slam_ws/install/cartographer_ros_msgs:/opt/ros/jazzy', 'DEBIAN_FRONTEND': 'noninteractive', 'ROS_AUTOMATIC_DISCOVERY_RANGE': 'SUBNET', 'PWD': '/root/distr_slam_ws/build/cartographer', 'TURTLEBOT3_MODEL': 'burger', 'LC_ALL': 'en_US.UTF-8', 'PYTHONPATH': '/root/distr_slam_ws/install/cartographer_ros_msgs/lib/python3.12/site-packages:/opt/ros/jazzy/lib/python3.12/site-packages', 'COLCON': '1', 'CMAKE_PREFIX_PATH': '/root/distr_slam_ws/install/cartographer_rviz:/root/distr_slam_ws/install/cartographer_ros:/root/distr_slam_ws/install/cartographer_ros_msgs:/root/distr_slam_ws/install/cartographer:/opt/ros/jazzy/opt/gz_math_vendor:/opt/ros/jazzy/opt/gz_utils_vendor:/opt/ros/jazzy/opt/gz_cmake_vendor:/opt/ros/jazzy'}), 'shell': False}
[1.373263] (cartographer) StdoutLine: {'line': b'-- Install configuration: "Release"\n'}
[1.373485] (cartographer) StdoutLine: {'line': b'-- Up-to-date: /root/distr_slam_ws/install/cartographer/share/cartographer/package.xml\n'}
[1.373734] (cartographer) StdoutLine: {'line': b'-- Up-to-date: /root/distr_slam_ws/install/cartographer/share/cartographer//configuration_files\n'}
[1.373900] (cartographer) StdoutLine: {'line': b'-- Up-to-date: /root/distr_slam_ws/install/cartographer/share/cartographer//configuration_files/trajectory_builder_2d.lua\n'}
[1.374038] (cartographer) StdoutLine: {'line': b'-- Up-to-date: /root/distr_slam_ws/install/cartographer/share/cartographer//configuration_files/trajectory_builder_3d.lua\n'}
[1.374127] (cartographer) StdoutLine: {'line': b'-- Up-to-date: /root/distr_slam_ws/install/cartographer/share/cartographer//configuration_files/pose_graph.lua\n'}
[1.374225] (cartographer) StdoutLine: {'line': b'-- Up-to-date: /root/distr_slam_ws/install/cartographer/share/cartographer//configuration_files/map_builder.lua\n'}
[1.374313] (cartographer) StdoutLine: {'line': b'-- Up-to-date: /root/distr_slam_ws/install/cartographer/share/cartographer//configuration_files/map_builder_server.lua\n'}
[1.374457] (cartographer) StdoutLine: {'line': b'-- Up-to-date: /root/distr_slam_ws/install/cartographer/share/cartographer//configuration_files/trajectory_builder.lua\n'}
[1.374548] (cartographer) StdoutLine: {'line': b'-- Up-to-date: /root/distr_slam_ws/install/cartographer/share/cartographer//cmake\n'}
[1.374634] (cartographer) StdoutLine: {'line': b'-- Up-to-date: /root/distr_slam_ws/install/cartographer/share/cartographer//cmake/modules\n'}
[1.374753] (cartographer) StdoutLine: {'line': b'-- Up-to-date: /root/distr_slam_ws/install/cartographer/share/cartographer//cmake/modules/FindLuaGoogle.cmake\n'}
[1.374836] (cartographer) StdoutLine: {'line': b'-- Up-to-date: /root/distr_slam_ws/install/cartographer/share/cartographer//cmake/modules/FindSphinx.cmake\n'}
[1.374918] (cartographer) StdoutLine: {'line': b'-- Up-to-date: /root/distr_slam_ws/install/cartographer/share/cartographer//cmake/modules/FindEigen3.cmake\n'}
[1.375006] (cartographer) StdoutLine: {'line': b'-- Up-to-date: /root/distr_slam_ws/install/cartographer/share/cartographer//cmake/modules/FindGMock.cmake\n'}
[1.375095] (cartographer) StdoutLine: {'line': b'-- Up-to-date: /root/distr_slam_ws/install/cartographer/share/cartographer//cmake/functions.cmake\n'}
[1.375183] (cartographer) StdoutLine: {'line': b'-- Up-to-date: /root/distr_slam_ws/install/cartographer/bin/cartographer_autogenerate_ground_truth\n'}
[1.375274] (cartographer) StdoutLine: {'line': b'-- Up-to-date: /root/distr_slam_ws/install/cartographer/bin/cartographer_compute_relations_metrics\n'}
[1.375406] (cartographer) StdoutLine: {'line': b'-- Up-to-date: /root/distr_slam_ws/install/cartographer/bin/cartographer_pbstream\n'}
[1.375524] (cartographer) StdoutLine: {'line': b'-- Up-to-date: /root/distr_slam_ws/install/cartographer/bin/cartographer_print_configuration\n'}
[1.375651] (cartographer) StdoutLine: {'line': b'-- Up-to-date: /root/distr_slam_ws/install/cartographer/lib/libcartographer.a\n'}
[1.375743] (cartographer) StdoutLine: {'line': b'-- Up-to-date: /root/distr_slam_ws/install/cartographer/include/cartographer/common/configuration_file_resolver.h\n'}
[1.375860] (cartographer) StdoutLine: {'line': b'-- Up-to-date: /root/distr_slam_ws/install/cartographer/include/cartographer/common/fixed_ratio_sampler.h\n'}
[1.375951] (cartographer) StdoutLine: {'line': b'-- Up-to-date: /root/distr_slam_ws/install/cartographer/include/cartographer/common/histogram.h\n'}
[1.376085] (cartographer) StdoutLine: {'line': b'-- Up-to-date: /root/distr_slam_ws/install/cartographer/include/cartographer/common/lua.h\n'}
[1.376197] (cartographer) StdoutLine: {'line': b'-- Up-to-date: /root/distr_slam_ws/install/cartographer/include/cartographer/common/lua_parameter_dictionary.h\n'}
[1.376318] (cartographer) StdoutLine: {'line': b'-- Up-to-date: /root/distr_slam_ws/install/cartographer/include/cartographer/common/math.h\n'}
[1.376445] (cartographer) StdoutLine: {'line': b'-- Up-to-date: /root/distr_slam_ws/install/cartographer/include/cartographer/common/port.h\n'}
[1.376564] (cartographer) StdoutLine: {'line': b'-- Up-to-date: /root/distr_slam_ws/install/cartographer/include/cartographer/common/task.h\n'}
[1.376740] (cartographer) StdoutLine: {'line': b'-- Up-to-date: /root/distr_slam_ws/install/cartographer/include/cartographer/common/thread_pool.h\n'}
[1.376903] (cartographer) StdoutLine: {'line': b'-- Up-to-date: /root/distr_slam_ws/install/cartographer/include/cartographer/common/time.h\n'}
[1.377078] (cartographer) StdoutLine: {'line': b'-- Up-to-date: /root/distr_slam_ws/install/cartographer/include/cartographer/ground_truth/autogenerate_ground_truth.h\n'}
[1.377253] (cartographer) StdoutLine: {'line': b'-- Up-to-date: /root/distr_slam_ws/install/cartographer/include/cartographer/ground_truth/relations_text_file.h\n'}
[1.377617] (cartographer) StdoutLine: {'line': b'-- Up-to-date: /root/distr_slam_ws/install/cartographer/include/cartographer/io/color.h\n'}
[1.377911] (cartographer) StdoutLine: {'line': b'-- Up-to-date: /root/distr_slam_ws/install/cartographer/include/cartographer/io/coloring_points_processor.h\n'}
[1.378128] (cartographer) StdoutLine: {'line': b'-- Up-to-date: /root/distr_slam_ws/install/cartographer/include/cartographer/io/counting_points_processor.h\n'}
[1.378404] (cartographer) StdoutLine: {'line': b'-- Up-to-date: /root/distr_slam_ws/install/cartographer/include/cartographer/io/draw_trajectories.h\n'}
[1.378625] (cartographer) StdoutLine: {'line': b'-- Up-to-date: /root/distr_slam_ws/install/cartographer/include/cartographer/io/file_writer.h\n'}
[1.378838] (cartographer) StdoutLine: {'line': b'-- Up-to-date: /root/distr_slam_ws/install/cartographer/include/cartographer/io/fixed_ratio_sampling_points_processor.h\n'}
[1.379033] (cartographer) StdoutLine: {'line': b'-- Up-to-date: /root/distr_slam_ws/install/cartographer/include/cartographer/io/frame_id_filtering_points_processor.h\n'}
[1.379265] (cartographer) StdoutLine: {'line': b'-- Up-to-date: /root/distr_slam_ws/install/cartographer/include/cartographer/io/hybrid_grid_points_processor.h\n'}
[1.379494] (cartographer) StdoutLine: {'line': b'-- Up-to-date: /root/distr_slam_ws/install/cartographer/include/cartographer/io/image.h\n'}
[1.379684] (cartographer) StdoutLine: {'line': b'-- Up-to-date: /root/distr_slam_ws/install/cartographer/include/cartographer/io/intensity_to_color_points_processor.h\n'}
[1.379839] (cartographer) StdoutLine: {'line': b'-- Up-to-date: /root/distr_slam_ws/install/cartographer/include/cartographer/io/min_max_range_filtering_points_processor.h\n'}
[1.380053] (cartographer) StdoutLine: {'line': b'-- Up-to-date: /root/distr_slam_ws/install/cartographer/include/cartographer/io/null_points_processor.h\n'}
[1.380254] (cartographer) StdoutLine: {'line': b'-- Up-to-date: /root/distr_slam_ws/install/cartographer/include/cartographer/io/outlier_removing_points_processor.h\n'}
[1.380442] (cartographer) StdoutLine: {'line': b'-- Up-to-date: /root/distr_slam_ws/install/cartographer/include/cartographer/io/pcd_writing_points_processor.h\n'}
[1.380563] (cartographer) StdoutLine: {'line': b'-- Up-to-date: /root/distr_slam_ws/install/cartographer/include/cartographer/io/ply_writing_points_processor.h\n'}
[1.380659] (cartographer) StdoutLine: {'line': b'-- Up-to-date: /root/distr_slam_ws/install/cartographer/include/cartographer/io/points_batch.h\n'}
[1.380798] (cartographer) StdoutLine: {'line': b'-- Up-to-date: /root/distr_slam_ws/install/cartographer/include/cartographer/io/points_processor.h\n'}
[1.380891] (cartographer) StdoutLine: {'line': b'-- Up-to-date: /root/distr_slam_ws/install/cartographer/include/cartographer/io/points_processor_pipeline_builder.h\n'}
[1.381045] (cartographer) StdoutLine: {'line': b'-- Up-to-date: /root/distr_slam_ws/install/cartographer/include/cartographer/io/probability_grid_points_processor.h\n'}
[1.381141] (cartographer) StdoutLine: {'line': b'-- Up-to-date: /root/distr_slam_ws/install/cartographer/include/cartographer/io/proto_stream.h\n'}
[1.381235] (cartographer) StdoutLine: {'line': b'-- Up-to-date: /root/distr_slam_ws/install/cartographer/include/cartographer/io/proto_stream_deserializer.h\n'}
[1.381401] (cartographer) StdoutLine: {'line': b'-- Up-to-date: /root/distr_slam_ws/install/cartographer/include/cartographer/io/proto_stream_interface.h\n'}
[1.381541] (cartographer) StdoutLine: {'line': b'-- Up-to-date: /root/distr_slam_ws/install/cartographer/include/cartographer/io/serialization_format_migration.h\n'}
[1.381650] (cartographer) StdoutLine: {'line': b'-- Up-to-date: /root/distr_slam_ws/install/cartographer/include/cartographer/io/submap_painter.h\n'}
[1.381742] (cartographer) StdoutLine: {'line': b'-- Up-to-date: /root/distr_slam_ws/install/cartographer/include/cartographer/io/vertical_range_filtering_points_processor.h\n'}
[1.381834] (cartographer) StdoutLine: {'line': b'-- Up-to-date: /root/distr_slam_ws/install/cartographer/include/cartographer/io/xray_points_processor.h\n'}
[1.381988] (cartographer) StdoutLine: {'line': b'-- Up-to-date: /root/distr_slam_ws/install/cartographer/include/cartographer/io/xyz_writing_points_processor.h\n'}
[1.382133] (cartographer) StdoutLine: {'line': b'-- Up-to-date: /root/distr_slam_ws/install/cartographer/include/cartographer/mapping/2d/grid_2d.h\n'}
[1.382227] (cartographer) StdoutLine: {'line': b'-- Up-to-date: /root/distr_slam_ws/install/cartographer/include/cartographer/mapping/2d/map_limits.h\n'}
[1.382364] (cartographer) StdoutLine: {'line': b'-- Up-to-date: /root/distr_slam_ws/install/cartographer/include/cartographer/mapping/2d/probability_grid.h\n'}
[1.382508] (cartographer) StdoutLine: {'line': b'-- Up-to-date: /root/distr_slam_ws/install/cartographer/include/cartographer/mapping/2d/probability_grid_range_data_inserter_2d.h\n'}
[1.382620] (cartographer) StdoutLine: {'line': b'-- Up-to-date: /root/distr_slam_ws/install/cartographer/include/cartographer/mapping/2d/submap_2d.h\n'}
[1.382736] (cartographer) StdoutLine: {'line': b'-- Up-to-date: /root/distr_slam_ws/install/cartographer/include/cartographer/mapping/2d/xy_index.h\n'}
[1.382831] (cartographer) StdoutLine: {'line': b'-- Up-to-date: /root/distr_slam_ws/install/cartographer/include/cartographer/mapping/3d/hybrid_grid.h\n'}
[1.382963] (cartographer) StdoutLine: {'line': b'-- Up-to-date: /root/distr_slam_ws/install/cartographer/include/cartographer/mapping/3d/range_data_inserter_3d.h\n'}
[1.383055] (cartographer) StdoutLine: {'line': b'-- Up-to-date: /root/distr_slam_ws/install/cartographer/include/cartographer/mapping/3d/submap_3d.h\n'}
[1.383191] (cartographer) StdoutLine: {'line': b'-- Up-to-date: /root/distr_slam_ws/install/cartographer/include/cartographer/mapping/detect_floors.h\n'}
[1.383329] (cartographer) StdoutLine: {'line': b'-- Up-to-date: /root/distr_slam_ws/install/cartographer/include/cartographer/mapping/grid_interface.h\n'}
[1.383482] (cartographer) StdoutLine: {'line': b'-- Up-to-date: /root/distr_slam_ws/install/cartographer/include/cartographer/mapping/id.h\n'}
[1.383599] (cartographer) StdoutLine: {'line': b'-- Up-to-date: /root/distr_slam_ws/install/cartographer/include/cartographer/mapping/imu_tracker.h\n'}
[1.383692] (cartographer) StdoutLine: {'line': b'-- Up-to-date: /root/distr_slam_ws/install/cartographer/include/cartographer/mapping/map_builder.h\n'}
[1.383786] (cartographer) StdoutLine: {'line': b'-- Up-to-date: /root/distr_slam_ws/install/cartographer/include/cartographer/mapping/map_builder_interface.h\n'}
[1.383879] (cartographer) StdoutLine: {'line': b'-- Up-to-date: /root/distr_slam_ws/install/cartographer/include/cartographer/mapping/pose_extrapolator.h\n'}
[1.383971] (cartographer) StdoutLine: {'line': b'-- Up-to-date: /root/distr_slam_ws/install/cartographer/include/cartographer/mapping/pose_extrapolator_interface.h\n'}
[1.384063] (cartographer) StdoutLine: {'line': b'-- Up-to-date: /root/distr_slam_ws/install/cartographer/include/cartographer/mapping/pose_graph.h\n'}
[1.384156] (cartographer) StdoutLine: {'line': b'-- Up-to-date: /root/distr_slam_ws/install/cartographer/include/cartographer/mapping/pose_graph_interface.h\n'}
[1.384248] (cartographer) StdoutLine: {'line': b'-- Up-to-date: /root/distr_slam_ws/install/cartographer/include/cartographer/mapping/pose_graph_trimmer.h\n'}
[1.384338] (cartographer) StdoutLine: {'line': b'-- Up-to-date: /root/distr_slam_ws/install/cartographer/include/cartographer/mapping/probability_values.h\n'}
[1.384559] (cartographer) StdoutLine: {'line': b'-- Up-to-date: /root/distr_slam_ws/install/cartographer/include/cartographer/mapping/range_data_inserter_interface.h\n'}
[1.384676] (cartographer) StdoutLine: {'line': b'-- Up-to-date: /root/distr_slam_ws/install/cartographer/include/cartographer/mapping/submaps.h\n'}
[1.384769] (cartographer) StdoutLine: {'line': b'-- Up-to-date: /root/distr_slam_ws/install/cartographer/include/cartographer/mapping/trajectory_builder_interface.h\n'}
[1.384903] (cartographer) StdoutLine: {'line': b'-- Up-to-date: /root/distr_slam_ws/install/cartographer/include/cartographer/mapping/trajectory_node.h\n'}
[1.385035] (cartographer) StdoutLine: {'line': b'-- Up-to-date: /root/distr_slam_ws/install/cartographer/include/cartographer/mapping/value_conversion_tables.h\n'}
[1.385119] (cartographer) StdoutLine: {'line': b'-- Up-to-date: /root/distr_slam_ws/install/cartographer/include/cartographer/metrics/counter.h\n'}
[1.385208] (cartographer) StdoutLine: {'line': b'-- Up-to-date: /root/distr_slam_ws/install/cartographer/include/cartographer/metrics/family_factory.h\n'}
[1.385299] (cartographer) StdoutLine: {'line': b'-- Up-to-date: /root/distr_slam_ws/install/cartographer/include/cartographer/metrics/gauge.h\n'}
[1.385451] (cartographer) StdoutLine: {'line': b'-- Up-to-date: /root/distr_slam_ws/install/cartographer/include/cartographer/metrics/histogram.h\n'}
[1.385551] (cartographer) StdoutLine: {'line': b'-- Up-to-date: /root/distr_slam_ws/install/cartographer/include/cartographer/metrics/register.h\n'}
[1.385634] (cartographer) StdoutLine: {'line': b'-- Up-to-date: /root/distr_slam_ws/install/cartographer/include/cartographer/sensor/collator_interface.h\n'}
[1.385718] (cartographer) StdoutLine: {'line': b'-- Up-to-date: /root/distr_slam_ws/install/cartographer/include/cartographer/sensor/compressed_point_cloud.h\n'}
[1.385802] (cartographer) StdoutLine: {'line': b'-- Up-to-date: /root/distr_slam_ws/install/cartographer/include/cartographer/sensor/data.h\n'}
[1.385887] (cartographer) StdoutLine: {'line': b'-- Up-to-date: /root/distr_slam_ws/install/cartographer/include/cartographer/sensor/fixed_frame_pose_data.h\n'}
[1.385971] (cartographer) StdoutLine: {'line': b'-- Up-to-date: /root/distr_slam_ws/install/cartographer/include/cartographer/sensor/imu_data.h\n'}
[1.386055] (cartographer) StdoutLine: {'line': b'-- Up-to-date: /root/distr_slam_ws/install/cartographer/include/cartographer/sensor/landmark_data.h\n'}
[1.386139] (cartographer) StdoutLine: {'line': b'-- Up-to-date: /root/distr_slam_ws/install/cartographer/include/cartographer/sensor/map_by_time.h\n'}
[1.386221] (cartographer) StdoutLine: {'line': b'-- Up-to-date: /root/distr_slam_ws/install/cartographer/include/cartographer/sensor/odometry_data.h\n'}
[1.386305] (cartographer) StdoutLine: {'line': b'-- Up-to-date: /root/distr_slam_ws/install/cartographer/include/cartographer/sensor/point_cloud.h\n'}
[1.386400] (cartographer) StdoutLine: {'line': b'-- Up-to-date: /root/distr_slam_ws/install/cartographer/include/cartographer/sensor/range_data.h\n'}
[1.386489] (cartographer) StdoutLine: {'line': b'-- Up-to-date: /root/distr_slam_ws/install/cartographer/include/cartographer/sensor/rangefinder_point.h\n'}
[1.386573] (cartographer) StdoutLine: {'line': b'-- Up-to-date: /root/distr_slam_ws/install/cartographer/include/cartographer/sensor/timed_point_cloud_data.h\n'}
[1.386656] (cartographer) StdoutLine: {'line': b'-- Up-to-date: /root/distr_slam_ws/install/cartographer/include/cartographer/transform/rigid_transform.h\n'}
[1.386739] (cartographer) StdoutLine: {'line': b'-- Up-to-date: /root/distr_slam_ws/install/cartographer/include/cartographer/transform/timestamped_transform.h\n'}
[1.386823] (cartographer) StdoutLine: {'line': b'-- Up-to-date: /root/distr_slam_ws/install/cartographer/include/cartographer/transform/transform.h\n'}
[1.386911] (cartographer) StdoutLine: {'line': b'-- Up-to-date: /root/distr_slam_ws/install/cartographer/include/cartographer/transform/transform_interpolation_buffer.h\n'}
[1.386996] (cartographer) StdoutLine: {'line': b'-- Up-to-date: /root/distr_slam_ws/install/cartographer/include/cartographer/io/fake_file_writer.h\n'}
[1.387082] (cartographer) StdoutLine: {'line': b'-- Up-to-date: /root/distr_slam_ws/install/cartographer/include/cartographer/transform/rigid_transform_test_helpers.h\n'}
[1.387169] (cartographer) StdoutLine: {'line': b'-- Up-to-date: /root/distr_slam_ws/install/cartographer/include/cartographer/common/proto/ceres_solver_options.pb.h\n'}
[1.387258] (cartographer) StdoutLine: {'line': b'-- Up-to-date: /root/distr_slam_ws/install/cartographer/include/cartographer/ground_truth/proto/relations.pb.h\n'}
[1.387494] (cartographer) StdoutLine: {'line': b'-- Up-to-date: /root/distr_slam_ws/install/cartographer/include/cartographer/mapping/proto/cell_limits_2d.pb.h\n'}
[1.387721] (cartographer) StdoutLine: {'line': b'-- Up-to-date: /root/distr_slam_ws/install/cartographer/include/cartographer/mapping/proto/connected_components.pb.h\n'}
[1.387880] (cartographer) StdoutLine: {'line': b'-- Up-to-date: /root/distr_slam_ws/install/cartographer/include/cartographer/mapping/proto/grid_2d.pb.h\n'}
[1.388021] (cartographer) StdoutLine: {'line': b'-- Up-to-date: /root/distr_slam_ws/install/cartographer/include/cartographer/mapping/proto/grid_2d_options.pb.h\n'}
[1.388228] (cartographer) StdoutLine: {'line': b'-- Up-to-date: /root/distr_slam_ws/install/cartographer/include/cartographer/mapping/proto/hybrid_grid.pb.h\n'}
[1.388685] (cartographer) StdoutLine: {'line': b'-- Up-to-date: /root/distr_slam_ws/install/cartographer/include/cartographer/mapping/proto/local_trajectory_builder_options_2d.pb.h\n'}
[1.388873] (cartographer) StdoutLine: {'line': b'-- Up-to-date: /root/distr_slam_ws/install/cartographer/include/cartographer/mapping/proto/local_trajectory_builder_options_3d.pb.h\n'}
[1.389067] (cartographer) StdoutLine: {'line': b'-- Up-to-date: /root/distr_slam_ws/install/cartographer/include/cartographer/mapping/proto/map_builder_options.pb.h\n'}
[1.389243] (cartographer) StdoutLine: {'line': b'-- Up-to-date: /root/distr_slam_ws/install/cartographer/include/cartographer/mapping/proto/map_limits.pb.h\n'}
[1.389425] (cartographer) StdoutLine: {'line': b'-- Up-to-date: /root/distr_slam_ws/install/cartographer/include/cartographer/mapping/proto/motion_filter_options.pb.h\n'}
[1.389574] (cartographer) StdoutLine: {'line': b'-- Up-to-date: /root/distr_slam_ws/install/cartographer/include/cartographer/mapping/proto/normal_estimation_options_2d.pb.h\n'}
[1.389906] (cartographer) StdoutLine: {'line': b'-- Up-to-date: /root/distr_slam_ws/install/cartographer/include/cartographer/mapping/proto/pose_extrapolator_options.pb.h\n'}
[1.390326] (cartographer) StdoutLine: {'line': b'-- Up-to-date: /root/distr_slam_ws/install/cartographer/include/cartographer/mapping/proto/pose_graph.pb.h\n'}
[1.391089] (cartographer) StdoutLine: {'line': b'-- Up-to-date: /root/distr_slam_ws/install/cartographer/include/cartographer/mapping/proto/pose_graph/constraint_builder_options.pb.h\n'}
[1.391262] (cartographer) StdoutLine: {'line': b'-- Up-to-date: /root/distr_slam_ws/install/cartographer/include/cartographer/mapping/proto/pose_graph/optimization_problem_options.pb.h\n'}
[1.391581] (cartographer) StdoutLine: {'line': b'-- Up-to-date: /root/distr_slam_ws/install/cartographer/include/cartographer/mapping/proto/pose_graph_options.pb.h\n'}
[1.391866] (cartographer) StdoutLine: {'line': b'-- Up-to-date: /root/distr_slam_ws/install/cartographer/include/cartographer/mapping/proto/probability_grid.pb.h\n'}
[1.391998] (cartographer) StdoutLine: {'line': b'-- Up-to-date: /root/distr_slam_ws/install/cartographer/include/cartographer/mapping/proto/probability_grid_range_data_inserter_options_2d.pb.h\n'}
[1.392098] (cartographer) StdoutLine: {'line': b'-- Up-to-date: /root/distr_slam_ws/install/cartographer/include/cartographer/mapping/proto/range_data_inserter_options.pb.h\n'}
[1.392197] (cartographer) StdoutLine: {'line': b'-- Up-to-date: /root/distr_slam_ws/install/cartographer/include/cartographer/mapping/proto/range_data_inserter_options_3d.pb.h\n'}
[1.392524] (cartographer) StdoutLine: {'line': b'-- Up-to-date: /root/distr_slam_ws/install/cartographer/include/cartographer/mapping/proto/scan_matching/ceres_scan_matcher_options_2d.pb.h\n'}
[1.392631] (cartographer) StdoutLine: {'line': b'-- Up-to-date: /root/distr_slam_ws/install/cartographer/include/cartographer/mapping/proto/scan_matching/ceres_scan_matcher_options_3d.pb.h\n'}
[1.392724] (cartographer) StdoutLine: {'line': b'-- Up-to-date: /root/distr_slam_ws/install/cartographer/include/cartographer/mapping/proto/scan_matching/fast_correlative_scan_matcher_options_2d.pb.h\n'}
[1.392855] (cartographer) StdoutLine: {'line': b'-- Up-to-date: /root/distr_slam_ws/install/cartographer/include/cartographer/mapping/proto/scan_matching/fast_correlative_scan_matcher_options_3d.pb.h\n'}
[1.392949] (cartographer) StdoutLine: {'line': b'-- Up-to-date: /root/distr_slam_ws/install/cartographer/include/cartographer/mapping/proto/scan_matching/real_time_correlative_scan_matcher_options.pb.h\n'}
[1.393042] (cartographer) StdoutLine: {'line': b'-- Up-to-date: /root/distr_slam_ws/install/cartographer/include/cartographer/mapping/proto/serialization.pb.h\n'}
[1.393331] (cartographer) StdoutLine: {'line': b'-- Up-to-date: /root/distr_slam_ws/install/cartographer/include/cartographer/mapping/proto/submap.pb.h\n'}
[1.393508] (cartographer) StdoutLine: {'line': b'-- Up-to-date: /root/distr_slam_ws/install/cartographer/include/cartographer/mapping/proto/submap_visualization.pb.h\n'}
[1.393619] (cartographer) StdoutLine: {'line': b'-- Up-to-date: /root/distr_slam_ws/install/cartographer/include/cartographer/mapping/proto/submaps_options_2d.pb.h\n'}
[1.393820] (cartographer) StdoutLine: {'line': b'-- Up-to-date: /root/distr_slam_ws/install/cartographer/include/cartographer/mapping/proto/submaps_options_3d.pb.h\n'}
[1.394008] (cartographer) StdoutLine: {'line': b'-- Up-to-date: /root/distr_slam_ws/install/cartographer/include/cartographer/mapping/proto/trajectory.pb.h\n'}
[1.394093] (cartographer) StdoutLine: {'line': b'-- Up-to-date: /root/distr_slam_ws/install/cartographer/include/cartographer/mapping/proto/trajectory_builder_options.pb.h\n'}
[1.394179] (cartographer) StdoutLine: {'line': b'-- Up-to-date: /root/distr_slam_ws/install/cartographer/include/cartographer/mapping/proto/trajectory_node_data.pb.h\n'}
[1.394271] (cartographer) StdoutLine: {'line': b'-- Up-to-date: /root/distr_slam_ws/install/cartographer/include/cartographer/mapping/proto/tsdf_2d.pb.h\n'}
[1.394373] (cartographer) StdoutLine: {'line': b'-- Up-to-date: /root/distr_slam_ws/install/cartographer/include/cartographer/mapping/proto/tsdf_range_data_inserter_options_2d.pb.h\n'}
[1.394534] (cartographer) StdoutLine: {'line': b'-- Up-to-date: /root/distr_slam_ws/install/cartographer/include/cartographer/sensor/proto/adaptive_voxel_filter_options.pb.h\n'}
[1.394621] (cartographer) StdoutLine: {'line': b'-- Up-to-date: /root/distr_slam_ws/install/cartographer/include/cartographer/sensor/proto/sensor.pb.h\n'}
[1.394704] (cartographer) StdoutLine: {'line': b'-- Up-to-date: /root/distr_slam_ws/install/cartographer/include/cartographer/transform/proto/timestamped_transform.pb.h\n'}
[1.394787] (cartographer) StdoutLine: {'line': b'-- Up-to-date: /root/distr_slam_ws/install/cartographer/include/cartographer/transform/proto/transform.pb.h\n'}
[1.394870] (cartographer) StdoutLine: {'line': b'-- Up-to-date: /root/distr_slam_ws/install/cartographer/share/cartographer/cmake/CartographerTargets.cmake\n'}
[1.394953] (cartographer) StdoutLine: {'line': b'-- Up-to-date: /root/distr_slam_ws/install/cartographer/share/cartographer/cmake/CartographerTargets-release.cmake\n'}
[1.395037] (cartographer) StdoutLine: {'line': b'-- Up-to-date: /root/distr_slam_ws/install/cartographer/share/cartographer/cartographer-config.cmake\n'}
[1.395121] (cartographer) CommandEnded: {'returncode': 0}
[1.407253] (cartographer) JobEnded: {'identifier': 'cartographer', 'rc': 0}
[1.408434] (cartographer_ros) JobStarted: {'identifier': 'cartographer_ros'}
[1.410528] (-) TimerEvent: {}
[1.420526] (cartographer_ros) JobProgress: {'identifier': 'cartographer_ros', 'progress': 'cmake'}
[1.421800] (cartographer_ros) JobProgress: {'identifier': 'cartographer_ros', 'progress': 'build'}
[1.421840] (cartographer_ros) Command: {'cmd': ['/usr/bin/cmake', '--build', '/root/distr_slam_ws/build/cartographer_ros', '--', '-j8', '-l8'], 'cwd': '/root/distr_slam_ws/build/cartographer_ros', 'env': OrderedDict({'HOSTNAME': 'user-dynabook-G83-DN', 'SHLVL': '1', 'LIBGL_ALWAYS_SOFTWARE': '1', 'LD_LIBRARY_PATH': '/root/distr_slam_ws/install/cartographer_ros_msgs/lib:/root/distr_slam_ws/install/cartographer_rviz/lib:/root/distr_slam_ws/install/cartographer_ros/lib:/opt/ros/jazzy/opt/rviz_ogre_vendor/lib:/opt/ros/jazzy/lib/x86_64-linux-gnu:/opt/ros/jazzy/opt/gz_math_vendor/lib:/opt/ros/jazzy/opt/gz_utils_vendor/lib:/opt/ros/jazzy/opt/gz_cmake_vendor/lib:/opt/ros/jazzy/lib', 'HOME': '/root', 'ROS_PYTHON_VERSION': '3', 'COLCON_PREFIX_PATH': '/root/distr_slam_ws/install', 'ROS_DISTRO': 'jazzy', '_': '/usr/bin/colcon', 'ROS_VERSION': '2', 'PKG_CONFIG_PATH': '/root/distr_slam_ws/install/cartographer/lib/x86_64-linux-gnu/pkgconfig:/root/distr_slam_ws/install/cartographer/lib/pkgconfig', 'TERM': 'xterm', 'ROS_LOCALHOST_ONLY': '1', 'QT_X11_NO_MITSHM': '1', 'PATH': '/root/distr_slam_ws/install/cartographer/bin:/opt/ros/jazzy/bin:/usr/local/sbin:/usr/local/bin:/usr/sbin:/usr/bin:/sbin:/bin', 'DISPLAY': ':0', 'LANG': 'en_US.UTF-8', 'XAUTHORITY': '/root/.Xauthority', 'LS_COLORS': 'rs=0:di=01;34:ln=01;36:mh=00:pi=40;33:so=01;35:do=01;35:bd=40;33;01:cd=40;33;01:or=40;31;01:mi=00:su=37;41:sg=30;43:ca=00:tw=30;42:ow=34;42:st=37;44:ex=01;32:*.tar=01;31:*.tgz=01;31:*.arc=01;31:*.arj=01;31:*.taz=01;31:*.lha=01;31:*.lz4=01;31:*.lzh=01;31:*.lzma=01;31:*.tlz=01;31:*.txz=01;31:*.tzo=01;31:*.t7z=01;31:*.zip=01;31:*.z=01;31:*.dz=01;31:*.gz=01;31:*.lrz=01;31:*.lz=01;31:*.lzo=01;31:*.xz=01;31:*.zst=01;31:*.tzst=01;31:*.bz2=01;31:*.bz=01;31:*.tbz=01;31:*.tbz2=01;31:*.tz=01;31:*.deb=01;31:*.rpm=01;31:*.jar=01;31:*.war=01;31:*.ear=01;31:*.sar=01;31:*.rar=01;31:*.alz=01;31:*.ace=01;31:*.zoo=01;31:*.cpio=01;31:*.7z=01;31:*.rz=01;31:*.cab=01;31:*.wim=01;31:*.swm=01;31:*.dwm=01;31:*.esd=01;31:*.avif=01;35:*.jpg=01;35:*.jpeg=01;35:*.mjpg=01;35:*.mjpeg=01;35:*.gif=01;35:*.bmp=01;35:*.pbm=01;35:*.pgm=01;35:*.ppm=01;35:*.tga=01;35:*.xbm=01;35:*.xpm=01;35:*.tif=01;35:*.tiff=01;35:*.png=01;35:*.svg=01;35:*.svgz=01;35:*.mng=01;35:*.pcx=01;35:*.mov=01;35:*.mpg=01;35:*.mpeg=01;35:*.m2v=01;35:*.mkv=01;35:*.webm=01;35:*.webp=01;35:*.ogm=01;35:*.mp4=01;35:*.m4v=01;35:*.mp4v=01;35:*.vob=01;35:*.qt=01;35:*.nuv=01;35:*.wmv=01;35:*.asf=01;35:*.rm=01;35:*.rmvb=01;35:*.flc=01;35:*.avi=01;35:*.fli=01;35:*.flv=01;35:*.gl=01;35:*.dl=01;35:*.xcf=01;35:*.xwd=01;35:*.yuv=01;35:*.cgm=01;35:*.emf=01;35:*.ogv=01;35:*.ogx=01;35:*.aac=00;36:*.au=00;36:*.flac=00;36:*.m4a=00;36:*.mid=00;36:*.midi=00;36:*.mka=00;36:*.mp3=00;36:*.mpc=00;36:*.ogg=00;36:*.ra=00;36:*.wav=00;36:*.oga=00;36:*.opus=00;36:*.spx=00;36:*.xspf=00;36:*~=00;90:*#=00;90:*.bak=00;90:*.crdownload=00;90:*.dpkg-dist=00;90:*.dpkg-new=00;90:*.dpkg-old=00;90:*.dpkg-tmp=00;90:*.old=00;90:*.orig=00;90:*.part=00;90:*.rej=00;90:*.rpmnew=00;90:*.rpmorig=00;90:*.rpmsave=00;90:*.swp=00;90:*.tmp=00;90:*.ucf-dist=00;90:*.ucf-new=00;90:*.ucf-old=00;90:', 'AMENT_PREFIX_PATH': '/root/distr_slam_ws/install/cartographer_rviz:/root/distr_slam_ws/install/cartographer_ros:/root/distr_slam_ws/install/cartographer_ros_msgs:/opt/ros/jazzy', 'DEBIAN_FRONTEND': 'noninteractive', 'ROS_AUTOMATIC_DISCOVERY_RANGE': 'SUBNET', 'PWD': '/root/distr_slam_ws/build/cartographer_ros', 'TURTLEBOT3_MODEL': 'burger', 'LC_ALL': 'en_US.UTF-8', 'PYTHONPATH': '/root/distr_slam_ws/install/cartographer_ros_msgs/lib/python3.12/site-packages:/opt/ros/jazzy/lib/python3.12/site-packages', 'COLCON': '1', 'CMAKE_PREFIX_PATH': '/root/distr_slam_ws/install/cartographer_ros_msgs:/root/distr_slam_ws/install/cartographer:/root/distr_slam_ws/install/cartographer_rviz:/root/distr_slam_ws/install/cartographer_ros:/opt/ros/jazzy/opt/gz_math_vendor:/opt/ros/jazzy/opt/gz_utils_vendor:/opt/ros/jazzy/opt/gz_cmake_vendor:/opt/ros/jazzy'}), 'shell': False}
[1.510667] (-) TimerEvent: {}
[1.610983] (-) TimerEvent: {}
[1.656241] (cartographer_ros) StdoutLine: {'line': b'[  2%] \x1b[32mBuilding CXX object CMakeFiles/cartographer_ros.dir/src/node.cpp.o\x1b[0m\n'}
[1.711155] (-) TimerEvent: {}
[1.811471] (-) TimerEvent: {}
[1.911758] (-) TimerEvent: {}
[2.012045] (-) TimerEvent: {}
[2.112325] (-) TimerEvent: {}
[2.212621] (-) TimerEvent: {}
[2.312929] (-) TimerEvent: {}
[2.413214] (-) TimerEvent: {}
[2.513552] (-) TimerEvent: {}
[2.613830] (-) TimerEvent: {}
[2.714154] (-) TimerEvent: {}
[2.814459] (-) TimerEvent: {}
[2.914775] (-) TimerEvent: {}
[3.015090] (-) TimerEvent: {}
[3.115432] (-) TimerEvent: {}
[3.215749] (-) TimerEvent: {}
[3.316089] (-) TimerEvent: {}
[3.416404] (-) TimerEvent: {}
[3.516729] (-) TimerEvent: {}
[3.617044] (-) TimerEvent: {}
[3.717380] (-) TimerEvent: {}
[3.817692] (-) TimerEvent: {}
[3.918014] (-) TimerEvent: {}
[4.018327] (-) TimerEvent: {}
[4.118647] (-) TimerEvent: {}
[4.218961] (-) TimerEvent: {}
[4.319300] (-) TimerEvent: {}
[4.419628] (-) TimerEvent: {}
[4.519940] (-) TimerEvent: {}
[4.620250] (-) TimerEvent: {}
[4.720586] (-) TimerEvent: {}
[4.820889] (-) TimerEvent: {}
[4.921206] (-) TimerEvent: {}
[5.021564] (-) TimerEvent: {}
[5.121893] (-) TimerEvent: {}
[5.222207] (-) TimerEvent: {}
[5.322529] (-) TimerEvent: {}
[5.422832] (-) TimerEvent: {}
[5.523143] (-) TimerEvent: {}
[5.623462] (-) TimerEvent: {}
[5.723768] (-) TimerEvent: {}
[5.824078] (-) TimerEvent: {}
[5.924408] (-) TimerEvent: {}
[6.024717] (-) TimerEvent: {}
[6.125029] (-) TimerEvent: {}
[6.225347] (-) TimerEvent: {}
[6.325697] (-) TimerEvent: {}
[6.426008] (-) TimerEvent: {}
[6.526324] (-) TimerEvent: {}
[6.626655] (-) TimerEvent: {}
[6.726975] (-) TimerEvent: {}
[6.827293] (-) TimerEvent: {}
[6.927630] (-) TimerEvent: {}
[7.027955] (-) TimerEvent: {}
[7.128298] (-) TimerEvent: {}
[7.228658] (-) TimerEvent: {}
[7.328996] (-) TimerEvent: {}
[7.429340] (-) TimerEvent: {}
[7.529678] (-) TimerEvent: {}
[7.629996] (-) TimerEvent: {}
[7.730313] (-) TimerEvent: {}
[7.830662] (-) TimerEvent: {}
[7.930989] (-) TimerEvent: {}
[8.031317] (-) TimerEvent: {}
[8.131686] (-) TimerEvent: {}
[8.232024] (-) TimerEvent: {}
[8.332340] (-) TimerEvent: {}
[8.432680] (-) TimerEvent: {}
[8.533011] (-) TimerEvent: {}
[8.633324] (-) TimerEvent: {}
[8.733666] (-) TimerEvent: {}
[8.833997] (-) TimerEvent: {}
[8.934342] (-) TimerEvent: {}
[9.034717] (-) TimerEvent: {}
[9.135039] (-) TimerEvent: {}
[9.235384] (-) TimerEvent: {}
[9.335706] (-) TimerEvent: {}
[9.436025] (-) TimerEvent: {}
[9.536333] (-) TimerEvent: {}
[9.636675] (-) TimerEvent: {}
[9.737014] (-) TimerEvent: {}
[9.837344] (-) TimerEvent: {}
[9.937705] (-) TimerEvent: {}
[10.038059] (-) TimerEvent: {}
[10.039461] (cartographer_ros) StderrLine: {'line': b'In file included from \x1b[01m\x1b[K/opt/ros/jazzy/include/rclcpp/rclcpp/copy_all_parameter_values.hpp:27\x1b[m\x1b[K,\n'}
[10.039680] (cartographer_ros) StderrLine: {'line': b'                 from \x1b[01m\x1b[K/opt/ros/jazzy/include/rclcpp/rclcpp/rclcpp.hpp:171\x1b[m\x1b[K,\n'}
[10.039780] (cartographer_ros) StderrLine: {'line': b'                 from \x1b[01m\x1b[K/root/distr_slam_ws/src/cartographer_ros/cartographer_ros/include/cartographer_ros/time_conversion.h:22\x1b[m\x1b[K,\n'}
[10.039871] (cartographer_ros) StderrLine: {'line': b'                 from \x1b[01m\x1b[K/root/distr_slam_ws/src/cartographer_ros/cartographer_ros/include/cartographer_ros/tf_bridge.h:23\x1b[m\x1b[K,\n'}
[10.039957] (cartographer_ros) StderrLine: {'line': b'                 from \x1b[01m\x1b[K/root/distr_slam_ws/src/cartographer_ros/cartographer_ros/include/cartographer_ros/sensor_bridge.h:28\x1b[m\x1b[K,\n'}
[10.040042] (cartographer_ros) StderrLine: {'line': b'                 from \x1b[01m\x1b[K/root/distr_slam_ws/src/cartographer_ros/cartographer_ros/include/cartographer_ros/map_builder_bridge.h:31\x1b[m\x1b[K,\n'}
[10.040130] (cartographer_ros) StderrLine: {'line': b'                 from \x1b[01m\x1b[K/root/distr_slam_ws/src/cartographer_ros/cartographer_ros/include/cartographer_ros/node.h:31\x1b[m\x1b[K,\n'}
[10.040218] (cartographer_ros) StderrLine: {'line': b'                 from \x1b[01m\x1b[K/root/distr_slam_ws/src/cartographer_ros/cartographer_ros/src/node.cpp:17\x1b[m\x1b[K:\n'}
[10.040310] (cartographer_ros) StderrLine: {'line': b'\x1b[01m\x1b[K/root/distr_slam_ws/src/cartographer_ros/cartographer_ros/src/node.cpp:\x1b[m\x1b[K In member function \xe2\x80\x98\x1b[01m\x1b[Kbool cartographer_ros::Node::\x1b[01;32m\x1b[KSaveCurrentPoseToRedis\x1b[m\x1b[K()\x1b[m\x1b[K\xe2\x80\x99:\n'}
[10.040569] (cartographer_ros) StderrLine: {'line': b'\x1b[01m\x1b[K/root/distr_slam_ws/src/cartographer_ros/cartographer_ros/src/node.cpp:1020:9:\x1b[m\x1b[K \x1b[01;31m\x1b[Kerror: \x1b[m\x1b[K\xe2\x80\x98\x1b[01m\x1b[Knode_handle_\x1b[m\x1b[K\xe2\x80\x99 was not declared in this scope\n'}
[10.040671] (cartographer_ros) StderrLine: {'line': b' 1020 |         \x1b[01;31m\x1b[Knode_handle_\x1b[m\x1b[K->get_logger(),\n'}
[10.040760] (cartographer_ros) StderrLine: {'line': b'      |         \x1b[01;31m\x1b[K^~~~~~~~~~~~\x1b[m\x1b[K\n'}
[10.040846] (cartographer_ros) StderrLine: {'line': b'\x1b[01m\x1b[K/root/distr_slam_ws/src/cartographer_ros/cartographer_ros/src/node.cpp:1019:5:\x1b[m\x1b[K \x1b[01;31m\x1b[Kerror: \x1b[m\x1b[Ktemplate argument 1 is invalid\n'}
[10.040932] (cartographer_ros) StderrLine: {'line': b' 1019 |     \x1b[01;31m\x1b[KRCLCPP_ERROR\x1b[m\x1b[K(\n'}
[10.041016] (cartographer_ros) StderrLine: {'line': b'      |     \x1b[01;31m\x1b[K^~~~~~~~~~~~\x1b[m\x1b[K\n'}
[10.041098] (cartographer_ros) StderrLine: {'line': b'\x1b[01m\x1b[K/root/distr_slam_ws/src/cartographer_ros/cartographer_ros/src/node.cpp:1034:5:\x1b[m\x1b[K \x1b[01;31m\x1b[Kerror: \x1b[m\x1b[K\xe2\x80\x98\x1b[01m\x1b[Ksw\x1b[m\x1b[K\xe2\x80\x99 has not been declared\n'}
[10.041183] (cartographer_ros) StderrLine: {'line': b' 1034 |     \x1b[01;31m\x1b[Ksw\x1b[m\x1b[K::redis::Redis redis(\n'}
[10.041267] (cartographer_ros) StderrLine: {'line': b'      |     \x1b[01;31m\x1b[K^~\x1b[m\x1b[K\n'}
[10.051219] (cartographer_ros) StderrLine: {'line': b'\x1b[01m\x1b[K/root/distr_slam_ws/src/cartographer_ros/cartographer_ros/src/node.cpp:1037:29:\x1b[m\x1b[K \x1b[01;31m\x1b[Kerror: \x1b[m\x1b[K\xe2\x80\x98\x1b[01m\x1b[Kredis\x1b[m\x1b[K\xe2\x80\x99 was not declared in this scope\n'}
[10.051540] (cartographer_ros) StderrLine: {'line': b' 1037 |     auto save_transform = [&\x1b[01;31m\x1b[Kredis\x1b[m\x1b[K](const std::string& key_prefix,\n'}
[10.051998] (cartographer_ros) StderrLine: {'line': b'      |                             \x1b[01;31m\x1b[K^~~~~\x1b[m\x1b[K\n'}
[10.052253] (cartographer_ros) StderrLine: {'line': b'\x1b[01m\x1b[K/root/distr_slam_ws/src/cartographer_ros/cartographer_ros/src/node.cpp:\x1b[m\x1b[K In lambda function:\n'}
[10.052350] (cartographer_ros) StderrLine: {'line': b'\x1b[01m\x1b[K/root/distr_slam_ws/src/cartographer_ros/cartographer_ros/src/node.cpp:1039:7:\x1b[m\x1b[K \x1b[01;31m\x1b[Kerror: \x1b[m\x1b[K\xe2\x80\x98\x1b[01m\x1b[Kredis\x1b[m\x1b[K\xe2\x80\x99 is not captured\n'}
[10.052469] (cartographer_ros) StderrLine: {'line': b' 1039 |       \x1b[01;31m\x1b[Kredis\x1b[m\x1b[K.hset(key_prefix, "header_frame_id", tf.header.frame_id);\n'}
[10.052563] (cartographer_ros) StderrLine: {'line': b'      |       \x1b[01;31m\x1b[K^~~~~\x1b[m\x1b[K\n'}
[10.052653] (cartographer_ros) StderrLine: {'line': b'\x1b[01m\x1b[K/root/distr_slam_ws/src/cartographer_ros/cartographer_ros/src/node.cpp:1037:34:\x1b[m\x1b[K \x1b[01;36m\x1b[Knote: \x1b[m\x1b[Kthe lambda has no capture-default\n'}
[10.052744] (cartographer_ros) StderrLine: {'line': b' 1037 |     auto save_transform = [&redis\x1b[01;36m\x1b[K]\x1b[m\x1b[K(const std::string& key_prefix,\n'}
[10.052847] (cartographer_ros) StderrLine: {'line': b'      |                                  \x1b[01;36m\x1b[K^\x1b[m\x1b[K\n'}
[10.052938] (cartographer_ros) StderrLine: {'line': b'\x1b[01m\x1b[K/root/distr_slam_ws/src/cartographer_ros/cartographer_ros/src/node.cpp:1037:29:\x1b[m\x1b[K \x1b[01;36m\x1b[Knote: \x1b[m\x1b[K\xe2\x80\x98\x1b[01m\x1b[K<typeprefixerror>redis\x1b[m\x1b[K\xe2\x80\x99 declared here\n'}
[10.053028] (cartographer_ros) StderrLine: {'line': b' 1037 |     auto save_transform = [&\x1b[01;36m\x1b[Kredis\x1b[m\x1b[K](const std::string& key_prefix,\n'}
[10.053116] (cartographer_ros) StderrLine: {'line': b'      |                             \x1b[01;36m\x1b[K^~~~~\x1b[m\x1b[K\n'}
[10.053203] (cartographer_ros) StderrLine: {'line': b'\x1b[01m\x1b[K/root/distr_slam_ws/src/cartographer_ros/cartographer_ros/src/node.cpp:1040:7:\x1b[m\x1b[K \x1b[01;31m\x1b[Kerror: \x1b[m\x1b[K\xe2\x80\x98\x1b[01m\x1b[Kredis\x1b[m\x1b[K\xe2\x80\x99 is not captured\n'}
[10.053300] (cartographer_ros) StderrLine: {'line': b' 1040 |       \x1b[01;31m\x1b[Kredis\x1b[m\x1b[K.hset(key_prefix, "child_frame_id", tf.child_frame_id);\n'}
[10.053399] (cartographer_ros) StderrLine: {'line': b'      |       \x1b[01;31m\x1b[K^~~~~\x1b[m\x1b[K\n'}
[10.053493] (cartographer_ros) StderrLine: {'line': b'\x1b[01m\x1b[K/root/distr_slam_ws/src/cartographer_ros/cartographer_ros/src/node.cpp:1037:34:\x1b[m\x1b[K \x1b[01;36m\x1b[Knote: \x1b[m\x1b[Kthe lambda has no capture-default\n'}
[10.053582] (cartographer_ros) StderrLine: {'line': b' 1037 |     auto save_transform = [&redis\x1b[01;36m\x1b[K]\x1b[m\x1b[K(const std::string& key_prefix,\n'}
[10.053669] (cartographer_ros) StderrLine: {'line': b'      |                                  \x1b[01;36m\x1b[K^\x1b[m\x1b[K\n'}
[10.053755] (cartographer_ros) StderrLine: {'line': b'\x1b[01m\x1b[K/root/distr_slam_ws/src/cartographer_ros/cartographer_ros/src/node.cpp:1037:29:\x1b[m\x1b[K \x1b[01;36m\x1b[Knote: \x1b[m\x1b[K\xe2\x80\x98\x1b[01m\x1b[K<typeprefixerror>redis\x1b[m\x1b[K\xe2\x80\x99 declared here\n'}
[10.053854] (cartographer_ros) StderrLine: {'line': b' 1037 |     auto save_transform = [&\x1b[01;36m\x1b[Kredis\x1b[m\x1b[K](const std::string& key_prefix,\n'}
[10.053949] (cartographer_ros) StderrLine: {'line': b'      |                             \x1b[01;36m\x1b[K^~~~~\x1b[m\x1b[K\n'}
[10.054036] (cartographer_ros) StderrLine: {'line': b'\x1b[01m\x1b[K/root/distr_slam_ws/src/cartographer_ros/cartographer_ros/src/node.cpp:1042:7:\x1b[m\x1b[K \x1b[01;31m\x1b[Kerror: \x1b[m\x1b[K\xe2\x80\x98\x1b[01m\x1b[Kredis\x1b[m\x1b[K\xe2\x80\x99 is not captured\n'}
[10.054125] (cartographer_ros) StderrLine: {'line': b' 1042 |       \x1b[01;31m\x1b[Kredis\x1b[m\x1b[K.hset(key_prefix, "tx", std::to_string(tf.transform.translation.x));\n'}
[10.054213] (cartographer_ros) StderrLine: {'line': b'      |       \x1b[01;31m\x1b[K^~~~~\x1b[m\x1b[K\n'}
[10.054299] (cartographer_ros) StderrLine: {'line': b'\x1b[01m\x1b[K/root/distr_slam_ws/src/cartographer_ros/cartographer_ros/src/node.cpp:1037:34:\x1b[m\x1b[K \x1b[01;36m\x1b[Knote: \x1b[m\x1b[Kthe lambda has no capture-default\n'}
[10.054398] (cartographer_ros) StderrLine: {'line': b' 1037 |     auto save_transform = [&redis\x1b[01;36m\x1b[K]\x1b[m\x1b[K(const std::string& key_prefix,\n'}
[10.054490] (cartographer_ros) StderrLine: {'line': b'      |                                  \x1b[01;36m\x1b[K^\x1b[m\x1b[K\n'}
[10.054577] (cartographer_ros) StderrLine: {'line': b'\x1b[01m\x1b[K/root/distr_slam_ws/src/cartographer_ros/cartographer_ros/src/node.cpp:1037:29:\x1b[m\x1b[K \x1b[01;36m\x1b[Knote: \x1b[m\x1b[K\xe2\x80\x98\x1b[01m\x1b[K<typeprefixerror>redis\x1b[m\x1b[K\xe2\x80\x99 declared here\n'}
[10.054666] (cartographer_ros) StderrLine: {'line': b' 1037 |     auto save_transform = [&\x1b[01;36m\x1b[Kredis\x1b[m\x1b[K](const std::string& key_prefix,\n'}
[10.054754] (cartographer_ros) StderrLine: {'line': b'      |                             \x1b[01;36m\x1b[K^~~~~\x1b[m\x1b[K\n'}
[10.054840] (cartographer_ros) StderrLine: {'line': b'\x1b[01m\x1b[K/root/distr_slam_ws/src/cartographer_ros/cartographer_ros/src/node.cpp:1043:7:\x1b[m\x1b[K \x1b[01;31m\x1b[Kerror: \x1b[m\x1b[K\xe2\x80\x98\x1b[01m\x1b[Kredis\x1b[m\x1b[K\xe2\x80\x99 is not captured\n'}
[10.054927] (cartographer_ros) StderrLine: {'line': b' 1043 |       \x1b[01;31m\x1b[Kredis\x1b[m\x1b[K.hset(key_prefix, "ty", std::to_string(tf.transform.translation.y));\n'}
[10.055013] (cartographer_ros) StderrLine: {'line': b'      |       \x1b[01;31m\x1b[K^~~~~\x1b[m\x1b[K\n'}
[10.055099] (cartographer_ros) StderrLine: {'line': b'\x1b[01m\x1b[K/root/distr_slam_ws/src/cartographer_ros/cartographer_ros/src/node.cpp:1037:34:\x1b[m\x1b[K \x1b[01;36m\x1b[Knote: \x1b[m\x1b[Kthe lambda has no capture-default\n'}
[10.055187] (cartographer_ros) StderrLine: {'line': b' 1037 |     auto save_transform = [&redis\x1b[01;36m\x1b[K]\x1b[m\x1b[K(const std::string& key_prefix,\n'}
[10.055271] (cartographer_ros) StderrLine: {'line': b'      |                                  \x1b[01;36m\x1b[K^\x1b[m\x1b[K\n'}
[10.055371] (cartographer_ros) StderrLine: {'line': b'\x1b[01m\x1b[K/root/distr_slam_ws/src/cartographer_ros/cartographer_ros/src/node.cpp:1037:29:\x1b[m\x1b[K \x1b[01;36m\x1b[Knote: \x1b[m\x1b[K\xe2\x80\x98\x1b[01m\x1b[K<typeprefixerror>redis\x1b[m\x1b[K\xe2\x80\x99 declared here\n'}
[10.055471] (cartographer_ros) StderrLine: {'line': b' 1037 |     auto save_transform = [&\x1b[01;36m\x1b[Kredis\x1b[m\x1b[K](const std::string& key_prefix,\n'}
[10.055559] (cartographer_ros) StderrLine: {'line': b'      |                             \x1b[01;36m\x1b[K^~~~~\x1b[m\x1b[K\n'}
[10.055646] (cartographer_ros) StderrLine: {'line': b'\x1b[01m\x1b[K/root/distr_slam_ws/src/cartographer_ros/cartographer_ros/src/node.cpp:1044:7:\x1b[m\x1b[K \x1b[01;31m\x1b[Kerror: \x1b[m\x1b[K\xe2\x80\x98\x1b[01m\x1b[Kredis\x1b[m\x1b[K\xe2\x80\x99 is not captured\n'}
[10.055733] (cartographer_ros) StderrLine: {'line': b' 1044 |       \x1b[01;31m\x1b[Kredis\x1b[m\x1b[K.hset(key_prefix, "tz", std::to_string(tf.transform.translation.z));\n'}
[10.055819] (cartographer_ros) StderrLine: {'line': b'      |       \x1b[01;31m\x1b[K^~~~~\x1b[m\x1b[K\n'}
[10.055904] (cartographer_ros) StderrLine: {'line': b'\x1b[01m\x1b[K/root/distr_slam_ws/src/cartographer_ros/cartographer_ros/src/node.cpp:1037:34:\x1b[m\x1b[K \x1b[01;36m\x1b[Knote: \x1b[m\x1b[Kthe lambda has no capture-default\n'}
[10.055989] (cartographer_ros) StderrLine: {'line': b' 1037 |     auto save_transform = [&redis\x1b[01;36m\x1b[K]\x1b[m\x1b[K(const std::string& key_prefix,\n'}
[10.056073] (cartographer_ros) StderrLine: {'line': b'      |                                  \x1b[01;36m\x1b[K^\x1b[m\x1b[K\n'}
[10.056163] (cartographer_ros) StderrLine: {'line': b'\x1b[01m\x1b[K/root/distr_slam_ws/src/cartographer_ros/cartographer_ros/src/node.cpp:1037:29:\x1b[m\x1b[K \x1b[01;36m\x1b[Knote: \x1b[m\x1b[K\xe2\x80\x98\x1b[01m\x1b[K<typeprefixerror>redis\x1b[m\x1b[K\xe2\x80\x99 declared here\n'}
[10.056251] (cartographer_ros) StderrLine: {'line': b' 1037 |     auto save_transform = [&\x1b[01;36m\x1b[Kredis\x1b[m\x1b[K](const std::string& key_prefix,\n'}
[10.056338] (cartographer_ros) StderrLine: {'line': b'      |                             \x1b[01;36m\x1b[K^~~~~\x1b[m\x1b[K\n'}
[10.056438] (cartographer_ros) StderrLine: {'line': b'\x1b[01m\x1b[K/root/distr_slam_ws/src/cartographer_ros/cartographer_ros/src/node.cpp:1046:7:\x1b[m\x1b[K \x1b[01;31m\x1b[Kerror: \x1b[m\x1b[K\xe2\x80\x98\x1b[01m\x1b[Kredis\x1b[m\x1b[K\xe2\x80\x99 is not captured\n'}
[10.056529] (cartographer_ros) StderrLine: {'line': b' 1046 |       \x1b[01;31m\x1b[Kredis\x1b[m\x1b[K.hset(key_prefix, "qx", std::to_string(tf.transform.rotation.x));\n'}
[10.056616] (cartographer_ros) StderrLine: {'line': b'      |       \x1b[01;31m\x1b[K^~~~~\x1b[m\x1b[K\n'}
[10.056700] (cartographer_ros) StderrLine: {'line': b'\x1b[01m\x1b[K/root/distr_slam_ws/src/cartographer_ros/cartographer_ros/src/node.cpp:1037:34:\x1b[m\x1b[K \x1b[01;36m\x1b[Knote: \x1b[m\x1b[Kthe lambda has no capture-default\n'}
[10.056786] (cartographer_ros) StderrLine: {'line': b' 1037 |     auto save_transform = [&redis\x1b[01;36m\x1b[K]\x1b[m\x1b[K(const std::string& key_prefix,\n'}
[10.056871] (cartographer_ros) StderrLine: {'line': b'      |                                  \x1b[01;36m\x1b[K^\x1b[m\x1b[K\n'}
[10.056957] (cartographer_ros) StderrLine: {'line': b'\x1b[01m\x1b[K/root/distr_slam_ws/src/cartographer_ros/cartographer_ros/src/node.cpp:1037:29:\x1b[m\x1b[K \x1b[01;36m\x1b[Knote: \x1b[m\x1b[K\xe2\x80\x98\x1b[01m\x1b[K<typeprefixerror>redis\x1b[m\x1b[K\xe2\x80\x99 declared here\n'}
[10.057044] (cartographer_ros) StderrLine: {'line': b' 1037 |     auto save_transform = [&\x1b[01;36m\x1b[Kredis\x1b[m\x1b[K](const std::string& key_prefix,\n'}
[10.057129] (cartographer_ros) StderrLine: {'line': b'      |                             \x1b[01;36m\x1b[K^~~~~\x1b[m\x1b[K\n'}
[10.057215] (cartographer_ros) StderrLine: {'line': b'\x1b[01m\x1b[K/root/distr_slam_ws/src/cartographer_ros/cartographer_ros/src/node.cpp:1047:7:\x1b[m\x1b[K \x1b[01;31m\x1b[Kerror: \x1b[m\x1b[K\xe2\x80\x98\x1b[01m\x1b[Kredis\x1b[m\x1b[K\xe2\x80\x99 is not captured\n'}
[10.057310] (cartographer_ros) StderrLine: {'line': b' 1047 |       \x1b[01;31m\x1b[Kredis\x1b[m\x1b[K.hset(key_prefix, "qy", std::to_string(tf.transform.rotation.y));\n'}
[10.057415] (cartographer_ros) StderrLine: {'line': b'      |       \x1b[01;31m\x1b[K^~~~~\x1b[m\x1b[K\n'}
[10.057513] (cartographer_ros) StderrLine: {'line': b'\x1b[01m\x1b[K/root/distr_slam_ws/src/cartographer_ros/cartographer_ros/src/node.cpp:1037:34:\x1b[m\x1b[K \x1b[01;36m\x1b[Knote: \x1b[m\x1b[Kthe lambda has no capture-default\n'}
[10.057600] (cartographer_ros) StderrLine: {'line': b' 1037 |     auto save_transform = [&redis\x1b[01;36m\x1b[K]\x1b[m\x1b[K(const std::string& key_prefix,\n'}
[10.057685] (cartographer_ros) StderrLine: {'line': b'      |                                  \x1b[01;36m\x1b[K^\x1b[m\x1b[K\n'}
[10.057770] (cartographer_ros) StderrLine: {'line': b'\x1b[01m\x1b[K/root/distr_slam_ws/src/cartographer_ros/cartographer_ros/src/node.cpp:1037:29:\x1b[m\x1b[K \x1b[01;36m\x1b[Knote: \x1b[m\x1b[K\xe2\x80\x98\x1b[01m\x1b[K<typeprefixerror>redis\x1b[m\x1b[K\xe2\x80\x99 declared here\n'}
[10.057857] (cartographer_ros) StderrLine: {'line': b' 1037 |     auto save_transform = [&\x1b[01;36m\x1b[Kredis\x1b[m\x1b[K](const std::string& key_prefix,\n'}
[10.057955] (cartographer_ros) StderrLine: {'line': b'      |                             \x1b[01;36m\x1b[K^~~~~\x1b[m\x1b[K\n'}
[10.058039] (cartographer_ros) StderrLine: {'line': b'\x1b[01m\x1b[K/root/distr_slam_ws/src/cartographer_ros/cartographer_ros/src/node.cpp:1048:7:\x1b[m\x1b[K \x1b[01;31m\x1b[Kerror: \x1b[m\x1b[K\xe2\x80\x98\x1b[01m\x1b[Kredis\x1b[m\x1b[K\xe2\x80\x99 is not captured\n'}
[10.058123] (cartographer_ros) StderrLine: {'line': b' 1048 |       \x1b[01;31m\x1b[Kredis\x1b[m\x1b[K.hset(key_prefix, "qz", std::to_string(tf.transform.rotation.z));\n'}
[10.058208] (cartographer_ros) StderrLine: {'line': b'      |       \x1b[01;31m\x1b[K^~~~~\x1b[m\x1b[K\n'}
[10.058291] (cartographer_ros) StderrLine: {'line': b'\x1b[01m\x1b[K/root/distr_slam_ws/src/cartographer_ros/cartographer_ros/src/node.cpp:1037:34:\x1b[m\x1b[K \x1b[01;36m\x1b[Knote: \x1b[m\x1b[Kthe lambda has no capture-default\n'}
[10.058384] (cartographer_ros) StderrLine: {'line': b' 1037 |     auto save_transform = [&redis\x1b[01;36m\x1b[K]\x1b[m\x1b[K(const std::string& key_prefix,\n'}
[10.058474] (cartographer_ros) StderrLine: {'line': b'      |                                  \x1b[01;36m\x1b[K^\x1b[m\x1b[K\n'}
[10.058557] (cartographer_ros) StderrLine: {'line': b'\x1b[01m\x1b[K/root/distr_slam_ws/src/cartographer_ros/cartographer_ros/src/node.cpp:1037:29:\x1b[m\x1b[K \x1b[01;36m\x1b[Knote: \x1b[m\x1b[K\xe2\x80\x98\x1b[01m\x1b[K<typeprefixerror>redis\x1b[m\x1b[K\xe2\x80\x99 declared here\n'}
[10.058641] (cartographer_ros) StderrLine: {'line': b' 1037 |     auto save_transform = [&\x1b[01;36m\x1b[Kredis\x1b[m\x1b[K](const std::string& key_prefix,\n'}
[10.058725] (cartographer_ros) StderrLine: {'line': b'      |                             \x1b[01;36m\x1b[K^~~~~\x1b[m\x1b[K\n'}
[10.058809] (cartographer_ros) StderrLine: {'line': b'\x1b[01m\x1b[K/root/distr_slam_ws/src/cartographer_ros/cartographer_ros/src/node.cpp:1049:7:\x1b[m\x1b[K \x1b[01;31m\x1b[Kerror: \x1b[m\x1b[K\xe2\x80\x98\x1b[01m\x1b[Kredis\x1b[m\x1b[K\xe2\x80\x99 is not captured\n'}
[10.058894] (cartographer_ros) StderrLine: {'line': b' 1049 |       \x1b[01;31m\x1b[Kredis\x1b[m\x1b[K.hset(key_prefix, "qw", std::to_string(tf.transform.rotation.w));\n'}
[10.058978] (cartographer_ros) StderrLine: {'line': b'      |       \x1b[01;31m\x1b[K^~~~~\x1b[m\x1b[K\n'}
[10.059062] (cartographer_ros) StderrLine: {'line': b'\x1b[01m\x1b[K/root/distr_slam_ws/src/cartographer_ros/cartographer_ros/src/node.cpp:1037:34:\x1b[m\x1b[K \x1b[01;36m\x1b[Knote: \x1b[m\x1b[Kthe lambda has no capture-default\n'}
[10.059146] (cartographer_ros) StderrLine: {'line': b' 1037 |     auto save_transform = [&redis\x1b[01;36m\x1b[K]\x1b[m\x1b[K(const std::string& key_prefix,\n'}
[10.059235] (cartographer_ros) StderrLine: {'line': b'      |                                  \x1b[01;36m\x1b[K^\x1b[m\x1b[K\n'}
[10.059317] (cartographer_ros) StderrLine: {'line': b'\x1b[01m\x1b[K/root/distr_slam_ws/src/cartographer_ros/cartographer_ros/src/node.cpp:1037:29:\x1b[m\x1b[K \x1b[01;36m\x1b[Knote: \x1b[m\x1b[K\xe2\x80\x98\x1b[01m\x1b[K<typeprefixerror>redis\x1b[m\x1b[K\xe2\x80\x99 declared here\n'}
[10.059419] (cartographer_ros) StderrLine: {'line': b' 1037 |     auto save_transform = [&\x1b[01;36m\x1b[Kredis\x1b[m\x1b[K](const std::string& key_prefix,\n'}
[10.059506] (cartographer_ros) StderrLine: {'line': b'      |                             \x1b[01;36m\x1b[K^~~~~\x1b[m\x1b[K\n'}
[10.072899] (cartographer_ros) StderrLine: {'line': b'\x1b[01m\x1b[K/root/distr_slam_ws/src/cartographer_ros/cartographer_ros/src/node.cpp:\x1b[m\x1b[K In member function \xe2\x80\x98\x1b[01m\x1b[Kbool cartographer_ros::Node::\x1b[01;32m\x1b[KSaveCurrentPoseToRedis\x1b[m\x1b[K()\x1b[m\x1b[K\xe2\x80\x99:\n'}
[10.073114] (cartographer_ros) StderrLine: {'line': b'\x1b[01m\x1b[K/root/distr_slam_ws/src/cartographer_ros/cartographer_ros/src/node.cpp:1060:11:\x1b[m\x1b[K \x1b[01;31m\x1b[Kerror: \x1b[m\x1b[K\xe2\x80\x98\x1b[01m\x1b[Knode_handle_\x1b[m\x1b[K\xe2\x80\x99 was not declared in this scope\n'}
[10.073213] (cartographer_ros) StderrLine: {'line': b' 1060 |           \x1b[01;31m\x1b[Knode_handle_\x1b[m\x1b[K->get_logger(),\n'}
[10.073302] (cartographer_ros) StderrLine: {'line': b'      |           \x1b[01;31m\x1b[K^~~~~~~~~~~~\x1b[m\x1b[K\n'}
[10.073407] (cartographer_ros) StderrLine: {'line': b'\x1b[01m\x1b[K/root/distr_slam_ws/src/cartographer_ros/cartographer_ros/src/node.cpp:1059:7:\x1b[m\x1b[K \x1b[01;31m\x1b[Kerror: \x1b[m\x1b[Ktemplate argument 1 is invalid\n'}
[10.073500] (cartographer_ros) StderrLine: {'line': b' 1059 |       \x1b[01;31m\x1b[KRCLCPP_WARN\x1b[m\x1b[K(\n'}
[10.073586] (cartographer_ros) StderrLine: {'line': b'      |       \x1b[01;31m\x1b[K^~~~~~~~~~~\x1b[m\x1b[K\n'}
[10.094429] (cartographer_ros) StderrLine: {'line': b'\x1b[01m\x1b[K/root/distr_slam_ws/src/cartographer_ros/cartographer_ros/src/node.cpp:1068:11:\x1b[m\x1b[K \x1b[01;31m\x1b[Kerror: \x1b[m\x1b[K\xe2\x80\x98\x1b[01m\x1b[Knode_handle_\x1b[m\x1b[K\xe2\x80\x99 was not declared in this scope\n'}
[10.094645] (cartographer_ros) StderrLine: {'line': b' 1068 |           \x1b[01;31m\x1b[Knode_handle_\x1b[m\x1b[K->get_logger(),\n'}
[10.094743] (cartographer_ros) StderrLine: {'line': b'      |           \x1b[01;31m\x1b[K^~~~~~~~~~~~\x1b[m\x1b[K\n'}
[10.094832] (cartographer_ros) StderrLine: {'line': b'\x1b[01m\x1b[K/root/distr_slam_ws/src/cartographer_ros/cartographer_ros/src/node.cpp:1067:7:\x1b[m\x1b[K \x1b[01;31m\x1b[Kerror: \x1b[m\x1b[Ktemplate argument 1 is invalid\n'}
[10.094921] (cartographer_ros) StderrLine: {'line': b' 1067 |       \x1b[01;31m\x1b[KRCLCPP_WARN\x1b[m\x1b[K(\n'}
[10.095007] (cartographer_ros) StderrLine: {'line': b'      |       \x1b[01;31m\x1b[K^~~~~~~~~~~\x1b[m\x1b[K\n'}
[10.115702] (cartographer_ros) StderrLine: {'line': b'\x1b[01m\x1b[K/root/distr_slam_ws/src/cartographer_ros/cartographer_ros/src/node.cpp:1073:9:\x1b[m\x1b[K \x1b[01;31m\x1b[Kerror: \x1b[m\x1b[K\xe2\x80\x98\x1b[01m\x1b[Knode_handle_\x1b[m\x1b[K\xe2\x80\x99 was not declared in this scope\n'}
[10.115916] (cartographer_ros) StderrLine: {'line': b' 1073 |         \x1b[01;31m\x1b[Knode_handle_\x1b[m\x1b[K->get_logger(),\n'}
[10.116013] (cartographer_ros) StderrLine: {'line': b'      |         \x1b[01;31m\x1b[K^~~~~~~~~~~~\x1b[m\x1b[K\n'}
[10.116119] (cartographer_ros) StderrLine: {'line': b'\x1b[01m\x1b[K/root/distr_slam_ws/src/cartographer_ros/cartographer_ros/src/node.cpp:1072:5:\x1b[m\x1b[K \x1b[01;31m\x1b[Kerror: \x1b[m\x1b[Ktemplate argument 1 is invalid\n'}
[10.116214] (cartographer_ros) StderrLine: {'line': b' 1072 |     \x1b[01;31m\x1b[KRCLCPP_INFO\x1b[m\x1b[K(\n'}
[10.116299] (cartographer_ros) StderrLine: {'line': b'      |     \x1b[01;31m\x1b[K^~~~~~~~~~~\x1b[m\x1b[K\n'}
[10.136933] (cartographer_ros) StderrLine: {'line': b'\x1b[01m\x1b[K/root/distr_slam_ws/src/cartographer_ros/cartographer_ros/src/node.cpp:1082:9:\x1b[m\x1b[K \x1b[01;31m\x1b[Kerror: \x1b[m\x1b[K\xe2\x80\x98\x1b[01m\x1b[Knode_handle_\x1b[m\x1b[K\xe2\x80\x99 was not declared in this scope\n'}
[10.137156] (cartographer_ros) StderrLine: {'line': b' 1082 |         \x1b[01;31m\x1b[Knode_handle_\x1b[m\x1b[K->get_logger(),\n'}
[10.137252] (cartographer_ros) StderrLine: {'line': b'      |         \x1b[01;31m\x1b[K^~~~~~~~~~~~\x1b[m\x1b[K\n'}
[10.137339] (cartographer_ros) StderrLine: {'line': b'\x1b[01m\x1b[K/root/distr_slam_ws/src/cartographer_ros/cartographer_ros/src/node.cpp:1081:5:\x1b[m\x1b[K \x1b[01;31m\x1b[Kerror: \x1b[m\x1b[Ktemplate argument 1 is invalid\n'}
[10.137449] (cartographer_ros) StderrLine: {'line': b' 1081 |     \x1b[01;31m\x1b[KRCLCPP_ERROR\x1b[m\x1b[K(\n'}
[10.137537] (cartographer_ros) StderrLine: {'line': b'      |     \x1b[01;31m\x1b[K^~~~~~~~~~~~\x1b[m\x1b[K\n'}
[10.138167] (-) TimerEvent: {}
[10.162191] (cartographer_ros) StderrLine: {'line': b'\x1b[01m\x1b[K/root/distr_slam_ws/src/cartographer_ros/cartographer_ros/src/node.cpp:\x1b[m\x1b[K In member function \xe2\x80\x98\x1b[01m\x1b[Kbool cartographer_ros::Node::\x1b[01;32m\x1b[KLookupTransformWithRetry\x1b[m\x1b[K(const std::string&, const std::string&, geometry_msgs::msg::TransformStamped*, int, int)\x1b[m\x1b[K\xe2\x80\x99:\n'}
[10.162425] (cartographer_ros) StderrLine: {'line': b'\x1b[01m\x1b[K/root/distr_slam_ws/src/cartographer_ros/cartographer_ros/src/node.cpp:1262:11:\x1b[m\x1b[K \x1b[01;31m\x1b[Kerror: \x1b[m\x1b[K\xe2\x80\x98\x1b[01m\x1b[Knode_handle_\x1b[m\x1b[K\xe2\x80\x99 was not declared in this scope\n'}
[10.162532] (cartographer_ros) StderrLine: {'line': b' 1262 |           \x1b[01;31m\x1b[Knode_handle_\x1b[m\x1b[K->get_logger(),\n'}
[10.162622] (cartographer_ros) StderrLine: {'line': b'      |           \x1b[01;31m\x1b[K^~~~~~~~~~~~\x1b[m\x1b[K\n'}
[10.162708] (cartographer_ros) StderrLine: {'line': b'\x1b[01m\x1b[K/root/distr_slam_ws/src/cartographer_ros/cartographer_ros/src/node.cpp:1261:7:\x1b[m\x1b[K \x1b[01;31m\x1b[Kerror: \x1b[m\x1b[Ktemplate argument 1 is invalid\n'}
[10.162792] (cartographer_ros) StderrLine: {'line': b' 1261 |       \x1b[01;31m\x1b[KRCLCPP_WARN\x1b[m\x1b[K(\n'}
[10.162875] (cartographer_ros) StderrLine: {'line': b'      |       \x1b[01;31m\x1b[K^~~~~~~~~~~\x1b[m\x1b[K\n'}
[10.238337] (-) TimerEvent: {}
[10.338686] (-) TimerEvent: {}
[10.439014] (-) TimerEvent: {}
[10.539325] (-) TimerEvent: {}
[10.639654] (-) TimerEvent: {}
[10.739990] (-) TimerEvent: {}
[10.840320] (-) TimerEvent: {}
[10.940691] (-) TimerEvent: {}
[11.041013] (-) TimerEvent: {}
[11.141324] (-) TimerEvent: {}
[11.241667] (-) TimerEvent: {}
[11.341993] (-) TimerEvent: {}
[11.442323] (-) TimerEvent: {}
[11.542684] (-) TimerEvent: {}
[11.643029] (-) TimerEvent: {}
[11.743397] (-) TimerEvent: {}
[11.843707] (-) TimerEvent: {}
[11.944062] (-) TimerEvent: {}
[12.044436] (-) TimerEvent: {}
[12.144787] (-) TimerEvent: {}
[12.245111] (-) TimerEvent: {}
[12.345442] (-) TimerEvent: {}
[12.445756] (-) TimerEvent: {}
[12.546084] (-) TimerEvent: {}
[12.646413] (-) TimerEvent: {}
[12.746730] (-) TimerEvent: {}
[12.847047] (-) TimerEvent: {}
[12.947383] (-) TimerEvent: {}
[13.047707] (-) TimerEvent: {}
[13.148037] (-) TimerEvent: {}
[13.248370] (-) TimerEvent: {}
[13.348696] (-) TimerEvent: {}
[13.449024] (-) TimerEvent: {}
[13.549343] (-) TimerEvent: {}
[13.649660] (-) TimerEvent: {}
[13.749979] (-) TimerEvent: {}
[13.850292] (-) TimerEvent: {}
[13.950629] (-) TimerEvent: {}
[14.050967] (-) TimerEvent: {}
[14.151295] (-) TimerEvent: {}
[14.251631] (-) TimerEvent: {}
[14.351947] (-) TimerEvent: {}
[14.452284] (-) TimerEvent: {}
[14.552612] (-) TimerEvent: {}
[14.652919] (-) TimerEvent: {}
[14.753229] (-) TimerEvent: {}
[14.853458] (-) TimerEvent: {}
[14.953762] (-) TimerEvent: {}
[15.054077] (-) TimerEvent: {}
[15.154405] (-) TimerEvent: {}
[15.254718] (-) TimerEvent: {}
[15.355034] (-) TimerEvent: {}
[15.455343] (-) TimerEvent: {}
[15.555685] (-) TimerEvent: {}
[15.656003] (-) TimerEvent: {}
[15.756323] (-) TimerEvent: {}
[15.856686] (-) TimerEvent: {}
[15.957247] (-) TimerEvent: {}
[16.057588] (-) TimerEvent: {}
[16.157905] (-) TimerEvent: {}
[16.258217] (-) TimerEvent: {}
[16.358543] (-) TimerEvent: {}
[16.458855] (-) TimerEvent: {}
[16.559172] (-) TimerEvent: {}
[16.659456] (-) TimerEvent: {}
[16.759769] (-) TimerEvent: {}
[16.860088] (-) TimerEvent: {}
[16.960413] (-) TimerEvent: {}
[17.060749] (-) TimerEvent: {}
[17.161066] (-) TimerEvent: {}
[17.261399] (-) TimerEvent: {}
[17.361715] (-) TimerEvent: {}
[17.462041] (-) TimerEvent: {}
[17.562378] (-) TimerEvent: {}
[17.662691] (-) TimerEvent: {}
[17.763006] (-) TimerEvent: {}
[17.863330] (-) TimerEvent: {}
[17.963671] (-) TimerEvent: {}
[18.063994] (-) TimerEvent: {}
[18.164315] (-) TimerEvent: {}
[18.264653] (-) TimerEvent: {}
[18.364968] (-) TimerEvent: {}
[18.465280] (-) TimerEvent: {}
[18.565618] (-) TimerEvent: {}
[18.665980] (-) TimerEvent: {}
[18.766295] (-) TimerEvent: {}
[18.866628] (-) TimerEvent: {}
[18.966943] (-) TimerEvent: {}
[19.067303] (-) TimerEvent: {}
[19.167723] (-) TimerEvent: {}
[19.268087] (-) TimerEvent: {}
[19.368430] (-) TimerEvent: {}
[19.468747] (-) TimerEvent: {}
[19.569089] (-) TimerEvent: {}
[19.669434] (-) TimerEvent: {}
[19.769767] (-) TimerEvent: {}
[19.870107] (-) TimerEvent: {}
[19.970445] (-) TimerEvent: {}
[20.070789] (-) TimerEvent: {}
[20.171134] (-) TimerEvent: {}
[20.271475] (-) TimerEvent: {}
[20.371798] (-) TimerEvent: {}
[20.472124] (-) TimerEvent: {}
[20.572473] (-) TimerEvent: {}
[20.672796] (-) TimerEvent: {}
[20.773196] (-) TimerEvent: {}
[20.873603] (-) TimerEvent: {}
[20.973999] (-) TimerEvent: {}
[21.074411] (-) TimerEvent: {}
[21.174800] (-) TimerEvent: {}
[21.275190] (-) TimerEvent: {}
[21.375552] (-) TimerEvent: {}
[21.475873] (-) TimerEvent: {}
[21.576188] (-) TimerEvent: {}
[21.676481] (-) TimerEvent: {}
[21.776800] (-) TimerEvent: {}
[21.877114] (-) TimerEvent: {}
[21.977422] (-) TimerEvent: {}
[22.077734] (-) TimerEvent: {}
[22.178049] (-) TimerEvent: {}
[22.278381] (-) TimerEvent: {}
[22.378725] (-) TimerEvent: {}
[22.479039] (-) TimerEvent: {}
[22.579378] (-) TimerEvent: {}
[22.679687] (-) TimerEvent: {}
[22.779999] (-) TimerEvent: {}
[22.880322] (-) TimerEvent: {}
[22.980679] (-) TimerEvent: {}
[23.081020] (-) TimerEvent: {}
[23.181382] (-) TimerEvent: {}
[23.281756] (-) TimerEvent: {}
[23.382165] (-) TimerEvent: {}
[23.482481] (-) TimerEvent: {}
[23.582809] (-) TimerEvent: {}
[23.683175] (-) TimerEvent: {}
[23.783516] (-) TimerEvent: {}
[23.883832] (-) TimerEvent: {}
[23.984126] (-) TimerEvent: {}
[24.084478] (-) TimerEvent: {}
[24.184818] (-) TimerEvent: {}
[24.285152] (-) TimerEvent: {}
[24.385479] (-) TimerEvent: {}
[24.485835] (-) TimerEvent: {}
[24.586179] (-) TimerEvent: {}
[24.686568] (-) TimerEvent: {}
[24.786871] (-) TimerEvent: {}
[24.887179] (-) TimerEvent: {}
[24.987503] (-) TimerEvent: {}
[25.087815] (-) TimerEvent: {}
[25.188116] (-) TimerEvent: {}
[25.288424] (-) TimerEvent: {}
[25.388747] (-) TimerEvent: {}
[25.454870] (cartographer_ros) StderrLine: {'line': b'\x1b[01m\x1b[K/root/distr_slam_ws/src/cartographer_ros/cartographer_ros/src/node.cpp:\x1b[m\x1b[K At global scope:\n'}
[25.455117] (cartographer_ros) StderrLine: {'line': b'\x1b[01m\x1b[K/root/distr_slam_ws/src/cartographer_ros/cartographer_ros/src/node.cpp:108:5:\x1b[m\x1b[K \x1b[01;35m\x1b[Kwarning: \x1b[m\x1b[K\xe2\x80\x98\x1b[01m\x1b[Kint cartographer_ros::{anonymous}::\x1b[01;32m\x1b[KFindReferenceTrajectoryId\x1b[m\x1b[K(const std::map<int, cartographer::mapping::PoseGraphInterface::TrajectoryState>&)\x1b[m\x1b[K\xe2\x80\x99 defined but not used [\x1b[01;35m\x1b[K-Wunused-function\x1b[m\x1b[K]\n'}
[25.455259] (cartographer_ros) StderrLine: {'line': b'  108 | int \x1b[01;35m\x1b[KFindReferenceTrajectoryId\x1b[m\x1b[K(\n'}
[25.455395] (cartographer_ros) StderrLine: {'line': b'      |     \x1b[01;35m\x1b[K^~~~~~~~~~~~~~~~~~~~~~~~~\x1b[m\x1b[K\n'}
[25.488892] (-) TimerEvent: {}
[25.589216] (-) TimerEvent: {}
[25.608752] (cartographer_ros) StderrLine: {'line': b'gmake[2]: *** [CMakeFiles/cartographer_ros.dir/build.make:132: CMakeFiles/cartographer_ros.dir/src/node.cpp.o] Error 1\n'}
[25.609305] (cartographer_ros) StderrLine: {'line': b'gmake[1]: *** [CMakeFiles/Makefile2:151: CMakeFiles/cartographer_ros.dir/all] Error 2\n'}
[25.609546] (cartographer_ros) StderrLine: {'line': b'gmake: *** [Makefile:146: all] Error 2\n'}
[25.611994] (cartographer_ros) CommandEnded: {'returncode': 2}
[25.621630] (cartographer_ros) JobEnded: {'identifier': 'cartographer_ros', 'rc': 2}
[25.632151] (cartographer_rviz) JobSkipped: {'identifier': 'cartographer_rviz'}
[25.632222] (-) EventReactorShutdown: {}
