[0.005s] Invoking command in '/root/distr_slam_ws/build/cartographer_ros_msgs': CMAKE_PREFIX_PATH=${CMAKE_PREFIX_PATH}:/opt/ros/jazzy /usr/bin/cmake --build /root/distr_slam_ws/build/cartographer_ros_msgs -- -j24 -l24
[0.054s] [  0%] Built target cartographer_ros_msgs__rs
[0.055s] [  1%] Built target cartographer_ros_msgs__rosidl_generator_type_description
[0.066s] [  1%] Built target cartographer_ros_msgs__cpp
[0.067s] [  1%] Built target ament_cmake_python_copy_cartographer_ros_msgs
[0.076s] [ 29%] Built target cartographer_ros_msgs__rosidl_generator_c
[0.097s] [ 39%] Built target cartographer_ros_msgs__rosidl_typesupport_c
[0.101s] [ 48%] Built target cartographer_ros_msgs__rosidl_typesupport_cpp
[0.101s] [ 58%] Built target cartographer_ros_msgs__rosidl_typesupport_introspection_cpp
[0.105s] [ 68%] Built target cartographer_ros_msgs__rosidl_typesupport_introspection_c
[0.110s] [ 78%] Built target cartographer_ros_msgs__rosidl_typesupport_fastrtps_cpp
[0.111s] [ 88%] Built target cartographer_ros_msgs__rosidl_typesupport_fastrtps_c
[0.123s] [ 88%] Built target cartographer_ros_msgs
[0.141s] [ 88%] Built target cartographer_ros_msgs__py
[0.162s] [ 97%] Built target cartographer_ros_msgs__rosidl_generator_py
[0.179s] [100%] Built target cartographer_ros_msgs_s__rosidl_typesupport_introspection_c
[0.179s] [100%] Built target cartographer_ros_msgs_s__rosidl_typesupport_fastrtps_c
[0.179s] [100%] Built target cartographer_ros_msgs_s__rosidl_typesupport_c
[0.190s] running egg_info
[0.197s] writing cartographer_ros_msgs.egg-info/PKG-INFO
[0.197s] writing dependency_links to cartographer_ros_msgs.egg-info/dependency_links.txt
[0.197s] writing top-level names to cartographer_ros_msgs.egg-info/top_level.txt
[0.219s] reading manifest file 'cartographer_ros_msgs.egg-info/SOURCES.txt'
[0.219s] writing manifest file 'cartographer_ros_msgs.egg-info/SOURCES.txt'
[0.244s] [100%] Built target ament_cmake_python_build_cartographer_ros_msgs_egg
[0.262s] Invoked command in '/root/distr_slam_ws/build/cartographer_ros_msgs' returned '0': CMAKE_PREFIX_PATH=${CMAKE_PREFIX_PATH}:/opt/ros/jazzy /usr/bin/cmake --build /root/distr_slam_ws/build/cartographer_ros_msgs -- -j24 -l24
[0.276s] Invoking command in '/root/distr_slam_ws/build/cartographer_ros_msgs': CMAKE_PREFIX_PATH=${CMAKE_PREFIX_PATH}:/opt/ros/jazzy /usr/bin/cmake --install /root/distr_slam_ws/build/cartographer_ros_msgs
[0.285s] -- Install configuration: ""
[0.285s] -- Up-to-date: /root/distr_slam_ws/install/cartographer_ros_msgs/share/ament_index/resource_index/rosidl_interfaces/cartographer_ros_msgs
[0.285s] -- Up-to-date: /root/distr_slam_ws/install/cartographer_ros_msgs/share/cartographer_ros_msgs/msg/BagfileProgress.json
[0.285s] -- Up-to-date: /root/distr_slam_ws/install/cartographer_ros_msgs/share/cartographer_ros_msgs/msg/HistogramBucket.json
[0.285s] -- Up-to-date: /root/distr_slam_ws/install/cartographer_ros_msgs/share/cartographer_ros_msgs/msg/LandmarkEntry.json
[0.285s] -- Up-to-date: /root/distr_slam_ws/install/cartographer_ros_msgs/share/cartographer_ros_msgs/msg/LandmarkList.json
[0.285s] -- Up-to-date: /root/distr_slam_ws/install/cartographer_ros_msgs/share/cartographer_ros_msgs/msg/MetricFamily.json
[0.285s] -- Up-to-date: /root/distr_slam_ws/install/cartographer_ros_msgs/share/cartographer_ros_msgs/msg/MetricLabel.json
[0.285s] -- Up-to-date: /root/distr_slam_ws/install/cartographer_ros_msgs/share/cartographer_ros_msgs/msg/Metric.json
[0.286s] -- Up-to-date: /root/distr_slam_ws/install/cartographer_ros_msgs/share/cartographer_ros_msgs/msg/StatusCode.json
[0.286s] -- Up-to-date: /root/distr_slam_ws/install/cartographer_ros_msgs/share/cartographer_ros_msgs/msg/StatusResponse.json
[0.286s] -- Up-to-date: /root/distr_slam_ws/install/cartographer_ros_msgs/share/cartographer_ros_msgs/msg/SubmapEntry.json
[0.286s] -- Up-to-date: /root/distr_slam_ws/install/cartographer_ros_msgs/share/cartographer_ros_msgs/msg/SubmapList.json
[0.286s] -- Up-to-date: /root/distr_slam_ws/install/cartographer_ros_msgs/share/cartographer_ros_msgs/msg/SubmapTexture.json
[0.286s] -- Up-to-date: /root/distr_slam_ws/install/cartographer_ros_msgs/share/cartographer_ros_msgs/msg/TrajectoryStates.json
[0.286s] -- Up-to-date: /root/distr_slam_ws/install/cartographer_ros_msgs/share/cartographer_ros_msgs/srv/FinishTrajectory.json
[0.286s] -- Up-to-date: /root/distr_slam_ws/install/cartographer_ros_msgs/share/cartographer_ros_msgs/srv/GetTrajectoryStates.json
[0.286s] -- Up-to-date: /root/distr_slam_ws/install/cartographer_ros_msgs/share/cartographer_ros_msgs/srv/ReadMetrics.json
[0.286s] -- Up-to-date: /root/distr_slam_ws/install/cartographer_ros_msgs/share/cartographer_ros_msgs/srv/StartTrajectory.json
[0.286s] -- Up-to-date: /root/distr_slam_ws/install/cartographer_ros_msgs/share/cartographer_ros_msgs/srv/TrajectoryQuery.json
[0.286s] -- Up-to-date: /root/distr_slam_ws/install/cartographer_ros_msgs/share/cartographer_ros_msgs/srv/SubmapQuery.json
[0.286s] -- Up-to-date: /root/distr_slam_ws/install/cartographer_ros_msgs/share/cartographer_ros_msgs/srv/WriteState.json
[0.286s] -- Up-to-date: /root/distr_slam_ws/install/cartographer_ros_msgs/share/cartographer_ros_msgs/srv/GetSlamState.json
[0.286s] -- Up-to-date: /root/distr_slam_ws/install/cartographer_ros_msgs/share/cartographer_ros_msgs/srv/SetSlamState.json
[0.286s] -- Up-to-date: /root/distr_slam_ws/install/cartographer_ros_msgs/include/cartographer_ros_msgs/cartographer_ros_msgs
[0.286s] -- Up-to-date: /root/distr_slam_ws/install/cartographer_ros_msgs/include/cartographer_ros_msgs/cartographer_ros_msgs/srv
[0.286s] -- Up-to-date: /root/distr_slam_ws/install/cartographer_ros_msgs/include/cartographer_ros_msgs/cartographer_ros_msgs/srv/get_trajectory_states.h
[0.286s] -- Up-to-date: /root/distr_slam_ws/install/cartographer_ros_msgs/include/cartographer_ros_msgs/cartographer_ros_msgs/srv/set_slam_state.h
[0.287s] -- Up-to-date: /root/distr_slam_ws/install/cartographer_ros_msgs/include/cartographer_ros_msgs/cartographer_ros_msgs/srv/trajectory_query.h
[0.287s] -- Up-to-date: /root/distr_slam_ws/install/cartographer_ros_msgs/include/cartographer_ros_msgs/cartographer_ros_msgs/srv/get_slam_state.h
[0.287s] -- Up-to-date: /root/distr_slam_ws/install/cartographer_ros_msgs/include/cartographer_ros_msgs/cartographer_ros_msgs/srv/finish_trajectory.h
[0.287s] -- Up-to-date: /root/distr_slam_ws/install/cartographer_ros_msgs/include/cartographer_ros_msgs/cartographer_ros_msgs/srv/submap_query.h
[0.287s] -- Up-to-date: /root/distr_slam_ws/install/cartographer_ros_msgs/include/cartographer_ros_msgs/cartographer_ros_msgs/srv/read_metrics.h
[0.287s] -- Up-to-date: /root/distr_slam_ws/install/cartographer_ros_msgs/include/cartographer_ros_msgs/cartographer_ros_msgs/srv/start_trajectory.h
[0.287s] -- Up-to-date: /root/distr_slam_ws/install/cartographer_ros_msgs/include/cartographer_ros_msgs/cartographer_ros_msgs/srv/detail
[0.287s] -- Installing: /root/distr_slam_ws/install/cartographer_ros_msgs/include/cartographer_ros_msgs/cartographer_ros_msgs/srv/detail/get_trajectory_states__type_support.c
[0.287s] -- Up-to-date: /root/distr_slam_ws/install/cartographer_ros_msgs/include/cartographer_ros_msgs/cartographer_ros_msgs/srv/detail/start_trajectory__functions.h
[0.287s] -- Up-to-date: /root/distr_slam_ws/install/cartographer_ros_msgs/include/cartographer_ros_msgs/cartographer_ros_msgs/srv/detail/read_metrics__struct.h
[0.287s] -- Installing: /root/distr_slam_ws/install/cartographer_ros_msgs/include/cartographer_ros_msgs/cartographer_ros_msgs/srv/detail/trajectory_query__type_support.c
[0.287s] -- Installing: /root/distr_slam_ws/install/cartographer_ros_msgs/include/cartographer_ros_msgs/cartographer_ros_msgs/srv/detail/read_metrics__type_support.c
[0.287s] -- Up-to-date: /root/distr_slam_ws/install/cartographer_ros_msgs/include/cartographer_ros_msgs/cartographer_ros_msgs/srv/detail/finish_trajectory__struct.h
[0.287s] -- Up-to-date: /root/distr_slam_ws/install/cartographer_ros_msgs/include/cartographer_ros_msgs/cartographer_ros_msgs/srv/detail/write_state__functions.h
[0.287s] -- Up-to-date: /root/distr_slam_ws/install/cartographer_ros_msgs/include/cartographer_ros_msgs/cartographer_ros_msgs/srv/detail/read_metrics__functions.h
[0.287s] -- Up-to-date: /root/distr_slam_ws/install/cartographer_ros_msgs/include/cartographer_ros_msgs/cartographer_ros_msgs/srv/detail/read_metrics__functions.c
[0.287s] -- Up-to-date: /root/distr_slam_ws/install/cartographer_ros_msgs/include/cartographer_ros_msgs/cartographer_ros_msgs/srv/detail/start_trajectory__functions.c
[0.287s] -- Up-to-date: /root/distr_slam_ws/install/cartographer_ros_msgs/include/cartographer_ros_msgs/cartographer_ros_msgs/srv/detail/read_metrics__description.c
[0.287s] -- Up-to-date: /root/distr_slam_ws/install/cartographer_ros_msgs/include/cartographer_ros_msgs/cartographer_ros_msgs/srv/detail/get_slam_state__description.c
[0.288s] -- Up-to-date: /root/distr_slam_ws/install/cartographer_ros_msgs/include/cartographer_ros_msgs/cartographer_ros_msgs/srv/detail/read_metrics__type_support.h
[0.288s] -- Up-to-date: /root/distr_slam_ws/install/cartographer_ros_msgs/include/cartographer_ros_msgs/cartographer_ros_msgs/srv/detail/trajectory_query__struct.h
[0.288s] -- Up-to-date: /root/distr_slam_ws/install/cartographer_ros_msgs/include/cartographer_ros_msgs/cartographer_ros_msgs/srv/detail/trajectory_query__type_support.h
[0.288s] -- Up-to-date: /root/distr_slam_ws/install/cartographer_ros_msgs/include/cartographer_ros_msgs/cartographer_ros_msgs/srv/detail/set_slam_state__struct.h
[0.288s] -- Up-to-date: /root/distr_slam_ws/install/cartographer_ros_msgs/include/cartographer_ros_msgs/cartographer_ros_msgs/srv/detail/finish_trajectory__functions.h
[0.288s] -- Installing: /root/distr_slam_ws/install/cartographer_ros_msgs/include/cartographer_ros_msgs/cartographer_ros_msgs/srv/detail/submap_query__type_support.c
[0.288s] -- Up-to-date: /root/distr_slam_ws/install/cartographer_ros_msgs/include/cartographer_ros_msgs/cartographer_ros_msgs/srv/detail/get_slam_state__functions.c
[0.288s] -- Up-to-date: /root/distr_slam_ws/install/cartographer_ros_msgs/include/cartographer_ros_msgs/cartographer_ros_msgs/srv/detail/trajectory_query__functions.c
[0.288s] -- Up-to-date: /root/distr_slam_ws/install/cartographer_ros_msgs/include/cartographer_ros_msgs/cartographer_ros_msgs/srv/detail/write_state__description.c
[0.288s] -- Up-to-date: /root/distr_slam_ws/install/cartographer_ros_msgs/include/cartographer_ros_msgs/cartographer_ros_msgs/srv/detail/get_trajectory_states__description.c
[0.288s] -- Up-to-date: /root/distr_slam_ws/install/cartographer_ros_msgs/include/cartographer_ros_msgs/cartographer_ros_msgs/srv/detail/submap_query__functions.h
[0.288s] -- Up-to-date: /root/distr_slam_ws/install/cartographer_ros_msgs/include/cartographer_ros_msgs/cartographer_ros_msgs/srv/detail/write_state__functions.c
[0.291s] -- Up-to-date: /root/distr_slam_ws/install/cartographer_ros_msgs/include/cartographer_ros_msgs/cartographer_ros_msgs/srv/detail/finish_trajectory__functions.c
[0.291s] -- Up-to-date: /root/distr_slam_ws/install/cartographer_ros_msgs/include/cartographer_ros_msgs/cartographer_ros_msgs/srv/detail/get_trajectory_states__type_support.h
[0.291s] -- Up-to-date: /root/distr_slam_ws/install/cartographer_ros_msgs/include/cartographer_ros_msgs/cartographer_ros_msgs/srv/detail/submap_query__functions.c
[0.291s] -- Up-to-date: /root/distr_slam_ws/install/cartographer_ros_msgs/include/cartographer_ros_msgs/cartographer_ros_msgs/srv/detail/get_trajectory_states__struct.h
[0.291s] -- Up-to-date: /root/distr_slam_ws/install/cartographer_ros_msgs/include/cartographer_ros_msgs/cartographer_ros_msgs/srv/detail/get_slam_state__struct.h
[0.291s] -- Installing: /root/distr_slam_ws/install/cartographer_ros_msgs/include/cartographer_ros_msgs/cartographer_ros_msgs/srv/detail/write_state__type_support.c
[0.291s] -- Up-to-date: /root/distr_slam_ws/install/cartographer_ros_msgs/include/cartographer_ros_msgs/cartographer_ros_msgs/srv/detail/set_slam_state__functions.c
[0.292s] -- Up-to-date: /root/distr_slam_ws/install/cartographer_ros_msgs/include/cartographer_ros_msgs/cartographer_ros_msgs/srv/detail/write_state__struct.h
[0.292s] -- Up-to-date: /root/distr_slam_ws/install/cartographer_ros_msgs/include/cartographer_ros_msgs/cartographer_ros_msgs/srv/detail/set_slam_state__functions.h
[0.292s] -- Up-to-date: /root/distr_slam_ws/install/cartographer_ros_msgs/include/cartographer_ros_msgs/cartographer_ros_msgs/srv/detail/get_trajectory_states__functions.h
[0.292s] -- Installing: /root/distr_slam_ws/install/cartographer_ros_msgs/include/cartographer_ros_msgs/cartographer_ros_msgs/srv/detail/set_slam_state__type_support.c
[0.292s] -- Up-to-date: /root/distr_slam_ws/install/cartographer_ros_msgs/include/cartographer_ros_msgs/cartographer_ros_msgs/srv/detail/start_trajectory__type_support.h
[0.292s] -- Up-to-date: /root/distr_slam_ws/install/cartographer_ros_msgs/include/cartographer_ros_msgs/cartographer_ros_msgs/srv/detail/trajectory_query__functions.h
[0.292s] -- Up-to-date: /root/distr_slam_ws/install/cartographer_ros_msgs/include/cartographer_ros_msgs/cartographer_ros_msgs/srv/detail/write_state__type_support.h
[0.293s] -- Up-to-date: /root/distr_slam_ws/install/cartographer_ros_msgs/include/cartographer_ros_msgs/cartographer_ros_msgs/srv/detail/set_slam_state__type_support.h
[0.293s] -- Up-to-date: /root/distr_slam_ws/install/cartographer_ros_msgs/include/cartographer_ros_msgs/cartographer_ros_msgs/srv/detail/submap_query__type_support.h
[0.293s] -- Installing: /root/distr_slam_ws/install/cartographer_ros_msgs/include/cartographer_ros_msgs/cartographer_ros_msgs/srv/detail/start_trajectory__type_support.c
[0.293s] -- Up-to-date: /root/distr_slam_ws/install/cartographer_ros_msgs/include/cartographer_ros_msgs/cartographer_ros_msgs/srv/detail/trajectory_query__description.c
[0.293s] -- Up-to-date: /root/distr_slam_ws/install/cartographer_ros_msgs/include/cartographer_ros_msgs/cartographer_ros_msgs/srv/detail/submap_query__struct.h
[0.293s] -- Up-to-date: /root/distr_slam_ws/install/cartographer_ros_msgs/include/cartographer_ros_msgs/cartographer_ros_msgs/srv/detail/submap_query__description.c
[0.293s] -- Up-to-date: /root/distr_slam_ws/install/cartographer_ros_msgs/include/cartographer_ros_msgs/cartographer_ros_msgs/srv/detail/start_trajectory__description.c
[0.293s] -- Installing: /root/distr_slam_ws/install/cartographer_ros_msgs/include/cartographer_ros_msgs/cartographer_ros_msgs/srv/detail/finish_trajectory__type_support.c
[0.293s] -- Up-to-date: /root/distr_slam_ws/install/cartographer_ros_msgs/include/cartographer_ros_msgs/cartographer_ros_msgs/srv/detail/start_trajectory__struct.h
[0.293s] -- Up-to-date: /root/distr_slam_ws/install/cartographer_ros_msgs/include/cartographer_ros_msgs/cartographer_ros_msgs/srv/detail/get_trajectory_states__functions.c
[0.293s] -- Up-to-date: /root/distr_slam_ws/install/cartographer_ros_msgs/include/cartographer_ros_msgs/cartographer_ros_msgs/srv/detail/get_slam_state__type_support.h
[0.293s] -- Up-to-date: /root/distr_slam_ws/install/cartographer_ros_msgs/include/cartographer_ros_msgs/cartographer_ros_msgs/srv/detail/set_slam_state__description.c
[0.294s] -- Up-to-date: /root/distr_slam_ws/install/cartographer_ros_msgs/include/cartographer_ros_msgs/cartographer_ros_msgs/srv/detail/get_slam_state__functions.h
[0.294s] -- Up-to-date: /root/distr_slam_ws/install/cartographer_ros_msgs/include/cartographer_ros_msgs/cartographer_ros_msgs/srv/detail/finish_trajectory__type_support.h
[0.294s] -- Installing: /root/distr_slam_ws/install/cartographer_ros_msgs/include/cartographer_ros_msgs/cartographer_ros_msgs/srv/detail/get_slam_state__type_support.c
[0.294s] -- Up-to-date: /root/distr_slam_ws/install/cartographer_ros_msgs/include/cartographer_ros_msgs/cartographer_ros_msgs/srv/detail/finish_trajectory__description.c
[0.294s] -- Up-to-date: /root/distr_slam_ws/install/cartographer_ros_msgs/include/cartographer_ros_msgs/cartographer_ros_msgs/srv/write_state.h
[0.294s] -- Up-to-date: /root/distr_slam_ws/install/cartographer_ros_msgs/include/cartographer_ros_msgs/cartographer_ros_msgs/msg
[0.294s] -- Up-to-date: /root/distr_slam_ws/install/cartographer_ros_msgs/include/cartographer_ros_msgs/cartographer_ros_msgs/msg/rosidl_generator_c__visibility_control.h
[0.294s] -- Up-to-date: /root/distr_slam_ws/install/cartographer_ros_msgs/include/cartographer_ros_msgs/cartographer_ros_msgs/msg/metric.h
[0.294s] -- Up-to-date: /root/distr_slam_ws/install/cartographer_ros_msgs/include/cartographer_ros_msgs/cartographer_ros_msgs/msg/submap_list.h
[0.294s] -- Up-to-date: /root/distr_slam_ws/install/cartographer_ros_msgs/include/cartographer_ros_msgs/cartographer_ros_msgs/msg/bagfile_progress.h
[0.294s] -- Up-to-date: /root/distr_slam_ws/install/cartographer_ros_msgs/include/cartographer_ros_msgs/cartographer_ros_msgs/msg/submap_entry.h
[0.295s] -- Up-to-date: /root/distr_slam_ws/install/cartographer_ros_msgs/include/cartographer_ros_msgs/cartographer_ros_msgs/msg/landmark_entry.h
[0.295s] -- Up-to-date: /root/distr_slam_ws/install/cartographer_ros_msgs/include/cartographer_ros_msgs/cartographer_ros_msgs/msg/metric_label.h
[0.295s] -- Up-to-date: /root/distr_slam_ws/install/cartographer_ros_msgs/include/cartographer_ros_msgs/cartographer_ros_msgs/msg/submap_texture.h
[0.295s] -- Up-to-date: /root/distr_slam_ws/install/cartographer_ros_msgs/include/cartographer_ros_msgs/cartographer_ros_msgs/msg/trajectory_states.h
[0.295s] -- Up-to-date: /root/distr_slam_ws/install/cartographer_ros_msgs/include/cartographer_ros_msgs/cartographer_ros_msgs/msg/landmark_list.h
[0.295s] -- Up-to-date: /root/distr_slam_ws/install/cartographer_ros_msgs/include/cartographer_ros_msgs/cartographer_ros_msgs/msg/status_response.h
[0.303s] -- Up-to-date: /root/distr_slam_ws/install/cartographer_ros_msgs/include/cartographer_ros_msgs/cartographer_ros_msgs/msg/histogram_bucket.h
[0.304s] -- Up-to-date: /root/distr_slam_ws/install/cartographer_ros_msgs/include/cartographer_ros_msgs/cartographer_ros_msgs/msg/status_code.h
[0.304s] -- Up-to-date: /root/distr_slam_ws/install/cartographer_ros_msgs/include/cartographer_ros_msgs/cartographer_ros_msgs/msg/metric_family.h
[0.304s] -- Up-to-date: /root/distr_slam_ws/install/cartographer_ros_msgs/include/cartographer_ros_msgs/cartographer_ros_msgs/msg/detail
[0.304s] -- Up-to-date: /root/distr_slam_ws/install/cartographer_ros_msgs/include/cartographer_ros_msgs/cartographer_ros_msgs/msg/detail/bagfile_progress__struct.h
[0.304s] -- Installing: /root/distr_slam_ws/install/cartographer_ros_msgs/include/cartographer_ros_msgs/cartographer_ros_msgs/msg/detail/metric_family__type_support.c
[0.304s] -- Up-to-date: /root/distr_slam_ws/install/cartographer_ros_msgs/include/cartographer_ros_msgs/cartographer_ros_msgs/msg/detail/metric__functions.c
[0.305s] -- Up-to-date: /root/distr_slam_ws/install/cartographer_ros_msgs/include/cartographer_ros_msgs/cartographer_ros_msgs/msg/detail/status_response__type_support.h
[0.305s] -- Up-to-date: /root/distr_slam_ws/install/cartographer_ros_msgs/include/cartographer_ros_msgs/cartographer_ros_msgs/msg/detail/submap_texture__functions.c
[0.305s] -- Up-to-date: /root/distr_slam_ws/install/cartographer_ros_msgs/include/cartographer_ros_msgs/cartographer_ros_msgs/msg/detail/metric__struct.h
[0.305s] -- Installing: /root/distr_slam_ws/install/cartographer_ros_msgs/include/cartographer_ros_msgs/cartographer_ros_msgs/msg/detail/status_response__type_support.c
[0.305s] -- Up-to-date: /root/distr_slam_ws/install/cartographer_ros_msgs/include/cartographer_ros_msgs/cartographer_ros_msgs/msg/detail/submap_texture__struct.h
[0.305s] -- Up-to-date: /root/distr_slam_ws/install/cartographer_ros_msgs/include/cartographer_ros_msgs/cartographer_ros_msgs/msg/detail/status_response__struct.h
[0.305s] -- Installing: /root/distr_slam_ws/install/cartographer_ros_msgs/include/cartographer_ros_msgs/cartographer_ros_msgs/msg/detail/submap_texture__type_support.c
[0.305s] -- Up-to-date: /root/distr_slam_ws/install/cartographer_ros_msgs/include/cartographer_ros_msgs/cartographer_ros_msgs/msg/detail/landmark_entry__type_support.h
[0.305s] -- Up-to-date: /root/distr_slam_ws/install/cartographer_ros_msgs/include/cartographer_ros_msgs/cartographer_ros_msgs/msg/detail/histogram_bucket__type_support.h
[0.305s] -- Installing: /root/distr_slam_ws/install/cartographer_ros_msgs/include/cartographer_ros_msgs/cartographer_ros_msgs/msg/detail/landmark_list__type_support.c
[0.305s] -- Up-to-date: /root/distr_slam_ws/install/cartographer_ros_msgs/include/cartographer_ros_msgs/cartographer_ros_msgs/msg/detail/metric_label__description.c
[0.305s] -- Up-to-date: /root/distr_slam_ws/install/cartographer_ros_msgs/include/cartographer_ros_msgs/cartographer_ros_msgs/msg/detail/status_code__type_support.h
[0.305s] -- Up-to-date: /root/distr_slam_ws/install/cartographer_ros_msgs/include/cartographer_ros_msgs/cartographer_ros_msgs/msg/detail/landmark_list__functions.h
[0.305s] -- Up-to-date: /root/distr_slam_ws/install/cartographer_ros_msgs/include/cartographer_ros_msgs/cartographer_ros_msgs/msg/detail/landmark_entry__description.c
[0.305s] -- Up-to-date: /root/distr_slam_ws/install/cartographer_ros_msgs/include/cartographer_ros_msgs/cartographer_ros_msgs/msg/detail/status_response__functions.c
[0.306s] -- Up-to-date: /root/distr_slam_ws/install/cartographer_ros_msgs/include/cartographer_ros_msgs/cartographer_ros_msgs/msg/detail/metric_family__description.c
[0.306s] -- Up-to-date: /root/distr_slam_ws/install/cartographer_ros_msgs/include/cartographer_ros_msgs/cartographer_ros_msgs/msg/detail/metric__type_support.h
[0.306s] -- Up-to-date: /root/distr_slam_ws/install/cartographer_ros_msgs/include/cartographer_ros_msgs/cartographer_ros_msgs/msg/detail/metric_label__functions.h
[0.306s] -- Up-to-date: /root/distr_slam_ws/install/cartographer_ros_msgs/include/cartographer_ros_msgs/cartographer_ros_msgs/msg/detail/histogram_bucket__description.c
[0.306s] -- Installing: /root/distr_slam_ws/install/cartographer_ros_msgs/include/cartographer_ros_msgs/cartographer_ros_msgs/msg/detail/metric__type_support.c
[0.306s] -- Installing: /root/distr_slam_ws/install/cartographer_ros_msgs/include/cartographer_ros_msgs/cartographer_ros_msgs/msg/detail/bagfile_progress__type_support.c
[0.306s] -- Up-to-date: /root/distr_slam_ws/install/cartographer_ros_msgs/include/cartographer_ros_msgs/cartographer_ros_msgs/msg/detail/trajectory_states__type_support.h
[0.306s] -- Up-to-date: /root/distr_slam_ws/install/cartographer_ros_msgs/include/cartographer_ros_msgs/cartographer_ros_msgs/msg/detail/status_code__description.c
[0.306s] -- Up-to-date: /root/distr_slam_ws/install/cartographer_ros_msgs/include/cartographer_ros_msgs/cartographer_ros_msgs/msg/detail/submap_list__functions.h
[0.306s] -- Up-to-date: /root/distr_slam_ws/install/cartographer_ros_msgs/include/cartographer_ros_msgs/cartographer_ros_msgs/msg/detail/metric_label__functions.c
[0.306s] -- Up-to-date: /root/distr_slam_ws/install/cartographer_ros_msgs/include/cartographer_ros_msgs/cartographer_ros_msgs/msg/detail/bagfile_progress__functions.c
[0.306s] -- Up-to-date: /root/distr_slam_ws/install/cartographer_ros_msgs/include/cartographer_ros_msgs/cartographer_ros_msgs/msg/detail/landmark_entry__functions.c
[0.306s] -- Up-to-date: /root/distr_slam_ws/install/cartographer_ros_msgs/include/cartographer_ros_msgs/cartographer_ros_msgs/msg/detail/status_response__functions.h
[0.306s] -- Up-to-date: /root/distr_slam_ws/install/cartographer_ros_msgs/include/cartographer_ros_msgs/cartographer_ros_msgs/msg/detail/landmark_list__struct.h
[0.307s] -- Up-to-date: /root/distr_slam_ws/install/cartographer_ros_msgs/include/cartographer_ros_msgs/cartographer_ros_msgs/msg/detail/landmark_entry__functions.h
[0.307s] -- Up-to-date: /root/distr_slam_ws/install/cartographer_ros_msgs/include/cartographer_ros_msgs/cartographer_ros_msgs/msg/detail/status_code__functions.h
[0.307s] -- Up-to-date: /root/distr_slam_ws/install/cartographer_ros_msgs/include/cartographer_ros_msgs/cartographer_ros_msgs/msg/detail/metric_family__functions.c
[0.307s] -- Up-to-date: /root/distr_slam_ws/install/cartographer_ros_msgs/include/cartographer_ros_msgs/cartographer_ros_msgs/msg/detail/status_code__functions.c
[0.307s] -- Up-to-date: /root/distr_slam_ws/install/cartographer_ros_msgs/include/cartographer_ros_msgs/cartographer_ros_msgs/msg/detail/submap_entry__functions.c
[0.307s] -- Up-to-date: /root/distr_slam_ws/install/cartographer_ros_msgs/include/cartographer_ros_msgs/cartographer_ros_msgs/msg/detail/status_code__struct.h
[0.307s] -- Up-to-date: /root/distr_slam_ws/install/cartographer_ros_msgs/include/cartographer_ros_msgs/cartographer_ros_msgs/msg/detail/trajectory_states__functions.h
[0.307s] -- Up-to-date: /root/distr_slam_ws/install/cartographer_ros_msgs/include/cartographer_ros_msgs/cartographer_ros_msgs/msg/detail/landmark_list__description.c
[0.307s] -- Up-to-date: /root/distr_slam_ws/install/cartographer_ros_msgs/include/cartographer_ros_msgs/cartographer_ros_msgs/msg/detail/bagfile_progress__functions.h
[0.307s] -- Installing: /root/distr_slam_ws/install/cartographer_ros_msgs/include/cartographer_ros_msgs/cartographer_ros_msgs/msg/detail/histogram_bucket__type_support.c
[0.307s] -- Installing: /root/distr_slam_ws/install/cartographer_ros_msgs/include/cartographer_ros_msgs/cartographer_ros_msgs/msg/detail/metric_label__type_support.c
[0.307s] -- Installing: /root/distr_slam_ws/install/cartographer_ros_msgs/include/cartographer_ros_msgs/cartographer_ros_msgs/msg/detail/submap_list__type_support.c
[0.308s] -- Installing: /root/distr_slam_ws/install/cartographer_ros_msgs/include/cartographer_ros_msgs/cartographer_ros_msgs/msg/detail/status_code__type_support.c
[0.308s] -- Up-to-date: /root/distr_slam_ws/install/cartographer_ros_msgs/include/cartographer_ros_msgs/cartographer_ros_msgs/msg/detail/submap_texture__type_support.h
[0.308s] -- Up-to-date: /root/distr_slam_ws/install/cartographer_ros_msgs/include/cartographer_ros_msgs/cartographer_ros_msgs/msg/detail/submap_list__struct.h
[0.308s] -- Up-to-date: /root/distr_slam_ws/install/cartographer_ros_msgs/include/cartographer_ros_msgs/cartographer_ros_msgs/msg/detail/metric_family__functions.h
[0.308s] -- Up-to-date: /root/distr_slam_ws/install/cartographer_ros_msgs/include/cartographer_ros_msgs/cartographer_ros_msgs/msg/detail/submap_list__description.c
[0.308s] -- Up-to-date: /root/distr_slam_ws/install/cartographer_ros_msgs/include/cartographer_ros_msgs/cartographer_ros_msgs/msg/detail/metric__description.c
[0.308s] -- Up-to-date: /root/distr_slam_ws/install/cartographer_ros_msgs/include/cartographer_ros_msgs/cartographer_ros_msgs/msg/detail/submap_list__type_support.h
[0.308s] -- Up-to-date: /root/distr_slam_ws/install/cartographer_ros_msgs/include/cartographer_ros_msgs/cartographer_ros_msgs/msg/detail/submap_texture__description.c
[0.308s] -- Up-to-date: /root/distr_slam_ws/install/cartographer_ros_msgs/include/cartographer_ros_msgs/cartographer_ros_msgs/msg/detail/submap_list__functions.c
[0.308s] -- Up-to-date: /root/distr_slam_ws/install/cartographer_ros_msgs/include/cartographer_ros_msgs/cartographer_ros_msgs/msg/detail/bagfile_progress__description.c
[0.309s] -- Up-to-date: /root/distr_slam_ws/install/cartographer_ros_msgs/include/cartographer_ros_msgs/cartographer_ros_msgs/msg/detail/submap_entry__functions.h
[0.309s] -- Up-to-date: /root/distr_slam_ws/install/cartographer_ros_msgs/include/cartographer_ros_msgs/cartographer_ros_msgs/msg/detail/landmark_list__functions.c
[0.309s] -- Up-to-date: /root/distr_slam_ws/install/cartographer_ros_msgs/include/cartographer_ros_msgs/cartographer_ros_msgs/msg/detail/metric__functions.h
[0.309s] -- Up-to-date: /root/distr_slam_ws/install/cartographer_ros_msgs/include/cartographer_ros_msgs/cartographer_ros_msgs/msg/detail/bagfile_progress__type_support.h
[0.309s] -- Up-to-date: /root/distr_slam_ws/install/cartographer_ros_msgs/include/cartographer_ros_msgs/cartographer_ros_msgs/msg/detail/trajectory_states__functions.c
[0.309s] -- Up-to-date: /root/distr_slam_ws/install/cartographer_ros_msgs/include/cartographer_ros_msgs/cartographer_ros_msgs/msg/detail/trajectory_states__description.c
[0.309s] -- Installing: /root/distr_slam_ws/install/cartographer_ros_msgs/include/cartographer_ros_msgs/cartographer_ros_msgs/msg/detail/submap_entry__type_support.c
[0.309s] -- Installing: /root/distr_slam_ws/install/cartographer_ros_msgs/include/cartographer_ros_msgs/cartographer_ros_msgs/msg/detail/landmark_entry__type_support.c
[0.309s] -- Up-to-date: /root/distr_slam_ws/install/cartographer_ros_msgs/include/cartographer_ros_msgs/cartographer_ros_msgs/msg/detail/submap_texture__functions.h
[0.309s] -- Up-to-date: /root/distr_slam_ws/install/cartographer_ros_msgs/include/cartographer_ros_msgs/cartographer_ros_msgs/msg/detail/status_response__description.c
[0.309s] -- Up-to-date: /root/distr_slam_ws/install/cartographer_ros_msgs/include/cartographer_ros_msgs/cartographer_ros_msgs/msg/detail/trajectory_states__struct.h
[0.309s] -- Up-to-date: /root/distr_slam_ws/install/cartographer_ros_msgs/include/cartographer_ros_msgs/cartographer_ros_msgs/msg/detail/metric_family__struct.h
[0.309s] -- Installing: /root/distr_slam_ws/install/cartographer_ros_msgs/include/cartographer_ros_msgs/cartographer_ros_msgs/msg/detail/trajectory_states__type_support.c
[0.309s] -- Up-to-date: /root/distr_slam_ws/install/cartographer_ros_msgs/include/cartographer_ros_msgs/cartographer_ros_msgs/msg/detail/submap_entry__type_support.h
[0.309s] -- Up-to-date: /root/distr_slam_ws/install/cartographer_ros_msgs/include/cartographer_ros_msgs/cartographer_ros_msgs/msg/detail/metric_label__type_support.h
[0.309s] -- Up-to-date: /root/distr_slam_ws/install/cartographer_ros_msgs/include/cartographer_ros_msgs/cartographer_ros_msgs/msg/detail/submap_entry__struct.h
[0.310s] -- Up-to-date: /root/distr_slam_ws/install/cartographer_ros_msgs/include/cartographer_ros_msgs/cartographer_ros_msgs/msg/detail/histogram_bucket__functions.h
[0.310s] -- Up-to-date: /root/distr_slam_ws/install/cartographer_ros_msgs/include/cartographer_ros_msgs/cartographer_ros_msgs/msg/detail/metric_label__struct.h
[0.310s] -- Up-to-date: /root/distr_slam_ws/install/cartographer_ros_msgs/include/cartographer_ros_msgs/cartographer_ros_msgs/msg/detail/submap_entry__description.c
[0.310s] -- Up-to-date: /root/distr_slam_ws/install/cartographer_ros_msgs/include/cartographer_ros_msgs/cartographer_ros_msgs/msg/detail/landmark_list__type_support.h
[0.310s] -- Up-to-date: /root/distr_slam_ws/install/cartographer_ros_msgs/include/cartographer_ros_msgs/cartographer_ros_msgs/msg/detail/landmark_entry__struct.h
[0.310s] -- Up-to-date: /root/distr_slam_ws/install/cartographer_ros_msgs/include/cartographer_ros_msgs/cartographer_ros_msgs/msg/detail/metric_family__type_support.h
[0.310s] -- Up-to-date: /root/distr_slam_ws/install/cartographer_ros_msgs/include/cartographer_ros_msgs/cartographer_ros_msgs/msg/detail/histogram_bucket__struct.h
[0.310s] -- Up-to-date: /root/distr_slam_ws/install/cartographer_ros_msgs/include/cartographer_ros_msgs/cartographer_ros_msgs/msg/detail/histogram_bucket__functions.c
[0.310s] -- Up-to-date: /root/distr_slam_ws/install/cartographer_ros_msgs/share/cartographer_ros_msgs/environment/library_path.sh
[0.310s] -- Up-to-date: /root/distr_slam_ws/install/cartographer_ros_msgs/share/cartographer_ros_msgs/environment/library_path.dsv
[0.310s] -- Up-to-date: /root/distr_slam_ws/install/cartographer_ros_msgs/lib/libcartographer_ros_msgs__rosidl_generator_c.so
[0.310s] -- Up-to-date: /root/distr_slam_ws/install/cartographer_ros_msgs/include/cartographer_ros_msgs/cartographer_ros_msgs
[0.310s] -- Up-to-date: /root/distr_slam_ws/install/cartographer_ros_msgs/include/cartographer_ros_msgs/cartographer_ros_msgs/srv
[0.310s] -- Up-to-date: /root/distr_slam_ws/install/cartographer_ros_msgs/include/cartographer_ros_msgs/cartographer_ros_msgs/srv/detail
[0.310s] -- Up-to-date: /root/distr_slam_ws/install/cartographer_ros_msgs/include/cartographer_ros_msgs/cartographer_ros_msgs/srv/detail/trajectory_query__rosidl_typesupport_fastrtps_c.h
[0.310s] -- Up-to-date: /root/distr_slam_ws/install/cartographer_ros_msgs/include/cartographer_ros_msgs/cartographer_ros_msgs/srv/detail/finish_trajectory__rosidl_typesupport_fastrtps_c.h
[0.310s] -- Up-to-date: /root/distr_slam_ws/install/cartographer_ros_msgs/include/cartographer_ros_msgs/cartographer_ros_msgs/srv/detail/start_trajectory__rosidl_typesupport_fastrtps_c.h
[0.310s] -- Up-to-date: /root/distr_slam_ws/install/cartographer_ros_msgs/include/cartographer_ros_msgs/cartographer_ros_msgs/srv/detail/submap_query__rosidl_typesupport_fastrtps_c.h
[0.310s] -- Up-to-date: /root/distr_slam_ws/install/cartographer_ros_msgs/include/cartographer_ros_msgs/cartographer_ros_msgs/srv/detail/get_slam_state__rosidl_typesupport_fastrtps_c.h
[0.310s] -- Up-to-date: /root/distr_slam_ws/install/cartographer_ros_msgs/include/cartographer_ros_msgs/cartographer_ros_msgs/srv/detail/set_slam_state__rosidl_typesupport_fastrtps_c.h
[0.311s] -- Up-to-date: /root/distr_slam_ws/install/cartographer_ros_msgs/include/cartographer_ros_msgs/cartographer_ros_msgs/srv/detail/read_metrics__rosidl_typesupport_fastrtps_c.h
[0.311s] -- Up-to-date: /root/distr_slam_ws/install/cartographer_ros_msgs/include/cartographer_ros_msgs/cartographer_ros_msgs/srv/detail/get_trajectory_states__rosidl_typesupport_fastrtps_c.h
[0.311s] -- Up-to-date: /root/distr_slam_ws/install/cartographer_ros_msgs/include/cartographer_ros_msgs/cartographer_ros_msgs/srv/detail/write_state__rosidl_typesupport_fastrtps_c.h
[0.311s] -- Up-to-date: /root/distr_slam_ws/install/cartographer_ros_msgs/include/cartographer_ros_msgs/cartographer_ros_msgs/msg
[0.311s] -- Up-to-date: /root/distr_slam_ws/install/cartographer_ros_msgs/include/cartographer_ros_msgs/cartographer_ros_msgs/msg/rosidl_typesupport_fastrtps_c__visibility_control.h
[0.311s] -- Up-to-date: /root/distr_slam_ws/install/cartographer_ros_msgs/include/cartographer_ros_msgs/cartographer_ros_msgs/msg/detail
[0.311s] -- Up-to-date: /root/distr_slam_ws/install/cartographer_ros_msgs/include/cartographer_ros_msgs/cartographer_ros_msgs/msg/detail/landmark_entry__rosidl_typesupport_fastrtps_c.h
[0.311s] -- Up-to-date: /root/distr_slam_ws/install/cartographer_ros_msgs/include/cartographer_ros_msgs/cartographer_ros_msgs/msg/detail/submap_list__rosidl_typesupport_fastrtps_c.h
[0.311s] -- Up-to-date: /root/distr_slam_ws/install/cartographer_ros_msgs/include/cartographer_ros_msgs/cartographer_ros_msgs/msg/detail/status_code__rosidl_typesupport_fastrtps_c.h
[0.311s] -- Up-to-date: /root/distr_slam_ws/install/cartographer_ros_msgs/include/cartographer_ros_msgs/cartographer_ros_msgs/msg/detail/submap_texture__rosidl_typesupport_fastrtps_c.h
[0.312s] -- Up-to-date: /root/distr_slam_ws/install/cartographer_ros_msgs/include/cartographer_ros_msgs/cartographer_ros_msgs/msg/detail/bagfile_progress__rosidl_typesupport_fastrtps_c.h
[0.312s] -- Up-to-date: /root/distr_slam_ws/install/cartographer_ros_msgs/include/cartographer_ros_msgs/cartographer_ros_msgs/msg/detail/submap_entry__rosidl_typesupport_fastrtps_c.h
[0.312s] -- Up-to-date: /root/distr_slam_ws/install/cartographer_ros_msgs/include/cartographer_ros_msgs/cartographer_ros_msgs/msg/detail/trajectory_states__rosidl_typesupport_fastrtps_c.h
[0.312s] -- Up-to-date: /root/distr_slam_ws/install/cartographer_ros_msgs/include/cartographer_ros_msgs/cartographer_ros_msgs/msg/detail/metric__rosidl_typesupport_fastrtps_c.h
[0.312s] -- Up-to-date: /root/distr_slam_ws/install/cartographer_ros_msgs/include/cartographer_ros_msgs/cartographer_ros_msgs/msg/detail/metric_family__rosidl_typesupport_fastrtps_c.h
[0.312s] -- Up-to-date: /root/distr_slam_ws/install/cartographer_ros_msgs/include/cartographer_ros_msgs/cartographer_ros_msgs/msg/detail/metric_label__rosidl_typesupport_fastrtps_c.h
[0.312s] -- Up-to-date: /root/distr_slam_ws/install/cartographer_ros_msgs/include/cartographer_ros_msgs/cartographer_ros_msgs/msg/detail/status_response__rosidl_typesupport_fastrtps_c.h
[0.312s] -- Up-to-date: /root/distr_slam_ws/install/cartographer_ros_msgs/include/cartographer_ros_msgs/cartographer_ros_msgs/msg/detail/histogram_bucket__rosidl_typesupport_fastrtps_c.h
[0.312s] -- Up-to-date: /root/distr_slam_ws/install/cartographer_ros_msgs/include/cartographer_ros_msgs/cartographer_ros_msgs/msg/detail/landmark_list__rosidl_typesupport_fastrtps_c.h
[0.312s] -- Up-to-date: /root/distr_slam_ws/install/cartographer_ros_msgs/lib/libcartographer_ros_msgs__rosidl_typesupport_fastrtps_c.so
[0.312s] -- Up-to-date: /root/distr_slam_ws/install/cartographer_ros_msgs/include/cartographer_ros_msgs/cartographer_ros_msgs
[0.312s] -- Up-to-date: /root/distr_slam_ws/install/cartographer_ros_msgs/include/cartographer_ros_msgs/cartographer_ros_msgs/srv
[0.313s] -- Up-to-date: /root/distr_slam_ws/install/cartographer_ros_msgs/include/cartographer_ros_msgs/cartographer_ros_msgs/srv/detail
[0.313s] -- Installing: /root/distr_slam_ws/install/cartographer_ros_msgs/include/cartographer_ros_msgs/cartographer_ros_msgs/srv/detail/get_trajectory_states__type_support.c
[0.313s] -- Up-to-date: /root/distr_slam_ws/install/cartographer_ros_msgs/include/cartographer_ros_msgs/cartographer_ros_msgs/srv/detail/finish_trajectory__rosidl_typesupport_introspection_c.h
[0.313s] -- Installing: /root/distr_slam_ws/install/cartographer_ros_msgs/include/cartographer_ros_msgs/cartographer_ros_msgs/srv/detail/trajectory_query__type_support.c
[0.313s] -- Installing: /root/distr_slam_ws/install/cartographer_ros_msgs/include/cartographer_ros_msgs/cartographer_ros_msgs/srv/detail/read_metrics__type_support.c
[0.313s] -- Up-to-date: /root/distr_slam_ws/install/cartographer_ros_msgs/include/cartographer_ros_msgs/cartographer_ros_msgs/srv/detail/trajectory_query__rosidl_typesupport_introspection_c.h
[0.313s] -- Up-to-date: /root/distr_slam_ws/install/cartographer_ros_msgs/include/cartographer_ros_msgs/cartographer_ros_msgs/srv/detail/set_slam_state__rosidl_typesupport_introspection_c.h
[0.313s] -- Installing: /root/distr_slam_ws/install/cartographer_ros_msgs/include/cartographer_ros_msgs/cartographer_ros_msgs/srv/detail/submap_query__type_support.c
[0.313s] -- Up-to-date: /root/distr_slam_ws/install/cartographer_ros_msgs/include/cartographer_ros_msgs/cartographer_ros_msgs/srv/detail/get_trajectory_states__rosidl_typesupport_introspection_c.h
[0.313s] -- Up-to-date: /root/distr_slam_ws/install/cartographer_ros_msgs/include/cartographer_ros_msgs/cartographer_ros_msgs/srv/detail/write_state__rosidl_typesupport_introspection_c.h
[0.313s] -- Up-to-date: /root/distr_slam_ws/install/cartographer_ros_msgs/include/cartographer_ros_msgs/cartographer_ros_msgs/srv/detail/read_metrics__rosidl_typesupport_introspection_c.h
[0.313s] -- Installing: /root/distr_slam_ws/install/cartographer_ros_msgs/include/cartographer_ros_msgs/cartographer_ros_msgs/srv/detail/write_state__type_support.c
[0.314s] -- Up-to-date: /root/distr_slam_ws/install/cartographer_ros_msgs/include/cartographer_ros_msgs/cartographer_ros_msgs/srv/detail/submap_query__rosidl_typesupport_introspection_c.h
[0.314s] -- Installing: /root/distr_slam_ws/install/cartographer_ros_msgs/include/cartographer_ros_msgs/cartographer_ros_msgs/srv/detail/set_slam_state__type_support.c
[0.314s] -- Up-to-date: /root/distr_slam_ws/install/cartographer_ros_msgs/include/cartographer_ros_msgs/cartographer_ros_msgs/srv/detail/get_slam_state__rosidl_typesupport_introspection_c.h
[0.314s] -- Installing: /root/distr_slam_ws/install/cartographer_ros_msgs/include/cartographer_ros_msgs/cartographer_ros_msgs/srv/detail/start_trajectory__type_support.c
[0.314s] -- Up-to-date: /root/distr_slam_ws/install/cartographer_ros_msgs/include/cartographer_ros_msgs/cartographer_ros_msgs/srv/detail/start_trajectory__rosidl_typesupport_introspection_c.h
[0.314s] -- Installing: /root/distr_slam_ws/install/cartographer_ros_msgs/include/cartographer_ros_msgs/cartographer_ros_msgs/srv/detail/finish_trajectory__type_support.c
[0.314s] -- Installing: /root/distr_slam_ws/install/cartographer_ros_msgs/include/cartographer_ros_msgs/cartographer_ros_msgs/srv/detail/get_slam_state__type_support.c
[0.314s] -- Up-to-date: /root/distr_slam_ws/install/cartographer_ros_msgs/include/cartographer_ros_msgs/cartographer_ros_msgs/msg
[0.314s] -- Up-to-date: /root/distr_slam_ws/install/cartographer_ros_msgs/include/cartographer_ros_msgs/cartographer_ros_msgs/msg/rosidl_typesupport_introspection_c__visibility_control.h
[0.314s] -- Up-to-date: /root/distr_slam_ws/install/cartographer_ros_msgs/include/cartographer_ros_msgs/cartographer_ros_msgs/msg/detail
[0.315s] -- Installing: /root/distr_slam_ws/install/cartographer_ros_msgs/include/cartographer_ros_msgs/cartographer_ros_msgs/msg/detail/metric_family__type_support.c
[0.315s] -- Installing: /root/distr_slam_ws/install/cartographer_ros_msgs/include/cartographer_ros_msgs/cartographer_ros_msgs/msg/detail/status_response__type_support.c
[0.315s] -- Installing: /root/distr_slam_ws/install/cartographer_ros_msgs/include/cartographer_ros_msgs/cartographer_ros_msgs/msg/detail/submap_texture__type_support.c
[0.315s] -- Installing: /root/distr_slam_ws/install/cartographer_ros_msgs/include/cartographer_ros_msgs/cartographer_ros_msgs/msg/detail/landmark_list__type_support.c
[0.315s] -- Up-to-date: /root/distr_slam_ws/install/cartographer_ros_msgs/include/cartographer_ros_msgs/cartographer_ros_msgs/msg/detail/landmark_list__rosidl_typesupport_introspection_c.h
[0.315s] -- Installing: /root/distr_slam_ws/install/cartographer_ros_msgs/include/cartographer_ros_msgs/cartographer_ros_msgs/msg/detail/metric__type_support.c
[0.315s] -- Installing: /root/distr_slam_ws/install/cartographer_ros_msgs/include/cartographer_ros_msgs/cartographer_ros_msgs/msg/detail/bagfile_progress__type_support.c
[0.315s] -- Up-to-date: /root/distr_slam_ws/install/cartographer_ros_msgs/include/cartographer_ros_msgs/cartographer_ros_msgs/msg/detail/landmark_entry__rosidl_typesupport_introspection_c.h
[0.315s] -- Up-to-date: /root/distr_slam_ws/install/cartographer_ros_msgs/include/cartographer_ros_msgs/cartographer_ros_msgs/msg/detail/histogram_bucket__rosidl_typesupport_introspection_c.h
[0.315s] -- Up-to-date: /root/distr_slam_ws/install/cartographer_ros_msgs/include/cartographer_ros_msgs/cartographer_ros_msgs/msg/detail/metric_family__rosidl_typesupport_introspection_c.h
[0.315s] -- Up-to-date: /root/distr_slam_ws/install/cartographer_ros_msgs/include/cartographer_ros_msgs/cartographer_ros_msgs/msg/detail/submap_texture__rosidl_typesupport_introspection_c.h
[0.316s] -- Up-to-date: /root/distr_slam_ws/install/cartographer_ros_msgs/include/cartographer_ros_msgs/cartographer_ros_msgs/msg/detail/submap_entry__rosidl_typesupport_introspection_c.h
[0.316s] -- Installing: /root/distr_slam_ws/install/cartographer_ros_msgs/include/cartographer_ros_msgs/cartographer_ros_msgs/msg/detail/histogram_bucket__type_support.c
[0.316s] -- Up-to-date: /root/distr_slam_ws/install/cartographer_ros_msgs/include/cartographer_ros_msgs/cartographer_ros_msgs/msg/detail/trajectory_states__rosidl_typesupport_introspection_c.h
[0.316s] -- Installing: /root/distr_slam_ws/install/cartographer_ros_msgs/include/cartographer_ros_msgs/cartographer_ros_msgs/msg/detail/metric_label__type_support.c
[0.316s] -- Installing: /root/distr_slam_ws/install/cartographer_ros_msgs/include/cartographer_ros_msgs/cartographer_ros_msgs/msg/detail/submap_list__type_support.c
[0.316s] -- Installing: /root/distr_slam_ws/install/cartographer_ros_msgs/include/cartographer_ros_msgs/cartographer_ros_msgs/msg/detail/status_code__type_support.c
[0.316s] -- Up-to-date: /root/distr_slam_ws/install/cartographer_ros_msgs/include/cartographer_ros_msgs/cartographer_ros_msgs/msg/detail/metric__rosidl_typesupport_introspection_c.h
[0.316s] -- Installing: /root/distr_slam_ws/install/cartographer_ros_msgs/include/cartographer_ros_msgs/cartographer_ros_msgs/msg/detail/submap_entry__type_support.c
[0.316s] -- Installing: /root/distr_slam_ws/install/cartographer_ros_msgs/include/cartographer_ros_msgs/cartographer_ros_msgs/msg/detail/landmark_entry__type_support.c
[0.317s] -- Installing: /root/distr_slam_ws/install/cartographer_ros_msgs/include/cartographer_ros_msgs/cartographer_ros_msgs/msg/detail/trajectory_states__type_support.c
[0.317s] -- Up-to-date: /root/distr_slam_ws/install/cartographer_ros_msgs/include/cartographer_ros_msgs/cartographer_ros_msgs/msg/detail/submap_list__rosidl_typesupport_introspection_c.h
[0.317s] -- Up-to-date: /root/distr_slam_ws/install/cartographer_ros_msgs/include/cartographer_ros_msgs/cartographer_ros_msgs/msg/detail/status_response__rosidl_typesupport_introspection_c.h
[0.317s] -- Up-to-date: /root/distr_slam_ws/install/cartographer_ros_msgs/include/cartographer_ros_msgs/cartographer_ros_msgs/msg/detail/bagfile_progress__rosidl_typesupport_introspection_c.h
[0.317s] -- Up-to-date: /root/distr_slam_ws/install/cartographer_ros_msgs/include/cartographer_ros_msgs/cartographer_ros_msgs/msg/detail/metric_label__rosidl_typesupport_introspection_c.h
[0.317s] -- Up-to-date: /root/distr_slam_ws/install/cartographer_ros_msgs/include/cartographer_ros_msgs/cartographer_ros_msgs/msg/detail/status_code__rosidl_typesupport_introspection_c.h
[0.317s] -- Up-to-date: /root/distr_slam_ws/install/cartographer_ros_msgs/lib/libcartographer_ros_msgs__rosidl_typesupport_introspection_c.so
[0.317s] -- Up-to-date: /root/distr_slam_ws/install/cartographer_ros_msgs/lib/libcartographer_ros_msgs__rosidl_typesupport_c.so
[0.317s] -- Up-to-date: /root/distr_slam_ws/install/cartographer_ros_msgs/include/cartographer_ros_msgs/cartographer_ros_msgs
[0.317s] -- Up-to-date: /root/distr_slam_ws/install/cartographer_ros_msgs/include/cartographer_ros_msgs/cartographer_ros_msgs/srv
[0.317s] -- Up-to-date: /root/distr_slam_ws/install/cartographer_ros_msgs/include/cartographer_ros_msgs/cartographer_ros_msgs/srv/write_state.hpp
[0.317s] -- Up-to-date: /root/distr_slam_ws/install/cartographer_ros_msgs/include/cartographer_ros_msgs/cartographer_ros_msgs/srv/start_trajectory.hpp
[0.318s] -- Up-to-date: /root/distr_slam_ws/install/cartographer_ros_msgs/include/cartographer_ros_msgs/cartographer_ros_msgs/srv/submap_query.hpp
[0.318s] -- Up-to-date: /root/distr_slam_ws/install/cartographer_ros_msgs/include/cartographer_ros_msgs/cartographer_ros_msgs/srv/get_slam_state.hpp
[0.318s] -- Up-to-date: /root/distr_slam_ws/install/cartographer_ros_msgs/include/cartographer_ros_msgs/cartographer_ros_msgs/srv/read_metrics.hpp
[0.318s] -- Up-to-date: /root/distr_slam_ws/install/cartographer_ros_msgs/include/cartographer_ros_msgs/cartographer_ros_msgs/srv/set_slam_state.hpp
[0.318s] -- Up-to-date: /root/distr_slam_ws/install/cartographer_ros_msgs/include/cartographer_ros_msgs/cartographer_ros_msgs/srv/get_trajectory_states.hpp
[0.318s] -- Up-to-date: /root/distr_slam_ws/install/cartographer_ros_msgs/include/cartographer_ros_msgs/cartographer_ros_msgs/srv/finish_trajectory.hpp
[0.318s] -- Up-to-date: /root/distr_slam_ws/install/cartographer_ros_msgs/include/cartographer_ros_msgs/cartographer_ros_msgs/srv/trajectory_query.hpp
[0.318s] -- Up-to-date: /root/distr_slam_ws/install/cartographer_ros_msgs/include/cartographer_ros_msgs/cartographer_ros_msgs/srv/detail
[0.318s] -- Up-to-date: /root/distr_slam_ws/install/cartographer_ros_msgs/include/cartographer_ros_msgs/cartographer_ros_msgs/srv/detail/start_trajectory__traits.hpp
[0.318s] -- Up-to-date: /root/distr_slam_ws/install/cartographer_ros_msgs/include/cartographer_ros_msgs/cartographer_ros_msgs/srv/detail/trajectory_query__traits.hpp
[0.318s] -- Up-to-date: /root/distr_slam_ws/install/cartographer_ros_msgs/include/cartographer_ros_msgs/cartographer_ros_msgs/srv/detail/get_slam_state__type_support.hpp
[0.318s] -- Up-to-date: /root/distr_slam_ws/install/cartographer_ros_msgs/include/cartographer_ros_msgs/cartographer_ros_msgs/srv/detail/set_slam_state__traits.hpp
[0.318s] -- Up-to-date: /root/distr_slam_ws/install/cartographer_ros_msgs/include/cartographer_ros_msgs/cartographer_ros_msgs/srv/detail/write_state__type_support.hpp
[0.318s] -- Up-to-date: /root/distr_slam_ws/install/cartographer_ros_msgs/include/cartographer_ros_msgs/cartographer_ros_msgs/srv/detail/trajectory_query__type_support.hpp
[0.318s] -- Up-to-date: /root/distr_slam_ws/install/cartographer_ros_msgs/include/cartographer_ros_msgs/cartographer_ros_msgs/srv/detail/finish_trajectory__builder.hpp
[0.319s] -- Up-to-date: /root/distr_slam_ws/install/cartographer_ros_msgs/include/cartographer_ros_msgs/cartographer_ros_msgs/srv/detail/get_trajectory_states__traits.hpp
[0.319s] -- Up-to-date: /root/distr_slam_ws/install/cartographer_ros_msgs/include/cartographer_ros_msgs/cartographer_ros_msgs/srv/detail/write_state__builder.hpp
[0.319s] -- Up-to-date: /root/distr_slam_ws/install/cartographer_ros_msgs/include/cartographer_ros_msgs/cartographer_ros_msgs/srv/detail/read_metrics__struct.hpp
[0.319s] -- Up-to-date: /root/distr_slam_ws/install/cartographer_ros_msgs/include/cartographer_ros_msgs/cartographer_ros_msgs/srv/detail/read_metrics__builder.hpp
[0.319s] -- Up-to-date: /root/distr_slam_ws/install/cartographer_ros_msgs/include/cartographer_ros_msgs/cartographer_ros_msgs/srv/detail/get_slam_state__builder.hpp
[0.319s] -- Up-to-date: /root/distr_slam_ws/install/cartographer_ros_msgs/include/cartographer_ros_msgs/cartographer_ros_msgs/srv/detail/get_trajectory_states__builder.hpp
[0.319s] -- Up-to-date: /root/distr_slam_ws/install/cartographer_ros_msgs/include/cartographer_ros_msgs/cartographer_ros_msgs/srv/detail/finish_trajectory__traits.hpp
[0.319s] -- Up-to-date: /root/distr_slam_ws/install/cartographer_ros_msgs/include/cartographer_ros_msgs/cartographer_ros_msgs/srv/detail/get_slam_state__struct.hpp
[0.319s] -- Up-to-date: /root/distr_slam_ws/install/cartographer_ros_msgs/include/cartographer_ros_msgs/cartographer_ros_msgs/srv/detail/trajectory_query__builder.hpp
[0.319s] -- Up-to-date: /root/distr_slam_ws/install/cartographer_ros_msgs/include/cartographer_ros_msgs/cartographer_ros_msgs/srv/detail/start_trajectory__type_support.hpp
[0.319s] -- Up-to-date: /root/distr_slam_ws/install/cartographer_ros_msgs/include/cartographer_ros_msgs/cartographer_ros_msgs/srv/detail/trajectory_query__struct.hpp
[0.319s] -- Up-to-date: /root/distr_slam_ws/install/cartographer_ros_msgs/include/cartographer_ros_msgs/cartographer_ros_msgs/srv/detail/read_metrics__type_support.hpp
[0.319s] -- Up-to-date: /root/distr_slam_ws/install/cartographer_ros_msgs/include/cartographer_ros_msgs/cartographer_ros_msgs/srv/detail/start_trajectory__builder.hpp
[0.319s] -- Up-to-date: /root/distr_slam_ws/install/cartographer_ros_msgs/include/cartographer_ros_msgs/cartographer_ros_msgs/srv/detail/get_trajectory_states__struct.hpp
[0.319s] -- Up-to-date: /root/distr_slam_ws/install/cartographer_ros_msgs/include/cartographer_ros_msgs/cartographer_ros_msgs/srv/detail/get_slam_state__traits.hpp
[0.320s] -- Up-to-date: /root/distr_slam_ws/install/cartographer_ros_msgs/include/cartographer_ros_msgs/cartographer_ros_msgs/srv/detail/finish_trajectory__struct.hpp
[0.322s] -- Up-to-date: /root/distr_slam_ws/install/cartographer_ros_msgs/include/cartographer_ros_msgs/cartographer_ros_msgs/srv/detail/set_slam_state__builder.hpp
[0.322s] -- Up-to-date: /root/distr_slam_ws/install/cartographer_ros_msgs/include/cartographer_ros_msgs/cartographer_ros_msgs/srv/detail/set_slam_state__struct.hpp
[0.322s] -- Up-to-date: /root/distr_slam_ws/install/cartographer_ros_msgs/include/cartographer_ros_msgs/cartographer_ros_msgs/srv/detail/start_trajectory__struct.hpp
[0.322s] -- Up-to-date: /root/distr_slam_ws/install/cartographer_ros_msgs/include/cartographer_ros_msgs/cartographer_ros_msgs/srv/detail/get_trajectory_states__type_support.hpp
[0.322s] -- Up-to-date: /root/distr_slam_ws/install/cartographer_ros_msgs/include/cartographer_ros_msgs/cartographer_ros_msgs/srv/detail/submap_query__traits.hpp
[0.322s] -- Up-to-date: /root/distr_slam_ws/install/cartographer_ros_msgs/include/cartographer_ros_msgs/cartographer_ros_msgs/srv/detail/submap_query__type_support.hpp
[0.322s] -- Up-to-date: /root/distr_slam_ws/install/cartographer_ros_msgs/include/cartographer_ros_msgs/cartographer_ros_msgs/srv/detail/write_state__struct.hpp
[0.322s] -- Up-to-date: /root/distr_slam_ws/install/cartographer_ros_msgs/include/cartographer_ros_msgs/cartographer_ros_msgs/srv/detail/submap_query__builder.hpp
[0.322s] -- Up-to-date: /root/distr_slam_ws/install/cartographer_ros_msgs/include/cartographer_ros_msgs/cartographer_ros_msgs/srv/detail/submap_query__struct.hpp
[0.323s] -- Up-to-date: /root/distr_slam_ws/install/cartographer_ros_msgs/include/cartographer_ros_msgs/cartographer_ros_msgs/srv/detail/write_state__traits.hpp
[0.323s] -- Up-to-date: /root/distr_slam_ws/install/cartographer_ros_msgs/include/cartographer_ros_msgs/cartographer_ros_msgs/srv/detail/set_slam_state__type_support.hpp
[0.323s] -- Up-to-date: /root/distr_slam_ws/install/cartographer_ros_msgs/include/cartographer_ros_msgs/cartographer_ros_msgs/srv/detail/finish_trajectory__type_support.hpp
[0.323s] -- Up-to-date: /root/distr_slam_ws/install/cartographer_ros_msgs/include/cartographer_ros_msgs/cartographer_ros_msgs/srv/detail/read_metrics__traits.hpp
[0.323s] -- Up-to-date: /root/distr_slam_ws/install/cartographer_ros_msgs/include/cartographer_ros_msgs/cartographer_ros_msgs/msg
[0.323s] -- Up-to-date: /root/distr_slam_ws/install/cartographer_ros_msgs/include/cartographer_ros_msgs/cartographer_ros_msgs/msg/metric_family.hpp
[0.323s] -- Up-to-date: /root/distr_slam_ws/install/cartographer_ros_msgs/include/cartographer_ros_msgs/cartographer_ros_msgs/msg/bagfile_progress.hpp
[0.323s] -- Up-to-date: /root/distr_slam_ws/install/cartographer_ros_msgs/include/cartographer_ros_msgs/cartographer_ros_msgs/msg/rosidl_generator_cpp__visibility_control.hpp
[0.323s] -- Up-to-date: /root/distr_slam_ws/install/cartographer_ros_msgs/include/cartographer_ros_msgs/cartographer_ros_msgs/msg/landmark_entry.hpp
[0.323s] -- Up-to-date: /root/distr_slam_ws/install/cartographer_ros_msgs/include/cartographer_ros_msgs/cartographer_ros_msgs/msg/histogram_bucket.hpp
[0.323s] -- Up-to-date: /root/distr_slam_ws/install/cartographer_ros_msgs/include/cartographer_ros_msgs/cartographer_ros_msgs/msg/submap_entry.hpp
[0.323s] -- Up-to-date: /root/distr_slam_ws/install/cartographer_ros_msgs/include/cartographer_ros_msgs/cartographer_ros_msgs/msg/landmark_list.hpp
[0.323s] -- Up-to-date: /root/distr_slam_ws/install/cartographer_ros_msgs/include/cartographer_ros_msgs/cartographer_ros_msgs/msg/submap_list.hpp
[0.323s] -- Up-to-date: /root/distr_slam_ws/install/cartographer_ros_msgs/include/cartographer_ros_msgs/cartographer_ros_msgs/msg/status_code.hpp
[0.323s] -- Up-to-date: /root/distr_slam_ws/install/cartographer_ros_msgs/include/cartographer_ros_msgs/cartographer_ros_msgs/msg/trajectory_states.hpp
[0.324s] -- Up-to-date: /root/distr_slam_ws/install/cartographer_ros_msgs/include/cartographer_ros_msgs/cartographer_ros_msgs/msg/metric.hpp
[0.324s] -- Up-to-date: /root/distr_slam_ws/install/cartographer_ros_msgs/include/cartographer_ros_msgs/cartographer_ros_msgs/msg/status_response.hpp
[0.324s] -- Up-to-date: /root/distr_slam_ws/install/cartographer_ros_msgs/include/cartographer_ros_msgs/cartographer_ros_msgs/msg/submap_texture.hpp
[0.324s] -- Up-to-date: /root/distr_slam_ws/install/cartographer_ros_msgs/include/cartographer_ros_msgs/cartographer_ros_msgs/msg/metric_label.hpp
[0.324s] -- Up-to-date: /root/distr_slam_ws/install/cartographer_ros_msgs/include/cartographer_ros_msgs/cartographer_ros_msgs/msg/detail
[0.324s] -- Up-to-date: /root/distr_slam_ws/install/cartographer_ros_msgs/include/cartographer_ros_msgs/cartographer_ros_msgs/msg/detail/trajectory_states__traits.hpp
[0.324s] -- Up-to-date: /root/distr_slam_ws/install/cartographer_ros_msgs/include/cartographer_ros_msgs/cartographer_ros_msgs/msg/detail/submap_entry__traits.hpp
[0.324s] -- Up-to-date: /root/distr_slam_ws/install/cartographer_ros_msgs/include/cartographer_ros_msgs/cartographer_ros_msgs/msg/detail/bagfile_progress__traits.hpp
[0.324s] -- Up-to-date: /root/distr_slam_ws/install/cartographer_ros_msgs/include/cartographer_ros_msgs/cartographer_ros_msgs/msg/detail/submap_entry__struct.hpp
[0.324s] -- Up-to-date: /root/distr_slam_ws/install/cartographer_ros_msgs/include/cartographer_ros_msgs/cartographer_ros_msgs/msg/detail/submap_texture__struct.hpp
[0.324s] -- Up-to-date: /root/distr_slam_ws/install/cartographer_ros_msgs/include/cartographer_ros_msgs/cartographer_ros_msgs/msg/detail/metric_label__type_support.hpp
[0.324s] -- Up-to-date: /root/distr_slam_ws/install/cartographer_ros_msgs/include/cartographer_ros_msgs/cartographer_ros_msgs/msg/detail/submap_texture__type_support.hpp
[0.324s] -- Up-to-date: /root/distr_slam_ws/install/cartographer_ros_msgs/include/cartographer_ros_msgs/cartographer_ros_msgs/msg/detail/metric_family__builder.hpp
[0.324s] -- Up-to-date: /root/distr_slam_ws/install/cartographer_ros_msgs/include/cartographer_ros_msgs/cartographer_ros_msgs/msg/detail/metric__traits.hpp
[0.324s] -- Up-to-date: /root/distr_slam_ws/install/cartographer_ros_msgs/include/cartographer_ros_msgs/cartographer_ros_msgs/msg/detail/metric_family__type_support.hpp
[0.325s] -- Up-to-date: /root/distr_slam_ws/install/cartographer_ros_msgs/include/cartographer_ros_msgs/cartographer_ros_msgs/msg/detail/histogram_bucket__builder.hpp
[0.325s] -- Up-to-date: /root/distr_slam_ws/install/cartographer_ros_msgs/include/cartographer_ros_msgs/cartographer_ros_msgs/msg/detail/landmark_list__struct.hpp
[0.325s] -- Up-to-date: /root/distr_slam_ws/install/cartographer_ros_msgs/include/cartographer_ros_msgs/cartographer_ros_msgs/msg/detail/submap_entry__builder.hpp
[0.325s] -- Up-to-date: /root/distr_slam_ws/install/cartographer_ros_msgs/include/cartographer_ros_msgs/cartographer_ros_msgs/msg/detail/submap_texture__builder.hpp
[0.325s] -- Up-to-date: /root/distr_slam_ws/install/cartographer_ros_msgs/include/cartographer_ros_msgs/cartographer_ros_msgs/msg/detail/status_response__struct.hpp
[0.325s] -- Up-to-date: /root/distr_slam_ws/install/cartographer_ros_msgs/include/cartographer_ros_msgs/cartographer_ros_msgs/msg/detail/landmark_entry__builder.hpp
[0.325s] -- Up-to-date: /root/distr_slam_ws/install/cartographer_ros_msgs/include/cartographer_ros_msgs/cartographer_ros_msgs/msg/detail/status_response__type_support.hpp
[0.325s] -- Up-to-date: /root/distr_slam_ws/install/cartographer_ros_msgs/include/cartographer_ros_msgs/cartographer_ros_msgs/msg/detail/status_code__traits.hpp
[0.325s] -- Up-to-date: /root/distr_slam_ws/install/cartographer_ros_msgs/include/cartographer_ros_msgs/cartographer_ros_msgs/msg/detail/metric__struct.hpp
[0.325s] -- Up-to-date: /root/distr_slam_ws/install/cartographer_ros_msgs/include/cartographer_ros_msgs/cartographer_ros_msgs/msg/detail/landmark_list__traits.hpp
[0.325s] -- Up-to-date: /root/distr_slam_ws/install/cartographer_ros_msgs/include/cartographer_ros_msgs/cartographer_ros_msgs/msg/detail/trajectory_states__type_support.hpp
[0.325s] -- Up-to-date: /root/distr_slam_ws/install/cartographer_ros_msgs/include/cartographer_ros_msgs/cartographer_ros_msgs/msg/detail/submap_list__type_support.hpp
[0.325s] -- Up-to-date: /root/distr_slam_ws/install/cartographer_ros_msgs/include/cartographer_ros_msgs/cartographer_ros_msgs/msg/detail/submap_list__traits.hpp
[0.325s] -- Up-to-date: /root/distr_slam_ws/install/cartographer_ros_msgs/include/cartographer_ros_msgs/cartographer_ros_msgs/msg/detail/metric__type_support.hpp
[0.325s] -- Up-to-date: /root/distr_slam_ws/install/cartographer_ros_msgs/include/cartographer_ros_msgs/cartographer_ros_msgs/msg/detail/submap_list__builder.hpp
[0.326s] -- Up-to-date: /root/distr_slam_ws/install/cartographer_ros_msgs/include/cartographer_ros_msgs/cartographer_ros_msgs/msg/detail/status_code__builder.hpp
[0.326s] -- Up-to-date: /root/distr_slam_ws/install/cartographer_ros_msgs/include/cartographer_ros_msgs/cartographer_ros_msgs/msg/detail/submap_entry__type_support.hpp
[0.326s] -- Up-to-date: /root/distr_slam_ws/install/cartographer_ros_msgs/include/cartographer_ros_msgs/cartographer_ros_msgs/msg/detail/bagfile_progress__struct.hpp
[0.326s] -- Up-to-date: /root/distr_slam_ws/install/cartographer_ros_msgs/include/cartographer_ros_msgs/cartographer_ros_msgs/msg/detail/metric_label__traits.hpp
[0.326s] -- Up-to-date: /root/distr_slam_ws/install/cartographer_ros_msgs/include/cartographer_ros_msgs/cartographer_ros_msgs/msg/detail/landmark_entry__struct.hpp
[0.326s] -- Up-to-date: /root/distr_slam_ws/install/cartographer_ros_msgs/include/cartographer_ros_msgs/cartographer_ros_msgs/msg/detail/metric_label__builder.hpp
[0.326s] -- Up-to-date: /root/distr_slam_ws/install/cartographer_ros_msgs/include/cartographer_ros_msgs/cartographer_ros_msgs/msg/detail/landmark_list__builder.hpp
[0.326s] -- Up-to-date: /root/distr_slam_ws/install/cartographer_ros_msgs/include/cartographer_ros_msgs/cartographer_ros_msgs/msg/detail/status_response__traits.hpp
[0.326s] -- Up-to-date: /root/distr_slam_ws/install/cartographer_ros_msgs/include/cartographer_ros_msgs/cartographer_ros_msgs/msg/detail/bagfile_progress__builder.hpp
[0.326s] -- Up-to-date: /root/distr_slam_ws/install/cartographer_ros_msgs/include/cartographer_ros_msgs/cartographer_ros_msgs/msg/detail/histogram_bucket__type_support.hpp
[0.326s] -- Up-to-date: /root/distr_slam_ws/install/cartographer_ros_msgs/include/cartographer_ros_msgs/cartographer_ros_msgs/msg/detail/bagfile_progress__type_support.hpp
[0.326s] -- Up-to-date: /root/distr_slam_ws/install/cartographer_ros_msgs/include/cartographer_ros_msgs/cartographer_ros_msgs/msg/detail/landmark_entry__type_support.hpp
[0.326s] -- Up-to-date: /root/distr_slam_ws/install/cartographer_ros_msgs/include/cartographer_ros_msgs/cartographer_ros_msgs/msg/detail/landmark_entry__traits.hpp
[0.326s] -- Up-to-date: /root/distr_slam_ws/install/cartographer_ros_msgs/include/cartographer_ros_msgs/cartographer_ros_msgs/msg/detail/metric_family__traits.hpp
[0.327s] -- Up-to-date: /root/distr_slam_ws/install/cartographer_ros_msgs/include/cartographer_ros_msgs/cartographer_ros_msgs/msg/detail/metric_family__struct.hpp
[0.327s] -- Up-to-date: /root/distr_slam_ws/install/cartographer_ros_msgs/include/cartographer_ros_msgs/cartographer_ros_msgs/msg/detail/histogram_bucket__struct.hpp
[0.327s] -- Up-to-date: /root/distr_slam_ws/install/cartographer_ros_msgs/include/cartographer_ros_msgs/cartographer_ros_msgs/msg/detail/status_response__builder.hpp
[0.327s] -- Up-to-date: /root/distr_slam_ws/install/cartographer_ros_msgs/include/cartographer_ros_msgs/cartographer_ros_msgs/msg/detail/trajectory_states__struct.hpp
[0.327s] -- Up-to-date: /root/distr_slam_ws/install/cartographer_ros_msgs/include/cartographer_ros_msgs/cartographer_ros_msgs/msg/detail/status_code__struct.hpp
[0.327s] -- Up-to-date: /root/distr_slam_ws/install/cartographer_ros_msgs/include/cartographer_ros_msgs/cartographer_ros_msgs/msg/detail/landmark_list__type_support.hpp
[0.327s] -- Up-to-date: /root/distr_slam_ws/install/cartographer_ros_msgs/include/cartographer_ros_msgs/cartographer_ros_msgs/msg/detail/histogram_bucket__traits.hpp
[0.327s] -- Up-to-date: /root/distr_slam_ws/install/cartographer_ros_msgs/include/cartographer_ros_msgs/cartographer_ros_msgs/msg/detail/submap_texture__traits.hpp
[0.327s] -- Up-to-date: /root/distr_slam_ws/install/cartographer_ros_msgs/include/cartographer_ros_msgs/cartographer_ros_msgs/msg/detail/trajectory_states__builder.hpp
[0.327s] -- Up-to-date: /root/distr_slam_ws/install/cartographer_ros_msgs/include/cartographer_ros_msgs/cartographer_ros_msgs/msg/detail/metric_label__struct.hpp
[0.327s] -- Up-to-date: /root/distr_slam_ws/install/cartographer_ros_msgs/include/cartographer_ros_msgs/cartographer_ros_msgs/msg/detail/submap_list__struct.hpp
[0.327s] -- Up-to-date: /root/distr_slam_ws/install/cartographer_ros_msgs/include/cartographer_ros_msgs/cartographer_ros_msgs/msg/detail/status_code__type_support.hpp
[0.327s] -- Up-to-date: /root/distr_slam_ws/install/cartographer_ros_msgs/include/cartographer_ros_msgs/cartographer_ros_msgs/msg/detail/metric__builder.hpp
[0.327s] -- Up-to-date: /root/distr_slam_ws/install/cartographer_ros_msgs/include/cartographer_ros_msgs/cartographer_ros_msgs
[0.328s] -- Up-to-date: /root/distr_slam_ws/install/cartographer_ros_msgs/include/cartographer_ros_msgs/cartographer_ros_msgs/srv
[0.328s] -- Up-to-date: /root/distr_slam_ws/install/cartographer_ros_msgs/include/cartographer_ros_msgs/cartographer_ros_msgs/srv/detail
[0.328s] -- Up-to-date: /root/distr_slam_ws/install/cartographer_ros_msgs/include/cartographer_ros_msgs/cartographer_ros_msgs/srv/detail/write_state__rosidl_typesupport_fastrtps_cpp.hpp
[0.328s] -- Up-to-date: /root/distr_slam_ws/install/cartographer_ros_msgs/include/cartographer_ros_msgs/cartographer_ros_msgs/srv/detail/dds_fastrtps
[0.328s] -- Up-to-date: /root/distr_slam_ws/install/cartographer_ros_msgs/include/cartographer_ros_msgs/cartographer_ros_msgs/srv/detail/get_slam_state__rosidl_typesupport_fastrtps_cpp.hpp
[0.328s] -- Up-to-date: /root/distr_slam_ws/install/cartographer_ros_msgs/include/cartographer_ros_msgs/cartographer_ros_msgs/srv/detail/trajectory_query__rosidl_typesupport_fastrtps_cpp.hpp
[0.328s] -- Up-to-date: /root/distr_slam_ws/install/cartographer_ros_msgs/include/cartographer_ros_msgs/cartographer_ros_msgs/srv/detail/get_trajectory_states__rosidl_typesupport_fastrtps_cpp.hpp
[0.328s] -- Up-to-date: /root/distr_slam_ws/install/cartographer_ros_msgs/include/cartographer_ros_msgs/cartographer_ros_msgs/srv/detail/set_slam_state__rosidl_typesupport_fastrtps_cpp.hpp
[0.328s] -- Up-to-date: /root/distr_slam_ws/install/cartographer_ros_msgs/include/cartographer_ros_msgs/cartographer_ros_msgs/srv/detail/read_metrics__rosidl_typesupport_fastrtps_cpp.hpp
[0.328s] -- Up-to-date: /root/distr_slam_ws/install/cartographer_ros_msgs/include/cartographer_ros_msgs/cartographer_ros_msgs/srv/detail/finish_trajectory__rosidl_typesupport_fastrtps_cpp.hpp
[0.328s] -- Up-to-date: /root/distr_slam_ws/install/cartographer_ros_msgs/include/cartographer_ros_msgs/cartographer_ros_msgs/srv/detail/start_trajectory__rosidl_typesupport_fastrtps_cpp.hpp
[0.328s] -- Up-to-date: /root/distr_slam_ws/install/cartographer_ros_msgs/include/cartographer_ros_msgs/cartographer_ros_msgs/srv/detail/submap_query__rosidl_typesupport_fastrtps_cpp.hpp
[0.328s] -- Up-to-date: /root/distr_slam_ws/install/cartographer_ros_msgs/include/cartographer_ros_msgs/cartographer_ros_msgs/msg
[0.329s] -- Up-to-date: /root/distr_slam_ws/install/cartographer_ros_msgs/include/cartographer_ros_msgs/cartographer_ros_msgs/msg/rosidl_typesupport_fastrtps_cpp__visibility_control.h
[0.329s] -- Up-to-date: /root/distr_slam_ws/install/cartographer_ros_msgs/include/cartographer_ros_msgs/cartographer_ros_msgs/msg/detail
[0.329s] -- Up-to-date: /root/distr_slam_ws/install/cartographer_ros_msgs/include/cartographer_ros_msgs/cartographer_ros_msgs/msg/detail/metric_label__rosidl_typesupport_fastrtps_cpp.hpp
[0.329s] -- Up-to-date: /root/distr_slam_ws/install/cartographer_ros_msgs/include/cartographer_ros_msgs/cartographer_ros_msgs/msg/detail/submap_texture__rosidl_typesupport_fastrtps_cpp.hpp
[0.329s] -- Up-to-date: /root/distr_slam_ws/install/cartographer_ros_msgs/include/cartographer_ros_msgs/cartographer_ros_msgs/msg/detail/dds_fastrtps
[0.329s] -- Up-to-date: /root/distr_slam_ws/install/cartographer_ros_msgs/include/cartographer_ros_msgs/cartographer_ros_msgs/msg/detail/status_code__rosidl_typesupport_fastrtps_cpp.hpp
[0.329s] -- Up-to-date: /root/distr_slam_ws/install/cartographer_ros_msgs/include/cartographer_ros_msgs/cartographer_ros_msgs/msg/detail/metric__rosidl_typesupport_fastrtps_cpp.hpp
[0.329s] -- Up-to-date: /root/distr_slam_ws/install/cartographer_ros_msgs/include/cartographer_ros_msgs/cartographer_ros_msgs/msg/detail/histogram_bucket__rosidl_typesupport_fastrtps_cpp.hpp
[0.329s] -- Up-to-date: /root/distr_slam_ws/install/cartographer_ros_msgs/include/cartographer_ros_msgs/cartographer_ros_msgs/msg/detail/status_response__rosidl_typesupport_fastrtps_cpp.hpp
[0.329s] -- Up-to-date: /root/distr_slam_ws/install/cartographer_ros_msgs/include/cartographer_ros_msgs/cartographer_ros_msgs/msg/detail/metric_family__rosidl_typesupport_fastrtps_cpp.hpp
[0.329s] -- Up-to-date: /root/distr_slam_ws/install/cartographer_ros_msgs/include/cartographer_ros_msgs/cartographer_ros_msgs/msg/detail/submap_entry__rosidl_typesupport_fastrtps_cpp.hpp
[0.329s] -- Up-to-date: /root/distr_slam_ws/install/cartographer_ros_msgs/include/cartographer_ros_msgs/cartographer_ros_msgs/msg/detail/submap_list__rosidl_typesupport_fastrtps_cpp.hpp
[0.329s] -- Up-to-date: /root/distr_slam_ws/install/cartographer_ros_msgs/include/cartographer_ros_msgs/cartographer_ros_msgs/msg/detail/trajectory_states__rosidl_typesupport_fastrtps_cpp.hpp
[0.329s] -- Up-to-date: /root/distr_slam_ws/install/cartographer_ros_msgs/include/cartographer_ros_msgs/cartographer_ros_msgs/msg/detail/bagfile_progress__rosidl_typesupport_fastrtps_cpp.hpp
[0.330s] -- Up-to-date: /root/distr_slam_ws/install/cartographer_ros_msgs/include/cartographer_ros_msgs/cartographer_ros_msgs/msg/detail/landmark_entry__rosidl_typesupport_fastrtps_cpp.hpp
[0.330s] -- Up-to-date: /root/distr_slam_ws/install/cartographer_ros_msgs/include/cartographer_ros_msgs/cartographer_ros_msgs/msg/detail/landmark_list__rosidl_typesupport_fastrtps_cpp.hpp
[0.330s] -- Up-to-date: /root/distr_slam_ws/install/cartographer_ros_msgs/lib/libcartographer_ros_msgs__rosidl_typesupport_fastrtps_cpp.so
[0.330s] -- Up-to-date: /root/distr_slam_ws/install/cartographer_ros_msgs/include/cartographer_ros_msgs/cartographer_ros_msgs
[0.330s] -- Up-to-date: /root/distr_slam_ws/install/cartographer_ros_msgs/include/cartographer_ros_msgs/cartographer_ros_msgs/srv
[0.330s] -- Up-to-date: /root/distr_slam_ws/install/cartographer_ros_msgs/include/cartographer_ros_msgs/cartographer_ros_msgs/srv/detail
[0.330s] -- Up-to-date: /root/distr_slam_ws/install/cartographer_ros_msgs/include/cartographer_ros_msgs/cartographer_ros_msgs/srv/detail/write_state__type_support.cpp
[0.330s] -- Up-to-date: /root/distr_slam_ws/install/cartographer_ros_msgs/include/cartographer_ros_msgs/cartographer_ros_msgs/srv/detail/get_slam_state__type_support.cpp
[0.330s] -- Up-to-date: /root/distr_slam_ws/install/cartographer_ros_msgs/include/cartographer_ros_msgs/cartographer_ros_msgs/srv/detail/trajectory_query__type_support.cpp
[0.330s] -- Up-to-date: /root/distr_slam_ws/install/cartographer_ros_msgs/include/cartographer_ros_msgs/cartographer_ros_msgs/srv/detail/write_state__rosidl_typesupport_introspection_cpp.hpp
[0.330s] -- Up-to-date: /root/distr_slam_ws/install/cartographer_ros_msgs/include/cartographer_ros_msgs/cartographer_ros_msgs/srv/detail/get_trajectory_states__rosidl_typesupport_introspection_cpp.hpp
[0.330s] -- Up-to-date: /root/distr_slam_ws/install/cartographer_ros_msgs/include/cartographer_ros_msgs/cartographer_ros_msgs/srv/detail/finish_trajectory__type_support.cpp
[0.330s] -- Up-to-date: /root/distr_slam_ws/install/cartographer_ros_msgs/include/cartographer_ros_msgs/cartographer_ros_msgs/srv/detail/finish_trajectory__rosidl_typesupport_introspection_cpp.hpp
[0.330s] -- Up-to-date: /root/distr_slam_ws/install/cartographer_ros_msgs/include/cartographer_ros_msgs/cartographer_ros_msgs/srv/detail/set_slam_state__rosidl_typesupport_introspection_cpp.hpp
[0.331s] -- Up-to-date: /root/distr_slam_ws/install/cartographer_ros_msgs/include/cartographer_ros_msgs/cartographer_ros_msgs/srv/detail/get_trajectory_states__type_support.cpp
[0.331s] -- Up-to-date: /root/distr_slam_ws/install/cartographer_ros_msgs/include/cartographer_ros_msgs/cartographer_ros_msgs/srv/detail/trajectory_query__rosidl_typesupport_introspection_cpp.hpp
[0.331s] -- Up-to-date: /root/distr_slam_ws/install/cartographer_ros_msgs/include/cartographer_ros_msgs/cartographer_ros_msgs/srv/detail/start_trajectory__rosidl_typesupport_introspection_cpp.hpp
[0.331s] -- Up-to-date: /root/distr_slam_ws/install/cartographer_ros_msgs/include/cartographer_ros_msgs/cartographer_ros_msgs/srv/detail/submap_query__type_support.cpp
[0.331s] -- Up-to-date: /root/distr_slam_ws/install/cartographer_ros_msgs/include/cartographer_ros_msgs/cartographer_ros_msgs/srv/detail/read_metrics__rosidl_typesupport_introspection_cpp.hpp
[0.331s] -- Up-to-date: /root/distr_slam_ws/install/cartographer_ros_msgs/include/cartographer_ros_msgs/cartographer_ros_msgs/srv/detail/submap_query__rosidl_typesupport_introspection_cpp.hpp
[0.331s] -- Up-to-date: /root/distr_slam_ws/install/cartographer_ros_msgs/include/cartographer_ros_msgs/cartographer_ros_msgs/srv/detail/read_metrics__type_support.cpp
[0.331s] -- Up-to-date: /root/distr_slam_ws/install/cartographer_ros_msgs/include/cartographer_ros_msgs/cartographer_ros_msgs/srv/detail/get_slam_state__rosidl_typesupport_introspection_cpp.hpp
[0.331s] -- Up-to-date: /root/distr_slam_ws/install/cartographer_ros_msgs/include/cartographer_ros_msgs/cartographer_ros_msgs/srv/detail/start_trajectory__type_support.cpp
[0.331s] -- Up-to-date: /root/distr_slam_ws/install/cartographer_ros_msgs/include/cartographer_ros_msgs/cartographer_ros_msgs/srv/detail/set_slam_state__type_support.cpp
[0.331s] -- Up-to-date: /root/distr_slam_ws/install/cartographer_ros_msgs/include/cartographer_ros_msgs/cartographer_ros_msgs/msg
[0.331s] -- Up-to-date: /root/distr_slam_ws/install/cartographer_ros_msgs/include/cartographer_ros_msgs/cartographer_ros_msgs/msg/detail
[0.331s] -- Up-to-date: /root/distr_slam_ws/install/cartographer_ros_msgs/include/cartographer_ros_msgs/cartographer_ros_msgs/msg/detail/metric_label__rosidl_typesupport_introspection_cpp.hpp
[0.331s] -- Up-to-date: /root/distr_slam_ws/install/cartographer_ros_msgs/include/cartographer_ros_msgs/cartographer_ros_msgs/msg/detail/trajectory_states__rosidl_typesupport_introspection_cpp.hpp
[0.331s] -- Up-to-date: /root/distr_slam_ws/install/cartographer_ros_msgs/include/cartographer_ros_msgs/cartographer_ros_msgs/msg/detail/landmark_entry__type_support.cpp
[0.332s] -- Up-to-date: /root/distr_slam_ws/install/cartographer_ros_msgs/include/cartographer_ros_msgs/cartographer_ros_msgs/msg/detail/metric_family__type_support.cpp
[0.332s] -- Up-to-date: /root/distr_slam_ws/install/cartographer_ros_msgs/include/cartographer_ros_msgs/cartographer_ros_msgs/msg/detail/histogram_bucket__rosidl_typesupport_introspection_cpp.hpp
[0.332s] -- Up-to-date: /root/distr_slam_ws/install/cartographer_ros_msgs/include/cartographer_ros_msgs/cartographer_ros_msgs/msg/detail/bagfile_progress__rosidl_typesupport_introspection_cpp.hpp
[0.332s] -- Up-to-date: /root/distr_slam_ws/install/cartographer_ros_msgs/include/cartographer_ros_msgs/cartographer_ros_msgs/msg/detail/status_code__type_support.cpp
[0.332s] -- Up-to-date: /root/distr_slam_ws/install/cartographer_ros_msgs/include/cartographer_ros_msgs/cartographer_ros_msgs/msg/detail/status_response__type_support.cpp
[0.332s] -- Up-to-date: /root/distr_slam_ws/install/cartographer_ros_msgs/include/cartographer_ros_msgs/cartographer_ros_msgs/msg/detail/submap_list__type_support.cpp
[0.332s] -- Up-to-date: /root/distr_slam_ws/install/cartographer_ros_msgs/include/cartographer_ros_msgs/cartographer_ros_msgs/msg/detail/metric__rosidl_typesupport_introspection_cpp.hpp
[0.332s] -- Up-to-date: /root/distr_slam_ws/install/cartographer_ros_msgs/include/cartographer_ros_msgs/cartographer_ros_msgs/msg/detail/submap_entry__rosidl_typesupport_introspection_cpp.hpp
[0.332s] -- Up-to-date: /root/distr_slam_ws/install/cartographer_ros_msgs/include/cartographer_ros_msgs/cartographer_ros_msgs/msg/detail/trajectory_states__type_support.cpp
[0.332s] -- Up-to-date: /root/distr_slam_ws/install/cartographer_ros_msgs/include/cartographer_ros_msgs/cartographer_ros_msgs/msg/detail/landmark_list__rosidl_typesupport_introspection_cpp.hpp
[0.332s] -- Up-to-date: /root/distr_slam_ws/install/cartographer_ros_msgs/include/cartographer_ros_msgs/cartographer_ros_msgs/msg/detail/histogram_bucket__type_support.cpp
[0.332s] -- Up-to-date: /root/distr_slam_ws/install/cartographer_ros_msgs/include/cartographer_ros_msgs/cartographer_ros_msgs/msg/detail/metric_label__type_support.cpp
[0.332s] -- Up-to-date: /root/distr_slam_ws/install/cartographer_ros_msgs/include/cartographer_ros_msgs/cartographer_ros_msgs/msg/detail/status_response__rosidl_typesupport_introspection_cpp.hpp
[0.332s] -- Up-to-date: /root/distr_slam_ws/install/cartographer_ros_msgs/include/cartographer_ros_msgs/cartographer_ros_msgs/msg/detail/submap_entry__type_support.cpp
[0.332s] -- Up-to-date: /root/distr_slam_ws/install/cartographer_ros_msgs/include/cartographer_ros_msgs/cartographer_ros_msgs/msg/detail/landmark_list__type_support.cpp
[0.332s] -- Up-to-date: /root/distr_slam_ws/install/cartographer_ros_msgs/include/cartographer_ros_msgs/cartographer_ros_msgs/msg/detail/landmark_entry__rosidl_typesupport_introspection_cpp.hpp
[0.332s] -- Up-to-date: /root/distr_slam_ws/install/cartographer_ros_msgs/include/cartographer_ros_msgs/cartographer_ros_msgs/msg/detail/metric_family__rosidl_typesupport_introspection_cpp.hpp
[0.333s] -- Up-to-date: /root/distr_slam_ws/install/cartographer_ros_msgs/include/cartographer_ros_msgs/cartographer_ros_msgs/msg/detail/submap_list__rosidl_typesupport_introspection_cpp.hpp
[0.333s] -- Up-to-date: /root/distr_slam_ws/install/cartographer_ros_msgs/include/cartographer_ros_msgs/cartographer_ros_msgs/msg/detail/submap_texture__type_support.cpp
[0.333s] -- Up-to-date: /root/distr_slam_ws/install/cartographer_ros_msgs/include/cartographer_ros_msgs/cartographer_ros_msgs/msg/detail/bagfile_progress__type_support.cpp
[0.333s] -- Up-to-date: /root/distr_slam_ws/install/cartographer_ros_msgs/include/cartographer_ros_msgs/cartographer_ros_msgs/msg/detail/submap_texture__rosidl_typesupport_introspection_cpp.hpp
[0.333s] -- Up-to-date: /root/distr_slam_ws/install/cartographer_ros_msgs/include/cartographer_ros_msgs/cartographer_ros_msgs/msg/detail/status_code__rosidl_typesupport_introspection_cpp.hpp
[0.333s] -- Up-to-date: /root/distr_slam_ws/install/cartographer_ros_msgs/include/cartographer_ros_msgs/cartographer_ros_msgs/msg/detail/metric__type_support.cpp
[0.333s] -- Up-to-date: /root/distr_slam_ws/install/cartographer_ros_msgs/lib/libcartographer_ros_msgs__rosidl_typesupport_introspection_cpp.so
[0.333s] -- Up-to-date: /root/distr_slam_ws/install/cartographer_ros_msgs/lib/libcartographer_ros_msgs__rosidl_typesupport_cpp.so
[0.333s] -- Up-to-date: /root/distr_slam_ws/install/cartographer_ros_msgs/share/cartographer_ros_msgs/environment/pythonpath.sh
[0.333s] -- Up-to-date: /root/distr_slam_ws/install/cartographer_ros_msgs/share/cartographer_ros_msgs/environment/pythonpath.dsv
[0.333s] -- Up-to-date: /root/distr_slam_ws/install/cartographer_ros_msgs/lib/python3.12/site-packages/cartographer_ros_msgs-2.0.9003-py3.12.egg-info
[0.333s] -- Installing: /root/distr_slam_ws/install/cartographer_ros_msgs/lib/python3.12/site-packages/cartographer_ros_msgs-2.0.9003-py3.12.egg-info/PKG-INFO
[0.333s] -- Installing: /root/distr_slam_ws/install/cartographer_ros_msgs/lib/python3.12/site-packages/cartographer_ros_msgs-2.0.9003-py3.12.egg-info/top_level.txt
[0.333s] -- Installing: /root/distr_slam_ws/install/cartographer_ros_msgs/lib/python3.12/site-packages/cartographer_ros_msgs-2.0.9003-py3.12.egg-info/dependency_links.txt
[0.333s] -- Installing: /root/distr_slam_ws/install/cartographer_ros_msgs/lib/python3.12/site-packages/cartographer_ros_msgs-2.0.9003-py3.12.egg-info/SOURCES.txt
[0.333s] -- Up-to-date: /root/distr_slam_ws/install/cartographer_ros_msgs/lib/python3.12/site-packages/cartographer_ros_msgs
[0.334s] -- Up-to-date: /root/distr_slam_ws/install/cartographer_ros_msgs/lib/python3.12/site-packages/cartographer_ros_msgs/srv
[0.334s] -- Up-to-date: /root/distr_slam_ws/install/cartographer_ros_msgs/lib/python3.12/site-packages/cartographer_ros_msgs/srv/_read_metrics.py
[0.334s] -- Up-to-date: /root/distr_slam_ws/install/cartographer_ros_msgs/lib/python3.12/site-packages/cartographer_ros_msgs/srv/_set_slam_state.py
[0.334s] -- Up-to-date: /root/distr_slam_ws/install/cartographer_ros_msgs/lib/python3.12/site-packages/cartographer_ros_msgs/srv/_read_metrics_s.c
[0.334s] -- Up-to-date: /root/distr_slam_ws/install/cartographer_ros_msgs/lib/python3.12/site-packages/cartographer_ros_msgs/srv/_trajectory_query.py
[0.334s] -- Up-to-date: /root/distr_slam_ws/install/cartographer_ros_msgs/lib/python3.12/site-packages/cartographer_ros_msgs/srv/_get_trajectory_states_s.c
[0.334s] -- Up-to-date: /root/distr_slam_ws/install/cartographer_ros_msgs/lib/python3.12/site-packages/cartographer_ros_msgs/srv/_start_trajectory_s.c
[0.334s] -- Up-to-date: /root/distr_slam_ws/install/cartographer_ros_msgs/lib/python3.12/site-packages/cartographer_ros_msgs/srv/_start_trajectory.py
[0.334s] -- Up-to-date: /root/distr_slam_ws/install/cartographer_ros_msgs/lib/python3.12/site-packages/cartographer_ros_msgs/srv/_finish_trajectory.py
[0.334s] -- Up-to-date: /root/distr_slam_ws/install/cartographer_ros_msgs/lib/python3.12/site-packages/cartographer_ros_msgs/srv/_get_trajectory_states.py
[0.334s] -- Up-to-date: /root/distr_slam_ws/install/cartographer_ros_msgs/lib/python3.12/site-packages/cartographer_ros_msgs/srv/_write_state_s.c
[0.334s] -- Up-to-date: /root/distr_slam_ws/install/cartographer_ros_msgs/lib/python3.12/site-packages/cartographer_ros_msgs/srv/_finish_trajectory_s.c
[0.334s] -- Up-to-date: /root/distr_slam_ws/install/cartographer_ros_msgs/lib/python3.12/site-packages/cartographer_ros_msgs/srv/_submap_query.py
[0.334s] -- Up-to-date: /root/distr_slam_ws/install/cartographer_ros_msgs/lib/python3.12/site-packages/cartographer_ros_msgs/srv/__init__.py
[0.334s] -- Up-to-date: /root/distr_slam_ws/install/cartographer_ros_msgs/lib/python3.12/site-packages/cartographer_ros_msgs/srv/_submap_query_s.c
[0.334s] -- Up-to-date: /root/distr_slam_ws/install/cartographer_ros_msgs/lib/python3.12/site-packages/cartographer_ros_msgs/srv/_trajectory_query_s.c
[0.335s] -- Up-to-date: /root/distr_slam_ws/install/cartographer_ros_msgs/lib/python3.12/site-packages/cartographer_ros_msgs/srv/_write_state.py
[0.335s] -- Up-to-date: /root/distr_slam_ws/install/cartographer_ros_msgs/lib/python3.12/site-packages/cartographer_ros_msgs/srv/_get_slam_state_s.c
[0.335s] -- Up-to-date: /root/distr_slam_ws/install/cartographer_ros_msgs/lib/python3.12/site-packages/cartographer_ros_msgs/srv/_set_slam_state_s.c
[0.335s] -- Up-to-date: /root/distr_slam_ws/install/cartographer_ros_msgs/lib/python3.12/site-packages/cartographer_ros_msgs/srv/_get_slam_state.py
[0.335s] -- Up-to-date: /root/distr_slam_ws/install/cartographer_ros_msgs/lib/python3.12/site-packages/cartographer_ros_msgs/cartographer_ros_msgs_s__rosidl_typesupport_fastrtps_c.so
[0.335s] -- Up-to-date: /root/distr_slam_ws/install/cartographer_ros_msgs/lib/python3.12/site-packages/cartographer_ros_msgs/_cartographer_ros_msgs_s.ep.rosidl_typesupport_c.c
[0.335s] -- Up-to-date: /root/distr_slam_ws/install/cartographer_ros_msgs/lib/python3.12/site-packages/cartographer_ros_msgs/cartographer_ros_msgs_s__rosidl_typesupport_introspection_c.so
[0.335s] -- Up-to-date: /root/distr_slam_ws/install/cartographer_ros_msgs/lib/python3.12/site-packages/cartographer_ros_msgs/cartographer_ros_msgs_s__rosidl_typesupport_c.so
[0.335s] -- Up-to-date: /root/distr_slam_ws/install/cartographer_ros_msgs/lib/python3.12/site-packages/cartographer_ros_msgs/_cartographer_ros_msgs_s.ep.rosidl_typesupport_fastrtps_c.c
[0.335s] -- Up-to-date: /root/distr_slam_ws/install/cartographer_ros_msgs/lib/python3.12/site-packages/cartographer_ros_msgs/msg
[0.335s] -- Up-to-date: /root/distr_slam_ws/install/cartographer_ros_msgs/lib/python3.12/site-packages/cartographer_ros_msgs/msg/_trajectory_states_s.c
[0.335s] -- Up-to-date: /root/distr_slam_ws/install/cartographer_ros_msgs/lib/python3.12/site-packages/cartographer_ros_msgs/msg/_histogram_bucket.py
[0.335s] -- Up-to-date: /root/distr_slam_ws/install/cartographer_ros_msgs/lib/python3.12/site-packages/cartographer_ros_msgs/msg/_histogram_bucket_s.c
[0.335s] -- Up-to-date: /root/distr_slam_ws/install/cartographer_ros_msgs/lib/python3.12/site-packages/cartographer_ros_msgs/msg/_submap_list_s.c
[0.335s] -- Up-to-date: /root/distr_slam_ws/install/cartographer_ros_msgs/lib/python3.12/site-packages/cartographer_ros_msgs/msg/_status_response.py
[0.335s] -- Up-to-date: /root/distr_slam_ws/install/cartographer_ros_msgs/lib/python3.12/site-packages/cartographer_ros_msgs/msg/_status_response_s.c
[0.335s] -- Up-to-date: /root/distr_slam_ws/install/cartographer_ros_msgs/lib/python3.12/site-packages/cartographer_ros_msgs/msg/_submap_entry_s.c
[0.335s] -- Up-to-date: /root/distr_slam_ws/install/cartographer_ros_msgs/lib/python3.12/site-packages/cartographer_ros_msgs/msg/_submap_texture_s.c
[0.335s] -- Up-to-date: /root/distr_slam_ws/install/cartographer_ros_msgs/lib/python3.12/site-packages/cartographer_ros_msgs/msg/_submap_list.py
[0.335s] -- Up-to-date: /root/distr_slam_ws/install/cartographer_ros_msgs/lib/python3.12/site-packages/cartographer_ros_msgs/msg/_landmark_entry.py
[0.335s] -- Up-to-date: /root/distr_slam_ws/install/cartographer_ros_msgs/lib/python3.12/site-packages/cartographer_ros_msgs/msg/_bagfile_progress_s.c
[0.335s] -- Up-to-date: /root/distr_slam_ws/install/cartographer_ros_msgs/lib/python3.12/site-packages/cartographer_ros_msgs/msg/_metric.py
[0.335s] -- Up-to-date: /root/distr_slam_ws/install/cartographer_ros_msgs/lib/python3.12/site-packages/cartographer_ros_msgs/msg/_trajectory_states.py
[0.335s] -- Up-to-date: /root/distr_slam_ws/install/cartographer_ros_msgs/lib/python3.12/site-packages/cartographer_ros_msgs/msg/_submap_entry.py
[0.335s] -- Up-to-date: /root/distr_slam_ws/install/cartographer_ros_msgs/lib/python3.12/site-packages/cartographer_ros_msgs/msg/_status_code_s.c
[0.335s] -- Up-to-date: /root/distr_slam_ws/install/cartographer_ros_msgs/lib/python3.12/site-packages/cartographer_ros_msgs/msg/_metric_label.py
[0.335s] -- Up-to-date: /root/distr_slam_ws/install/cartographer_ros_msgs/lib/python3.12/site-packages/cartographer_ros_msgs/msg/_metric_family_s.c
[0.335s] -- Up-to-date: /root/distr_slam_ws/install/cartographer_ros_msgs/lib/python3.12/site-packages/cartographer_ros_msgs/msg/_bagfile_progress.py
[0.335s] -- Up-to-date: /root/distr_slam_ws/install/cartographer_ros_msgs/lib/python3.12/site-packages/cartographer_ros_msgs/msg/_landmark_entry_s.c
[0.335s] -- Up-to-date: /root/distr_slam_ws/install/cartographer_ros_msgs/lib/python3.12/site-packages/cartographer_ros_msgs/msg/_metric_label_s.c
[0.335s] -- Up-to-date: /root/distr_slam_ws/install/cartographer_ros_msgs/lib/python3.12/site-packages/cartographer_ros_msgs/msg/_landmark_list_s.c
[0.335s] -- Up-to-date: /root/distr_slam_ws/install/cartographer_ros_msgs/lib/python3.12/site-packages/cartographer_ros_msgs/msg/_submap_texture.py
[0.335s] -- Up-to-date: /root/distr_slam_ws/install/cartographer_ros_msgs/lib/python3.12/site-packages/cartographer_ros_msgs/msg/__init__.py
[0.335s] -- Up-to-date: /root/distr_slam_ws/install/cartographer_ros_msgs/lib/python3.12/site-packages/cartographer_ros_msgs/msg/_status_code.py
[0.335s] -- Up-to-date: /root/distr_slam_ws/install/cartographer_ros_msgs/lib/python3.12/site-packages/cartographer_ros_msgs/msg/_metric_family.py
[0.336s] -- Up-to-date: /root/distr_slam_ws/install/cartographer_ros_msgs/lib/python3.12/site-packages/cartographer_ros_msgs/msg/_landmark_list.py
[0.336s] -- Up-to-date: /root/distr_slam_ws/install/cartographer_ros_msgs/lib/python3.12/site-packages/cartographer_ros_msgs/msg/_metric_s.c
[0.336s] -- Up-to-date: /root/distr_slam_ws/install/cartographer_ros_msgs/lib/python3.12/site-packages/cartographer_ros_msgs/_cartographer_ros_msgs_s.ep.rosidl_typesupport_introspection_c.c
[0.336s] -- Up-to-date: /root/distr_slam_ws/install/cartographer_ros_msgs/lib/python3.12/site-packages/cartographer_ros_msgs/__init__.py
[0.344s] Listing '/root/distr_slam_ws/install/cartographer_ros_msgs/lib/python3.12/site-packages/cartographer_ros_msgs'...
[0.344s] Listing '/root/distr_slam_ws/install/cartographer_ros_msgs/lib/python3.12/site-packages/cartographer_ros_msgs/msg'...
[0.344s] Listing '/root/distr_slam_ws/install/cartographer_ros_msgs/lib/python3.12/site-packages/cartographer_ros_msgs/srv'...
[0.348s] -- Up-to-date: /root/distr_slam_ws/install/cartographer_ros_msgs/lib/python3.12/site-packages/cartographer_ros_msgs/cartographer_ros_msgs_s__rosidl_typesupport_fastrtps_c.so
[0.348s] -- Up-to-date: /root/distr_slam_ws/install/cartographer_ros_msgs/lib/python3.12/site-packages/cartographer_ros_msgs/cartographer_ros_msgs_s__rosidl_typesupport_introspection_c.so
[0.348s] -- Up-to-date: /root/distr_slam_ws/install/cartographer_ros_msgs/lib/python3.12/site-packages/cartographer_ros_msgs/cartographer_ros_msgs_s__rosidl_typesupport_c.so
[0.348s] -- Up-to-date: /root/distr_slam_ws/install/cartographer_ros_msgs/lib/libcartographer_ros_msgs__rosidl_generator_py.so
[0.349s] -- Up-to-date: /root/distr_slam_ws/install/cartographer_ros_msgs/share/ament_index/resource_index/rust_packages/cartographer_ros_msgs
[0.349s] -- Up-to-date: /root/distr_slam_ws/install/cartographer_ros_msgs/share/cartographer_ros_msgs/rust
[0.349s] -- Up-to-date: /root/distr_slam_ws/install/cartographer_ros_msgs/share/cartographer_ros_msgs/rust/build.rs
[0.349s] -- Up-to-date: /root/distr_slam_ws/install/cartographer_ros_msgs/share/cartographer_ros_msgs/rust/src
[0.349s] -- Up-to-date: /root/distr_slam_ws/install/cartographer_ros_msgs/share/cartographer_ros_msgs/rust/src/msg.rs
[0.349s] -- Up-to-date: /root/distr_slam_ws/install/cartographer_ros_msgs/share/cartographer_ros_msgs/rust/src/srv
[0.349s] -- Up-to-date: /root/distr_slam_ws/install/cartographer_ros_msgs/share/cartographer_ros_msgs/rust/src/srv/rmw.rs
[0.349s] -- Up-to-date: /root/distr_slam_ws/install/cartographer_ros_msgs/share/cartographer_ros_msgs/rust/src/msg
[0.349s] -- Up-to-date: /root/distr_slam_ws/install/cartographer_ros_msgs/share/cartographer_ros_msgs/rust/src/msg/rmw.rs
[0.349s] -- Up-to-date: /root/distr_slam_ws/install/cartographer_ros_msgs/share/cartographer_ros_msgs/rust/src/lib.rs
[0.349s] -- Up-to-date: /root/distr_slam_ws/install/cartographer_ros_msgs/share/cartographer_ros_msgs/rust/src/srv.rs
[0.349s] -- Up-to-date: /root/distr_slam_ws/install/cartographer_ros_msgs/share/cartographer_ros_msgs/rust/Cargo.toml
[0.349s] -- Up-to-date: /root/distr_slam_ws/install/cartographer_ros_msgs/share/cartographer_ros_msgs/msg/BagfileProgress.idl
[0.349s] -- Up-to-date: /root/distr_slam_ws/install/cartographer_ros_msgs/share/cartographer_ros_msgs/msg/HistogramBucket.idl
[0.349s] -- Up-to-date: /root/distr_slam_ws/install/cartographer_ros_msgs/share/cartographer_ros_msgs/msg/LandmarkEntry.idl
[0.350s] -- Up-to-date: /root/distr_slam_ws/install/cartographer_ros_msgs/share/cartographer_ros_msgs/msg/LandmarkList.idl
[0.350s] -- Up-to-date: /root/distr_slam_ws/install/cartographer_ros_msgs/share/cartographer_ros_msgs/msg/MetricFamily.idl
[0.350s] -- Up-to-date: /root/distr_slam_ws/install/cartographer_ros_msgs/share/cartographer_ros_msgs/msg/MetricLabel.idl
[0.350s] -- Up-to-date: /root/distr_slam_ws/install/cartographer_ros_msgs/share/cartographer_ros_msgs/msg/Metric.idl
[0.350s] -- Up-to-date: /root/distr_slam_ws/install/cartographer_ros_msgs/share/cartographer_ros_msgs/msg/StatusCode.idl
[0.350s] -- Up-to-date: /root/distr_slam_ws/install/cartographer_ros_msgs/share/cartographer_ros_msgs/msg/StatusResponse.idl
[0.350s] -- Up-to-date: /root/distr_slam_ws/install/cartographer_ros_msgs/share/cartographer_ros_msgs/msg/SubmapEntry.idl
[0.350s] -- Up-to-date: /root/distr_slam_ws/install/cartographer_ros_msgs/share/cartographer_ros_msgs/msg/SubmapList.idl
[0.350s] -- Up-to-date: /root/distr_slam_ws/install/cartographer_ros_msgs/share/cartographer_ros_msgs/msg/SubmapTexture.idl
[0.350s] -- Up-to-date: /root/distr_slam_ws/install/cartographer_ros_msgs/share/cartographer_ros_msgs/msg/TrajectoryStates.idl
[0.350s] -- Up-to-date: /root/distr_slam_ws/install/cartographer_ros_msgs/share/cartographer_ros_msgs/srv/FinishTrajectory.idl
[0.350s] -- Up-to-date: /root/distr_slam_ws/install/cartographer_ros_msgs/share/cartographer_ros_msgs/srv/GetTrajectoryStates.idl
[0.350s] -- Up-to-date: /root/distr_slam_ws/install/cartographer_ros_msgs/share/cartographer_ros_msgs/srv/ReadMetrics.idl
[0.350s] -- Up-to-date: /root/distr_slam_ws/install/cartographer_ros_msgs/share/cartographer_ros_msgs/srv/StartTrajectory.idl
[0.350s] -- Up-to-date: /root/distr_slam_ws/install/cartographer_ros_msgs/share/cartographer_ros_msgs/srv/TrajectoryQuery.idl
[0.350s] -- Up-to-date: /root/distr_slam_ws/install/cartographer_ros_msgs/share/cartographer_ros_msgs/srv/SubmapQuery.idl
[0.350s] -- Up-to-date: /root/distr_slam_ws/install/cartographer_ros_msgs/share/cartographer_ros_msgs/srv/WriteState.idl
[0.350s] -- Up-to-date: /root/distr_slam_ws/install/cartographer_ros_msgs/share/cartographer_ros_msgs/srv/GetSlamState.idl
[0.350s] -- Up-to-date: /root/distr_slam_ws/install/cartographer_ros_msgs/share/cartographer_ros_msgs/srv/SetSlamState.idl
[0.350s] -- Up-to-date: /root/distr_slam_ws/install/cartographer_ros_msgs/share/cartographer_ros_msgs/msg/BagfileProgress.msg
[0.350s] -- Up-to-date: /root/distr_slam_ws/install/cartographer_ros_msgs/share/cartographer_ros_msgs/msg/HistogramBucket.msg
[0.350s] -- Up-to-date: /root/distr_slam_ws/install/cartographer_ros_msgs/share/cartographer_ros_msgs/msg/LandmarkEntry.msg
[0.350s] -- Up-to-date: /root/distr_slam_ws/install/cartographer_ros_msgs/share/cartographer_ros_msgs/msg/LandmarkList.msg
[0.350s] -- Up-to-date: /root/distr_slam_ws/install/cartographer_ros_msgs/share/cartographer_ros_msgs/msg/MetricFamily.msg
[0.350s] -- Up-to-date: /root/distr_slam_ws/install/cartographer_ros_msgs/share/cartographer_ros_msgs/msg/MetricLabel.msg
[0.350s] -- Up-to-date: /root/distr_slam_ws/install/cartographer_ros_msgs/share/cartographer_ros_msgs/msg/Metric.msg
[0.350s] -- Up-to-date: /root/distr_slam_ws/install/cartographer_ros_msgs/share/cartographer_ros_msgs/msg/StatusCode.msg
[0.350s] -- Up-to-date: /root/distr_slam_ws/install/cartographer_ros_msgs/share/cartographer_ros_msgs/msg/StatusResponse.msg
[0.351s] -- Up-to-date: /root/distr_slam_ws/install/cartographer_ros_msgs/share/cartographer_ros_msgs/msg/SubmapEntry.msg
[0.351s] -- Up-to-date: /root/distr_slam_ws/install/cartographer_ros_msgs/share/cartographer_ros_msgs/msg/SubmapList.msg
[0.351s] -- Up-to-date: /root/distr_slam_ws/install/cartographer_ros_msgs/share/cartographer_ros_msgs/msg/SubmapTexture.msg
[0.351s] -- Up-to-date: /root/distr_slam_ws/install/cartographer_ros_msgs/share/cartographer_ros_msgs/msg/TrajectoryStates.msg
[0.351s] -- Up-to-date: /root/distr_slam_ws/install/cartographer_ros_msgs/share/cartographer_ros_msgs/srv/FinishTrajectory.srv
[0.351s] -- Up-to-date: /root/distr_slam_ws/install/cartographer_ros_msgs/share/cartographer_ros_msgs/srv/GetTrajectoryStates.srv
[0.351s] -- Up-to-date: /root/distr_slam_ws/install/cartographer_ros_msgs/share/cartographer_ros_msgs/srv/ReadMetrics.srv
[0.351s] -- Up-to-date: /root/distr_slam_ws/install/cartographer_ros_msgs/share/cartographer_ros_msgs/srv/StartTrajectory.srv
[0.351s] -- Up-to-date: /root/distr_slam_ws/install/cartographer_ros_msgs/share/cartographer_ros_msgs/srv/TrajectoryQuery.srv
[0.351s] -- Up-to-date: /root/distr_slam_ws/install/cartographer_ros_msgs/share/cartographer_ros_msgs/srv/SubmapQuery.srv
[0.351s] -- Up-to-date: /root/distr_slam_ws/install/cartographer_ros_msgs/share/cartographer_ros_msgs/srv/WriteState.srv
[0.351s] -- Up-to-date: /root/distr_slam_ws/install/cartographer_ros_msgs/share/cartographer_ros_msgs/srv/GetSlamState.srv
[0.351s] -- Up-to-date: /root/distr_slam_ws/install/cartographer_ros_msgs/share/cartographer_ros_msgs/srv/SetSlamState.srv
[0.351s] -- Up-to-date: /root/distr_slam_ws/install/cartographer_ros_msgs/share/ament_index/resource_index/package_run_dependencies/cartographer_ros_msgs
[0.351s] -- Up-to-date: /root/distr_slam_ws/install/cartographer_ros_msgs/share/ament_index/resource_index/parent_prefix_path/cartographer_ros_msgs
[0.351s] -- Up-to-date: /root/distr_slam_ws/install/cartographer_ros_msgs/share/cartographer_ros_msgs/environment/ament_prefix_path.sh
[0.351s] -- Up-to-date: /root/distr_slam_ws/install/cartographer_ros_msgs/share/cartographer_ros_msgs/environment/ament_prefix_path.dsv
[0.351s] -- Up-to-date: /root/distr_slam_ws/install/cartographer_ros_msgs/share/cartographer_ros_msgs/environment/path.sh
[0.351s] -- Up-to-date: /root/distr_slam_ws/install/cartographer_ros_msgs/share/cartographer_ros_msgs/environment/path.dsv
[0.351s] -- Up-to-date: /root/distr_slam_ws/install/cartographer_ros_msgs/share/cartographer_ros_msgs/local_setup.bash
[0.351s] -- Up-to-date: /root/distr_slam_ws/install/cartographer_ros_msgs/share/cartographer_ros_msgs/local_setup.sh
[0.351s] -- Up-to-date: /root/distr_slam_ws/install/cartographer_ros_msgs/share/cartographer_ros_msgs/local_setup.zsh
[0.351s] -- Up-to-date: /root/distr_slam_ws/install/cartographer_ros_msgs/share/cartographer_ros_msgs/local_setup.dsv
[0.352s] -- Installing: /root/distr_slam_ws/install/cartographer_ros_msgs/share/cartographer_ros_msgs/package.dsv
[0.352s] -- Up-to-date: /root/distr_slam_ws/install/cartographer_ros_msgs/share/ament_index/resource_index/packages/cartographer_ros_msgs
[0.352s] -- Up-to-date: /root/distr_slam_ws/install/cartographer_ros_msgs/share/cartographer_ros_msgs/cmake/export_cartographer_ros_msgs__rosidl_generator_cExport.cmake
[0.352s] -- Up-to-date: /root/distr_slam_ws/install/cartographer_ros_msgs/share/cartographer_ros_msgs/cmake/export_cartographer_ros_msgs__rosidl_generator_cExport-noconfig.cmake
[0.352s] -- Up-to-date: /root/distr_slam_ws/install/cartographer_ros_msgs/share/cartographer_ros_msgs/cmake/export_cartographer_ros_msgs__rosidl_typesupport_fastrtps_cExport.cmake
[0.352s] -- Up-to-date: /root/distr_slam_ws/install/cartographer_ros_msgs/share/cartographer_ros_msgs/cmake/export_cartographer_ros_msgs__rosidl_typesupport_fastrtps_cExport-noconfig.cmake
[0.352s] -- Up-to-date: /root/distr_slam_ws/install/cartographer_ros_msgs/share/cartographer_ros_msgs/cmake/cartographer_ros_msgs__rosidl_typesupport_introspection_cExport.cmake
[0.352s] -- Up-to-date: /root/distr_slam_ws/install/cartographer_ros_msgs/share/cartographer_ros_msgs/cmake/cartographer_ros_msgs__rosidl_typesupport_introspection_cExport-noconfig.cmake
[0.352s] -- Up-to-date: /root/distr_slam_ws/install/cartographer_ros_msgs/share/cartographer_ros_msgs/cmake/cartographer_ros_msgs__rosidl_typesupport_cExport.cmake
[0.352s] -- Up-to-date: /root/distr_slam_ws/install/cartographer_ros_msgs/share/cartographer_ros_msgs/cmake/cartographer_ros_msgs__rosidl_typesupport_cExport-noconfig.cmake
[0.352s] -- Up-to-date: /root/distr_slam_ws/install/cartographer_ros_msgs/share/cartographer_ros_msgs/cmake/export_cartographer_ros_msgs__rosidl_generator_cppExport.cmake
[0.352s] -- Up-to-date: /root/distr_slam_ws/install/cartographer_ros_msgs/share/cartographer_ros_msgs/cmake/export_cartographer_ros_msgs__rosidl_typesupport_fastrtps_cppExport.cmake
[0.352s] -- Up-to-date: /root/distr_slam_ws/install/cartographer_ros_msgs/share/cartographer_ros_msgs/cmake/export_cartographer_ros_msgs__rosidl_typesupport_fastrtps_cppExport-noconfig.cmake
[0.352s] -- Up-to-date: /root/distr_slam_ws/install/cartographer_ros_msgs/share/cartographer_ros_msgs/cmake/cartographer_ros_msgs__rosidl_typesupport_introspection_cppExport.cmake
[0.352s] -- Up-to-date: /root/distr_slam_ws/install/cartographer_ros_msgs/share/cartographer_ros_msgs/cmake/cartographer_ros_msgs__rosidl_typesupport_introspection_cppExport-noconfig.cmake
[0.352s] -- Up-to-date: /root/distr_slam_ws/install/cartographer_ros_msgs/share/cartographer_ros_msgs/cmake/cartographer_ros_msgs__rosidl_typesupport_cppExport.cmake
[0.352s] -- Up-to-date: /root/distr_slam_ws/install/cartographer_ros_msgs/share/cartographer_ros_msgs/cmake/cartographer_ros_msgs__rosidl_typesupport_cppExport-noconfig.cmake
[0.353s] -- Up-to-date: /root/distr_slam_ws/install/cartographer_ros_msgs/share/cartographer_ros_msgs/cmake/export_cartographer_ros_msgs__rosidl_generator_pyExport.cmake
[0.353s] -- Up-to-date: /root/distr_slam_ws/install/cartographer_ros_msgs/share/cartographer_ros_msgs/cmake/export_cartographer_ros_msgs__rosidl_generator_pyExport-noconfig.cmake
[0.353s] -- Up-to-date: /root/distr_slam_ws/install/cartographer_ros_msgs/share/cartographer_ros_msgs/cmake/rosidl_cmake-extras.cmake
[0.353s] -- Up-to-date: /root/distr_slam_ws/install/cartographer_ros_msgs/share/cartographer_ros_msgs/cmake/ament_cmake_export_dependencies-extras.cmake
[0.353s] -- Up-to-date: /root/distr_slam_ws/install/cartographer_ros_msgs/share/cartographer_ros_msgs/cmake/ament_cmake_export_include_directories-extras.cmake
[0.353s] -- Up-to-date: /root/distr_slam_ws/install/cartographer_ros_msgs/share/cartographer_ros_msgs/cmake/ament_cmake_export_libraries-extras.cmake
[0.353s] -- Up-to-date: /root/distr_slam_ws/install/cartographer_ros_msgs/share/cartographer_ros_msgs/cmake/ament_cmake_export_targets-extras.cmake
[0.353s] -- Up-to-date: /root/distr_slam_ws/install/cartographer_ros_msgs/share/cartographer_ros_msgs/cmake/rosidl_cmake_export_typesupport_targets-extras.cmake
[0.353s] -- Up-to-date: /root/distr_slam_ws/install/cartographer_ros_msgs/share/cartographer_ros_msgs/cmake/rosidl_cmake_export_typesupport_libraries-extras.cmake
[0.353s] -- Up-to-date: /root/distr_slam_ws/install/cartographer_ros_msgs/share/cartographer_ros_msgs/cmake/cartographer_ros_msgsConfig.cmake
[0.353s] -- Up-to-date: /root/distr_slam_ws/install/cartographer_ros_msgs/share/cartographer_ros_msgs/cmake/cartographer_ros_msgsConfig-version.cmake
[0.353s] -- Up-to-date: /root/distr_slam_ws/install/cartographer_ros_msgs/share/cartographer_ros_msgs/package.xml
[0.355s] Invoked command in '/root/distr_slam_ws/build/cartographer_ros_msgs' returned '0': CMAKE_PREFIX_PATH=${CMAKE_PREFIX_PATH}:/opt/ros/jazzy /usr/bin/cmake --install /root/distr_slam_ws/build/cartographer_ros_msgs
